iter,tiempo,memoria_MB
0,0.12952899932861328,173.4375
1,0.05794978141784668,173.24609375
2,0.1087493896484375,171.73046875
3,0.06336569786071777,173.8984375
4,0.12696504592895508,174.6484375
5,0.12334728240966797,175.1953125
6,0.12136054039001465,175.07421875
7,0.08541083335876465,173.91796875
8,0.1366558074951172,174.5
9,0.09408807754516602,175.625
10,0.11844348907470703,174.8515625
11,0.15891361236572266,177.0390625
12,0.10291457176208496,176.015625
13,0.11230993270874023,175.35546875
14,0.11605310440063477,176.046875
15,0.13741207122802734,175.9296875
16,0.2577638626098633,176.40625
17,0.2586023807525635,177.03125
18,0.15573787689208984,176.31640625
19,0.22014975547790527,178.40234375
20,0.1667652130126953,176.46484375
21,0.13807415962219238,177.015625
22,0.12574529647827148,175.1640625
23,0.12358498573303223,177.18359375
24,0.13249754905700684,179.42578125
25,0.11977672576904297,176.92578125
26,0.14149928092956543,176.61328125
27,0.11457562446594238,178.4765625
28,0.13628697395324707,176.421875
29,0.1300346851348877,176.56640625
30,0.09278011322021484,179.41796875
31,0.06714487075805664,178.9609375
32,0.10491371154785156,176.6015625
33,0.11580085754394531,178.6328125
34,0.10765409469604492,180.234375
35,0.10539889335632324,180.25390625
36,0.12054729461669922,176.65234375
37,0.12614846229553223,177.1953125
38,0.1465749740600586,177.32421875
39,0.15392661094665527,178.4609375
40,0.11472940444946289,180.2734375
41,0.17225432395935059,176.6015625
42,0.12247300148010254,177.3671875
43,0.18044424057006836,180.91796875
44,0.1692640781402588,179.19921875
45,0.13431310653686523,179.74609375
46,0.13945984840393066,185.41796875
47,0.13263654708862305,181.265625
48,0.15541934967041016,179.26953125
49,0.11455440521240234,182.6953125
50,0.13599801063537598,180.25390625
51,0.1067206859588623,179.94921875
52,0.12856197357177734,182.7265625
53,0.12377715110778809,181.90234375
54,0.13861751556396484,183.16015625
55,0.1336078643798828,183.3125
56,0.19356894493103027,183.578125
57,0.159912109375,181.91015625
58,0.15293240547180176,183.44921875
59,0.16722965240478516,181.91796875
60,0.12346529960632324,182.85546875
61,0.10132050514221191,184.37109375
62,0.14885187149047852,182.94921875
63,0.0801851749420166,179.9765625
64,0.13289213180541992,182.0625
65,0.14896202087402344,180.19140625
66,0.18679594993591309,182.31640625
67,0.1352684497833252,183.33984375
68,0.14221715927124023,182.8984375
69,0.14591622352600098,183.94921875
70,0.18005585670471191,183.58984375
71,0.15204882621765137,183.46484375
72,0.13867926597595215,183.078125
73,0.09714150428771973,183.30859375
74,0.11745023727416992,182.16015625
75,0.18115615844726562,186.03515625
76,0.16724014282226562,183.578125
77,0.1436312198638916,184.78515625
78,0.11800885200500488,184.08203125
79,0.11674261093139648,185.25390625
80,0.13199400901794434,184.5546875
81,0.12412524223327637,186.91015625
82,0.10193252563476562,183.7109375
83,0.14040565490722656,183.56640625
84,0.10589599609375,184.64453125
85,0.15565752983093262,185.83203125
86,0.10765457153320312,183.21875
87,0.12224936485290527,186.34765625
88,0.18314623832702637,185.59375
89,0.15927791595458984,186.74609375
90,0.10974907875061035,185.015625
91,0.14954304695129395,187.22265625
92,0.16037964820861816,185.65625
93,0.09417152404785156,185.16796875
94,0.15450811386108398,186.109375
95,0.12442970275878906,185.0703125
96,0.16152238845825195,184.5078125
97,0.13901329040527344,185.859375
98,0.14494776725769043,186.15625
99,0.11712169647216797,185.2265625
100,0.1334378719329834,184.296875
101,0.20197343826293945,185.00390625
102,0.13816452026367188,186.5078125
103,0.11933398246765137,185.1875
104,0.13330078125,185.80859375
105,0.14692354202270508,186.84375
106,0.16515398025512695,185.6171875
107,0.14372611045837402,187.1953125
108,0.12278151512145996,185.72265625
109,0.07448506355285645,187.96875
110,0.1427147388458252,187.38671875
111,0.12339544296264648,188.7578125
112,0.11353516578674316,187.21875
113,0.14011025428771973,187.48828125
114,0.10626339912414551,187.33203125
115,0.15238332748413086,189.3125
116,0.12723016738891602,197.1796875
117,0.15019845962524414,190.3046875
118,0.10296010971069336,194.296875
119,0.15134477615356445,190.4765625
120,0.06614208221435547,193.37890625
121,0.1258237361907959,196.3359375
122,0.1218416690826416,196.71484375
123,0.15246343612670898,198.20703125
124,0.175750732421875,198.18359375
125,0.14266347885131836,189.546875
126,0.14795970916748047,196.0078125
127,0.11464524269104004,191.9765625
128,0.1785881519317627,197.12109375
129,0.09443235397338867,196.34765625
130,0.13246822357177734,199.328125
131,0.07940149307250977,193.11328125
132,0.14190959930419922,197.79296875
133,0.15425920486450195,191.80859375
134,0.08551692962646484,195.6953125
135,0.13429760932922363,190.75
136,0.12316560745239258,197.93359375
137,0.160508394241333,190.28515625
138,0.13574767112731934,196.8828125
139,0.09018564224243164,197.99609375
140,0.13545751571655273,198.7734375
141,0.16124176979064941,192.86328125
142,0.13776707649230957,190.94140625
143,0.13389945030212402,198.1484375
144,0.13628244400024414,191.21875
145,0.10180783271789551,196.7421875
146,0.14300775527954102,194.66015625
147,0.1454458236694336,199.359375
148,0.14329934120178223,189.734375
149,0.14142584800720215,198.70703125
150,0.13281774520874023,192.765625
151,0.11312270164489746,198.328125
152,0.13267087936401367,191.2421875
153,0.11488914489746094,198.671875
154,0.11220002174377441,189.8359375
155,0.1397414207458496,201.28515625
156,0.13039541244506836,194.69921875
157,0.13712453842163086,197.99609375
158,0.08802342414855957,195.5390625
159,0.10860562324523926,198.53125
160,0.15613436698913574,192.9140625
161,0.12436079978942871,200.5625
162,0.14066576957702637,191.41796875
163,0.05042672157287598,196.17578125
164,0.13845586776733398,199.89453125
165,0.1433103084564209,191.9140625
166,0.11990118026733398,199.25390625
167,0.12477684020996094,200.82421875
168,0.07625722885131836,201.375
169,0.10728859901428223,198.25390625
170,0.1678159236907959,202.828125
171,0.13076329231262207,194.33203125
172,0.17872262001037598,201.0703125
173,0.17231178283691406,194.07421875
174,0.1357109546661377,197.546875
175,0.11046433448791504,201.83203125
176,0.15547418594360352,195.4140625
177,0.14295506477355957,202.46875
178,0.12141609191894531,199.140625
179,0.15381789207458496,204.2109375
180,0.13673925399780273,192.765625
181,0.12004208564758301,202.98046875
182,0.1391150951385498,195.29296875
183,0.10204362869262695,200.05859375
184,0.0964813232421875,196.23828125
185,0.14291834831237793,201.4296875
186,0.1177823543548584,200.57421875
187,0.13446450233459473,202.34375
188,0.1381227970123291,199.7578125
189,0.14358901977539062,203.0234375
190,0.17376160621643066,197.01953125
191,0.1474142074584961,203.109375
192,0.15401387214660645,196.70703125
193,0.14191007614135742,201.12890625
194,0.09589958190917969,194.22265625
195,0.12318229675292969,202.60546875
196,0.15957403182983398,197.51953125
197,0.13414430618286133,203.25390625
198,0.13608503341674805,194.80078125
199,0.14345407485961914,205.125
200,0.13309931755065918,196.21875
201,0.12397098541259766,203.6328125
202,0.15515947341918945,206.2421875
203,0.1246805191040039,201.0546875
204,0.13239169120788574,204.04296875
205,0.12928318977355957,200.4375
206,0.14747142791748047,207.19140625
207,0.17889618873596191,198.66015625
208,0.15208673477172852,205.54296875
209,0.17249608039855957,198.484375
210,0.15501117706298828,201.203125
211,0.13373041152954102,205.1640625
212,0.11841869354248047,206.4453125
213,0.17153644561767578,206.609375
214,0.15625596046447754,204.37890625
215,0.12668108940124512,206.1015625
216,0.10964655876159668,200.81640625
217,0.16038727760314941,208.67578125
218,0.14853525161743164,208.203125
219,0.15470409393310547,206.015625
220,0.12026453018188477,205.95703125
221,0.14965462684631348,204.24609375
222,0.128065824508667,206.921875
223,0.11241698265075684,204.44140625
224,0.14194703102111816,206.109375
225,0.12272167205810547,203.41015625
226,0.13051700592041016,206.83984375
227,0.1804666519165039,204.3359375
228,0.14746427536010742,209.71875
229,0.14859676361083984,200.9765625
230,0.13501214981079102,206.55859375
231,0.13939785957336426,205.94921875
232,0.14337396621704102,207.64453125
233,0.12195038795471191,210.22265625
234,0.09275078773498535,207.0390625
235,0.13962459564208984,205.51953125
236,0.14316582679748535,207.47265625
237,0.16433072090148926,206.734375
238,0.14816570281982422,205.01953125
239,0.1882784366607666,209.40625
240,0.14638209342956543,206.21484375
241,0.10900592803955078,207.79296875
242,0.12505412101745605,206.234375
243,0.1508042812347412,207.1796875
244,0.14827680587768555,206.34765625
245,0.14619040489196777,208.484375
246,0.1296687126159668,206.50390625
247,0.14173483848571777,207.40625
248,0.16018319129943848,201.06640625
249,0.1709589958190918,205.18359375
250,0.14807748794555664,210.6484375
251,0.1381070613861084,207.53125
252,0.11936068534851074,209.77734375
253,0.13885188102722168,206.28125
254,0.14429306983947754,211.390625
255,0.1287517547607422,207.18359375
256,0.13533782958984375,210.984375
257,0.11847043037414551,207.20703125
258,0.13594460487365723,212.203125
259,0.1499922275543213,207.92578125
260,0.14627575874328613,204.4609375
261,0.13746976852416992,207.42578125
262,0.15089035034179688,207.94921875
263,0.15163278579711914,212.9609375
264,0.11921262741088867,206.1640625
265,0.13061809539794922,211.7734375
266,0.12296891212463379,207.64453125
267,0.11928606033325195,211.7265625
268,0.07097864151000977,213.02734375
269,0.1335763931274414,208.171875
270,0.0998685359954834,211.91796875
271,0.16169404983520508,204.8046875
272,0.14055204391479492,210.87890625
273,0.10771656036376953,208.5625
274,0.1405622959136963,212.96875
275,0.12476229667663574,208.30859375
276,0.12219834327697754,211.54296875
277,0.12013578414916992,208.16015625
278,0.09020185470581055,210.44921875
279,0.12722110748291016,208.4453125
280,0.14752817153930664,213.99609375
281,0.1311650276184082,208.7265625
282,0.1624622344970703,213.9609375
283,0.11689186096191406,209.796875
284,0.1409914493560791,213.37109375
285,0.13796353340148926,205.5
286,0.1363356113433838,214.171875
287,0.11996841430664062,209.26171875
288,0.14092659950256348,215.2578125
289,0.17816638946533203,215.58984375
290,0.17249369621276855,212.3046875
291,0.15807604789733887,213.91015625
292,0.11569976806640625,209.35546875
293,0.1152496337890625,212.2734375
294,0.12394309043884277,211.47265625
295,0.1112363338470459,213.0234375
296,0.13643693923950195,209.859375
297,0.11481189727783203,214.7890625
298,0.11079859733581543,212.51953125
299,0.12182402610778809,215.33203125
300,0.10786628723144531,208.8046875
301,0.11661195755004883,214.75
302,0.14035654067993164,209.76171875
303,0.12716984748840332,214.703125
304,0.12436509132385254,216.15625
305,0.14257335662841797,215.27734375
306,0.13119077682495117,211.8515625
307,0.1390819549560547,214.9453125
308,0.14799141883850098,212.62109375
309,0.15835022926330566,215.74609375
310,0.1698927879333496,209.73828125
311,0.11597704887390137,215.62109375
312,0.12157368659973145,212.76171875
313,0.13969969749450684,215.66796875
314,0.10847902297973633,213.34375
315,0.1130836009979248,214.59765625
316,0.17765045166015625,211.72265625
317,0.16084742546081543,215.78125
318,0.1101377010345459,214.55078125
319,0.15222859382629395,212.625
320,0.12982892990112305,218.578125
321,0.14577388763427734,214.9921875
322,0.14778614044189453,215.39453125
323,0.13915157318115234,216.578125
324,0.09897303581237793,216.640625
325,0.12153172492980957,210.76171875
326,0.14603447914123535,216.234375
327,0.14910197257995605,214.96484375
328,0.13782882690429688,217.3359375
329,0.12769842147827148,216.41796875
330,0.13033342361450195,219.78125
331,0.12594127655029297,213.17578125
332,0.15878510475158691,218.20703125
333,0.1367175579071045,213.7734375
334,0.12458586692810059,219.0703125
335,0.1346116065979004,214.0390625
336,0.1437220573425293,220.49609375
337,0.13197898864746094,214.640625
338,0.1354362964630127,217.6953125
339,0.13747644424438477,215.984375
340,0.14824247360229492,218.453125
341,0.15607500076293945,216.51171875
342,0.14962482452392578,217.15625
343,0.14585161209106445,219.5078125
344,0.12178444862365723,214.609375
345,0.1493833065032959,218.765625
346,0.13018345832824707,215.44140625
347,0.13817620277404785,223.35546875
348,0.11133027076721191,217.125
349,0.13341760635375977,222.27734375
350,0.1546485424041748,215.3359375
351,0.14829134941101074,221.59765625
352,0.16666245460510254,218.32421875
353,0.13803720474243164,221.01171875
354,0.1426863670349121,221.65625
355,0.14247822761535645,217.6953125
356,0.13852620124816895,221.359375
357,0.11830854415893555,217.33203125
358,0.10632729530334473,219.921875
359,0.1416459083557129,221.77734375
360,0.13019657135009766,221.1015625
361,0.12337803840637207,223.08984375
362,0.14330554008483887,226.125
363,0.12903213500976562,217.5234375
364,0.11825299263000488,220.91015625
365,0.10301423072814941,222.34375
366,0.17989015579223633,215.3125
367,0.14203453063964844,218.62109375
368,0.1877586841583252,223.5234375
369,0.1596057415008545,221.0859375
370,0.1144559383392334,222.4296875
371,0.1273486614227295,216.6328125
372,0.14723968505859375,222.57421875
373,0.13626313209533691,217.71484375
374,0.14202189445495605,221.70703125
375,0.14141178131103516,219.81640625
376,0.17764830589294434,222.88671875
377,0.14429521560668945,224.87109375
378,0.1644742488861084,221.0
379,0.13919687271118164,225.94921875
380,0.10807585716247559,218.12890625
381,0.1293196678161621,225.2265625
382,0.12139749526977539,219.3046875
383,0.1208035945892334,224.83984375
384,0.1220710277557373,219.75
385,0.13723230361938477,225.61328125
386,0.13842535018920898,219.9296875
387,0.08599686622619629,221.81640625
388,0.12202906608581543,218.18359375
389,0.13887381553649902,223.609375
390,0.1208031177520752,220.84765625
391,0.13257503509521484,224.04296875
392,0.14406871795654297,221.53515625
393,0.08882713317871094,223.84765625
394,0.14639663696289062,222.47265625
395,0.11987543106079102,227.5
396,0.14368200302124023,221.109375
397,0.1199655532836914,224.08984375
398,0.08720517158508301,225.00390625
399,0.13845062255859375,225.63671875
400,0.14518284797668457,227.1171875
401,0.1355595588684082,226.890625
402,0.1738274097442627,220.92578125
403,0.10889458656311035,225.48828125
404,0.15468049049377441,222.125
405,0.11432170867919922,226.17578125
406,0.13827872276306152,221.7265625
407,0.1255018711090088,226.8515625
408,0.12268424034118652,220.62890625
409,0.09045934677124023,225.99609375
410,0.14709758758544922,220.6640625
411,0.13138031959533691,227.28125
412,0.1128549575805664,222.4375
413,0.1472463607788086,225.21484375
414,0.12716197967529297,225.39453125
415,0.13964152336120605,226.484375
416,0.09787559509277344,224.81640625
417,0.1441020965576172,229.5234375
418,0.1389329433441162,225.1796875
419,0.1472911834716797,229.38671875
420,0.11577773094177246,225.5546875
421,0.13130950927734375,229.3046875
422,0.14553093910217285,227.55078125
423,0.15106821060180664,226.84375
424,0.2294166088104248,221.71875
425,0.23978257179260254,228.28515625
426,0.1659400463104248,226.25390625
427,0.142075777053833,229.64453125
428,0.15198040008544922,225.99609375
429,0.17316913604736328,227.98046875
430,0.1712779998779297,225.984375
431,0.1181638240814209,224.984375
432,0.134521484375,230.9453125
433,0.09572291374206543,230.05078125
434,0.12134194374084473,233.2421875
435,0.14018511772155762,230.76953125
436,0.1284177303314209,230.8828125
437,0.1426537036895752,226.15234375
438,0.14643645286560059,229.6796875
439,0.13782453536987305,225.65234375
440,0.17934322357177734,232.73046875
441,0.13101983070373535,226.27734375
442,0.16203880310058594,232.53515625
443,0.1306459903717041,226.5859375
444,0.14156103134155273,230.1796875
445,0.12403702735900879,233.35546875
446,0.10570359230041504,234.0234375
447,0.13791513442993164,227.29296875
448,0.12262916564941406,231.640625
449,0.17286372184753418,227.23046875
450,0.12961053848266602,226.53515625
451,0.1270453929901123,231.5859375
452,0.16786956787109375,227.49609375
453,0.15485906600952148,232.85546875
454,0.13423919677734375,228.44140625
455,0.08862185478210449,232.25390625
456,0.1464977264404297,230.734375
457,0.11237001419067383,234.21484375
458,0.12876176834106445,230.3359375
459,0.14740681648254395,232.14453125
460,0.1053316593170166,227.66796875
461,0.1421055793762207,234.19921875
462,0.1613926887512207,227.8515625
463,0.0830678939819336,231.75390625
464,0.08310627937316895,226.515625
465,0.13750958442687988,236.140625
466,0.10971307754516602,234.91796875
467,0.14522743225097656,237.48828125
468,0.14040160179138184,231.30859375
469,0.14131569862365723,235.078125
470,0.13519620895385742,230.67578125
471,0.12397408485412598,235.05859375
472,0.12156915664672852,228.71875
473,0.09634876251220703,234.37109375
474,0.14081764221191406,230.10546875
475,0.13365769386291504,234.89453125
476,0.1096639633178711,235.01953125
477,0.12908148765563965,237.04296875
478,0.11618471145629883,237.01953125
479,0.13199710845947266,238.68359375
480,0.1364729404449463,231.34375
481,0.1499474048614502,233.97265625
482,0.1322021484375,231.51953125
483,0.13602447509765625,235.8984375
484,0.1361997127532959,228.96484375
485,0.150282621383667,234.58984375
486,0.12295174598693848,231.15234375
487,0.11922335624694824,235.0
488,0.16382527351379395,232.65625
489,0.14699745178222656,238.4765625
490,0.13317251205444336,230.98046875
491,0.12497115135192871,238.3359375
492,0.12291526794433594,231.9921875
493,0.11703181266784668,237.34375
494,0.09737682342529297,230.890625
495,0.14701128005981445,239.04296875
496,0.1375131607055664,237.4375
497,0.13492536544799805,238.73046875
498,0.15904498100280762,231.99609375
499,0.13472294807434082,239.61328125
500,0.07675790786743164,239.46875
501,0.11767148971557617,238.609375
502,0.10915255546569824,231.6328125
503,0.13526415824890137,236.8125
504,0.14702582359313965,232.24609375
505,0.15163898468017578,238.9140625
506,0.1728522777557373,233.59765625
507,0.12442827224731445,237.57421875
508,0.18004059791564941,235.1484375
509,0.1659855842590332,239.6640625
510,0.13682794570922852,242.41015625
511,0.1352519989013672,240.375
512,0.09386777877807617,231.8359375
513,0.14078545570373535,240.58203125
514,0.12723851203918457,236.2734375
515,0.044500112533569336,238.89453125
516,0.10979700088500977,233.11328125
517,0.14002275466918945,240.08984375
518,0.09799003601074219,240.1328125
519,0.1448531150817871,244.96484375
520,0.12057709693908691,235.70703125
521,0.11746597290039062,238.765625
522,0.15038108825683594,236.13671875
523,0.12707924842834473,240.5390625
524,0.1681842803955078,235.8671875
525,0.13468694686889648,240.04296875
526,0.13702964782714844,238.36328125
527,0.13258576393127441,241.80859375
528,0.14443373680114746,235.296875
529,0.12048554420471191,239.48046875
530,0.1361072063446045,236.8828125
531,0.11466193199157715,240.8515625
532,0.1558704376220703,235.41015625
533,0.11277318000793457,242.19140625
534,0.10660266876220703,235.20703125
535,0.13681674003601074,241.32421875
536,0.06006813049316406,241.734375
537,0.10517740249633789,242.765625
538,0.11433696746826172,244.01171875
539,0.1434929370880127,245.28515625
540,0.11662173271179199,236.328125
541,0.10745692253112793,241.9609375
542,0.12761330604553223,245.3046875
543,0.13368511199951172,245.14453125
544,0.13679838180541992,246.11328125
545,0.12443161010742188,246.5234375
546,0.08542776107788086,244.91796875
547,0.13572168350219727,236.0
548,0.13846302032470703,243.33984375
549,0.10497617721557617,235.421875
550,0.13193559646606445,242.3828125
551,0.15839529037475586,239.6328125
552,0.1323537826538086,244.12109375
553,0.11518549919128418,244.67578125
554,0.13635492324829102,245.41796875
555,0.12327957153320312,246.0546875
556,0.14900612831115723,247.79296875
557,0.11428666114807129,246.671875
558,0.13198018074035645,248.125
559,0.11224555969238281,238.1796875
560,0.13998937606811523,244.796875
561,0.1403028964996338,239.16015625
562,0.1075131893157959,244.6640625
563,0.12842917442321777,237.67578125
564,0.15442919731140137,246.2578125
565,0.13882923126220703,247.5
566,0.1301569938659668,238.46484375
567,0.12726902961730957,247.859375
568,0.1445913314819336,238.14453125
569,0.13788461685180664,246.01953125
570,0.16336989402770996,241.35546875
571,0.1351029872894287,248.953125
572,0.14635348320007324,241.79296875
573,0.14038753509521484,246.14453125
574,0.12896418571472168,245.5390625
575,0.15019750595092773,248.93359375
576,0.11967325210571289,248.671875
577,0.13033819198608398,250.62109375
578,0.13373112678527832,247.65234375
579,0.1604466438293457,239.609375
580,0.12038850784301758,247.49609375
581,0.12002992630004883,239.89453125
582,0.14926862716674805,246.9765625
583,0.15000700950622559,240.66796875
584,0.12824583053588867,248.1328125
585,0.12837815284729004,238.8046875
586,0.14243793487548828,248.40625
587,0.17203640937805176,241.17578125
588,0.14686155319213867,247.3984375
589,0.16707491874694824,241.0
590,0.11471343040466309,247.7109375
591,0.16079235076904297,242.1640625
592,0.17345905303955078,246.296875
593,0.16468167304992676,241.1171875
594,0.17685246467590332,248.62890625
595,0.14143896102905273,250.796875
596,0.18753552436828613,242.203125
597,0.14862489700317383,245.8515625
598,0.1712794303894043,242.9375
599,0.1250002384185791,249.49609375
600,0.1607375144958496,244.00390625
601,0.10190677642822266,246.8671875
602,0.14968132972717285,242.859375
603,0.14827942848205566,249.5390625
604,0.14193105697631836,241.95703125
605,0.12461614608764648,247.8984375
606,0.13826322555541992,241.3046875
607,0.13556337356567383,250.0390625
608,0.12534451484680176,241.2265625
609,0.12241625785827637,251.390625
610,0.12756013870239258,250.609375
611,0.13392066955566406,248.4765625
612,0.12911772727966309,248.71875
613,0.14098739624023438,252.08203125
614,0.13115835189819336,243.6796875
615,0.13575458526611328,253.609375
616,0.13650774955749512,244.44921875
617,0.14591765403747559,250.16796875
618,0.13216114044189453,245.5078125
619,0.15413880348205566,251.36328125
620,0.18235445022583008,244.54296875
621,0.07680726051330566,251.4765625
622,0.1420271396636963,255.5859375
623,0.12548828125,244.328125
624,0.14284515380859375,251.59375
625,0.10307598114013672,253.48046875
626,0.14126920700073242,255.015625
627,0.15005946159362793,245.87109375
628,0.14698004722595215,253.8203125
629,0.12880325317382812,244.890625
630,0.18255138397216797,252.734375
631,0.1217796802520752,244.95703125
632,0.1453537940979004,249.359375
633,0.20986557006835938,247.1484375
634,0.12962627410888672,252.23828125
635,0.14612793922424316,247.30859375
636,0.1532433032989502,252.03125
637,0.14459490776062012,254.4375
638,0.13143634796142578,253.7265625
639,0.13133525848388672,253.9609375
640,0.15047192573547363,247.8203125
641,0.12244486808776855,251.0078125
642,0.13414669036865234,244.48828125
643,0.12845826148986816,253.046875
644,0.13033270835876465,248.48828125
645,0.13429689407348633,252.328125
646,0.15419220924377441,246.5
647,0.11412525177001953,253.69140625
648,0.13500380516052246,247.86328125
649,0.11207365989685059,252.203125
650,0.1249392032623291,247.83203125
651,0.1493685245513916,254.9609375
652,0.13244247436523438,248.76171875
653,0.17598819732666016,256.50390625
654,0.15216064453125,248.703125
655,0.12136530876159668,255.4296875
656,0.13011741638183594,259.51171875
657,0.14877915382385254,248.11328125
658,0.12057375907897949,255.21484375
659,0.15667390823364258,249.46875
660,0.1213071346282959,256.20703125
661,0.16553616523742676,248.5625
662,0.1533355712890625,257.36328125
663,0.10905289649963379,248.9296875
664,0.12490367889404297,256.09765625
665,0.13229155540466309,251.078125
666,0.13910150527954102,255.6953125
667,0.14408063888549805,249.27734375
668,0.13405513763427734,257.2890625
669,0.14722609519958496,251.27734375
670,0.11860060691833496,257.6640625
671,0.1407766342163086,250.98828125
672,0.11770153045654297,256.0546875
673,0.1453547477722168,250.203125
674,0.14890837669372559,257.3828125
675,0.102386474609375,260.52734375
676,0.11754584312438965,259.625
677,0.13155412673950195,250.9921875
678,0.14418864250183105,258.3515625
679,0.13380146026611328,252.15625
680,0.13944768905639648,258.81640625
681,0.15022826194763184,259.34765625
682,0.12091588973999023,258.609375
683,0.11668896675109863,261.453125
684,0.14515924453735352,261.76171875
685,0.0951235294342041,263.24609375
686,0.14430594444274902,262.53125
687,0.15708374977111816,263.69140625
688,0.14506173133850098,262.51171875
689,0.13466525077819824,262.8828125
690,0.14519071578979492,250.234375
691,0.11469650268554688,258.828125
692,0.17217755317687988,259.23828125
693,0.1665630340576172,260.9765625
694,0.1708087921142578,250.56640625
695,0.15824103355407715,253.13671875
696,0.07399559020996094,256.51171875
697,0.1319739818572998,261.34375
698,0.13834071159362793,254.16015625
699,0.14647507667541504,260.0625
700,0.13107609748840332,261.18359375
701,0.12785863876342773,252.12890625
702,0.13532423973083496,258.8515625
703,0.1379532814025879,256.37109375
704,0.07906913757324219,257.63671875
705,0.14664530754089355,262.00390625
706,0.1367359161376953,261.07421875
707,0.10047197341918945,263.12109375
708,0.1198267936706543,253.46875
709,0.0808417797088623,257.55859375
710,0.13308167457580566,254.5546875
711,0.1377716064453125,260.1328125
712,0.15040230751037598,256.51171875
713,0.1276252269744873,260.91015625
714,0.11962413787841797,255.2734375
715,0.11982011795043945,259.84375
716,0.13596463203430176,255.2265625
717,0.11273908615112305,259.30859375
718,0.15944314002990723,256.58203125
719,0.12354207038879395,259.4765625
720,0.08712220191955566,260.54296875
721,0.11133241653442383,259.5390625
722,0.16138696670532227,255.609375
723,0.1225578784942627,260.85546875
724,0.13921141624450684,255.07421875
725,0.18280768394470215,261.30859375
726,0.09699797630310059,253.7890625
727,0.13658809661865234,262.1796875
728,0.09206295013427734,256.09375
729,0.20861411094665527,264.34765625
730,0.13578104972839355,266.296875
731,0.12465667724609375,264.21875
732,0.1572713851928711,264.921875
733,0.10452866554260254,265.49609375
734,0.12085723876953125,267.09765625
735,0.09134650230407715,267.8671875
736,0.14167046546936035,258.2109375
737,0.14346814155578613,264.86328125
738,0.11768198013305664,264.1328125
739,0.1457655429840088,267.578125
740,0.09995532035827637,267.4453125
741,0.1255502700805664,268.00390625
742,0.12862539291381836,257.421875
743,0.12529778480529785,262.59375
744,0.11775088310241699,256.3359375
745,0.14756464958190918,266.0
746,0.1235811710357666,257.9375
747,0.1503593921661377,265.94921875
748,0.1327524185180664,267.57421875
749,0.12337517738342285,266.41015625
750,0.10374951362609863,266.1015625
751,0.14067816734313965,268.2734375
752,0.13061857223510742,258.6328125
753,0.1319131851196289,267.07421875
754,0.12785887718200684,266.44140625
755,0.1641395092010498,259.53125
756,0.1244058609008789,265.06640625
757,0.13405489921569824,257.12890625
758,0.15514659881591797,267.9609375
759,0.11810946464538574,258.37109375
760,0.1544485092163086,268.69921875
761,0.13558530807495117,262.96484375
762,0.10927700996398926,264.16015625
763,0.1348118782043457,259.953125
764,0.12522292137145996,265.85546875
765,0.16345977783203125,260.87890625
766,0.12679839134216309,267.24609375
767,0.12776589393615723,260.3828125
768,0.15607929229736328,269.65625
769,0.11530041694641113,259.5625
770,0.17792963981628418,262.328125
771,0.15936017036437988,267.203125
772,0.15286564826965332,272.42578125
773,0.13708901405334473,270.15625
774,0.16059446334838867,261.1953125
775,0.1485884189605713,270.59765625
776,0.13568639755249023,261.8984375
777,0.13056397438049316,270.5234375
778,0.13521695137023926,261.484375
779,0.12671375274658203,270.2890625
780,0.11626863479614258,261.24609375
781,0.145432710647583,270.5390625
782,0.14827513694763184,261.1640625
783,0.11268091201782227,266.48828125
784,0.1362013816833496,260.6328125
785,0.1457200050354004,269.16015625
786,0.12992238998413086,261.87890625
787,0.13499069213867188,268.80859375
788,0.11787557601928711,263.8125
789,0.13948988914489746,269.71875
790,0.13106608390808105,266.4921875
791,0.15637683868408203,271.50390625
792,0.13047051429748535,272.7890625
793,0.13915610313415527,270.18359375
794,0.14066576957702637,272.66796875
795,0.13393163681030273,265.765625
796,0.11995077133178711,269.77734375
797,0.13815760612487793,263.109375
798,0.153764009475708,272.28515625
799,0.14339375495910645,262.84375
800,0.16709303855895996,270.203125
801,0.1533966064453125,266.04296875
802,0.13773465156555176,271.88671875
803,0.1311783790588379,273.5234375
804,0.08887577056884766,272.30078125
805,0.15766096115112305,264.1171875
806,0.12837648391723633,270.61328125
807,0.12752056121826172,267.65625
808,0.12289547920227051,270.5859375
809,0.1522529125213623,266.41796875
810,0.13042783737182617,272.18359375
811,0.11261701583862305,276.6796875
812,0.11618423461914062,275.4140625
813,0.1402902603149414,265.0859375
814,0.18566298484802246,264.91796875
815,0.11902832984924316,270.51171875
816,0.16653656959533691,267.69140625
817,0.10949993133544922,271.06640625
818,0.1600637435913086,266.25390625
819,0.11271023750305176,271.8515625
820,0.15057897567749023,266.078125
821,0.14380812644958496,273.28125
822,0.12245464324951172,268.109375
823,0.14754509925842285,275.828125
824,0.14295411109924316,266.97265625
825,0.12154960632324219,270.57421875
826,0.1303558349609375,266.4921875
827,0.13491415977478027,275.26953125
828,0.12053179740905762,266.37109375
829,0.12952542304992676,273.66796875
830,0.11609721183776855,265.83984375
831,0.14626717567443848,272.8828125
832,0.14456415176391602,270.8359375
833,0.1257035732269287,272.56640625
834,0.14103031158447266,268.92578125
835,0.14739584922790527,274.73046875
836,0.12828612327575684,268.734375
837,0.1390056610107422,274.92578125
838,0.13067412376403809,277.80078125
839,0.15478777885437012,274.1796875
840,0.16986298561096191,277.21484375
841,0.12332677841186523,268.28125
842,0.13953876495361328,276.578125
843,0.16107630729675293,268.6171875
844,0.12843704223632812,276.1328125
845,0.09297919273376465,276.42578125
846,0.10014176368713379,276.02734375
847,0.12230348587036133,268.390625
848,0.1264972686767578,275.9375
849,0.1264488697052002,267.5625
850,0.1506040096282959,277.453125
851,0.09593701362609863,278.42578125
852,0.11771225929260254,279.328125
853,0.1222376823425293,279.65625
854,0.13675808906555176,277.7421875
855,0.12793517112731934,280.390625
856,0.16144657135009766,282.640625
857,0.1091766357421875,278.734375
858,0.1365211009979248,279.7109375
859,0.14449191093444824,271.0703125
860,0.1332683563232422,280.328125
861,0.11496472358703613,278.06640625
862,0.12890911102294922,279.46875
863,0.13473033905029297,270.046875
864,0.13950586318969727,277.515625
865,0.134596586227417,269.94921875
866,0.15045475959777832,278.6640625
867,0.1275932788848877,270.23828125
868,0.1517791748046875,279.05078125
869,0.14243459701538086,271.7109375
870,0.11863398551940918,278.4453125
871,0.12307882308959961,272.05859375
872,0.11003303527832031,276.078125
873,0.06670093536376953,278.16015625
874,0.11599326133728027,280.0546875
875,0.11195778846740723,279.14453125
876,0.1846635341644287,278.875
877,0.13524270057678223,281.83203125
878,0.12562918663024902,281.07421875
879,0.12797212600708008,270.12109375
880,0.10669088363647461,278.8125
881,0.1356792449951172,272.01171875
882,0.16213488578796387,279.5390625
883,0.13513827323913574,272.6015625
884,0.1564159393310547,281.39453125
885,0.13375353813171387,272.76953125
886,0.10680818557739258,279.73046875
887,0.1177377700805664,278.0078125
888,0.14655232429504395,279.55859375
889,0.09104299545288086,279.625
890,0.13639354705810547,282.48046875
891,0.11585807800292969,272.90625
892,0.19753146171569824,282.72265625
893,0.14754247665405273,273.5859375
894,0.17662477493286133,281.4375
895,0.18263816833496094,274.6796875
896,0.11861062049865723,280.6796875
897,0.16364574432373047,283.60546875
898,0.1418628692626953,275.9296875
899,0.12542462348937988,282.08984375
900,0.1515185832977295,273.17578125
901,0.10793089866638184,280.9296875
902,0.16553831100463867,275.18359375
903,0.07239294052124023,280.4765625
904,0.05219435691833496,280.29296875
905,0.17162871360778809,276.453125
906,0.13636112213134766,281.19921875
907,0.18978524208068848,284.30859375
908,0.13994431495666504,276.6171875
909,0.15219330787658691,283.51953125
910,0.13559198379516602,283.7734375
911,0.14754819869995117,283.4609375
912,0.14910364151000977,276.16015625
913,0.12244033813476562,282.9453125
914,0.15093231201171875,278.13671875
915,0.12883377075195312,282.58203125
916,0.16262507438659668,283.4453125
917,0.10219335556030273,287.0703125
918,0.13250088691711426,285.98046875
919,0.15405488014221191,274.58203125
920,0.11409115791320801,282.09765625
921,0.16695618629455566,275.99609375
922,0.1262214183807373,283.65234375
923,0.14805388450622559,278.109375
924,0.15065574645996094,286.40234375
925,0.17250299453735352,280.25
926,0.10695314407348633,283.02734375
927,0.11661458015441895,284.3984375
928,0.11614656448364258,286.07421875
929,0.1361076831817627,276.99609375
930,0.13216638565063477,283.57421875
931,0.15625429153442383,277.99609375
932,0.1253800392150879,284.76171875
933,0.12543177604675293,285.29296875
934,0.1367018222808838,288.39453125
935,0.1098320484161377,288.8125
936,0.08998775482177734,287.30078125
937,0.1161031723022461,278.359375
938,0.14270472526550293,285.65625
939,0.15053129196166992,278.34765625
940,0.08096766471862793,284.71875
941,0.10170626640319824,285.01953125
942,0.12301015853881836,286.34765625
943,0.12368011474609375,284.99609375
944,0.1330556869506836,290.09765625
945,0.11950254440307617,288.546875
946,0.10377359390258789,287.48828125
947,0.13134121894836426,287.5859375
948,0.12811827659606934,291.91015625
949,0.1280522346496582,289.1015625
950,0.14700675010681152,290.9453125
951,0.09828877449035645,289.11328125
952,0.11297965049743652,290.57421875
953,0.13013792037963867,290.59765625
954,0.1294269561767578,281.265625
955,0.10959935188293457,286.34765625
956,0.14268827438354492,279.98046875
957,0.1493086814880371,288.87890625
958,0.12367534637451172,291.875
959,0.09522509574890137,287.9375
960,0.12711644172668457,280.9140625
961,0.1575641632080078,288.59375
962,0.1373157501220703,288.7421875
963,0.13984441757202148,290.42578125
964,0.1287829875946045,291.59375
965,0.1552748680114746,281.11328125
966,0.0951225757598877,286.49609375
967,0.09870219230651855,288.15625
968,0.10576748847961426,288.05859375
969,0.1361546516418457,290.68359375
970,0.12701892852783203,290.109375
971,0.13477301597595215,291.05078125
972,0.15958476066589355,283.00390625
973,0.11896610260009766,287.37109375
974,0.07473564147949219,288.5703125
975,0.14916348457336426,292.28515625
976,0.12671804428100586,282.21484375
977,0.19703960418701172,282.53515625
978,0.1394033432006836,290.54296875
979,0.08771157264709473,289.9921875
980,0.1276686191558838,290.44140625
981,0.13550186157226562,292.87890625
982,0.13684511184692383,293.75
983,0.15572118759155273,292.6875
984,0.10627579689025879,291.3984375
985,0.13400554656982422,293.6015625
986,0.1703495979309082,291.99609375
987,0.15219783782958984,284.13671875
988,0.11431074142456055,290.71484375
989,0.12222766876220703,290.26171875
990,0.14034509658813477,293.421875
991,0.09694361686706543,293.703125
992,0.10822224617004395,293.89453125
993,0.10551691055297852,295.43359375
994,0.11469101905822754,295.29296875
995,0.10863566398620605,294.453125
996,0.16921234130859375,285.98828125
997,0.036498069763183594,286.3515625
998,0.15488553047180176,285.9296875
999,0.13395428657531738,293.4921875
1000,0.09595346450805664,293.515625
1001,0.14818143844604492,293.13671875
1002,0.0742032527923584,293.0703125
1003,0.11235380172729492,293.63671875
1004,0.16289639472961426,287.66796875
1005,0.12532472610473633,290.71875
1006,0.11566996574401855,294.328125
1007,0.1263442039489746,285.40234375
1008,0.13483905792236328,286.3359375
1009,0.0932929515838623,289.0859375
1010,0.1176300048828125,290.95703125
1011,0.1244356632232666,292.39453125
1012,0.13375425338745117,298.08203125
1013,0.14673399925231934,286.234375
1014,0.16962838172912598,288.640625
1015,0.12427639961242676,292.87890625
1016,0.12503981590270996,293.171875
1017,0.1117868423461914,294.1015625
1018,0.09135627746582031,294.73046875
1019,0.11473941802978516,295.8203125
1020,0.1232147216796875,296.79296875
1021,0.11292862892150879,295.53125
1022,0.11909914016723633,294.7578125
1023,0.15469121932983398,295.33984375
1024,0.09074807167053223,295.6875
1025,0.07907271385192871,296.8828125
1026,0.12479305267333984,296.3203125
1027,0.0927116870880127,297.57421875
1028,0.12224650382995605,297.6953125
1029,0.05560159683227539,297.03515625
1030,0.1571192741394043,298.171875
1031,0.13594365119934082,296.4921875
1032,0.13299083709716797,287.62109375
1033,0.17802190780639648,294.375
1034,0.17319178581237793,291.48828125
1035,0.12199616432189941,295.4609375
1036,0.11463618278503418,297.1171875
1037,0.13968515396118164,297.83203125
1038,0.1596977710723877,288.82421875
1039,0.127655029296875,296.265625
1040,0.13377642631530762,297.14453125
1041,0.1493539810180664,297.81640625
1042,0.12397909164428711,298.453125
1043,0.13748908042907715,298.578125
1044,0.1497964859008789,300.34765625
1045,0.10525274276733398,299.86328125
1046,0.1291332244873047,299.75
1047,0.14938926696777344,289.50390625
1048,0.1752917766571045,299.8515625
1049,0.14347386360168457,290.3515625
1050,0.12447094917297363,298.68359375
1051,0.14480042457580566,288.953125
1052,0.08784198760986328,297.3359375
1053,0.12750482559204102,298.546875
1054,0.104522705078125,298.421875
1055,0.13914966583251953,299.8203125
1056,0.12596702575683594,298.54296875
1057,0.13893938064575195,301.39453125
1058,0.16735625267028809,301.8828125
1059,0.14026165008544922,291.1484375
1060,0.10763049125671387,297.91796875
1061,0.12577557563781738,291.23046875
1062,0.1291661262512207,297.21875
1063,0.11615943908691406,298.40234375
1064,0.17017126083374023,304.57421875
1065,0.14656925201416016,291.42578125
1066,0.14229536056518555,301.23046875
1067,0.14218711853027344,300.5078125
1068,0.16344976425170898,294.39453125
1069,0.16840720176696777,297.84375
1070,0.1201636791229248,300.8203125
1071,0.11418938636779785,301.21875
1072,0.11682748794555664,301.65234375
1073,0.13535261154174805,301.546875
1074,0.0648798942565918,302.03125
1075,0.11592340469360352,302.69140625
1076,0.16225767135620117,302.48828125
1077,0.1376934051513672,305.046875
1078,0.12266159057617188,305.0234375
1079,0.1685352325439453,304.63671875
1080,0.11923813819885254,305.24609375
1081,0.14403176307678223,306.27734375
1082,0.14673709869384766,304.98828125
1083,0.11103296279907227,307.24609375
1084,0.14449405670166016,305.1171875
1085,0.14249634742736816,305.28515625
1086,0.12749838829040527,294.6875
1087,0.13988828659057617,301.3671875
1088,0.14870905876159668,294.74609375
1089,0.13761115074157715,301.16015625
1090,0.12799429893493652,301.51953125
1091,0.16138195991516113,302.984375
1092,0.13741302490234375,303.98828125
1093,0.16636085510253906,294.1328125
1094,0.14978718757629395,304.1015625
1095,0.12416338920593262,303.13671875
1096,0.13190293312072754,303.3125
1097,0.10987567901611328,304.0
1098,0.1685771942138672,306.3046875
1099,0.16466927528381348,296.453125
1100,0.1445786952972412,302.63671875
1101,0.12148499488830566,304.421875
1102,0.10019040107727051,306.609375
1103,0.13785743713378906,306.61328125
1104,0.12299919128417969,307.1796875
1105,0.1435377597808838,307.16015625
1106,0.17275309562683105,309.796875
1107,0.10684418678283691,310.76953125
1108,0.13073515892028809,310.4453125
1109,0.13369369506835938,311.5078125
1110,0.13401389122009277,310.7421875
1111,0.15485739707946777,312.30078125
1112,0.15174579620361328,311.20703125
1113,0.14461088180541992,311.96875
1114,0.14397788047790527,298.484375
1115,0.11737537384033203,305.375
1116,0.10627460479736328,306.55859375
1117,0.10647201538085938,305.4296875
1118,0.13547849655151367,310.30859375
1119,0.1417064666748047,311.20703125
1120,0.17365002632141113,298.68359375
1121,0.12596964836120605,306.4765625
1122,0.1359541416168213,306.5703125
1123,0.10306644439697266,308.36328125
1124,0.1353147029876709,307.19921875
1125,0.1191408634185791,307.6796875
1126,0.14149165153503418,307.65234375
1127,0.11437821388244629,309.1328125
1128,0.12558817863464355,310.66796875
1129,0.1095883846282959,309.51171875
1130,0.07337713241577148,309.19140625
1131,0.14184236526489258,310.32421875
1132,0.15468478202819824,301.85546875
1133,0.09818696975708008,304.6953125
1134,0.12277889251708984,306.953125
1135,0.10663032531738281,305.234375
1136,0.09350085258483887,307.79296875
1137,0.12591886520385742,309.40234375
1138,0.0717461109161377,309.82421875
1139,0.09131193161010742,310.9375
1140,0.06587529182434082,309.08203125
1141,0.10858011245727539,308.9921875
1142,0.13788294792175293,312.1171875
1143,0.1134183406829834,298.1171875
1144,0.1599898338317871,307.484375
1145,0.11780047416687012,308.296875
1146,0.1631467342376709,310.0859375
1147,0.13691425323486328,309.5625
1148,0.14478230476379395,312.2890625
1149,0.09321331977844238,309.90625
1150,0.11519908905029297,308.69140625
1151,0.1167306900024414,310.02734375
1152,0.13437891006469727,309.99609375
1153,0.1448826789855957,309.8359375
1154,0.11884379386901855,311.03515625
1155,0.128448486328125,312.3828125
1156,0.1685924530029297,312.05078125
1157,0.14582300186157227,312.2578125
1158,0.10991740226745605,313.671875
1159,0.14333200454711914,312.6875
1160,0.14681792259216309,311.80859375
1161,0.12932801246643066,313.66796875
1162,0.11829686164855957,312.7578125
1163,0.0965723991394043,313.08984375
1164,0.10523748397827148,313.484375
1165,0.1196279525756836,314.05859375
1166,0.1260087490081787,313.11328125
1167,0.15881800651550293,313.2421875
1168,0.14064955711364746,313.52734375
1169,0.1553328037261963,314.00390625
1170,0.12818169593811035,315.0390625
1171,0.1433420181274414,314.80859375
1172,0.10725235939025879,313.63671875
1173,0.11658477783203125,313.33203125
1174,0.10985898971557617,312.85546875
1175,0.14618659019470215,315.01953125
1176,0.16469407081604004,316.47265625
1177,0.09764552116394043,314.15234375
1178,0.11890244483947754,312.78125
1179,0.1598377227783203,314.9765625
1180,0.1037445068359375,315.75
1181,0.1627962589263916,317.32421875
1182,0.1566474437713623,315.78125
1183,0.12455964088439941,317.08203125
1184,0.1732180118560791,316.0390625
1185,0.1371936798095703,317.8359375
1186,0.1437513828277588,317.4609375
1187,0.0758514404296875,317.48828125
1188,0.11977577209472656,316.93359375
1189,0.12145519256591797,316.88671875
1190,0.11351799964904785,314.72265625
1191,0.08970260620117188,318.078125
1192,0.12635135650634766,318.72265625
1193,0.14270901679992676,319.5
1194,0.11175084114074707,318.8515625
1195,0.11624836921691895,317.953125
1196,0.13669848442077637,317.875
1197,0.1362147331237793,319.2109375
1198,0.1133430004119873,318.4296875
1199,0.14284467697143555,318.609375
1200,0.12799787521362305,319.80078125
1201,0.16730642318725586,316.76171875
1202,0.17841482162475586,319.97265625
1203,0.1363692283630371,320.44921875
1204,0.10701203346252441,318.7578125
1205,0.14502906799316406,320.578125
1206,0.13360309600830078,320.33203125
1207,0.15147686004638672,320.6328125
1208,0.11298108100891113,321.89453125
1209,0.12710046768188477,319.66015625
1210,0.13846921920776367,321.12109375
1211,0.13158035278320312,319.01953125
1212,0.15200114250183105,319.578125
1213,0.1410386562347412,319.72265625
1214,0.12863802909851074,321.78515625
1215,0.14012646675109863,320.796875
1216,0.07468605041503906,321.41796875
1217,0.12569808959960938,322.2421875
1218,0.13190460205078125,322.03125
1219,0.17937040328979492,323.15625
1220,0.1488955020904541,325.62109375
1221,0.11491107940673828,322.81640625
1222,0.13353300094604492,324.1953125
1223,0.1490495204925537,323.53125
1224,0.14543437957763672,325.1796875
1225,0.1274404525756836,322.5859375
1226,0.17831850051879883,308.92578125
1227,0.12269973754882812,318.19140625
1228,0.11771893501281738,316.8203125
1229,0.15689921379089355,318.140625
1230,0.15058493614196777,319.640625
1231,0.13599443435668945,318.6640625
1232,0.13112258911132812,318.47265625
1233,0.1374375820159912,318.15625
1234,0.12648510932922363,319.546875
1235,0.11338257789611816,319.9453125
1236,0.16936707496643066,319.51171875
1237,0.1036076545715332,320.4296875
1238,0.17283010482788086,321.39453125
1239,0.1331636905670166,322.50390625
1240,0.11609363555908203,320.828125
1241,0.1373443603515625,321.6484375
1242,0.13527798652648926,323.21875
1243,0.1402876377105713,321.16796875
1244,0.14782977104187012,324.31640625
1245,0.14906930923461914,323.19140625
1246,0.15494513511657715,322.14453125
1247,0.12129926681518555,323.6953125
1248,0.13436293601989746,323.79296875
1249,0.11204099655151367,325.13671875
1250,0.1708834171295166,322.2265625
1251,0.1257781982421875,322.6796875
1252,0.18076467514038086,312.546875
1253,0.1350252628326416,322.38671875
1254,0.14704012870788574,320.53125
1255,0.14531755447387695,320.44140625
1256,0.11980891227722168,321.3671875
1257,0.10608315467834473,320.515625
1258,0.1409313678741455,320.66015625
1259,0.1266636848449707,322.48828125
1260,0.1361250877380371,321.953125
1261,0.14672255516052246,322.515625
1262,0.05012679100036621,323.71875
1263,0.160447359085083,326.22265625
1264,0.13780736923217773,322.87890625
1265,0.10079741477966309,322.75
1266,0.13562345504760742,323.1484375
1267,0.12937617301940918,323.0625
1268,0.12758278846740723,322.9765625
1269,0.1399247646331787,323.2890625
1270,0.15962767601013184,326.140625
1271,0.12959671020507812,327.1875
1272,0.11787700653076172,327.49609375
1273,0.12456393241882324,325.9296875
1274,0.1306147575378418,325.87109375
1275,0.12716293334960938,327.1796875
1276,0.14221978187561035,327.64453125
1277,0.12285447120666504,328.3515625
1278,0.1363067626953125,326.62890625
1279,0.14162445068359375,326.8125
1280,0.11454892158508301,326.3984375
1281,0.10969781875610352,327.7734375
1282,0.11576962471008301,326.4765625
1283,0.11756563186645508,326.6484375
1284,0.16438794136047363,328.7890625
1285,0.12665081024169922,327.61328125
1286,0.1326742172241211,327.90234375
1287,0.14368820190429688,326.52734375
1288,0.1184239387512207,327.76953125
1289,0.13721370697021484,327.26171875
1290,0.12694811820983887,326.7890625
1291,0.11024117469787598,329.14453125
1292,0.07087254524230957,326.07421875
1293,0.13076281547546387,328.75
1294,0.15900540351867676,330.0859375
1295,0.12563729286193848,329.6015625
1296,0.10192108154296875,329.41796875
1297,0.1273038387298584,329.55859375
1298,0.14042019844055176,331.140625
1299,0.12405562400817871,330.828125
1300,0.1354529857635498,329.75390625
1301,0.11588668823242188,328.3046875
1302,0.13611054420471191,332.1953125
1303,0.15671563148498535,329.51171875
1304,0.08577132225036621,329.83984375
1305,0.14313149452209473,332.98828125
1306,0.13751006126403809,329.3984375
1307,0.20669937133789062,333.3828125
1308,0.08314013481140137,330.734375
1309,0.12771034240722656,332.47265625
1310,0.15318608283996582,331.6015625
1311,0.13271212577819824,331.98046875
1312,0.1310582160949707,333.296875
1313,0.13268017768859863,331.703125
1314,0.15127301216125488,332.39453125
1315,0.13912177085876465,332.94921875
1316,0.14366412162780762,334.5
1317,0.12866973876953125,334.0078125
1318,0.13850903511047363,332.63671875
1319,0.14032936096191406,334.66796875
1320,0.1371152400970459,334.59765625
1321,0.1291201114654541,334.61328125
1322,0.132737398147583,335.45703125
1323,0.13928914070129395,336.89453125
1324,0.1681218147277832,335.28125
1325,0.15831851959228516,336.51953125
1326,0.1464676856994629,335.96484375
1327,0.11060214042663574,335.0078125
1328,0.14285492897033691,335.65625
1329,0.1615281105041504,335.9140625
1330,0.11444473266601562,335.79296875
1331,0.10303640365600586,335.6953125
1332,0.14076995849609375,335.77734375
1333,0.166182279586792,336.66015625
1334,0.14669036865234375,335.15234375
1335,0.11185860633850098,335.9140625
1336,0.13463091850280762,335.26171875
1337,0.15104246139526367,335.85546875
1338,0.08330273628234863,335.0703125
1339,0.1406855583190918,335.8515625
1340,0.12645792961120605,336.23046875
1341,0.1398470401763916,336.4375
1342,0.1178290843963623,335.703125
1343,0.1686539649963379,335.875
1344,0.16939759254455566,334.9375
1345,0.14095330238342285,337.30078125
1346,0.07437777519226074,336.0625
1347,0.14152240753173828,336.2421875
1348,0.15229034423828125,337.5
1349,0.14008474349975586,337.515625
1350,0.16862034797668457,336.39453125
1351,0.12610530853271484,335.66796875
1352,0.15119147300720215,338.671875
1353,0.15871000289916992,336.71875
1354,0.15227961540222168,336.90625
1355,0.12776589393615723,337.82421875
1356,0.12343907356262207,338.30078125
1357,0.18094182014465332,339.9765625
1358,0.11662030220031738,338.9375
1359,0.14249944686889648,338.87890625
1360,0.13300514221191406,339.015625
1361,0.16082406044006348,340.625
1362,0.1695864200592041,338.81640625
1363,0.11870336532592773,341.70703125
1364,0.14610767364501953,342.328125
1365,0.12820792198181152,337.08203125
1366,0.15925168991088867,338.40625
1367,0.10950541496276855,339.17578125
1368,0.11896514892578125,339.578125
1369,0.14818906784057617,338.46875
1370,0.15284109115600586,340.0
1371,0.14724254608154297,339.046875
1372,0.1262648105621338,338.98046875
1373,0.05939173698425293,339.96484375
1374,0.12453913688659668,338.796875
1375,0.12513470649719238,339.25
1376,0.09395623207092285,339.7421875
1377,0.11922931671142578,340.23046875
1378,0.1439359188079834,339.3984375
1379,0.12383079528808594,339.78515625
1380,0.12532973289489746,339.77734375
1381,0.17179465293884277,339.52734375
1382,0.16542911529541016,340.5390625
1383,0.13333797454833984,338.6796875
1384,0.12412762641906738,340.171875
1385,0.0984044075012207,340.00390625
1386,0.13580012321472168,338.703125
1387,0.16545581817626953,339.96875
1388,0.09767889976501465,339.5234375
1389,0.15884828567504883,340.046875
1390,0.13415312767028809,340.20703125
1391,0.17999625205993652,339.59765625
1392,0.12476444244384766,340.203125
1393,0.14091873168945312,338.40234375
1394,0.12677645683288574,340.72265625
1395,0.14028048515319824,340.24609375
1396,0.13315963745117188,340.4140625
1397,0.16429543495178223,341.16796875
1398,0.12571191787719727,343.9296875
1399,0.11685657501220703,341.48046875
1400,0.1541738510131836,341.41015625
1401,0.13007473945617676,341.8203125
1402,0.13391757011413574,342.61328125
1403,0.15551137924194336,341.66015625
1404,0.1454620361328125,342.34375
1405,0.13545632362365723,341.6953125
1406,0.15059185028076172,342.3359375
1407,0.14742588996887207,342.9765625
1408,0.15261197090148926,343.32421875
1409,0.1793811321258545,342.7734375
1410,0.13547849655151367,344.10546875
1411,0.145125150680542,342.4609375
1412,0.1356353759765625,342.62890625
1413,0.1330580711364746,341.9921875
1414,0.13750815391540527,343.30859375
1415,0.10126566886901855,344.640625
1416,0.1355290412902832,344.02734375
1417,0.18392467498779297,344.05859375
1418,0.14948797225952148,344.1640625
1419,0.13001346588134766,346.31640625
1420,0.14997100830078125,344.66796875
1421,0.13438773155212402,344.5546875
1422,0.12146854400634766,345.1796875
1423,0.13204598426818848,344.0859375
1424,0.12565350532531738,346.2734375
1425,0.13841772079467773,344.359375
1426,0.16020607948303223,346.1640625
1427,0.14319181442260742,345.75
1428,0.1366879940032959,345.96484375
1429,0.1510939598083496,346.84375
1430,0.1195688247680664,346.37890625
1431,0.10961103439331055,347.69140625
1432,0.11765575408935547,344.921875
1433,0.13967657089233398,345.09765625
1434,0.08161354064941406,347.09375
1435,0.14585494995117188,345.94140625
1436,0.12590527534484863,347.23828125
1437,0.096893310546875,345.19140625
1438,0.12566590309143066,346.34375
1439,0.10854506492614746,346.95703125
1440,0.1443948745727539,345.71875
1441,0.1312549114227295,345.64453125
1442,0.150038480758667,346.6953125
1443,0.17082810401916504,346.1953125
1444,0.12631487846374512,346.5859375
1445,0.13579654693603516,347.58984375
1446,0.1276545524597168,346.3203125
1447,0.14826250076293945,346.94921875
1448,0.15509319305419922,346.16015625
1449,0.16549229621887207,346.8359375
1450,0.13650131225585938,348.1796875
1451,0.0755469799041748,348.0234375
1452,0.145888090133667,347.30078125
1453,0.13317203521728516,349.5859375
1454,0.12953877449035645,346.1953125
1455,0.15070843696594238,346.59375
1456,0.13734745979309082,348.9765625
1457,0.12999892234802246,346.140625
1458,0.16733217239379883,349.0703125
1459,0.13481688499450684,349.16015625
1460,0.14142775535583496,350.3828125
1461,0.0899500846862793,348.40234375
1462,0.14405107498168945,350.046875
1463,0.12124276161193848,349.7734375
1464,0.12011241912841797,348.046875
1465,0.07320737838745117,348.69921875
1466,0.15156126022338867,349.83203125
1467,0.14876317977905273,350.40234375
1468,0.13399434089660645,349.23046875
1469,0.13480186462402344,350.05859375
1470,0.1491868495941162,350.79296875
1471,0.11492681503295898,351.42578125
1472,0.13359880447387695,353.0703125
1473,0.15405988693237305,353.76953125
1474,0.1475677490234375,351.95703125
1475,0.11306047439575195,352.3046875
1476,0.16933798789978027,350.9453125
1477,0.13010454177856445,352.2109375
1478,0.15280890464782715,353.1953125
1479,0.10808658599853516,354.28515625
1480,0.1698596477508545,352.87109375
1481,0.13759827613830566,352.8515625
1482,0.1404891014099121,353.578125
1483,0.13108110427856445,352.02734375
1484,0.14979028701782227,353.953125
1485,0.13239169120788574,353.9296875
1486,0.10794425010681152,353.86328125
1487,0.12737393379211426,353.56640625
1488,0.11152458190917969,355.07421875
1489,0.13996148109436035,354.86328125
1490,0.0677950382232666,352.62109375
1491,0.14091825485229492,355.47265625
1492,0.14039993286132812,353.1953125
1493,0.07714509963989258,351.3828125
1494,0.1514596939086914,353.23046875
1495,0.15435004234313965,355.1640625
1496,0.09767532348632812,353.4921875
1497,0.12488412857055664,352.69921875
1498,0.11380195617675781,353.87109375
1499,0.14323663711547852,354.7578125
1500,0.14359807968139648,354.87109375
1501,0.14125680923461914,355.12890625
1502,0.14629745483398438,353.953125
1503,0.12495803833007812,354.87890625
1504,0.11371397972106934,355.04296875
1505,0.11996603012084961,354.65234375
1506,0.16594433784484863,355.54296875
1507,0.11756610870361328,355.46484375
1508,0.16141104698181152,354.79296875
1509,0.15435385704040527,356.24609375
1510,0.15881133079528809,357.46484375
1511,0.137359619140625,356.78125
1512,0.13663601875305176,357.546875
1513,0.11927485466003418,357.3828125
1514,0.14738821983337402,355.86328125
1515,0.14715576171875,356.3828125
1516,0.1323380470275879,357.890625
1517,0.10750770568847656,355.46484375
1518,0.12407994270324707,356.390625
1519,0.1178586483001709,356.28515625
1520,0.146195650100708,357.78125
1521,0.08079838752746582,356.19140625
1522,0.14046740531921387,358.1171875
1523,0.12725210189819336,356.98828125
1524,0.13017988204956055,355.98046875
1525,0.10185122489929199,357.6484375
1526,0.10922455787658691,356.83203125
1527,0.1341249942779541,359.60546875
1528,0.13755321502685547,358.54296875
1529,0.12366342544555664,358.92578125
1530,0.11143803596496582,357.453125
1531,0.13368630409240723,358.44921875
1532,0.1110374927520752,358.4921875
1533,0.14349913597106934,356.7734375
1534,0.14975762367248535,356.6640625
1535,0.11596179008483887,359.51171875
1536,0.13114476203918457,360.390625
1537,0.11869359016418457,356.82421875
1538,0.13819098472595215,360.875
1539,0.12046003341674805,359.12890625
1540,0.1472468376159668,356.58203125
1541,0.12092757225036621,359.203125
1542,0.13214421272277832,356.59765625
1543,0.1732485294342041,358.3984375
1544,0.16680002212524414,359.57421875
1545,0.1401820182800293,360.16796875
1546,0.13513827323913574,358.12109375
1547,0.13494277000427246,361.08984375
1548,0.11986994743347168,359.484375
1549,0.1025228500366211,360.65625
1550,0.1429297924041748,358.91015625
1551,0.14290189743041992,360.49609375
1552,0.11721014976501465,361.4921875
1553,0.1518239974975586,360.25
1554,0.11226248741149902,359.953125
1555,0.08434772491455078,361.5625
1556,0.13782095909118652,362.8125
1557,0.08821940422058105,360.9765625
1558,0.05999875068664551,361.875
1559,0.10889554023742676,363.46484375
1560,0.12249588966369629,362.6484375
1561,0.16467571258544922,362.95703125
1562,0.14223623275756836,364.54296875
1563,0.1684131622314453,364.10546875
1564,0.13673996925354004,362.80859375
1565,0.11761307716369629,364.2265625
1566,0.14355850219726562,364.875
1567,0.1979358196258545,362.98046875
1568,0.175811767578125,362.01171875
1569,0.10772919654846191,363.85546875
1570,0.13872218132019043,365.70703125
1571,0.1711742877960205,364.7734375
1572,0.1277172565460205,365.46484375
1573,0.14289331436157227,364.9296875
1574,0.17479467391967773,364.171875
1575,0.11439156532287598,366.75390625
1576,0.10748100280761719,365.125
1577,0.13622093200683594,365.69921875
1578,0.10328197479248047,363.62890625
1579,0.2459414005279541,364.55859375
1580,0.12065458297729492,365.15625
1581,0.11652302742004395,366.30078125
1582,0.12798380851745605,365.9609375
1583,0.14524197578430176,364.8671875
1584,0.13370823860168457,366.46484375
1585,0.13726472854614258,364.95703125
1586,0.12555623054504395,368.0546875
1587,0.02786564826965332,366.33203125
1588,0.10865139961242676,366.1875
1589,0.08246278762817383,367.4296875
1590,0.11339163780212402,367.80078125
1591,0.13585305213928223,368.53515625
1592,0.13172531127929688,366.3359375
1593,0.1522519588470459,366.80859375
1594,0.12778997421264648,366.84375
1595,0.18024849891662598,367.4765625
1596,0.15164422988891602,367.78125
1597,0.14121794700622559,367.203125
1598,0.1410055160522461,367.55859375
1599,0.12395405769348145,367.46875
1600,0.13857555389404297,368.30078125
1601,0.14144349098205566,367.234375
1602,0.1372206211090088,366.515625
1603,0.07956504821777344,367.046875
1604,0.10347366333007812,370.3671875
1605,0.10810303688049316,367.66796875
1606,0.1206822395324707,370.4921875
1607,0.14351654052734375,366.18359375
1608,0.16901922225952148,370.421875
1609,0.21862077713012695,365.48828125
1610,0.08319544792175293,368.50390625
1611,0.1367957592010498,370.0
1612,0.13259339332580566,369.265625
1613,0.14959049224853516,367.421875
1614,0.16118359565734863,369.10546875
1615,0.13910150527954102,368.34375
1616,0.10946941375732422,369.484375
1617,0.14342927932739258,367.9140625
1618,0.13566970825195312,368.31640625
1619,0.13372039794921875,369.0
1620,0.14571213722229004,366.80078125
1621,0.13374662399291992,367.88671875
1622,0.1535944938659668,368.4453125
1623,0.12060999870300293,369.31640625
1624,0.18152451515197754,367.3828125
1625,0.14095711708068848,369.265625
1626,0.1397082805633545,370.6328125
1627,0.10125446319580078,370.515625
1628,0.14990496635437012,369.07421875
1629,0.12967371940612793,371.65234375
1630,0.10360932350158691,371.15234375
1631,0.13157105445861816,371.7265625
1632,0.12439346313476562,370.5390625
1633,0.11838054656982422,371.63671875
1634,0.13315415382385254,371.95703125
1635,0.13940906524658203,370.1640625
1636,0.09548306465148926,372.98046875
1637,0.1598970890045166,372.41015625
1638,0.13698530197143555,371.640625
1639,0.16469287872314453,372.69140625
1640,0.15273356437683105,371.8984375
1641,0.10856914520263672,374.83203125
1642,0.13704371452331543,371.796875
1643,0.15039873123168945,371.57421875
1644,0.14071941375732422,372.90625
1645,0.14989829063415527,371.1640625
1646,0.13483929634094238,372.42578125
1647,0.11952733993530273,373.08984375
1648,0.14188408851623535,372.15625
1649,0.16237139701843262,373.078125
1650,0.14676117897033691,374.9296875
1651,0.16414928436279297,372.80859375
1652,0.13784098625183105,373.98828125
1653,0.13028335571289062,374.10546875
1654,0.14265990257263184,373.46875
1655,0.19510507583618164,373.27734375
1656,0.11354184150695801,373.42578125
1657,0.1783888339996338,373.19921875
1658,0.18345379829406738,375.09375
1659,0.2063901424407959,374.21875
1660,0.16597199440002441,372.75390625
1661,0.17106866836547852,374.57421875
1662,0.16798734664916992,373.66015625
1663,0.1485147476196289,375.484375
1664,0.15957856178283691,376.5078125
1665,0.13756966590881348,373.53125
1666,0.13863015174865723,374.23046875
1667,0.14251303672790527,376.38671875
1668,0.1508185863494873,374.609375
1669,0.13177776336669922,375.15234375
1670,0.14199137687683105,375.765625
1671,0.13926196098327637,375.80859375
1672,0.12638187408447266,374.30859375
1673,0.1557776927947998,376.83203125
1674,0.15472078323364258,378.1796875
1675,0.13747572898864746,375.36328125
1676,0.15603017807006836,376.19921875
1677,0.12180852890014648,375.7890625
1678,0.162276029586792,378.30859375
1679,0.16456866264343262,377.29296875
1680,0.1356945037841797,377.11328125
1681,0.1622304916381836,378.0
1682,0.15202784538269043,378.2734375
1683,0.19202661514282227,377.25390625
1684,0.11116218566894531,378.84375
1685,0.15867161750793457,378.73828125
1686,0.19832944869995117,377.296875
1687,0.15528321266174316,378.16796875
1688,0.1846928596496582,377.06640625
1689,0.1569077968597412,377.90234375
1690,0.1118772029876709,377.4765625
1691,0.15166044235229492,379.12890625
1692,0.19126319885253906,376.7421875
1693,0.1630241870880127,377.359375
1694,0.15192866325378418,376.5234375
1695,0.18332123756408691,376.81640625
1696,0.13630247116088867,376.2109375
1697,0.18433499336242676,376.9609375
1698,0.10953545570373535,379.87109375
1699,0.12724757194519043,377.21484375
1700,0.11661911010742188,378.2890625
1701,0.26147985458374023,375.63671875
1702,0.15550541877746582,377.5546875
1703,0.12747955322265625,377.42578125
1704,0.13390111923217773,378.79296875
1705,0.16663098335266113,378.0859375
1706,0.16124534606933594,379.73046875
1707,0.11025810241699219,377.01953125
1708,0.1769089698791504,376.44921875
1709,0.19486689567565918,379.54296875
1710,0.29056477546691895,377.8203125
1711,0.20121335983276367,378.62890625
1712,0.21095585823059082,379.69921875
1713,0.16849160194396973,378.2109375
1714,0.06695818901062012,380.33203125
1715,0.15686607360839844,378.96484375
1716,0.14791512489318848,378.7578125
1717,0.17633295059204102,380.4609375
1718,0.21595978736877441,383.82421875
1719,0.11758875846862793,380.70703125
1720,0.13873052597045898,380.453125
1721,0.16846299171447754,383.75390625
1722,0.15246295928955078,383.43359375
1723,0.0730440616607666,380.328125
1724,0.12543296813964844,381.8203125
1725,0.08757209777832031,381.65625
1726,0.15402436256408691,383.03515625
1727,0.09215664863586426,383.234375
1728,0.12422823905944824,381.83203125
1729,0.14780235290527344,382.671875
1730,0.15050697326660156,381.3984375
1731,0.14593052864074707,382.0625
1732,0.1617751121520996,381.41015625
1733,0.19629120826721191,382.890625
1734,0.09160041809082031,382.015625
1735,0.08969330787658691,383.05859375
1736,0.18419790267944336,383.734375
1737,0.11889481544494629,384.328125
1738,0.11798620223999023,382.86328125
1739,0.1348264217376709,384.24609375
1740,0.17077946662902832,384.9921875
1741,0.1444709300994873,383.80859375
1742,0.17277932167053223,385.65625
1743,0.11519718170166016,384.5859375
1744,0.17602086067199707,382.78515625
1745,0.13972902297973633,383.4453125
1746,0.12944626808166504,382.96875
1747,0.15977072715759277,384.5625
1748,0.1301250457763672,384.44140625
1749,0.13686442375183105,384.0390625
1750,0.10752105712890625,385.91015625
1751,0.1142585277557373,383.80859375
1752,0.07698702812194824,383.2578125
1753,0.17165660858154297,384.23828125
1754,0.14354753494262695,385.56640625
1755,0.1469111442565918,385.52734375
1756,0.064849853515625,383.8671875
1757,0.14182233810424805,384.5078125
1758,0.14822888374328613,386.7578125
1759,0.1363992691040039,384.78125
1760,0.1262495517730713,386.4453125
1761,0.15055131912231445,385.7421875
1762,0.14043283462524414,387.5625
1763,0.15118908882141113,386.8984375
1764,0.11223435401916504,388.03515625
1765,0.06320595741271973,385.5703125
1766,0.14580321311950684,389.24609375
1767,0.11707448959350586,386.44921875
1768,0.17841267585754395,387.625
1769,0.13573002815246582,388.60546875
1770,0.16464853286743164,388.0703125
1771,0.13189959526062012,389.22265625
1772,0.11742496490478516,386.36328125
1773,0.11811113357543945,388.546875
1774,0.12911605834960938,386.671875
1775,0.14331626892089844,389.3671875
1776,0.15509915351867676,389.30859375
1777,0.15131640434265137,387.98046875
1778,0.1128392219543457,388.94140625
1779,0.13040447235107422,389.2421875
1780,0.14762282371520996,389.21875
1781,0.15135979652404785,389.484375
1782,0.15990829467773438,389.69140625
1783,0.11275124549865723,388.69921875
1784,0.14921045303344727,389.01171875
1785,0.1413416862487793,388.8125
1786,0.11936426162719727,388.65625
1787,0.1647336483001709,387.328125
1788,0.15597867965698242,390.421875
1789,0.15873050689697266,389.265625
1790,0.13489198684692383,390.0234375
1791,0.1165463924407959,386.60546875
1792,0.1396961212158203,387.23046875
1793,0.10694146156311035,389.5234375
1794,0.14522075653076172,388.6640625
1795,0.15191006660461426,389.57421875
1796,0.13478660583496094,388.19140625
1797,0.1614701747894287,388.05859375
1798,0.13897275924682617,388.2265625
1799,0.13206744194030762,389.00390625
1800,0.1333448886871338,389.5234375
1801,0.1510765552520752,389.64453125
1802,0.11939787864685059,390.75390625
1803,0.09903192520141602,392.77734375
1804,0.1532752513885498,391.10546875
1805,0.14146208763122559,390.265625
1806,0.17330670356750488,392.5390625
1807,0.15124058723449707,393.453125
1808,0.09801006317138672,391.0234375
1809,0.15464377403259277,391.15234375
1810,0.16534662246704102,392.015625
1811,0.10258746147155762,392.0703125
1812,0.13387513160705566,391.7109375
1813,0.13169026374816895,392.59765625
1814,0.15035724639892578,395.13671875
1815,0.11769962310791016,391.46875
1816,0.11792683601379395,391.34375
1817,0.1491107940673828,392.4453125
1818,0.15349602699279785,391.3671875
1819,0.11447834968566895,391.33203125
1820,0.1257929801940918,391.25390625
1821,0.13457179069519043,392.1015625
1822,0.1384570598602295,393.33203125
1823,0.18574810028076172,391.5546875
1824,0.11602234840393066,393.12109375
1825,0.13405919075012207,392.31640625
1826,0.1697554588317871,391.390625
1827,0.1218268871307373,392.19921875
1828,0.13202404975891113,392.4140625
1829,0.12778997421264648,392.48828125
1830,0.1258242130279541,391.5078125
1831,0.1430981159210205,394.74609375
1832,0.13006281852722168,393.109375
1833,0.12894034385681152,392.984375
1834,0.1426103115081787,393.90234375
1835,0.1338977813720703,393.69140625
1836,0.13892602920532227,394.3671875
1837,0.14867019653320312,392.29296875
1838,0.1331789493560791,392.42578125
1839,0.1343083381652832,393.0625
1840,0.14026808738708496,394.109375
1841,0.13841891288757324,392.4375
1842,0.14021635055541992,392.671875
1843,0.20122861862182617,394.0703125
1844,0.12920188903808594,394.015625
1845,0.1330397129058838,393.78515625
1846,0.17394137382507324,395.1640625
1847,0.14038825035095215,395.09375
1848,0.09961485862731934,395.3671875
1849,0.11146116256713867,395.44921875
1850,0.15764355659484863,396.43359375
1851,0.14647459983825684,392.5390625
1852,0.13490724563598633,392.9296875
1853,0.14130449295043945,395.453125
1854,0.09287881851196289,396.54296875
1855,0.12900376319885254,394.5390625
1856,0.13689947128295898,396.7265625
1857,0.07984018325805664,396.83984375
1858,0.130035400390625,396.9765625
1859,0.13649845123291016,395.5625
1860,0.13927364349365234,396.1953125
1861,0.13213610649108887,396.9453125
1862,0.11192178726196289,397.0078125
1863,0.11757540702819824,395.73046875
1864,0.1350691318511963,398.51953125
1865,0.13118219375610352,396.8671875
1866,0.13982319831848145,396.37109375
1867,0.1662311553955078,397.0234375
1868,0.12868762016296387,396.796875
1869,0.130523681640625,395.91796875
1870,0.13182473182678223,397.79296875
1871,0.1229696273803711,398.65234375
1872,0.1326138973236084,400.09765625
1873,0.12850666046142578,399.53125
1874,0.15525436401367188,400.24609375
1875,0.14188599586486816,397.81640625
1876,0.1218256950378418,397.734375
1877,0.13185548782348633,400.3359375
1878,0.1220858097076416,395.20703125
1879,0.14288783073425293,397.96875
1880,0.13571977615356445,398.09375
1881,0.14464855194091797,398.09375
1882,0.1664421558380127,399.703125
1883,0.11999940872192383,400.37109375
1884,0.1016683578491211,398.87890625
1885,0.13343262672424316,401.23828125
1886,0.044687509536743164,400.52734375
1887,0.11743474006652832,399.1015625
1888,0.159379243850708,399.01171875
1889,0.1392228603363037,398.14453125
1890,0.14087605476379395,398.78125
1891,0.1430652141571045,400.9609375
1892,0.12746143341064453,400.9140625
1893,0.12741756439208984,398.91015625
1894,0.14450883865356445,400.30078125
1895,0.15071320533752441,400.37109375
1896,0.13257670402526855,400.56640625
1897,0.15764594078063965,398.6875
1898,0.15314435958862305,400.66796875
1899,0.09217262268066406,399.53125
1900,0.1037895679473877,402.26953125
1901,0.1388404369354248,399.66796875
1902,0.13273906707763672,402.4375
1903,0.16901683807373047,401.15625
1904,0.14534997940063477,400.90625
1905,0.14336180686950684,400.37109375
1906,0.1065378189086914,402.59375
1907,0.149153470993042,402.03515625
1908,0.12745046615600586,399.66796875
1909,0.157745361328125,400.828125
1910,0.12541556358337402,399.80078125
1911,0.12610888481140137,401.015625
1912,0.1300983428955078,401.90625
1913,0.13367366790771484,402.01171875
1914,0.1295778751373291,400.8046875
1915,0.1104116439819336,400.67578125
1916,0.10614299774169922,402.25
1917,0.13141322135925293,400.9453125
1918,0.11353302001953125,403.51171875
1919,0.1335439682006836,405.05859375
1920,0.12019109725952148,402.00390625
1921,0.13277721405029297,401.4375
1922,0.11436653137207031,402.3984375
1923,0.1492328643798828,404.28515625
1924,0.12616658210754395,404.171875
1925,0.10175013542175293,404.265625
1926,0.11114048957824707,405.0
1927,0.13825154304504395,406.64453125
1928,0.1336677074432373,405.18359375
1929,0.11731481552124023,403.2890625
1930,0.14962553977966309,403.33984375
1931,0.13412094116210938,402.97265625
1932,0.1323397159576416,402.984375
1933,0.1331326961517334,403.8671875
1934,0.18769550323486328,405.7265625
1935,0.12036275863647461,403.19921875
1936,0.11678886413574219,403.921875
1937,0.14123988151550293,404.015625
1938,0.14559721946716309,403.9765625
1939,0.13023591041564941,403.046875
1940,0.10422420501708984,404.16796875
1941,0.15709829330444336,402.8359375
1942,0.12149524688720703,405.20703125
1943,0.12884902954101562,404.703125
1944,0.1216883659362793,403.75
1945,0.13543415069580078,403.53515625
1946,0.14282011985778809,403.265625
1947,0.10700035095214844,403.734375
1948,0.11290097236633301,405.69140625
1949,0.13199186325073242,405.6953125
1950,0.14705967903137207,405.703125
1951,0.10123801231384277,406.18359375
1952,0.11002993583679199,405.7578125
1953,0.12964296340942383,406.265625
1954,0.10529613494873047,404.8203125
1955,0.1146998405456543,404.5703125
1956,0.11098408699035645,404.71484375
1957,0.1869661808013916,407.20703125
1958,0.2059645652770996,406.00390625
1959,0.1116032600402832,406.3359375
1960,0.07560229301452637,406.421875
1961,0.0894765853881836,406.91796875
1962,0.1332874298095703,405.7578125
1963,0.11645722389221191,406.9296875
1964,0.16651535034179688,405.94140625
1965,0.13346314430236816,406.4296875
1966,0.1194753646850586,409.12890625
1967,0.14475631713867188,407.84375
1968,0.10152196884155273,408.1484375
1969,0.13224577903747559,407.12109375
1970,0.09916424751281738,408.8515625
1971,0.10974311828613281,409.4765625
1972,0.18277955055236816,406.13671875
1973,0.10760641098022461,408.484375
1974,0.13387513160705566,406.203125
1975,0.12862896919250488,406.9609375
1976,0.18695569038391113,407.11328125
1977,0.16248583793640137,407.5
1978,0.13741588592529297,407.7109375
1979,0.1465599536895752,406.58984375
1980,0.12147903442382812,407.390625
1981,0.15588974952697754,407.66015625
1982,0.16461682319641113,407.765625
1983,0.13605022430419922,408.953125
1984,0.16634202003479004,408.80859375
1985,0.11432051658630371,410.05859375
1986,0.14484381675720215,409.4921875
1987,0.1742546558380127,412.61328125
1988,0.13362479209899902,410.69140625
1989,0.14192795753479004,411.10546875
1990,0.1063077449798584,408.796875
1991,0.13672375679016113,406.50390625
1992,0.13724708557128906,410.09765625
1993,0.12723374366760254,409.5546875
1994,0.12251734733581543,409.5546875
1995,0.1200108528137207,408.7734375
1996,0.13750934600830078,408.3828125
1997,0.10651516914367676,409.83984375
1998,0.1488494873046875,410.0703125
1999,0.1346752643585205,410.78125
2000,0.14487934112548828,408.4453125
2001,0.15284109115600586,410.9765625
2002,0.12496805191040039,412.3125
2003,0.16953444480895996,410.46875
2004,0.11281991004943848,413.1796875
2005,0.1175069808959961,410.28125
2006,0.12925314903259277,409.95703125
2007,0.12702441215515137,411.80859375
2008,0.12870049476623535,411.4375
2009,0.1561887264251709,410.796875
2010,0.1667797565460205,410.08984375
2011,0.1735541820526123,413.0546875
2012,0.18430662155151367,411.60546875
2013,0.17742133140563965,410.3125
2014,0.0958702564239502,409.16796875
2015,0.1502056121826172,410.01953125
2016,0.09729123115539551,409.5625
2017,0.1352405548095703,410.84765625
2018,0.18468523025512695,410.4765625
2019,0.1416330337524414,412.7734375
2020,0.17627549171447754,411.24609375
2021,0.15496301651000977,414.3828125
2022,0.1536717414855957,413.26953125
2023,0.162276029586792,413.14453125
2024,0.16451215744018555,414.24609375
2025,0.15042996406555176,413.15625
2026,0.15841007232666016,409.78515625
2027,0.12410235404968262,413.89453125
2028,0.14727139472961426,412.8359375
2029,0.1532292366027832,413.1328125
2030,0.07246756553649902,412.73828125
2031,0.15459299087524414,413.4296875
2032,0.1468524932861328,412.9609375
2033,0.12931013107299805,414.57421875
2034,0.14659667015075684,415.515625
2035,0.15487098693847656,414.1171875
2036,0.1051642894744873,411.89453125
2037,0.19646739959716797,413.5
2038,0.12008261680603027,415.8515625
2039,0.1781151294708252,413.6953125
2040,0.13196587562561035,415.55859375
2041,0.13212847709655762,414.515625
2042,0.15401721000671387,414.8515625
2043,0.14581847190856934,416.50390625
2044,0.13841724395751953,416.953125
2045,0.12075519561767578,417.01171875
2046,0.15213632583618164,416.796875
2047,0.1343708038330078,415.1875
2048,0.13914871215820312,416.9609375
2049,0.17919182777404785,416.42578125
2050,0.17700648307800293,416.875
2051,0.14679932594299316,416.5625
2052,0.12291955947875977,417.34765625
2053,0.14429593086242676,418.61328125
2054,0.09509682655334473,418.36328125
2055,0.12314105033874512,417.02734375
2056,0.1313793659210205,416.81640625
2057,0.13359975814819336,416.0
2058,0.13914227485656738,417.94921875
2059,0.0888671875,416.72265625
2060,0.12885570526123047,419.9140625
2061,0.1258373260498047,416.921875
2062,0.13483500480651855,416.67578125
2063,0.1667494773864746,418.4375
2064,0.1604766845703125,418.30859375
2065,0.12229490280151367,418.4765625
2066,0.1859121322631836,416.78125
2067,0.11506390571594238,419.80078125
2068,0.14853477478027344,418.67578125
2069,0.15040111541748047,419.15625
2070,0.07681870460510254,418.296875
2071,0.1583545207977295,419.01171875
2072,0.11699509620666504,419.859375
2073,0.11709904670715332,420.265625
2074,0.16559886932373047,418.7578125
2075,0.08859014511108398,419.6640625
2076,0.14557290077209473,419.8359375
2077,0.16864228248596191,416.203125
2078,0.13248252868652344,419.91015625
2079,0.11279582977294922,418.859375
2080,0.12292265892028809,419.5234375
2081,0.17631745338439941,419.9375
2082,0.12406301498413086,421.91796875
2083,0.13254141807556152,419.734375
2084,0.09803175926208496,422.4296875
2085,0.13691067695617676,421.73046875
2086,0.12836813926696777,421.24609375
2087,0.10634756088256836,421.796875
2088,0.13563919067382812,424.7265625
2089,0.12312579154968262,422.91015625
2090,0.12250566482543945,422.81640625
2091,0.17245960235595703,423.046875
2092,0.12334752082824707,422.921875
2093,0.14313030242919922,425.30078125
2094,0.15959906578063965,421.71875
2095,0.16130614280700684,421.73828125
2096,0.15932559967041016,421.859375
2097,0.11929774284362793,419.87890625
2098,0.11963343620300293,421.46875
2099,0.11291217803955078,421.15234375
2100,0.12059187889099121,419.9921875
2101,0.1472616195678711,420.7890625
2102,0.1327049732208252,419.14453125
2103,0.07284998893737793,420.66015625
2104,0.1114509105682373,421.796875
2105,0.13705039024353027,421.359375
2106,0.16043972969055176,422.1171875
2107,0.14490151405334473,421.25
2108,0.14905881881713867,421.55078125
2109,0.1409459114074707,421.671875
2110,0.1363215446472168,422.35546875
2111,0.1516432762145996,424.78125
2112,0.07180404663085938,422.59375
2113,0.1145944595336914,423.4765625
2114,0.11742782592773438,422.83203125
2115,0.11983394622802734,421.12109375
2116,0.08023190498352051,422.00390625
2117,0.1343066692352295,422.91796875
2118,0.17865872383117676,421.90234375
2119,0.14907145500183105,423.75
2120,0.1353914737701416,422.18359375
2121,0.11628532409667969,422.26171875
2122,0.1631457805633545,422.921875
2123,0.1330857276916504,427.13671875
2124,0.1439652442932129,423.98828125
2125,0.1441667079925537,422.07421875
2126,0.15762948989868164,425.78515625
2127,0.1374833583831787,426.0546875
2128,0.13306164741516113,425.37890625
2129,0.11144757270812988,424.66015625
2130,0.1177818775177002,425.03515625
2131,0.14652514457702637,424.6875
2132,0.09734201431274414,426.38671875
2133,0.11829495429992676,426.5703125
2134,0.15188145637512207,428.90234375
2135,0.14890718460083008,423.73828125
2136,0.14693284034729004,426.84765625
2137,0.15224719047546387,426.57421875
2138,0.068572998046875,426.45703125
2139,0.1903388500213623,427.65234375
2140,0.07082128524780273,426.61328125
2141,0.11038947105407715,428.0390625
2142,0.13895368576049805,427.421875
2143,0.14036822319030762,426.8359375
2144,0.12163066864013672,427.40625
2145,0.11015152931213379,426.93359375
2146,0.13646674156188965,429.87109375
2147,0.14728331565856934,427.921875
2148,0.16032123565673828,427.51171875
2149,0.12641429901123047,431.109375
2150,0.14602947235107422,427.5390625
2151,0.07159543037414551,427.703125
2152,0.06585574150085449,427.95703125
2153,0.1730349063873291,427.91796875
2154,0.13386797904968262,427.28515625
2155,0.17657971382141113,428.41796875
2156,0.13708853721618652,428.3828125
2157,0.0989837646484375,428.45703125
2158,0.14048528671264648,429.40625
2159,0.2070930004119873,429.34765625
2160,0.0920259952545166,429.06640625
2161,0.15644598007202148,428.8671875
2162,0.13661527633666992,430.484375
2163,0.07457256317138672,429.5390625
2164,0.12795186042785645,431.9609375
2165,0.13637256622314453,431.51953125
2166,0.1428511142730713,430.7578125
2167,0.16636300086975098,430.44140625
2168,0.12263894081115723,432.4296875
2169,0.11162924766540527,430.51953125
2170,0.13562417030334473,432.140625
2171,0.1541123390197754,431.21875
2172,0.18040251731872559,431.48828125
2173,0.15685057640075684,435.7265625
2174,0.16046929359436035,431.4140625
2175,0.11829257011413574,432.34375
2176,0.08377647399902344,431.38671875
2177,0.1263279914855957,432.7734375
2178,0.12580609321594238,432.359375
2179,0.11262893676757812,432.78515625
2180,0.1186983585357666,432.55078125
2181,0.14282441139221191,433.10546875
2182,0.15270566940307617,434.67578125
2183,0.13307571411132812,432.8671875
2184,0.1462726593017578,434.09375
2185,0.16826963424682617,430.8359375
2186,0.15407562255859375,433.34375
2187,0.13519859313964844,434.5078125
2188,0.1303715705871582,435.546875
2189,0.13787031173706055,433.26953125
2190,0.11778831481933594,433.02734375
2191,0.15614891052246094,433.90625
2192,0.13198447227478027,432.62890625
2193,0.1224372386932373,433.36328125
2194,0.16224360466003418,432.64453125
2195,0.15134644508361816,434.54296875
2196,0.13786697387695312,434.984375
2197,0.12597274780273438,434.671875
2198,0.1331179141998291,433.1015625
2199,0.13781428337097168,435.11328125
2200,0.14328837394714355,433.07421875
2201,0.1564643383026123,435.11328125
2202,0.15380358695983887,436.27734375
2203,0.18584895133972168,435.29296875
2204,0.10568833351135254,435.91015625
2205,0.15325188636779785,435.5703125
2206,0.1807112693786621,435.5859375
2207,0.15016508102416992,435.12890625
2208,0.13496708869934082,436.390625
2209,0.1351480484008789,435.55859375
2210,0.06517744064331055,435.84375
2211,0.10246610641479492,437.921875
2212,0.1193857192993164,435.48046875
2213,0.12003779411315918,438.69921875
2214,0.1472475528717041,436.64453125
2215,0.10605931282043457,435.3671875
2216,0.14285039901733398,436.03125
2217,0.1508316993713379,437.4375
2218,0.08563590049743652,436.2421875
2219,0.10603475570678711,438.5390625
2220,0.16187453269958496,439.234375
2221,0.143599271774292,438.80859375
2222,0.14666438102722168,439.88671875
2223,0.19832444190979004,437.9765625
2224,0.11679649353027344,437.62109375
2225,0.1446671485900879,439.3515625
2226,0.11813569068908691,438.59765625
2227,0.13841605186462402,438.921875
2228,0.10411548614501953,437.25
2229,0.13731694221496582,438.36328125
2230,0.13280344009399414,439.30859375
2231,0.12619900703430176,437.7578125
2232,0.11029195785522461,437.30859375
2233,0.14605236053466797,436.8671875
2234,0.14402294158935547,437.0
2235,0.09090209007263184,439.48046875
2236,0.05313611030578613,439.94921875
2237,0.11987185478210449,439.73828125
2238,0.1420888900756836,439.28125
2239,0.10417890548706055,438.07421875
2240,0.12713956832885742,439.07421875
2241,0.0925290584564209,439.42578125
2242,0.13214325904846191,439.328125
2243,0.11534452438354492,438.43359375
2244,0.1620194911956787,442.1640625
2245,0.1649625301361084,439.6640625
2246,0.1676168441772461,440.515625
2247,0.13329005241394043,439.79296875
2248,0.1412193775177002,440.96484375
2249,0.12026262283325195,441.88671875
2250,0.15734553337097168,441.49609375
2251,0.133317232131958,441.83984375
2252,0.15637755393981934,445.5
2253,0.14257216453552246,441.8125
2254,0.14697742462158203,440.7734375
2255,0.10860323905944824,440.953125
2256,0.11626362800598145,442.796875
2257,0.0968019962310791,442.65625
2258,0.13567066192626953,441.40625
2259,0.152435302734375,443.30078125
2260,0.1362452507019043,445.12890625
2261,0.16576242446899414,442.80859375
2262,0.1316533088684082,442.1328125
2263,0.10277700424194336,443.296875
2264,0.12691760063171387,443.6640625
2265,0.13058066368103027,444.07421875
2266,0.12896347045898438,444.00390625
2267,0.12269353866577148,442.87890625
2268,0.13932347297668457,443.0390625
2269,0.1649003028869629,443.65234375
2270,0.12235093116760254,443.94921875
2271,0.16062498092651367,442.66796875
2272,0.13841867446899414,442.53125
2273,0.13318300247192383,442.66796875
2274,0.12534427642822266,444.44140625
2275,0.0954596996307373,443.92578125
2276,0.15091657638549805,445.75390625
2277,0.12883973121643066,445.16015625
2278,0.12159943580627441,443.796875
2279,0.1758711338043213,443.32421875
2280,0.12570810317993164,443.6875
2281,0.1147003173828125,443.81640625
2282,0.06142449378967285,443.59375
2283,0.1443803310394287,444.48046875
2284,0.09577512741088867,443.890625
2285,0.13289642333984375,444.52734375
2286,0.15548014640808105,443.73828125
2287,0.12528228759765625,444.01953125
2288,0.1228325366973877,443.12109375
2289,0.13265109062194824,444.62109375
2290,0.1063699722290039,443.8515625
2291,0.13119173049926758,446.18359375
2292,0.08582615852355957,445.71875
2293,0.16654634475708008,446.58984375
2294,0.1464695930480957,444.4453125
2295,0.15041804313659668,446.0546875
2296,0.07059264183044434,444.8515625
2297,0.11992692947387695,446.98046875
2298,0.13400530815124512,446.98828125
2299,0.1676771640777588,445.36328125
2300,0.11470580101013184,449.12109375
2301,0.16447806358337402,449.96484375
2302,0.15371298789978027,447.15625
2303,0.1379070281982422,448.48828125
2304,0.10996508598327637,448.4453125
2305,0.13738536834716797,447.984375
2306,0.11856770515441895,448.87109375
2307,0.07377362251281738,449.4375
2308,0.17153096199035645,448.32421875
2309,0.15214180946350098,446.25
2310,0.15485048294067383,447.4453125
2311,0.13171029090881348,448.38671875
2312,0.12860703468322754,448.890625
2313,0.07072758674621582,449.25
2314,0.12785911560058594,450.9375
2315,0.12159347534179688,448.4765625
2316,0.15598821640014648,450.14453125
2317,0.13643550872802734,451.41015625
2318,0.12597274780273438,450.69921875
2319,0.11623501777648926,451.68359375
2320,0.12981677055358887,449.1875
2321,0.15430068969726562,451.3203125
2322,0.06632328033447266,449.98046875
2323,0.13052868843078613,449.875
2324,0.11572718620300293,450.28125
2325,0.15174484252929688,451.5859375
2326,0.11434030532836914,452.20703125
2327,0.14338278770446777,452.30078125
2328,0.1597764492034912,452.32421875
2329,0.16615939140319824,452.24609375
2330,0.13693785667419434,452.2734375
2331,0.09654998779296875,450.36328125
2332,0.11569976806640625,450.79296875
2333,0.14948511123657227,451.70703125
2334,0.12749552726745605,453.15625
2335,0.12144780158996582,452.1015625
2336,0.1411454677581787,454.796875
2337,0.10304594039916992,451.47265625
2338,0.10809874534606934,451.96484375
2339,0.12918448448181152,451.8515625
2340,0.12622404098510742,454.48828125
2341,0.16287994384765625,451.078125
2342,0.06829547882080078,451.9140625
2343,0.14551544189453125,451.28515625
2344,0.1311187744140625,451.578125
2345,0.13449740409851074,451.79296875
2346,0.10937762260437012,451.8671875
2347,0.1855762004852295,452.140625
2348,0.14685630798339844,455.5
2349,0.14092683792114258,452.12109375
2350,0.14285802841186523,453.41796875
2351,0.12230873107910156,453.18359375
2352,0.12905383110046387,454.09375
2353,0.14274024963378906,455.75
2354,0.13736557960510254,455.6484375
2355,0.1600334644317627,455.13671875
2356,0.10978007316589355,454.6953125
2357,0.14712762832641602,454.90625
2358,0.10836076736450195,455.70703125
2359,0.11730051040649414,455.83984375
2360,0.13130760192871094,455.05859375
2361,0.09986352920532227,455.98046875
2362,0.10317850112915039,455.97265625
2363,0.13902735710144043,456.09765625
2364,0.16607308387756348,458.06640625
2365,0.1322321891784668,455.72265625
2366,0.10734009742736816,455.15625
2367,0.14117121696472168,457.47265625
2368,0.12759757041931152,456.953125
2369,0.1346578598022461,456.84765625
2370,0.17027568817138672,456.65234375
2371,0.1394481658935547,459.5859375
2372,0.12703776359558105,457.06640625
2373,0.13270092010498047,457.5859375
2374,0.12176394462585449,456.4375
2375,0.11440706253051758,457.12109375
2376,0.13351678848266602,457.74609375
2377,0.08620214462280273,457.9453125
2378,0.1105337142944336,457.046875
2379,0.11722064018249512,456.60546875
2380,0.13291573524475098,457.64453125
2381,0.15344810485839844,458.8046875
2382,0.1192331314086914,458.1484375
2383,0.12402629852294922,457.859375
2384,0.13358688354492188,457.28515625
2385,0.08648037910461426,458.10546875
2386,0.08340311050415039,457.72265625
2387,0.15912127494812012,458.5625
2388,0.14702129364013672,459.08203125
2389,0.13236618041992188,459.20703125
2390,0.10195088386535645,458.56640625
2391,0.13519620895385742,459.84375
2392,0.13017892837524414,458.91015625
2393,0.17539286613464355,462.46484375
2394,0.1316852569580078,458.515625
2395,0.132279634475708,461.88671875
2396,0.1284639835357666,460.68359375
2397,0.10971212387084961,459.91015625
2398,0.16884422302246094,457.86328125
2399,0.15187287330627441,459.09375
2400,0.164900541305542,459.82421875
2401,0.1227884292602539,458.8828125
2402,0.17910289764404297,458.6328125
2403,0.16263198852539062,461.52734375
2404,0.1538989543914795,460.83203125
2405,0.17932748794555664,460.5703125
2406,0.11105775833129883,460.09375
2407,0.13933277130126953,460.98046875
2408,0.13317108154296875,458.5703125
2409,0.1528325080871582,459.57421875
2410,0.14444923400878906,461.07421875
2411,0.11799335479736328,461.234375
2412,0.13704419136047363,462.25
2413,0.1245269775390625,462.41015625
2414,0.09220647811889648,463.43359375
2415,0.1557598114013672,462.8671875
2416,0.12333798408508301,462.6015625
2417,0.09078502655029297,464.54296875
2418,0.11833477020263672,463.078125
2419,0.11706686019897461,463.765625
2420,0.13974380493164062,463.86328125
2421,0.06229209899902344,462.80078125
2422,0.18882989883422852,464.30859375
2423,0.13621258735656738,462.9375
2424,0.1366288661956787,463.0390625
2425,0.13560199737548828,464.34765625
2426,0.15225529670715332,462.65625
2427,0.11795830726623535,464.859375
2428,0.15421605110168457,464.84765625
2429,0.12964510917663574,464.90234375
2430,0.14722275733947754,465.88671875
2431,0.1425938606262207,463.46875
2432,0.1384902000427246,466.2109375
2433,0.1613450050354004,463.90625
2434,0.1236412525177002,463.7734375
2435,0.18404054641723633,464.5234375
2436,0.13503813743591309,464.46484375
2437,0.12701725959777832,465.38671875
2438,0.18120098114013672,463.72265625
2439,0.1460564136505127,464.2578125
2440,0.14799284934997559,466.9296875
2441,0.12371301651000977,466.17578125
2442,0.12099003791809082,464.98046875
2443,0.13355469703674316,465.625
2444,0.13515877723693848,465.8515625
2445,0.14775609970092773,464.68359375
2446,0.09929108619689941,464.7734375
2447,0.1423325538635254,465.8359375
2448,0.09352397918701172,465.44921875
2449,0.1578536033630371,465.90625
2450,0.1153571605682373,465.1484375
2451,0.1371622085571289,464.2890625
2452,0.1308145523071289,464.375
2453,0.12433314323425293,464.078125
2454,0.14099407196044922,466.4453125
2455,0.1515333652496338,465.29296875
2456,0.16490650177001953,465.5
2457,0.11960673332214355,462.421875
2458,0.1331324577331543,466.96484375
2459,0.14102506637573242,464.1015625
2460,0.13404631614685059,466.69140625
2461,0.11224079132080078,467.39453125
2462,0.1257634162902832,466.296875
2463,0.1430835723876953,466.57421875
2464,0.1436619758605957,467.45703125
2465,0.1202089786529541,468.046875
2466,0.1393284797668457,470.20703125
2467,0.1323528289794922,467.66796875
2468,0.12874293327331543,465.3046875
2469,0.14972209930419922,467.26953125
2470,0.1481494903564453,465.5390625
2471,0.13592219352722168,465.796875
2472,0.14224815368652344,465.3515625
2473,0.12155032157897949,467.33984375
2474,0.11369872093200684,466.07421875
2475,0.11222052574157715,465.9140625
2476,0.13370347023010254,467.19140625
2477,0.18578815460205078,466.22265625
2478,0.12345123291015625,465.40625
2479,0.13489866256713867,466.60546875
2480,0.11590242385864258,468.8515625
2481,0.13828468322753906,466.87890625
2482,0.12393379211425781,466.11328125
2483,0.12239480018615723,468.6171875
2484,0.13730907440185547,467.46484375
2485,0.08508872985839844,468.55859375
2486,0.13537812232971191,469.99609375
2487,0.14478087425231934,468.3515625
2488,0.1314396858215332,467.703125
2489,0.10274577140808105,470.3359375
2490,0.15086126327514648,469.86328125
2491,0.12518906593322754,468.70703125
2492,0.12717795372009277,469.88671875
2493,0.1248469352722168,470.76953125
2494,0.13269996643066406,468.34765625
2495,0.12395024299621582,470.04296875
2496,0.15009474754333496,469.5234375
2497,0.14251470565795898,469.28125
2498,0.11075472831726074,469.9375
2499,0.12131977081298828,469.76953125
2500,0.12743139266967773,470.14453125
2501,0.08047676086425781,469.44140625
2502,0.12951445579528809,469.984375
2503,0.13348627090454102,470.046875
2504,0.14831924438476562,471.42578125
2505,0.1184537410736084,471.16796875
2506,0.13022637367248535,469.37890625
2507,0.2104201316833496,470.87109375
2508,0.14220738410949707,471.9296875
2509,0.09524941444396973,470.80078125
2510,0.13055658340454102,471.90234375
2511,0.14914202690124512,471.46484375
2512,0.12109565734863281,471.30859375
2513,0.10436725616455078,470.9609375
2514,0.053473711013793945,470.9765625
2515,0.1322934627532959,470.99609375
2516,0.17690539360046387,473.734375
2517,0.1327683925628662,471.328125
2518,0.13530802726745605,471.69140625
2519,0.15291833877563477,472.71875
2520,0.13831067085266113,470.97265625
2521,0.13645410537719727,471.359375
2522,0.16041135787963867,471.7734375
2523,0.12191057205200195,471.734375
2524,0.1400156021118164,469.515625
2525,0.12457561492919922,472.7421875
2526,0.13198637962341309,471.7578125
2527,0.12359499931335449,473.57421875
2528,0.1099090576171875,471.453125
2529,0.1737198829650879,472.94921875
2530,0.14142513275146484,472.1640625
2531,0.13923001289367676,472.0859375
2532,0.1567833423614502,471.74609375
2533,0.16426515579223633,472.9609375
2534,0.14879417419433594,474.3515625
2535,0.1848764419555664,476.08984375
2536,0.13343453407287598,473.30078125
2537,0.1158761978149414,473.91015625
2538,0.15114760398864746,475.65234375
2539,0.15618252754211426,476.6015625
2540,0.13461875915527344,475.1640625
2541,0.10610342025756836,476.09765625
2542,0.09501838684082031,475.51953125
2543,0.1288309097290039,475.06640625
2544,0.15102815628051758,475.6328125
2545,0.15848469734191895,474.50390625
2546,0.13745474815368652,476.3046875
2547,0.15026140213012695,475.25390625
2548,0.11790275573730469,476.3671875
2549,0.08289265632629395,476.25390625
2550,0.12933826446533203,476.109375
2551,0.1550769805908203,475.73046875
2552,0.18591928482055664,478.30859375
2553,0.26130247116088867,479.234375
2554,0.36837244033813477,477.67578125
2555,0.19509601593017578,477.13671875
2556,0.16421127319335938,477.9296875
2557,0.15006685256958008,478.52734375
2558,0.15649628639221191,479.25390625
2559,0.12708258628845215,478.6328125
2560,0.15917253494262695,479.80859375
2561,0.172560453414917,476.0546875
2562,0.1389009952545166,478.61328125
2563,0.14399003982543945,478.1328125
2564,0.14452815055847168,481.29296875
2565,0.11492061614990234,479.9921875
2566,0.1586301326751709,478.34375
2567,0.18073654174804688,479.546875
2568,0.08635473251342773,479.14453125
2569,0.11855769157409668,479.296875
2570,0.12706589698791504,481.49609375
2571,0.12810969352722168,481.38671875
2572,0.1060328483581543,480.671875
2573,0.1374349594116211,480.3671875
2574,0.1687159538269043,479.6171875
2575,0.10059809684753418,480.0390625
2576,0.12482142448425293,479.9296875
2577,0.08861327171325684,481.59375
2578,0.13110852241516113,482.5703125
2579,0.13161373138427734,480.6875
2580,0.11952567100524902,479.8828125
2581,0.12951898574829102,482.1171875
2582,0.13528013229370117,480.57421875
2583,0.1696774959564209,482.02734375
2584,0.14876222610473633,483.73828125
2585,0.1500101089477539,480.62109375
2586,0.13161897659301758,480.71484375
2587,0.10974955558776855,480.81640625
2588,0.140380859375,480.68359375
2589,0.14331865310668945,482.44921875
2590,0.16548800468444824,481.171875
2591,0.1351451873779297,481.62109375
2592,0.10866737365722656,481.58984375
2593,0.11776494979858398,482.19140625
2594,0.15805816650390625,483.21484375
2595,0.13555693626403809,482.84375
2596,0.12822961807250977,485.86328125
2597,0.1533055305480957,485.9765625
2598,0.10236859321594238,483.48046875
2599,0.12518739700317383,485.03125
2600,0.12581634521484375,484.04296875
2601,0.13692021369934082,483.375
2602,0.16258621215820312,484.10546875
2603,0.11228632926940918,485.21484375
2604,0.1441650390625,482.57421875
2605,0.16137385368347168,482.51171875
2606,0.1719369888305664,484.1171875
2607,0.13778924942016602,483.51171875
2608,0.15088868141174316,486.25390625
2609,0.1263716220855713,486.20703125
2610,0.13297057151794434,484.71875
2611,0.11060905456542969,484.96484375
2612,0.14659333229064941,483.703125
2613,0.15552496910095215,484.76171875
2614,0.13826656341552734,484.24609375
2615,0.12948155403137207,484.1796875
2616,0.1353292465209961,484.14453125
2617,0.1230630874633789,486.46484375
2618,0.13341689109802246,486.75
2619,0.1366894245147705,485.11328125
2620,0.1460864543914795,484.234375
2621,0.07857441902160645,485.25
2622,0.1054067611694336,485.35546875
2623,0.15807890892028809,484.62109375
2624,0.12425780296325684,485.921875
2625,0.1476905345916748,485.90625
2626,0.0936586856842041,486.34765625
2627,0.11903047561645508,485.58984375
2628,0.1435999870300293,485.3671875
2629,0.10919761657714844,485.875
2630,0.10806608200073242,487.44140625
2631,0.16834449768066406,486.078125
2632,0.13419175148010254,486.21484375
2633,0.13166284561157227,487.37109375
2634,0.13682913780212402,486.265625
2635,0.08530068397521973,488.8984375
2636,0.14198970794677734,486.8984375
2637,0.14938950538635254,488.48828125
2638,0.11485004425048828,486.7734375
2639,0.13800668716430664,489.08984375
2640,0.12878012657165527,487.48828125
2641,0.14038610458374023,487.9375
2642,0.12336206436157227,488.57421875
2643,0.128157377243042,488.09375
2644,0.14211368560791016,488.63671875
2645,0.12506628036499023,487.9375
2646,0.1333005428314209,488.12109375
2647,0.3222372531890869,489.21875
2648,0.2705802917480469,487.1953125
2649,0.2128145694732666,487.8046875
2650,0.15551304817199707,488.3828125
2651,0.16076302528381348,489.40234375
2652,0.1543869972229004,487.40625
2653,0.14328742027282715,488.80859375
2654,0.19296669960021973,487.28515625
2655,0.17189407348632812,487.58203125
2656,0.21367645263671875,489.33203125
2657,0.15709471702575684,488.6953125
2658,0.18942832946777344,491.58984375
2659,0.156813383102417,492.99609375
2660,0.24837112426757812,489.06640625
2661,0.2775418758392334,489.18359375
2662,0.19171738624572754,488.40625
2663,0.20240473747253418,488.9609375
2664,0.2626826763153076,489.6484375
2665,0.16003108024597168,489.9453125
2666,0.15474772453308105,490.00390625
2667,0.17348361015319824,490.36328125
2668,0.17497873306274414,490.3828125
2669,0.14168787002563477,490.5859375
2670,0.15661358833312988,490.9609375
2671,0.1440420150756836,488.96484375
2672,0.08537125587463379,490.33984375
2673,0.11644721031188965,491.4375
2674,0.2182931900024414,492.359375
2675,0.10468840599060059,491.1953125
2676,0.1717526912689209,492.0078125
2677,0.1607985496520996,493.203125
2678,0.16065359115600586,492.03125
2679,0.1379530429840088,493.51953125
2680,0.13624167442321777,491.6875
2681,0.2085742950439453,492.38671875
2682,0.2314159870147705,493.65234375
2683,0.15495610237121582,493.40234375
2684,0.1016237735748291,493.61328125
2685,0.1231832504272461,492.75390625
2686,0.14971446990966797,495.1953125
2687,0.13969111442565918,495.11328125
2688,0.06397438049316406,494.35546875
2689,0.11502194404602051,492.02734375
2690,0.12575984001159668,492.80078125
2691,0.1349024772644043,494.05859375
2692,0.16520047187805176,495.04296875
2693,0.13450360298156738,493.375
2694,0.15697717666625977,492.59765625
2695,0.1158437728881836,494.859375
2696,0.10515761375427246,494.640625
2697,0.1475989818572998,493.11328125
2698,0.12430572509765625,493.69921875
2699,0.13292741775512695,493.89453125
2700,0.13825678825378418,493.27734375
2701,0.1295943260192871,492.78125
2702,0.0750422477722168,491.64453125
2703,0.10512161254882812,494.36328125
2704,0.1287388801574707,495.25390625
2705,0.11547470092773438,494.6953125
2706,0.12569832801818848,495.80078125
2707,0.13439464569091797,493.78515625
2708,0.1453547477722168,496.3203125
2709,0.10452008247375488,496.23828125
2710,0.14427709579467773,497.12890625
2711,0.14637351036071777,495.8984375
2712,0.12567901611328125,497.21875
2713,0.13841938972473145,496.51171875
2714,0.135911226272583,494.03125
2715,0.14013338088989258,495.46484375
2716,0.15496826171875,495.12890625
2717,0.11381673812866211,495.296875
2718,0.1116647720336914,494.9296875
2719,0.09366846084594727,497.9921875
2720,0.10326981544494629,495.73046875
2721,0.1454312801361084,495.9296875
2722,0.15183043479919434,496.0078125
2723,0.13331055641174316,496.68359375
2724,0.1045539379119873,494.78515625
2725,0.14903497695922852,497.07421875
2726,0.13629746437072754,495.5
2727,0.1197507381439209,494.77734375
2728,0.1449575424194336,495.15625
2729,0.12949919700622559,496.05859375
2730,0.0873575210571289,496.70703125
2731,0.12415647506713867,496.92578125
2732,0.13966846466064453,496.75
2733,0.16194462776184082,497.33203125
2734,0.08550810813903809,499.27734375
2735,0.1272106170654297,496.90234375
2736,0.12477231025695801,497.19140625
2737,0.09096455574035645,496.359375
2738,0.11707496643066406,497.65625
2739,0.13976287841796875,495.4609375
2740,0.15314245223999023,497.80078125
2741,0.17690277099609375,498.73828125
2742,0.14674162864685059,498.2578125
2743,0.08642983436584473,497.0078125
2744,0.13940119743347168,497.06640625
2745,0.157273530960083,496.8515625
2746,0.17894220352172852,499.90234375
2747,0.1230931282043457,497.93359375
2748,0.1727910041809082,497.86328125
2749,0.1347668170928955,498.7421875
2750,0.12690472602844238,499.15234375
2751,0.1591651439666748,499.78125
2752,0.0834650993347168,499.2734375
2753,0.14971494674682617,500.375
2754,0.13915634155273438,501.078125
2755,0.12162375450134277,499.7890625
2756,0.11776208877563477,499.95703125
2757,0.1831681728363037,498.80859375
2758,0.0888373851776123,499.64453125
2759,0.13976621627807617,497.99609375
2760,0.12087345123291016,500.84765625
2761,0.11154508590698242,499.37109375
2762,0.12627506256103516,500.7421875
2763,0.10143518447875977,501.36328125
2764,0.06544017791748047,500.0078125
2765,0.1302335262298584,501.87109375
2766,0.1342470645904541,502.421875
2767,0.12744498252868652,503.32421875
2768,0.11527514457702637,503.28125
2769,0.11906933784484863,502.88671875
2770,0.045598506927490234,502.0390625
2771,0.0921180248260498,504.33984375
2772,0.09993886947631836,502.3671875
2773,0.17376255989074707,503.8828125
2774,0.13814306259155273,505.1875
2775,0.13357925415039062,503.41796875
2776,0.10465264320373535,503.7890625
2777,0.09869766235351562,504.18359375
2778,0.12213015556335449,505.57421875
2779,0.14246106147766113,505.17578125
2780,0.17940735816955566,503.43359375
2781,0.1671905517578125,502.640625
2782,0.13688874244689941,505.046875
2783,0.12922048568725586,503.46875
2784,0.14555883407592773,503.71484375
2785,0.14571237564086914,503.90625
2786,0.09955978393554688,504.20703125
2787,0.11884260177612305,504.16015625
2788,0.08969306945800781,504.19921875
2789,0.12580251693725586,503.3515625
2790,0.14328908920288086,504.26171875
2791,0.11392855644226074,504.71484375
2792,0.12972593307495117,504.27734375
2793,0.09283137321472168,503.6484375
2794,0.14260292053222656,503.63671875
2795,0.13350653648376465,503.6015625
2796,0.12334752082824707,503.66015625
2797,0.16882705688476562,503.609375
2798,0.14298272132873535,505.20703125
2799,0.13156628608703613,503.375
2800,0.1301250457763672,502.609375
2801,0.13694357872009277,504.06640625
2802,0.1393880844116211,503.02734375
2803,0.1134345531463623,503.20703125
2804,0.13001608848571777,504.984375
2805,0.12711858749389648,504.91015625
2806,0.13695979118347168,504.37109375
2807,0.10724067687988281,503.20703125
2808,0.14065885543823242,505.4921875
2809,0.11436176300048828,505.96484375
2810,0.17618560791015625,504.86328125
2811,0.18706154823303223,507.05078125
2812,0.15198612213134766,506.22265625
2813,0.17710161209106445,508.1875
2814,0.12800049781799316,506.703125
2815,0.1672990322113037,508.03125
2816,0.14325189590454102,507.06640625
2817,0.1590743064880371,508.0390625
2818,0.16499066352844238,507.08984375
2819,0.14595437049865723,509.46484375
2820,0.1456146240234375,507.53515625
2821,0.16933894157409668,507.578125
2822,0.14089488983154297,508.27734375
2823,0.1026458740234375,508.4296875
2824,0.12695860862731934,509.91796875
2825,0.1387016773223877,508.6171875
2826,0.15615272521972656,508.3984375
2827,0.10031366348266602,509.03515625
2828,0.1488807201385498,509.953125
2829,0.1821749210357666,510.515625
2830,0.14527583122253418,509.0234375
2831,0.1251821517944336,509.03515625
2832,0.13023996353149414,508.5546875
2833,0.13974237442016602,510.16015625
2834,0.13323354721069336,511.26171875
2835,0.12726616859436035,511.9296875
2836,0.11924123764038086,510.58984375
2837,0.09880852699279785,511.9609375
2838,0.12302494049072266,512.3203125
2839,0.16345739364624023,510.39453125
2840,0.11227869987487793,509.72265625
2841,0.14445710182189941,510.67578125
2842,0.14343976974487305,510.25390625
2843,0.12008166313171387,510.19921875
2844,0.14370107650756836,511.26171875
2845,0.05087995529174805,510.67578125
2846,0.12850499153137207,509.9453125
2847,0.12519049644470215,510.9921875
2848,0.14865398406982422,509.49609375
2849,0.13916516304016113,510.31640625
2850,0.13502788543701172,510.61328125
2851,0.13809919357299805,510.88671875
2852,0.13511872291564941,510.58984375
2853,0.0716092586517334,510.40234375
2854,0.1477518081665039,510.05078125
2855,0.13971424102783203,511.40625
2856,0.15151453018188477,512.13671875
2857,0.09487032890319824,511.16015625
2858,0.1310102939605713,513.18359375
2859,0.11145901679992676,513.7265625
2860,0.1693134307861328,512.6484375
2861,0.14977788925170898,512.3984375
2862,0.1738593578338623,512.98828125
2863,0.17389631271362305,512.8828125
2864,0.1824650764465332,513.83984375
2865,0.15976667404174805,513.55859375
2866,0.1558830738067627,512.74609375
2867,0.1786637306213379,514.39453125
2868,0.09821867942810059,511.984375
2869,0.10558390617370605,514.43359375
2870,0.17760896682739258,514.25
2871,0.1447620391845703,515.86328125
2872,0.18706727027893066,513.78515625
2873,0.14359092712402344,513.78125
2874,0.15299201011657715,515.98828125
2875,0.15757536888122559,515.16015625
2876,0.14012384414672852,515.71484375
2877,0.15547990798950195,513.3359375
2878,0.1492469310760498,515.359375
2879,0.10399127006530762,513.69921875
2880,0.12715506553649902,516.55859375
2881,0.10856151580810547,514.0703125
2882,0.12965083122253418,514.73828125
2883,0.09831833839416504,514.44921875
2884,0.1365814208984375,515.40234375
2885,0.17955541610717773,514.78125
2886,0.13895416259765625,514.5
2887,0.12340426445007324,516.34765625
2888,0.09668087959289551,515.453125
2889,0.12989473342895508,516.8359375
2890,0.1486186981201172,513.66015625
2891,0.1670222282409668,515.078125
2892,0.12360739707946777,514.0234375
2893,0.12694072723388672,514.5546875
2894,0.1286180019378662,514.30078125
2895,0.1639084815979004,515.9765625
2896,0.1453230381011963,514.1953125
2897,0.14647555351257324,515.05859375
2898,0.18565607070922852,515.3359375
2899,0.23801851272583008,515.3984375
2900,0.2356417179107666,516.1796875
2901,0.15775275230407715,516.2890625
2902,0.21845102310180664,513.7109375
2903,0.16669416427612305,516.25
2904,0.15603899955749512,517.7109375
2905,0.18324637413024902,517.15234375
2906,0.1617429256439209,516.125
2907,0.1589677333831787,516.1640625
2908,0.10037589073181152,517.109375
2909,0.14413738250732422,517.17578125
2910,0.13463759422302246,516.4609375
2911,0.13394546508789062,518.37109375
2912,0.11208486557006836,518.171875
2913,0.1255955696105957,519.07421875
2914,0.11878228187561035,517.85546875
2915,0.07878875732421875,516.73046875
2916,0.08243942260742188,516.6875
2917,0.11936783790588379,517.17578125
2918,0.13317441940307617,516.78125
2919,0.1326286792755127,517.390625
2920,0.1537473201751709,516.10546875
2921,0.14823246002197266,519.1484375
2922,0.15149283409118652,518.53125
2923,0.10405731201171875,518.4453125
2924,0.16179776191711426,518.9140625
2925,0.13336706161499023,516.8359375
2926,0.11496472358703613,517.765625
2927,0.11273074150085449,516.96484375
2928,0.13323402404785156,519.21484375
2929,0.14641046524047852,520.578125
2930,0.11855530738830566,519.09375
2931,0.15916705131530762,517.8984375
2932,0.08788704872131348,519.00390625
2933,0.10015106201171875,519.9375
2934,0.1671135425567627,516.79296875
2935,0.12070274353027344,518.69921875
2936,0.14214134216308594,519.796875
2937,0.1523745059967041,520.1171875
2938,0.1293187141418457,520.36328125
2939,0.13839054107666016,523.4375
2940,0.1565232276916504,521.15625
2941,0.14792776107788086,519.62890625
2942,0.1520235538482666,520.625
2943,0.15688490867614746,520.6171875
2944,0.14156150817871094,521.05859375
2945,0.15094399452209473,521.51953125
2946,0.13650274276733398,522.50390625
2947,0.10291719436645508,521.82421875
2948,0.11470890045166016,522.65234375
2949,0.11937427520751953,520.765625
2950,0.1826639175415039,523.296875
2951,0.150618314743042,522.28515625
2952,0.14274120330810547,521.39453125
2953,0.12311601638793945,521.84765625
2954,0.10494542121887207,523.67578125
2955,0.11987638473510742,523.59375
2956,0.1457202434539795,523.6484375
2957,0.12178325653076172,525.03515625
2958,0.12913131713867188,523.80859375
2959,0.14376425743103027,525.71484375
2960,0.14701056480407715,523.5078125
2961,0.13318896293640137,525.43359375
2962,0.15099430084228516,523.23828125
2963,0.1375746726989746,524.7890625
2964,0.1265420913696289,523.63671875
2965,0.13603448867797852,522.9296875
2966,0.12330293655395508,525.2421875
2967,0.10183930397033691,524.4296875
2968,0.11469197273254395,525.3203125
2969,0.11622500419616699,526.27734375
2970,0.14676880836486816,526.08203125
2971,0.1362299919128418,525.12109375
2972,0.08068990707397461,525.6484375
2973,0.1628279685974121,525.62890625
2974,0.1255800724029541,526.6484375
2975,0.07601213455200195,526.28125
2976,0.1454472541809082,528.60546875
2977,0.10901141166687012,525.90625
2978,0.1198875904083252,527.71484375
2979,0.15032052993774414,528.41796875
2980,0.14682507514953613,525.109375
2981,0.14603519439697266,525.765625
2982,0.16904664039611816,525.08203125
2983,0.103851318359375,526.8125
2984,0.15587139129638672,524.84375
2985,0.12271618843078613,525.609375
2986,0.15894365310668945,527.1875
2987,0.1598653793334961,526.26171875
2988,0.1310405731201172,526.13671875
2989,0.14648675918579102,527.34765625
2990,0.15236186981201172,529.1640625
2991,0.12203526496887207,527.38671875
2992,0.12659811973571777,527.6875
2993,0.14591765403747559,528.984375
2994,0.26338863372802734,529.52734375
2995,0.24989557266235352,527.87890625
2996,0.11756372451782227,528.5625
2997,0.15394091606140137,528.0078125
2998,0.18346571922302246,527.796875
2999,0.15276026725769043,529.0078125
3000,0.14372873306274414,526.8359375
3001,0.1441650390625,528.45703125
3002,0.14336705207824707,527.90234375
3003,0.1391892433166504,528.3515625
3004,0.1495835781097412,527.6640625
3005,0.06386709213256836,528.6796875
3006,0.11095643043518066,528.05859375
3007,0.1490635871887207,529.73046875
3008,0.1491408348083496,531.26953125
3009,0.1321876049041748,530.2265625
3010,0.17381596565246582,527.70703125
3011,0.11959981918334961,528.8515625
3012,0.10332870483398438,529.421875
3013,0.16239142417907715,529.3515625
3014,0.07165718078613281,529.203125
3015,0.17886734008789062,530.0
3016,0.1258716583251953,528.9296875
3017,0.1250617504119873,529.40234375
3018,0.14885973930358887,531.6328125
3019,0.15964555740356445,531.2421875
3020,0.1216130256652832,530.18359375
3021,0.1284794807434082,530.359375
3022,0.0586550235748291,530.74609375
3023,0.1380023956298828,530.93359375
3024,0.15917158126831055,532.67578125
3025,0.18499493598937988,531.765625
3026,0.2255384922027588,531.89453125
3027,0.16575145721435547,532.17578125
3028,0.19333529472351074,532.93359375
3029,0.1677858829498291,531.8359375
3030,0.14978241920471191,531.96875
3031,0.13859820365905762,533.078125
3032,0.1225132942199707,533.22265625
3033,0.153900146484375,532.90234375
3034,0.17606663703918457,533.15625
3035,0.13402318954467773,531.765625
3036,0.11639118194580078,530.875
3037,0.14777469635009766,531.453125
3038,0.1844160556793213,533.8203125
3039,0.13555574417114258,532.6953125
3040,0.1411728858947754,534.859375
3041,0.102081298828125,535.12890625
3042,0.05969572067260742,535.296875
3043,0.10808277130126953,536.5390625
3044,0.21941423416137695,536.46875
3045,0.18688583374023438,536.0234375
3046,0.16124963760375977,535.53515625
3047,0.15731096267700195,535.05859375
3048,0.1211862564086914,535.77734375
3049,0.13442659378051758,535.48828125
3050,0.15088343620300293,535.8046875
3051,0.11851716041564941,536.859375
3052,0.14612174034118652,534.8046875
3053,0.12978863716125488,536.6484375
3054,0.1153566837310791,536.29296875
3055,0.1268782615661621,535.234375
3056,0.1790473461151123,535.1484375
3057,0.22741079330444336,537.2265625
3058,0.13002848625183105,535.296875
3059,0.13946127891540527,536.75
3060,0.1521916389465332,536.4609375
3061,0.13489198684692383,535.921875
3062,0.0745394229888916,535.10546875
3063,0.12131547927856445,535.97265625
3064,0.14802265167236328,536.53515625
3065,0.13103342056274414,537.6484375
3066,0.14482593536376953,533.5
3067,0.13809871673583984,536.39453125
3068,0.12517285346984863,535.50390625
3069,0.14778804779052734,537.23828125
3070,0.11182355880737305,536.78515625
3071,0.14348196983337402,535.8515625
3072,0.1393282413482666,537.24609375
3073,0.052614450454711914,538.4375
3074,0.11862826347351074,533.74609375
3075,0.1340160369873047,536.78515625
3076,0.14641690254211426,536.98046875
3077,0.15745329856872559,537.25390625
3078,0.12099599838256836,537.0234375
3079,0.10266733169555664,536.18359375
3080,0.156646728515625,537.734375
3081,0.1452350616455078,537.33203125
3082,0.13339948654174805,538.75
3083,0.1502063274383545,536.6796875
3084,0.13202524185180664,538.05859375
3085,0.11447691917419434,537.9921875
3086,0.13030624389648438,538.80859375
3087,0.1806049346923828,537.46484375
3088,0.12344026565551758,538.77734375
3089,0.12447142601013184,538.7734375
3090,0.14540648460388184,539.62890625
3091,0.16941523551940918,539.1875
3092,0.13081836700439453,538.83203125
3093,0.13877344131469727,538.5859375
3094,0.18035101890563965,538.0078125
3095,0.1512131690979004,541.62890625
3096,0.1236257553100586,540.83203125
3097,0.11324381828308105,540.265625
3098,0.13124465942382812,541.59375
3099,0.1529841423034668,539.75
3100,0.13102030754089355,542.734375
3101,0.12109971046447754,540.76953125
3102,0.11705946922302246,542.05078125
3103,0.13654589653015137,542.69921875
3104,0.12161993980407715,539.69921875
3105,0.05697369575500488,541.0078125
3106,0.132399320602417,540.84375
3107,0.11607599258422852,541.60546875
3108,0.07015371322631836,541.58984375
3109,0.13136029243469238,541.5390625
3110,0.14926695823669434,541.51171875
3111,0.13404417037963867,541.82421875
3112,0.14913129806518555,541.6015625
3113,0.11328577995300293,540.82421875
3114,0.13650202751159668,544.359375
3115,0.13840556144714355,541.8125
3116,0.1500403881072998,541.93359375
3117,0.10243391990661621,543.9921875
3118,0.11568737030029297,541.48828125
3119,0.1376488208770752,542.48828125
3120,0.13190937042236328,541.3359375
3121,0.16885972023010254,542.66015625
3122,0.11216926574707031,541.5859375
3123,0.11496186256408691,544.359375
3124,0.12602615356445312,542.68359375
3125,0.16041946411132812,543.7265625
3126,0.13765311241149902,541.55859375
3127,0.09938716888427734,544.375
3128,0.1366419792175293,546.57421875
3129,0.13835430145263672,547.32421875
3130,0.133436918258667,546.578125
3131,0.11547279357910156,544.171875
3132,0.12691569328308105,547.4765625
3133,0.14325356483459473,546.7421875
3134,0.15134429931640625,546.828125
3135,0.1570746898651123,545.30078125
3136,0.1362912654876709,545.94921875
3137,0.14168310165405273,545.8671875
3138,0.07719898223876953,546.6875
3139,0.13933253288269043,545.6796875
3140,0.15170073509216309,546.79296875
3141,0.15474653244018555,546.91015625
3142,0.19476819038391113,548.125
3143,0.11435556411743164,546.26171875
3144,0.1556847095489502,546.87109375
3145,0.15759778022766113,547.6328125
3146,0.1540536880493164,546.33984375
3147,0.10393214225769043,546.28515625
3148,0.15276074409484863,547.28515625
3149,0.16547513008117676,547.68359375
3150,0.16977524757385254,547.4453125
3151,0.16246986389160156,547.6015625
3152,0.12232208251953125,552.69921875
3153,0.10245108604431152,546.0078125
3154,0.16962099075317383,548.015625
3155,0.1640613079071045,548.796875
3156,0.10983848571777344,548.91015625
3157,0.1179206371307373,546.73828125
3158,0.11832547187805176,546.60546875
3159,0.12627029418945312,546.77734375
3160,0.14689064025878906,548.14453125
3161,0.15021896362304688,546.73046875
3162,0.15229463577270508,546.4296875
3163,0.1509721279144287,548.71875
3164,0.1443624496459961,547.9140625
3165,0.15413236618041992,546.515625
3166,0.14128804206848145,547.40234375
3167,0.1617107391357422,547.62109375
3168,0.1462726593017578,547.2890625
3169,0.12634015083312988,547.578125
3170,0.13858294486999512,549.5546875
3171,0.1362755298614502,547.75390625
3172,0.1166219711303711,545.7734375
3173,0.106658935546875,548.78515625
3174,0.14294219017028809,549.53515625
3175,0.1271219253540039,547.9375
3176,0.11833882331848145,551.50390625
3177,0.139146089553833,548.94140625
3178,0.15044498443603516,550.5625
3179,0.13053345680236816,549.27734375
3180,0.16655802726745605,549.30078125
3181,0.12402725219726562,545.125
3182,0.1197354793548584,548.83984375
3183,0.13167953491210938,549.27734375
3184,0.1236879825592041,548.12890625
3185,0.13422107696533203,549.1640625
3186,0.15494775772094727,548.546875
3187,0.1326136589050293,549.01953125
3188,0.12744450569152832,550.32421875
3189,0.08062362670898438,548.84375
3190,0.14602041244506836,549.9375
3191,0.11653280258178711,550.203125
3192,0.130692720413208,551.1484375
3193,0.1489086151123047,552.13671875
3194,0.1499173641204834,549.38671875
3195,0.16542816162109375,551.3046875
3196,0.13834166526794434,550.34375
3197,0.059807777404785156,551.27734375
3198,0.11121749877929688,551.390625
3199,0.11142706871032715,552.25
3200,0.21085643768310547,548.02734375
3201,0.15065550804138184,551.7890625
3202,0.17070984840393066,551.69921875
3203,0.1294417381286621,550.875
3204,0.145310640335083,549.8203125
3205,0.12427687644958496,550.0390625
3206,0.1517176628112793,550.5546875
3207,0.1302340030670166,550.42578125
3208,0.11711835861206055,550.0234375
3209,0.13508367538452148,551.83203125
3210,0.12658286094665527,551.83203125
3211,0.13005852699279785,550.8515625
3212,0.16390752792358398,551.53125
3213,0.14119720458984375,551.828125
3214,0.15041351318359375,552.78125
3215,0.15161609649658203,553.39453125
3216,0.12659907341003418,553.015625
3217,0.16561317443847656,554.3671875
3218,0.14461159706115723,554.578125
3219,0.13703441619873047,556.09375
3220,0.11624503135681152,555.75390625
3221,0.15305304527282715,556.09765625
3222,0.11759781837463379,557.125
3223,0.13484525680541992,555.37890625
3224,0.10281157493591309,555.2109375
3225,0.13653087615966797,555.2265625
3226,0.10808038711547852,555.9140625
3227,0.15304923057556152,555.70703125
3228,0.10158300399780273,553.4296875
3229,0.13194680213928223,555.34375
3230,0.14951419830322266,555.5625
3231,0.14805054664611816,555.16796875
3232,0.15225696563720703,554.86328125
3233,0.12212395668029785,556.0703125
3234,0.1887950897216797,556.09375
3235,0.19669008255004883,557.34375
3236,0.16625404357910156,556.34765625
3237,0.15517282485961914,556.4140625
3238,0.14626193046569824,556.68359375
3239,0.1486530303955078,557.59765625
3240,0.12572669982910156,555.640625
3241,0.11676168441772461,556.05078125
3242,0.04540085792541504,556.625
3243,0.09991765022277832,557.53125
3244,0.14723515510559082,560.296875
3245,0.12989020347595215,557.18359375
3246,0.08260130882263184,559.75
3247,0.12244510650634766,557.23828125
3248,0.10032868385314941,559.1640625
3249,0.13599634170532227,557.6796875
3250,0.1264665126800537,557.54296875
3251,0.15255045890808105,558.4140625
3252,0.1720106601715088,559.0078125
3253,0.1112523078918457,559.34375
3254,0.1643049716949463,558.375
3255,0.14355802536010742,558.203125
3256,0.14204049110412598,558.359375
3257,0.1676492691040039,559.68359375
3258,0.08924603462219238,558.11328125
3259,0.13678765296936035,559.5234375
3260,0.14466476440429688,560.5234375
3261,0.1360793113708496,558.46875
3262,0.1408681869506836,558.04296875
3263,0.13880324363708496,558.9453125
3264,0.11855244636535645,557.75
3265,0.14608311653137207,560.14453125
3266,0.16178131103515625,558.6875
3267,0.09309506416320801,561.4453125
3268,0.1351628303527832,558.78125
3269,0.11789441108703613,560.0546875
3270,0.18553853034973145,560.6015625
3271,0.09870100021362305,558.8828125
3272,0.19547057151794434,559.2890625
3273,0.15494704246520996,560.2734375
3274,0.18227052688598633,559.08203125
3275,0.13484907150268555,560.19140625
3276,0.13392233848571777,560.51953125
3277,0.12782049179077148,560.61328125
3278,0.08844113349914551,558.98828125
3279,0.14916467666625977,560.26171875
3280,0.09217643737792969,558.90625
3281,0.1312258243560791,560.1015625
3282,0.13447117805480957,560.58203125
3283,0.13400816917419434,558.78125
3284,0.17093586921691895,560.2578125
3285,0.10321760177612305,559.78515625
3286,0.12295818328857422,559.27734375
3287,0.12682032585144043,558.77734375
3288,0.1641550064086914,560.64453125
3289,0.1637129783630371,560.1171875
3290,0.14684367179870605,559.78125
3291,0.17151355743408203,562.59375
3292,0.15990996360778809,562.28125
3293,0.1489262580871582,562.01953125
3294,0.0941629409790039,563.296875
3295,0.15162444114685059,561.640625
3296,0.17596697807312012,561.1015625
3297,0.1132357120513916,562.21484375
3298,0.15529251098632812,561.25390625
3299,0.1608126163482666,563.46875
3300,0.10113239288330078,561.90234375
3301,0.11151003837585449,562.30859375
3302,0.13274121284484863,563.640625
3303,0.12260937690734863,563.92578125
3304,0.15484166145324707,563.453125
3305,0.08778667449951172,565.0
3306,0.11344552040100098,564.0703125
3307,0.1255967617034912,562.796875
3308,0.11654257774353027,563.8203125
3309,0.13232803344726562,564.34375
3310,0.13595366477966309,564.8125
3311,0.09076786041259766,565.70703125
3312,0.14306902885437012,565.1953125
3313,0.14385414123535156,567.40625
3314,0.13349246978759766,564.76953125
3315,0.13065671920776367,564.8203125
3316,0.11115360260009766,566.8671875
3317,0.12256002426147461,564.18359375
3318,0.1040341854095459,565.03125
3319,0.10463643074035645,565.76171875
3320,0.07367801666259766,566.67578125
3321,0.1582324504852295,565.5703125
3322,0.05594372749328613,567.0546875
3323,0.1743311882019043,564.44921875
3324,0.1783595085144043,563.5859375
3325,0.10802221298217773,566.98828125
3326,0.11669063568115234,565.6015625
3327,0.11375617980957031,567.109375
3328,0.11980271339416504,568.0
3329,0.13261175155639648,566.41015625
3330,0.16017651557922363,567.16015625
3331,0.11954522132873535,565.8515625
3332,0.1516561508178711,567.0625
3333,0.13354110717773438,565.625
3334,0.11955761909484863,566.90625
3335,0.1615126132965088,567.44921875
3336,0.1881241798400879,566.265625
3337,0.12027740478515625,567.265625
3338,0.13952302932739258,567.1796875
3339,0.13124608993530273,567.37890625
3340,0.1452322006225586,568.24609375
3341,0.11240649223327637,566.828125
3342,0.1128702163696289,568.07421875
3343,0.14274311065673828,567.90234375
3344,0.10931777954101562,565.98828125
3345,0.19191718101501465,566.328125
3346,0.14526724815368652,566.75
3347,0.09429192543029785,568.89453125
3348,0.11012792587280273,569.40234375
3349,0.12026071548461914,568.03125
3350,0.15314841270446777,568.65234375
3351,0.13853096961975098,568.390625
3352,0.1640329360961914,569.59375
3353,0.14179301261901855,567.80859375
3354,0.1364274024963379,567.90625
3355,0.1290881633758545,569.5546875
3356,0.04910087585449219,569.34765625
3357,0.09921574592590332,568.5234375
3358,0.1370251178741455,568.74609375
3359,0.05337882041931152,568.66015625
3360,0.13277649879455566,568.3984375
3361,0.13756942749023438,570.01171875
3362,0.13163971900939941,570.32421875
3363,0.10420536994934082,568.24609375
3364,0.18133020401000977,568.52734375
3365,0.10885071754455566,569.2109375
3366,0.12097620964050293,569.24609375
3367,0.11801266670227051,569.546875
3368,0.1588428020477295,571.2421875
3369,0.16651391983032227,569.7578125
3370,0.13757896423339844,570.54296875
3371,0.20053434371948242,571.12109375
3372,0.14952492713928223,570.69140625
3373,0.09692001342773438,571.0234375
3374,0.1335592269897461,570.6171875
3375,0.14876556396484375,570.5390625
3376,0.16390180587768555,572.859375
3377,0.18206000328063965,569.515625
3378,0.1330561637878418,571.20703125
3379,0.1451725959777832,570.828125
3380,0.12404608726501465,572.7890625
3381,0.14623141288757324,573.4296875
3382,0.13304805755615234,571.671875
3383,0.16158580780029297,573.31640625
3384,0.13447928428649902,571.515625
3385,0.184767484664917,571.76953125
3386,0.11740326881408691,572.515625
3387,0.14297103881835938,574.9375
3388,0.16008424758911133,572.41015625
3389,0.1010901927947998,574.37109375
3390,0.11669707298278809,573.22265625
3391,0.14133548736572266,572.9296875
3392,0.1250452995300293,573.34765625
3393,0.14432692527770996,573.24609375
3394,0.10050725936889648,572.76171875
3395,0.11713695526123047,572.703125
3396,0.12657904624938965,575.26953125
3397,0.11193513870239258,574.55078125
3398,0.11107635498046875,574.359375
3399,0.13137173652648926,575.6484375
3400,0.0904390811920166,574.609375
3401,0.11067032814025879,574.40625
3402,0.09042596817016602,573.265625
3403,0.09885120391845703,574.89453125
3404,0.11361408233642578,576.19921875
3405,0.13948678970336914,575.0078125
3406,0.14975428581237793,574.76171875
3407,0.12795090675354004,575.29296875
3408,0.15778326988220215,574.94140625
3409,0.1530780792236328,577.0390625
3410,0.12977027893066406,577.17578125
3411,0.1323413848876953,575.79296875
3412,0.11826872825622559,573.609375
3413,0.12444329261779785,578.08203125
3414,0.10379362106323242,578.171875
3415,0.13792634010314941,578.2421875
3416,0.08461952209472656,575.76953125
3417,0.14551925659179688,576.54296875
3418,0.13318157196044922,576.41796875
3419,0.07398796081542969,576.03515625
3420,0.09483885765075684,575.7109375
3421,0.140211820602417,577.890625
3422,0.11884045600891113,576.70703125
3423,0.10484075546264648,576.21875
3424,0.10076212882995605,576.8671875
3425,0.0769491195678711,577.24609375
3426,0.11111211776733398,577.71875
3427,0.17180919647216797,577.08203125
3428,0.13416671752929688,575.9296875
3429,0.14137530326843262,578.87890625
3430,0.11895990371704102,577.34375
3431,0.1293807029724121,578.7578125
3432,0.0820620059967041,578.0
3433,0.1275196075439453,576.30078125
3434,0.14164042472839355,578.640625
3435,0.13609051704406738,575.60546875
3436,0.12453341484069824,578.2734375
3437,0.1751267910003662,577.9375
3438,0.1620166301727295,577.390625
3439,0.15184712409973145,578.85546875
3440,0.13314437866210938,577.94140625
3441,0.1654660701751709,576.8515625
3442,0.141798734664917,576.68359375
3443,0.1213524341583252,576.51171875
3444,0.15306377410888672,578.0546875
3445,0.12399673461914062,578.50390625
3446,0.09286212921142578,580.26953125
3447,0.11062264442443848,578.30859375
3448,0.12964844703674316,576.92578125
3449,0.11165165901184082,578.45703125
3450,0.12675690650939941,580.73046875
3451,0.1125495433807373,578.8671875
3452,0.13234162330627441,580.2578125
3453,0.06651735305786133,578.94921875
3454,0.10764193534851074,577.8515625
3455,0.1391439437866211,579.62890625
3456,0.11416149139404297,578.3671875
3457,0.1624448299407959,580.0390625
3458,0.17281126976013184,578.4375
3459,0.11751532554626465,578.24609375
3460,0.13584589958190918,578.84375
3461,0.1377859115600586,578.08203125
3462,0.10898518562316895,580.08203125
3463,0.11525559425354004,581.2265625
3464,0.13619089126586914,579.15625
3465,0.15140533447265625,580.03125
3466,0.15128159523010254,579.953125
3467,0.13048362731933594,580.25390625
3468,0.1468195915222168,580.03515625
3469,0.16643524169921875,579.92578125
3470,0.13378167152404785,580.70703125
3471,0.1573336124420166,581.328125
3472,0.12789463996887207,582.76953125
3473,0.16037249565124512,581.4296875
3474,0.13227438926696777,581.2890625
3475,0.14998602867126465,581.88671875
3476,0.11783862113952637,581.76171875
3477,0.12754487991333008,581.609375
3478,0.15202546119689941,583.55078125
3479,0.1680583953857422,584.5625
3480,0.13669610023498535,580.7265625
3481,0.13640928268432617,582.55078125
3482,0.12266206741333008,584.4453125
3483,0.12596964836120605,583.96875
3484,0.1336221694946289,581.33984375
3485,0.12990450859069824,582.8046875
3486,0.16060471534729004,583.3359375
3487,0.14020562171936035,583.3984375
3488,0.0712285041809082,583.34765625
3489,0.15332555770874023,585.03125
3490,0.16469693183898926,583.98828125
3491,0.1289973258972168,583.640625
3492,0.1973404884338379,584.3046875
3493,0.1200706958770752,585.03515625
3494,0.13672876358032227,585.75
3495,0.1281721591949463,587.75390625
3496,0.12751007080078125,583.35546875
3497,0.11184406280517578,583.625
3498,0.07943296432495117,585.71875
3499,0.17414212226867676,584.67578125
3500,0.15115618705749512,584.3046875
3501,0.13471674919128418,585.58984375
3502,0.12853503227233887,583.3125
3503,0.13503670692443848,583.20703125
3504,0.1624295711517334,584.26171875
3505,0.10326194763183594,583.95703125
3506,0.1291658878326416,583.51953125
3507,0.1491081714630127,585.64453125
3508,0.11436605453491211,583.15625
3509,0.11730623245239258,584.05859375
3510,0.18008089065551758,586.52734375
3511,0.06296181678771973,584.65625
3512,0.15914535522460938,584.359375
3513,0.17972874641418457,585.5859375
3514,0.15276622772216797,585.62890625
3515,0.13145947456359863,583.859375
3516,0.08956551551818848,584.65234375
3517,0.11953496932983398,584.0703125
3518,0.09019970893859863,584.60546875
3519,0.11743879318237305,585.109375
3520,0.1504666805267334,585.13671875
3521,0.1502985954284668,583.91015625
3522,0.1444869041442871,585.6484375
3523,0.1470499038696289,584.98046875
3524,0.16626882553100586,586.14453125
3525,0.16645169258117676,586.90234375
3526,0.1473560333251953,586.22265625
3527,0.13509559631347656,587.49609375
3528,0.1018521785736084,587.03515625
3529,0.11722326278686523,587.6875
3530,0.1317141056060791,587.46484375
3531,0.1477673053741455,586.74609375
3532,0.13657546043395996,586.2265625
3533,0.1356649398803711,588.85546875
3534,0.15036606788635254,587.921875
3535,0.1353909969329834,587.859375
3536,0.13384532928466797,589.14453125
3537,0.12990593910217285,588.9140625
3538,0.1391289234161377,590.42578125
3539,0.12301325798034668,589.65625
3540,0.13245558738708496,590.55078125
3541,0.1405491828918457,589.59375
3542,0.13752007484436035,587.13671875
3543,0.11879491806030273,589.58203125
3544,0.12084484100341797,589.86328125
3545,0.1117703914642334,590.6796875
3546,0.10372042655944824,590.8125
3547,0.1228945255279541,591.03515625
3548,0.1350853443145752,590.12109375
3549,0.12557339668273926,591.79296875
3550,0.11299490928649902,589.53125
3551,0.1411607265472412,589.27734375
3552,0.0968027114868164,590.29296875
3553,0.12091326713562012,590.21484375
3554,0.14432024955749512,591.328125
3555,0.10985231399536133,588.98828125
3556,0.1338520050048828,588.6328125
3557,0.16837620735168457,590.2421875
3558,0.12399744987487793,590.63671875
3559,0.13243961334228516,590.35546875
3560,0.13257074356079102,589.1015625
3561,0.12989044189453125,589.91796875
3562,0.15218305587768555,590.16796875
3563,0.134629487991333,590.40625
3564,0.12566757202148438,590.62890625
3565,0.13019585609436035,590.44140625
3566,0.14629173278808594,590.51953125
3567,0.0569002628326416,589.97265625
3568,0.11422991752624512,592.1796875
3569,0.1289219856262207,591.93359375
3570,0.1593616008758545,590.20703125
3571,0.08675384521484375,590.0703125
3572,0.14661216735839844,590.35546875
3573,0.1406114101409912,590.09375
3574,0.10902643203735352,591.21484375
3575,0.10155105590820312,588.45703125
3576,0.05395770072937012,589.96484375
3577,0.12665438652038574,590.52734375
3578,0.10902762413024902,589.46484375
3579,0.11807584762573242,589.625
3580,0.09701824188232422,591.0546875
3581,0.14243793487548828,592.7578125
3582,0.16963505744934082,592.16796875
3583,0.16292071342468262,592.75390625
3584,0.055841922760009766,592.99609375
3585,0.10373783111572266,593.77734375
3586,0.1584174633026123,592.5
3587,0.11893773078918457,591.73046875
3588,0.14194703102111816,593.97265625
3589,0.11918997764587402,594.03125
3590,0.14934706687927246,593.59765625
3591,0.09283137321472168,592.1015625
3592,0.10892200469970703,592.3671875
3593,0.16589570045471191,592.56640625
3594,0.17226624488830566,593.4453125
3595,0.148423433303833,593.015625
3596,0.16170787811279297,592.33203125
3597,0.10637378692626953,592.6640625
3598,0.1344614028930664,592.66015625
3599,0.14358258247375488,593.07421875
3600,0.17618322372436523,594.1796875
3601,0.10767602920532227,594.4140625
3602,0.13914012908935547,595.078125
3603,0.14590811729431152,597.04296875
3604,0.13050556182861328,596.1484375
3605,0.13655972480773926,598.1875
3606,0.1531827449798584,596.80078125
3607,0.16125845909118652,596.88671875
3608,0.1362316608428955,596.13671875
3609,0.17535400390625,596.56640625
3610,0.10706567764282227,598.90625
3611,0.16449689865112305,599.9765625
3612,0.13996648788452148,597.890625
3613,0.13031244277954102,596.875
3614,0.10630559921264648,597.828125
3615,0.07123780250549316,597.65234375
3616,0.12754559516906738,596.67578125
3617,0.16905641555786133,598.625
3618,0.11372566223144531,598.73046875
3619,0.12680745124816895,598.328125
3620,0.1647205352783203,598.16015625
3621,0.1318223476409912,598.19140625
3622,0.14742302894592285,597.82421875
3623,0.11829161643981934,596.47265625
3624,0.12333106994628906,598.7265625
3625,0.1714024543762207,598.45703125
3626,0.12126684188842773,599.55859375
3627,0.14802169799804688,598.98828125
3628,0.14070677757263184,600.34765625
3629,0.1421201229095459,600.22265625
3630,0.15705275535583496,599.25390625
3631,0.10393834114074707,599.75390625
3632,0.15682482719421387,598.76953125
3633,0.08042097091674805,600.828125
3634,0.1461632251739502,599.546875
3635,0.13828277587890625,599.3984375
3636,0.13369035720825195,599.02734375
3637,0.13248419761657715,598.20703125
3638,0.1761767864227295,599.51171875
3639,0.13303494453430176,599.43359375
3640,0.17860889434814453,600.03125
3641,0.14387083053588867,598.82421875
3642,0.09891653060913086,600.734375
3643,0.12577080726623535,602.11328125
3644,0.11122369766235352,601.56640625
3645,0.19504833221435547,599.88671875
3646,0.1326301097869873,599.13671875
3647,0.17276763916015625,602.84375
3648,0.15610909461975098,604.53125
3649,0.13575530052185059,604.28515625
3650,0.11688852310180664,601.04296875
3651,0.137070894241333,601.25390625
3652,0.11806559562683105,601.8203125
3653,0.143890380859375,601.59765625
3654,0.1327500343322754,601.4375
3655,0.14209699630737305,603.48828125
3656,0.08337569236755371,603.30078125
3657,0.15131568908691406,604.171875
3658,0.1243283748626709,604.26171875
3659,0.1345384120941162,605.44140625
3660,0.11049246788024902,605.1015625
3661,0.15447282791137695,607.09375
3662,0.08457708358764648,605.453125
3663,0.13241195678710938,605.44140625
3664,0.07750988006591797,605.80859375
3665,0.13591790199279785,605.578125
3666,0.14249563217163086,605.58984375
3667,0.13493657112121582,606.171875
3668,0.12595605850219727,604.97265625
3669,0.08775472640991211,605.1875
3670,0.13419604301452637,606.34765625
3671,0.10559725761413574,605.45703125
3672,0.11628985404968262,604.38671875
3673,0.15498638153076172,603.2734375
3674,0.1498091220855713,604.57421875
3675,0.11784791946411133,605.79296875
3676,0.14591360092163086,607.1796875
3677,0.1361401081085205,606.9765625
3678,0.13039565086364746,606.734375
3679,0.1337881088256836,606.69140625
3680,0.1319589614868164,607.5078125
3681,0.15085244178771973,606.0625
3682,0.1333012580871582,606.87890625
3683,0.13393425941467285,607.19921875
3684,0.16666889190673828,607.0390625
3685,0.133514404296875,606.4765625
3686,0.1820836067199707,606.4609375
3687,0.13640093803405762,606.375
3688,0.12906384468078613,605.84765625
3689,0.151015043258667,607.53515625
3690,0.12247920036315918,606.52734375
3691,0.13909912109375,606.69921875
3692,0.15370488166809082,607.21875
3693,0.15152740478515625,607.1171875
3694,0.14589953422546387,608.65234375
3695,0.10477757453918457,607.3828125
3696,0.14494562149047852,608.4375
3697,0.12083745002746582,609.21875
3698,0.12927913665771484,608.58203125
3699,0.1327528953552246,609.125
3700,0.11242532730102539,609.6015625
3701,0.06532478332519531,609.171875
3702,0.11827206611633301,609.375
3703,0.1136636734008789,607.51171875
3704,0.12445783615112305,611.15234375
3705,0.1139364242553711,608.234375
3706,0.16350269317626953,608.12890625
3707,0.17263436317443848,606.8125
3708,0.12593483924865723,606.99609375
3709,0.1356208324432373,608.1796875
3710,0.13187503814697266,608.53125
3711,0.15089845657348633,608.89453125
3712,0.16668367385864258,607.984375
3713,0.13915514945983887,607.6796875
3714,0.14234519004821777,607.703125
3715,0.14053606986999512,609.7890625
3716,0.09617877006530762,610.12109375
3717,0.11941289901733398,608.33203125
3718,0.14713478088378906,610.3125
3719,0.13827872276306152,609.48046875
3720,0.12543129920959473,609.72265625
3721,0.1123359203338623,609.30078125
3722,0.1307392120361328,610.4140625
3723,0.1434764862060547,609.4375
3724,0.11513423919677734,610.2421875
3725,0.15562653541564941,609.98828125
3726,0.11537814140319824,610.5546875
3727,0.13054800033569336,609.7109375
3728,0.1268925666809082,610.4765625
3729,0.12715649604797363,610.546875
3730,0.14574527740478516,610.84765625
3731,0.10531282424926758,613.46875
3732,0.12813735008239746,612.74609375
3733,0.14189577102661133,610.20703125
3734,0.1490931510925293,614.0
3735,0.06681513786315918,610.8828125
3736,0.15019536018371582,612.296875
3737,0.15178680419921875,611.359375
3738,0.1181497573852539,612.6796875
3739,0.14890146255493164,613.109375
3740,0.13484525680541992,612.14453125
3741,0.1235189437866211,612.7734375
3742,0.12242889404296875,613.61328125
3743,0.14495253562927246,613.76171875
3744,0.1647624969482422,613.703125
3745,0.15047287940979004,612.9140625
3746,0.1261281967163086,613.140625
3747,0.1319565773010254,613.09765625
3748,0.2058556079864502,610.38671875
3749,0.17508387565612793,614.21484375
3750,0.17992901802062988,613.64453125
3751,0.21521973609924316,613.5
3752,0.14539194107055664,615.9296875
3753,0.1121664047241211,614.28515625
3754,0.15844225883483887,615.62890625
3755,0.10333538055419922,614.30078125
3756,0.14347195625305176,613.61328125
3757,0.15006065368652344,614.73828125
3758,0.15147852897644043,614.125
3759,0.1161198616027832,616.14453125
3760,0.13339591026306152,614.9140625
3761,0.14905333518981934,615.5390625
3762,0.11897635459899902,615.74609375
3763,0.133500337600708,616.31640625
3764,0.1803600788116455,615.359375
3765,0.12726449966430664,615.94140625
3766,0.10575461387634277,616.13671875
3767,0.14768075942993164,615.8125
3768,0.13383889198303223,617.3359375
3769,0.1643383502960205,617.2734375
3770,0.14637446403503418,617.09765625
3771,0.16646933555603027,616.609375
3772,0.13912367820739746,615.96875
3773,0.1494126319885254,616.62890625
3774,0.1343986988067627,616.3125
3775,0.053598642349243164,616.92578125
3776,0.12684988975524902,617.87890625
3777,0.12137484550476074,617.109375
3778,0.14964652061462402,616.38671875
3779,0.1405189037322998,616.2421875
3780,0.11159801483154297,617.68359375
3781,0.12457489967346191,617.78125
3782,0.07350373268127441,617.36328125
3783,0.1316237449645996,617.8515625
3784,0.13565611839294434,618.1875
3785,0.10828757286071777,618.21484375
3786,0.09929037094116211,617.92578125
3787,0.12557148933410645,618.40234375
3788,0.13965845108032227,618.296875
3789,0.09872555732727051,618.06640625
3790,0.15738582611083984,617.40234375
3791,0.13000082969665527,616.1484375
3792,0.14385366439819336,616.47265625
3793,0.1507892608642578,618.1015625
3794,0.14015817642211914,617.75
3795,0.10254907608032227,617.54296875
3796,0.14139556884765625,617.53515625
3797,0.1352832317352295,617.171875
3798,0.12878727912902832,618.875
3799,0.10822582244873047,618.2578125
3800,0.1283421516418457,618.4609375
3801,0.12709951400756836,617.49609375
3802,0.13115787506103516,619.6796875
3803,0.15832829475402832,618.921875
3804,0.12101221084594727,618.34765625
3805,0.1382138729095459,620.2265625
3806,0.0644989013671875,619.2578125
3807,0.12682294845581055,620.12109375
3808,0.15395665168762207,619.48046875
3809,0.13286256790161133,620.07421875
3810,0.13953948020935059,618.6171875
3811,0.14266061782836914,621.21875
3812,0.11107587814331055,619.41015625
3813,0.1170186996459961,618.8515625
3814,0.14048266410827637,621.265625
3815,0.1406106948852539,621.38671875
3816,0.07747435569763184,619.9453125
3817,0.12313985824584961,618.9609375
3818,0.13292288780212402,619.55859375
3819,0.15886807441711426,618.67578125
3820,0.11867141723632812,618.3046875
3821,0.16285419464111328,618.99609375
3822,0.10088157653808594,618.46875
3823,0.14560270309448242,621.28125
3824,0.12188601493835449,620.703125
3825,0.1748659610748291,621.05078125
3826,0.16695141792297363,620.80859375
3827,0.11022424697875977,622.5234375
3828,0.10267066955566406,624.73046875
3829,0.17522740364074707,623.14453125
3830,0.12558364868164062,620.25
3831,0.14591026306152344,622.38671875
3832,0.11413812637329102,622.6015625
3833,0.11931848526000977,621.046875
3834,0.13265037536621094,620.35546875
3835,0.10997986793518066,622.13671875
3836,0.13074183464050293,620.78515625
3837,0.13649249076843262,622.73046875
3838,0.1536390781402588,622.00390625
3839,0.14488935470581055,624.59375
3840,0.18266916275024414,622.60546875
3841,0.13097834587097168,622.73046875
3842,0.13503432273864746,623.625
3843,0.15064477920532227,624.47265625
3844,0.1279006004333496,622.18359375
3845,0.14939069747924805,623.29296875
3846,0.17489051818847656,621.97265625
3847,0.13550114631652832,622.5859375
3848,0.12815308570861816,624.17578125
3849,0.15255260467529297,622.90625
3850,0.1321396827697754,623.5390625
3851,0.12830281257629395,622.73828125
3852,0.12864923477172852,622.79296875
3853,0.13153290748596191,624.09765625
3854,0.15276646614074707,622.7109375
3855,0.08436250686645508,622.53515625
3856,0.16276073455810547,624.9765625
3857,0.08716487884521484,623.421875
3858,0.11158609390258789,623.76171875
3859,0.11515426635742188,624.87109375
3860,0.11837053298950195,624.12109375
3861,0.1159060001373291,625.59765625
3862,0.13057756423950195,625.390625
3863,0.09552717208862305,622.953125
3864,0.1144094467163086,624.17578125
3865,0.18077421188354492,624.71875
3866,0.11348533630371094,625.08984375
3867,0.13305068016052246,622.71875
3868,0.18231654167175293,623.87890625
3869,0.1499783992767334,623.546875
3870,0.13297152519226074,625.29296875
3871,0.14628958702087402,623.96875
3872,0.1379849910736084,625.43359375
3873,0.12355446815490723,628.28125
3874,0.09997987747192383,625.83203125
3875,0.1253964900970459,626.01953125
3876,0.12918400764465332,626.44921875
3877,0.11850428581237793,624.4296875
3878,0.15091323852539062,625.875
3879,0.12306404113769531,625.6640625
3880,0.11308598518371582,623.90234375
3881,0.13211536407470703,624.19921875
3882,0.1277909278869629,625.26171875
3883,0.17680048942565918,624.01953125
3884,0.10454845428466797,624.65234375
3885,0.05977058410644531,625.375
3886,0.14207839965820312,625.5703125
3887,0.1459341049194336,624.93359375
3888,0.12433433532714844,624.65625
3889,0.1163322925567627,624.75
3890,0.13284707069396973,626.69140625
3891,0.133317232131958,626.28515625
3892,0.12025666236877441,625.37109375
3893,0.15991449356079102,627.66796875
3894,0.13885235786437988,627.34375
3895,0.055467844009399414,627.4296875
3896,0.1331479549407959,628.9140625
3897,0.13390564918518066,627.390625
3898,0.12899374961853027,627.95703125
3899,0.1492621898651123,627.765625
3900,0.19493794441223145,626.11328125
3901,0.12885665893554688,627.515625
3902,0.13172268867492676,627.24609375
3903,0.13395071029663086,628.6875
3904,0.15492939949035645,626.8828125
3905,0.1288127899169922,628.88671875
3906,0.11608123779296875,628.41015625
3907,0.1496448516845703,627.4296875
3908,0.147108793258667,628.12890625
3909,0.13077187538146973,628.953125
3910,0.1179811954498291,627.4140625
3911,0.16570663452148438,629.484375
3912,0.18877530097961426,629.59765625
3913,0.13796067237854004,629.9453125
3914,0.16547441482543945,629.75390625
3915,0.14351153373718262,628.48046875
3916,0.08304667472839355,629.71484375
3917,0.14097881317138672,629.9296875
3918,0.12850451469421387,628.55078125
3919,0.13983654975891113,629.2890625
3920,0.11296200752258301,630.6875
3921,0.13604378700256348,628.94140625
3922,0.1332697868347168,630.125
3923,0.13903403282165527,632.4296875
3924,0.14636540412902832,630.2890625
3925,0.13936185836791992,630.17578125
3926,0.1369619369506836,628.95703125
3927,0.15433287620544434,628.96875
3928,0.12946653366088867,629.71484375
3929,0.13489031791687012,630.95703125
3930,0.11222577095031738,631.390625
3931,0.12564587593078613,630.26953125
3932,0.12797236442565918,630.73828125
3933,0.13432073593139648,629.8046875
3934,0.1104128360748291,628.18359375
3935,0.14153265953063965,629.69921875
3936,0.12384939193725586,629.875
3937,0.13641071319580078,631.17578125
3938,0.1331629753112793,632.00390625
3939,0.13467168807983398,631.0
3940,0.1446375846862793,630.0
3941,0.15165090560913086,630.78515625
3942,0.12624764442443848,633.328125
3943,0.10254144668579102,630.79296875
3944,0.19968032836914062,632.15625
3945,0.1353452205657959,632.63671875
3946,0.09794855117797852,632.43359375
3947,0.1345231533050537,630.3359375
3948,0.12967395782470703,631.01953125
3949,0.15005826950073242,631.17578125
3950,0.16563653945922852,631.49609375
3951,0.17822742462158203,631.22265625
3952,0.12033247947692871,632.125
3953,0.14104509353637695,630.375
3954,0.13414835929870605,630.92578125
3955,0.13254213333129883,631.4140625
3956,0.09925651550292969,632.984375
3957,0.14909887313842773,632.84375
3958,0.13337135314941406,631.484375
3959,0.1497044563293457,632.0078125
3960,0.1558067798614502,630.62109375
3961,0.1155858039855957,632.78125
3962,0.12685322761535645,633.3203125
3963,0.12349319458007812,632.20703125
3964,0.14742374420166016,632.015625
3965,0.13866949081420898,633.1484375
3966,0.15757203102111816,635.76953125
3967,0.16481733322143555,635.75
3968,0.14018750190734863,634.05078125
3969,0.13327980041503906,634.28515625
3970,0.13378286361694336,634.578125
3971,0.12990808486938477,635.41015625
3972,0.13102459907531738,637.421875
3973,0.08620882034301758,636.03515625
3974,0.1743025779724121,635.63671875
3975,0.15273714065551758,637.87109375
3976,0.14774179458618164,638.3828125
3977,0.13030076026916504,636.01171875
3978,0.13361120223999023,636.5390625
3979,0.16220617294311523,638.12109375
3980,0.15145587921142578,635.84765625
3981,0.13348078727722168,638.76953125
3982,0.1506814956665039,636.68359375
3983,0.13018798828125,636.45703125
3984,0.12839722633361816,636.68359375
3985,0.15001821517944336,637.37890625
3986,0.11001467704772949,637.984375
3987,0.1276378631591797,637.3828125
3988,0.13358163833618164,639.55078125
3989,0.0745384693145752,637.796875
3990,0.06695222854614258,638.0
3991,0.13602542877197266,636.796875
3992,0.11533570289611816,637.4140625
3993,0.15403175354003906,637.2421875
3994,0.12562894821166992,636.90625
3995,0.13954591751098633,637.90234375
3996,0.17520713806152344,638.50390625
3997,0.1532118320465088,637.30078125
3998,0.14960217475891113,638.29296875
3999,0.11248636245727539,639.74609375
4000,0.13266372680664062,639.61328125
4001,0.13503360748291016,638.55078125
4002,0.15507102012634277,638.92578125
4003,0.1385338306427002,640.3046875
4004,0.10171151161193848,638.703125
4005,0.1222679615020752,637.53125
4006,0.1265876293182373,639.4609375
4007,0.1514129638671875,638.5546875
4008,0.1588270664215088,639.3671875
4009,0.14362096786499023,640.17578125
4010,0.1326444149017334,639.65234375
4011,0.14802908897399902,642.5
4012,0.1309189796447754,640.6796875
4013,0.1484663486480713,641.71484375
4014,0.11190176010131836,641.03515625
4015,0.1281743049621582,641.88671875
4016,0.15783357620239258,640.828125
4017,0.13506436347961426,642.375
4018,0.1384730339050293,640.046875
4019,0.14542746543884277,643.33203125
4020,0.1476285457611084,641.6875
4021,0.1364123821258545,642.85546875
4022,0.13110995292663574,641.27734375
4023,0.14873099327087402,643.359375
4024,0.13329124450683594,641.91796875
4025,0.07340621948242188,642.6640625
4026,0.1282362937927246,642.50390625
4027,0.1319434642791748,641.58984375
4028,0.15069031715393066,642.16015625
4029,0.1471385955810547,646.51953125
4030,0.09808921813964844,641.8984375
4031,0.1393299102783203,642.19140625
4032,0.2165086269378662,642.96484375
4033,0.15224719047546387,641.67578125
4034,0.16566061973571777,643.9453125
4035,0.16520929336547852,643.99609375
4036,0.15705657005310059,644.0859375
4037,0.13678216934204102,643.828125
4038,0.14994382858276367,642.44921875
4039,0.1560220718383789,642.484375
4040,0.14277124404907227,643.921875
4041,0.14871907234191895,644.42578125
4042,0.1345667839050293,644.390625
4043,0.17459702491760254,644.6328125
4044,0.16856169700622559,645.51171875
4045,0.0921945571899414,644.4921875
4046,0.128523588180542,647.4296875
4047,0.12825584411621094,644.1875
4048,0.11867284774780273,644.23046875
4049,0.14856481552124023,646.0859375
4050,0.15436840057373047,645.8046875
4051,0.135056734085083,644.90625
4052,0.16800713539123535,646.32421875
4053,0.08888912200927734,646.25390625
4054,0.14306426048278809,647.72265625
4055,0.13271236419677734,648.1640625
4056,0.08049440383911133,647.48828125
4057,0.18962740898132324,646.4921875
4058,0.17988181114196777,648.75
4059,0.1544644832611084,645.765625
4060,0.14629459381103516,648.09765625
4061,0.14757418632507324,646.69140625
4062,0.17599773406982422,648.2890625
4063,0.16272974014282227,647.203125
4064,0.12055039405822754,649.625
4065,0.13462138175964355,648.24609375
4066,0.15156078338623047,650.6640625
4067,0.11426019668579102,649.06640625
4068,0.1478877067565918,649.36328125
4069,0.14572668075561523,651.46875
4070,0.11803102493286133,651.26953125
4071,0.09996533393859863,647.9375
4072,0.13072586059570312,647.9921875
4073,0.13303613662719727,649.734375
4074,0.11782407760620117,648.53515625
4075,0.15293002128601074,648.87890625
4076,0.13812565803527832,650.24609375
4077,0.10323572158813477,650.88671875
4078,0.15069222450256348,650.796875
4079,0.1497209072113037,652.1796875
4080,0.11727499961853027,650.82421875
4081,0.11028385162353516,647.2265625
4082,0.14304494857788086,650.92578125
4083,0.13809919357299805,650.9921875
4084,0.11831784248352051,651.41796875
4085,0.11194920539855957,653.26171875
4086,0.14965462684631348,650.28515625
4087,0.07725286483764648,650.4296875
4088,0.12374019622802734,651.65234375
4089,0.0903022289276123,650.61328125
4090,0.1503608226776123,652.16796875
4091,0.11670231819152832,651.5234375
4092,0.1519925594329834,651.6328125
4093,0.14240789413452148,650.76953125
4094,0.13745999336242676,651.0234375
4095,0.1515951156616211,651.20703125
4096,0.1601557731628418,651.3671875
4097,0.1378312110900879,651.203125
4098,0.15430903434753418,650.52734375
4099,0.10611343383789062,650.21875
4100,0.10445547103881836,650.375
4101,0.1398313045501709,650.1171875
4102,0.1499485969543457,652.18359375
4103,0.10044145584106445,652.3046875
4104,0.12518310546875,652.3046875
4105,0.15915417671203613,653.19140625
4106,0.11827826499938965,653.3515625
4107,0.07791280746459961,653.171875
4108,0.1376478672027588,652.6875
4109,0.14008402824401855,651.328125
4110,0.14331388473510742,653.91796875
4111,0.13785195350646973,652.71484375
4112,0.13240385055541992,654.20703125
4113,0.12113308906555176,651.4453125
4114,0.14579510688781738,653.64453125
4115,0.16681742668151855,653.92578125
4116,0.11157488822937012,655.046875
4117,0.1663532257080078,655.5
4118,0.13632535934448242,654.953125
4119,0.14067292213439941,653.265625
4120,0.10410404205322266,653.7265625
4121,0.11215353012084961,653.25
4122,0.16449761390686035,653.85546875
4123,0.16490435600280762,653.76171875
4124,0.132720947265625,653.25
4125,0.14334654808044434,654.64453125
4126,0.1173546314239502,653.90625
4127,0.16486668586730957,652.8828125
4128,0.12610125541687012,654.1484375
4129,0.1309492588043213,655.1484375
4130,0.1328582763671875,654.5859375
4131,0.13953042030334473,655.2890625
4132,0.1319727897644043,653.64453125
4133,0.09871363639831543,654.609375
4134,0.09830284118652344,654.625
4135,0.13216161727905273,655.515625
4136,0.12712574005126953,655.4765625
4137,0.15059471130371094,656.02734375
4138,0.12369966506958008,654.32421875
4139,0.11999154090881348,656.23828125
4140,0.13576507568359375,653.15625
4141,0.1297769546508789,655.40234375
4142,0.12592506408691406,654.69140625
4143,0.11190390586853027,653.56640625
4144,0.0894472599029541,655.33203125
4145,0.14413857460021973,656.421875
4146,0.11148738861083984,657.67578125
4147,0.1480579376220703,655.7734375
4148,0.11549973487854004,655.4296875
4149,0.15886950492858887,657.3125
4150,0.1214439868927002,658.25390625
4151,0.1724708080291748,655.04296875
4152,0.1406245231628418,658.15234375
4153,0.15073871612548828,658.30078125
4154,0.14522266387939453,657.7734375
4155,0.10040950775146484,657.78515625
4156,0.18578743934631348,659.58203125
4157,0.0826573371887207,659.57421875
4158,0.1564347743988037,658.25390625
4159,0.1265108585357666,659.09765625
4160,0.13887357711791992,657.75
4161,0.11664700508117676,658.25390625
4162,0.13386178016662598,659.1484375
4163,0.16764283180236816,658.62890625
4164,0.1160886287689209,657.015625
4165,0.13611102104187012,658.6875
4166,0.14911723136901855,659.3671875
4167,0.1690971851348877,657.32421875
4168,0.1499316692352295,660.89453125
4169,0.14997220039367676,658.80859375
4170,0.15956473350524902,659.98046875
4171,0.10749053955078125,663.78125
4172,0.1361684799194336,659.9765625
4173,0.15898942947387695,661.015625
4174,0.17742252349853516,660.8828125
4175,0.1067502498626709,660.98046875
4176,0.11282181739807129,660.1953125
4177,0.12168717384338379,661.69140625
4178,0.18051815032958984,660.3984375
4179,0.09800362586975098,661.5625
4180,0.13883686065673828,662.1328125
4181,0.08962321281433105,663.39453125
4182,0.12675070762634277,660.625
4183,0.1365957260131836,660.0703125
4184,0.09961748123168945,660.1484375
4185,0.10484123229980469,660.78515625
4186,0.17072272300720215,661.04296875
4187,0.1538398265838623,662.47265625
4188,0.11412477493286133,660.1484375
4189,0.11679792404174805,661.37890625
4190,0.1860651969909668,661.875
4191,0.12334465980529785,660.77734375
4192,0.12147092819213867,661.73828125
4193,0.14426422119140625,661.26171875
4194,0.1262521743774414,662.23828125
4195,0.12945127487182617,661.09375
4196,0.14754962921142578,661.4453125
4197,0.10071492195129395,660.41015625
4198,0.11081409454345703,663.95703125
4199,0.11854243278503418,662.0546875
4200,0.12363743782043457,660.81640625
4201,0.0852351188659668,661.859375
4202,0.12475156784057617,661.2734375
4203,0.1312117576599121,661.94921875
4204,0.13546276092529297,668.16796875
4205,0.1182861328125,661.46484375
4206,0.19052433967590332,663.70703125
4207,0.15835976600646973,661.80859375
4208,0.07349801063537598,662.21484375
4209,0.12638545036315918,663.8984375
4210,0.11903119087219238,664.78125
4211,0.16062092781066895,663.9140625
4212,0.14605116844177246,663.37109375
4213,0.11919689178466797,663.640625
4214,0.09940409660339355,664.95703125
4215,0.13025999069213867,663.58203125
4216,0.14077067375183105,664.515625
4217,0.13251638412475586,665.15234375
4218,0.14155006408691406,665.9296875
4219,0.13899898529052734,664.77734375
4220,0.17436528205871582,664.7578125
4221,0.13246726989746094,665.5390625
4222,0.11122679710388184,665.71484375
4223,0.14113163948059082,661.14453125
4224,0.11526894569396973,667.0625
4225,0.125535249710083,664.703125
4226,0.14325428009033203,666.5625
4227,0.09962058067321777,664.62109375
4228,0.12099170684814453,665.4453125
4229,0.11772847175598145,667.15234375
4230,0.11782193183898926,664.3359375
4231,0.1318366527557373,664.29296875
4232,0.16282320022583008,665.6171875
4233,0.1335897445678711,664.65625
4234,0.14762520790100098,663.953125
4235,0.14064264297485352,664.2890625
4236,0.15712642669677734,666.3203125
4237,0.14014935493469238,665.00390625
4238,0.1271822452545166,665.07421875
4239,0.1330242156982422,667.609375
4240,0.12813377380371094,668.1875
4241,0.15931129455566406,668.046875
4242,0.11650609970092773,668.8828125
4243,0.10555815696716309,668.2578125
4244,0.13602995872497559,668.21484375
4245,0.13840651512145996,669.20703125
4246,0.129136323928833,670.15625
4247,0.11817479133605957,664.96875
4248,0.1756119728088379,665.62890625
4249,0.12065744400024414,666.53515625
4250,0.1430375576019287,668.44140625
4251,0.13188505172729492,667.46484375
4252,0.15250134468078613,668.62890625
4253,0.11623167991638184,668.08984375
4254,0.12726616859436035,668.82421875
4255,0.13190698623657227,669.42578125
4256,0.11676836013793945,668.1484375
4257,0.12313079833984375,668.94921875
4258,0.14087414741516113,668.5859375
4259,0.11735129356384277,669.0
4260,0.15085363388061523,669.8203125
4261,0.13528871536254883,667.23046875
4262,0.15620708465576172,668.49609375
4263,0.14463186264038086,669.0234375
4264,0.09095168113708496,668.70703125
4265,0.12937164306640625,668.87890625
4266,0.1391887664794922,670.52734375
4267,0.13506698608398438,668.05078125
4268,0.14643120765686035,668.3515625
4269,0.1503283977508545,670.01953125
4270,0.15224885940551758,670.6640625
4271,0.10344219207763672,670.5546875
4272,0.12914443016052246,669.87890625
4273,0.1174163818359375,670.203125
4274,0.14222216606140137,671.50390625
4275,0.12141108512878418,670.01171875
4276,0.14798259735107422,669.89453125
4277,0.1168816089630127,671.046875
4278,0.14269614219665527,671.28515625
4279,0.17030858993530273,671.87890625
4280,0.13756442070007324,669.91015625
4281,0.11397290229797363,671.0078125
4282,0.16366052627563477,674.03125
4283,0.12659978866577148,670.9296875
4284,0.12677407264709473,673.4453125
4285,0.14442706108093262,672.30078125
4286,0.14990830421447754,673.62890625
4287,0.1503746509552002,673.8671875
4288,0.11929202079772949,672.765625
4289,0.1172940731048584,673.73828125
4290,0.1367809772491455,675.62109375
4291,0.13344979286193848,674.41015625
4292,0.1443486213684082,675.4140625
4293,0.09707307815551758,675.1484375
4294,0.13196372985839844,674.02734375
4295,0.10868334770202637,674.109375
4296,0.13910746574401855,676.62890625
4297,0.12946510314941406,675.62109375
4298,0.11516356468200684,673.49609375
4299,0.1263720989227295,674.6953125
4300,0.14971494674682617,676.7890625
4301,0.13674592971801758,674.10546875
4302,0.13146257400512695,675.12890625
4303,0.13268303871154785,675.46484375
4304,0.13350677490234375,673.9765625
4305,0.13487601280212402,673.73828125
4306,0.10245156288146973,674.31640625
4307,0.13229775428771973,676.75
4308,0.11581635475158691,676.890625
4309,0.08152031898498535,675.859375
4310,0.0797572135925293,673.9140625
4311,0.15827345848083496,674.21875
4312,0.08515048027038574,674.70703125
4313,0.1353912353515625,675.6640625
4314,0.14959359169006348,675.921875
4315,0.13268685340881348,674.6875
4316,0.1371910572052002,674.13671875
4317,0.09578299522399902,674.1953125
4318,0.13687419891357422,674.4375
4319,0.11411094665527344,675.64453125
4320,0.13959980010986328,677.56640625
4321,0.1650829315185547,674.625
4322,0.15296649932861328,675.1171875
4323,0.10109925270080566,674.8671875
4324,0.12150716781616211,674.4375
4325,0.11347317695617676,674.984375
4326,0.12835955619812012,674.8515625
4327,0.11509418487548828,674.9375
4328,0.14883971214294434,674.6171875
4329,0.1290299892425537,675.1875
4330,0.14012908935546875,675.2890625
4331,0.1489417552947998,676.0546875
4332,0.1515817642211914,674.83984375
4333,0.133514404296875,676.609375
4334,0.12370872497558594,676.61328125
4335,0.07149338722229004,675.51953125
4336,0.15423059463500977,675.82421875
4337,0.13055706024169922,676.97265625
4338,0.14999842643737793,677.25390625
4339,0.11325907707214355,676.953125
4340,0.11132526397705078,678.0625
4341,0.10728573799133301,677.7890625
4342,0.16955041885375977,677.390625
4343,0.1470475196838379,676.2578125
4344,0.13670945167541504,676.69140625
4345,0.14000773429870605,677.5546875
4346,0.15754342079162598,678.828125
4347,0.14693570137023926,678.33203125
4348,0.14464807510375977,679.13671875
4349,0.15747308731079102,679.21484375
4350,0.1197366714477539,679.76171875
4351,0.11295700073242188,678.140625
4352,0.08001065254211426,677.61328125
4353,0.13511896133422852,678.140625
4354,0.11644744873046875,677.4921875
4355,0.14705324172973633,679.32421875
4356,0.15301895141601562,678.2578125
4357,0.14164328575134277,679.30078125
4358,0.09677743911743164,680.546875
4359,0.12789320945739746,681.21875
4360,0.09206104278564453,680.04296875
4361,0.11227726936340332,681.65625
4362,0.12981009483337402,678.5546875
4363,0.14261221885681152,677.234375
4364,0.12478923797607422,679.64453125
4365,0.14394712448120117,680.91015625
4366,0.1367042064666748,680.3515625
4367,0.14445900917053223,680.8359375
4368,0.1130979061126709,680.39453125
4369,0.11529922485351562,681.0390625
4370,0.13704872131347656,680.93359375
4371,0.13159871101379395,679.765625
4372,0.11239314079284668,680.68359375
4373,0.11859440803527832,679.58203125
4374,0.1359860897064209,681.3125
4375,0.1469743251800537,679.58203125
4376,0.13680672645568848,681.109375
4377,0.11791801452636719,678.9765625
4378,0.12415027618408203,683.1171875
4379,0.14871668815612793,681.73828125
4380,0.1083834171295166,680.63671875
4381,0.1598982810974121,682.03125
4382,0.11328268051147461,682.95703125
4383,0.12467741966247559,683.890625
4384,0.07118940353393555,681.8125
4385,0.16752171516418457,683.203125
4386,0.13135981559753418,684.1953125
4387,0.14119458198547363,685.76171875
4388,0.12385725975036621,683.125
4389,0.13687586784362793,683.8984375
4390,0.13953614234924316,683.9375
4391,0.15618062019348145,684.41796875
4392,0.14821958541870117,684.29296875
4393,0.12368464469909668,685.12109375
4394,0.16840910911560059,683.61328125
4395,0.13258576393127441,685.89453125
4396,0.12689614295959473,682.67578125
4397,0.1767876148223877,686.23046875
4398,0.1535651683807373,685.24609375
4399,0.06433916091918945,684.515625
4400,0.17316055297851562,684.98046875
4401,0.1296372413635254,686.25390625
4402,0.13219308853149414,684.33203125
4403,0.14305949211120605,686.65625
4404,0.12975168228149414,685.8203125
4405,0.1599423885345459,686.05859375
4406,0.1423649787902832,686.15625
4407,0.07843589782714844,683.6953125
4408,0.12019181251525879,686.46484375
4409,0.1356818675994873,684.875
4410,0.14983415603637695,686.421875
4411,0.1112520694732666,684.12109375
4412,0.13568520545959473,685.6640625
4413,0.13184356689453125,684.6875
4414,0.1269388198852539,686.3046875
4415,0.12459230422973633,685.796875
4416,0.13816595077514648,686.4140625
4417,0.15395355224609375,685.5078125
4418,0.13443326950073242,687.00390625
4419,0.13614583015441895,685.1953125
4420,0.13973188400268555,688.0859375
4421,0.11948084831237793,686.34765625
4422,0.13550901412963867,687.22265625
4423,0.13439702987670898,686.38671875
4424,0.18007469177246094,688.40625
4425,0.12141203880310059,685.6328125
4426,0.1854996681213379,685.875
4427,0.13734960556030273,684.2421875
4428,0.1588442325592041,686.4296875
4429,0.08097457885742188,688.203125
4430,0.12233567237854004,688.60546875
4431,0.06732773780822754,687.35546875
4432,0.14772248268127441,689.7109375
4433,0.13815546035766602,686.79296875
4434,0.1321547031402588,687.7421875
4435,0.13156723976135254,687.87109375
4436,0.13958430290222168,688.17578125
4437,0.15908098220825195,687.29296875
4438,0.09310793876647949,687.94921875
4439,0.13126230239868164,687.62890625
4440,0.13106656074523926,687.296875
4441,0.14997410774230957,688.234375
4442,0.15940618515014648,689.78125
4443,0.15041780471801758,688.85546875
4444,0.1326756477355957,689.17578125
4445,0.15374159812927246,689.2109375
4446,0.1424548625946045,688.94921875
4447,0.12766265869140625,690.16015625
4448,0.12858104705810547,691.33203125
4449,0.15353822708129883,689.16796875
4450,0.13135385513305664,691.06640625
4451,0.1513974666595459,688.5
4452,0.15778279304504395,693.359375
4453,0.14659810066223145,690.453125
4454,0.1670055389404297,690.671875
4455,0.12111186981201172,690.8203125
4456,0.1331801414489746,691.16015625
4457,0.1369023323059082,690.66015625
4458,0.1550307273864746,691.5
4459,0.12939953804016113,692.01953125
4460,0.10771417617797852,694.06640625
4461,0.14901423454284668,691.49609375
4462,0.11695694923400879,691.265625
4463,0.10209870338439941,692.0859375
4464,0.16725754737854004,691.52734375
4465,0.16085290908813477,693.43359375
4466,0.1472492218017578,691.51171875
4467,0.0860748291015625,691.92578125
4468,0.14852547645568848,692.80078125
4469,0.1347637176513672,690.6015625
4470,0.13663077354431152,692.203125
4471,0.22808051109313965,692.35546875
4472,0.18784427642822266,692.421875
4473,0.14171719551086426,691.58203125
4474,0.13467884063720703,691.8515625
4475,0.14960479736328125,694.3046875
4476,0.05849123001098633,691.55859375
4477,0.14682722091674805,691.53515625
4478,0.13923025131225586,691.359375
4479,0.12872886657714844,693.0078125
4480,0.10286903381347656,691.3515625
4481,0.16515636444091797,692.83203125
4482,0.13414692878723145,691.953125
4483,0.11090636253356934,692.921875
4484,0.08634662628173828,692.54296875
4485,0.12604331970214844,696.6015625
4486,0.13553977012634277,693.6875
4487,0.08655881881713867,694.73046875
4488,0.16708636283874512,695.1484375
4489,0.10612344741821289,693.85546875
4490,0.14533305168151855,695.28515625
4491,0.11968684196472168,693.4375
4492,0.07030272483825684,693.74609375
4493,0.15389800071716309,694.08984375
4494,0.14114141464233398,695.08984375
4495,0.08753442764282227,692.3046875
4496,0.12677502632141113,694.65625
4497,0.10648870468139648,693.48828125
4498,0.09850859642028809,693.78515625
4499,0.1692347526550293,694.37890625
4500,0.10506629943847656,693.6953125
4501,0.13739919662475586,692.671875
4502,0.13870954513549805,692.23828125
4503,0.11461114883422852,693.7890625
4504,0.12952303886413574,695.06640625
4505,0.1492152214050293,694.7109375
4506,0.13422608375549316,694.41015625
4507,0.1367332935333252,693.77734375
4508,0.16593217849731445,695.0703125
4509,0.12132406234741211,695.30859375
4510,0.1179804801940918,693.44921875
4511,0.15037941932678223,694.8046875
4512,0.13048648834228516,693.5546875
4513,0.11327862739562988,695.2421875
4514,0.13053297996520996,696.6484375
4515,0.09709644317626953,695.80859375
4516,0.1545119285583496,697.41015625
4517,0.06815695762634277,698.2109375
4518,0.15641546249389648,697.921875
4519,0.13852334022521973,697.11328125
4520,0.18185210227966309,697.24609375
4521,0.1506328582763672,697.70703125
4522,0.14358830451965332,698.67578125
4523,0.1429598331451416,697.91796875
4524,0.142225980758667,698.8515625
4525,0.13083434104919434,699.59375
4526,0.1669609546661377,699.09765625
4527,0.15224099159240723,699.41796875
4528,0.14316964149475098,698.33984375
4529,0.11231279373168945,699.28515625
4530,0.13598966598510742,700.37109375
4531,0.10646271705627441,700.8359375
4532,0.14984774589538574,699.7265625
4533,0.13960790634155273,698.890625
4534,0.13169407844543457,698.296875
4535,0.15038681030273438,699.0234375
4536,0.12758255004882812,700.62890625
4537,0.1349029541015625,700.2109375
4538,0.15090012550354004,698.84375
4539,0.16641521453857422,699.6328125
4540,0.17406845092773438,700.33984375
4541,0.1039438247680664,698.66015625
4542,0.16291189193725586,699.36328125
4543,0.11894941329956055,699.27734375
4544,0.14013218879699707,699.51171875
4545,0.1513500213623047,699.859375
4546,0.1654825210571289,700.54296875
4547,0.1537342071533203,701.15234375
4548,0.11713743209838867,700.17578125
4549,0.13296270370483398,699.875
4550,0.1220700740814209,701.6640625
4551,0.11085963249206543,701.08984375
4552,0.11595773696899414,702.234375
4553,0.12632536888122559,700.484375
4554,0.1395890712738037,701.359375
4555,0.12445640563964844,699.49609375
4556,0.1274266242980957,700.8828125
4557,0.16070055961608887,701.3125
4558,0.11946868896484375,700.8359375
4559,0.12049603462219238,701.765625
4560,0.061065673828125,702.3984375
4561,0.1820392608642578,702.453125
4562,0.1691124439239502,701.98046875
4563,0.1508636474609375,702.37890625
4564,0.16483259201049805,702.15625
4565,0.17754173278808594,701.5703125
4566,0.18593525886535645,703.40234375
4567,0.15347528457641602,704.05859375
4568,0.14880681037902832,704.67578125
4569,0.13394570350646973,703.6796875
4570,0.14562439918518066,703.96484375
4571,0.13275551795959473,704.72265625
4572,0.15856647491455078,705.5859375
4573,0.14446067810058594,704.59375
4574,0.07078933715820312,702.6953125
4575,0.12292647361755371,703.64453125
4576,0.18536829948425293,705.15625
4577,0.2851221561431885,704.453125
4578,0.17091608047485352,705.54296875
4579,0.1762218475341797,706.83203125
4580,0.13239789009094238,705.203125
4581,0.131300687789917,705.76953125
4582,0.12746787071228027,707.78125
4583,0.1429152488708496,705.53515625
4584,0.15054607391357422,705.37109375
4585,0.16733860969543457,707.625
4586,0.17311501502990723,708.30859375
4587,0.15112805366516113,708.2734375
4588,0.14188480377197266,707.55078125
4589,0.15099310874938965,707.79296875
4590,0.14515948295593262,708.59765625
4591,0.12855792045593262,708.3359375
4592,0.1337294578552246,707.35546875
4593,0.14660096168518066,710.7421875
4594,0.11330080032348633,709.51171875
4595,0.15436553955078125,709.7734375
4596,0.11710286140441895,710.890625
4597,0.12691473960876465,709.71484375
4598,0.1336514949798584,708.8984375
4599,0.1653275489807129,708.88671875
4600,0.20283055305480957,710.21484375
4601,0.10032129287719727,708.0546875
4602,0.14873743057250977,708.86328125
4603,0.1383345127105713,709.421875
4604,0.15255403518676758,710.65234375
4605,0.14781689643859863,709.47265625
4606,0.15025067329406738,711.0859375
4607,0.16712212562561035,710.26171875
4608,0.13199782371520996,710.48046875
4609,0.2074422836303711,711.6171875
4610,0.1523909568786621,712.0625
4611,0.12074685096740723,712.40234375
4612,0.10034394264221191,712.203125
4613,0.1417679786682129,712.55859375
4614,0.14740538597106934,712.37109375
4615,0.1174013614654541,711.33203125
4616,0.16573166847229004,710.99609375
4617,0.1612844467163086,712.65234375
4618,0.18534469604492188,712.65625
4619,0.12605810165405273,714.98046875
4620,0.11278367042541504,713.3515625
4621,0.1511063575744629,711.7421875
4622,0.10797262191772461,712.640625
4623,0.14290833473205566,712.0703125
4624,0.1480700969696045,712.46875
4625,0.1448230743408203,714.3125
4626,0.10216188430786133,711.609375
4627,0.11870431900024414,713.01953125
4628,0.14401006698608398,713.62109375
4629,0.1693742275238037,712.2734375
4630,0.13407325744628906,712.30859375
4631,0.07790994644165039,712.5390625
4632,0.15358257293701172,717.2265625
4633,0.12959551811218262,715.97265625
4634,0.15104961395263672,713.87890625
4635,0.12271642684936523,712.19140625
4636,0.1737840175628662,713.296875
4637,0.17317795753479004,713.96875
4638,0.15278172492980957,712.1015625
4639,0.11875581741333008,711.7109375
4640,0.1390841007232666,712.62890625
4641,0.11764144897460938,712.70703125
4642,0.15834283828735352,714.3203125
4643,0.1395401954650879,712.18359375
4644,0.11136198043823242,713.01171875
4645,0.15534353256225586,714.28125
4646,0.15643930435180664,714.25
4647,0.1386408805847168,714.27734375
4648,0.12862014770507812,715.6484375
4649,0.16331982612609863,716.13671875
4650,0.1520082950592041,714.453125
4651,0.1040048599243164,714.5859375
4652,0.11478400230407715,714.15625
4653,0.11736249923706055,713.8984375
4654,0.16314125061035156,714.91796875
4655,0.13115215301513672,713.29296875
4656,0.10788273811340332,714.0546875
4657,0.17622661590576172,714.51953125
4658,0.1241612434387207,715.0703125
4659,0.12432503700256348,714.9609375
4660,0.15223169326782227,715.26171875
4661,0.15700840950012207,715.5703125
4662,0.06818175315856934,715.26171875
4663,0.15858888626098633,717.125
4664,0.10604143142700195,715.67578125
4665,0.1313009262084961,714.55078125
4666,0.1607952117919922,716.06640625
4667,0.11696290969848633,715.6796875
4668,0.11182165145874023,716.59375
4669,0.14907479286193848,715.5234375
4670,0.14183330535888672,717.22265625
4671,0.13249802589416504,715.609375
4672,0.1569223403930664,717.2578125
4673,0.1528024673461914,717.86328125
4674,0.1494894027709961,717.42578125
4675,0.1621243953704834,717.30078125
4676,0.13970088958740234,719.3125
4677,0.11890530586242676,717.16015625
4678,0.11738967895507812,717.7890625
4679,0.12763762474060059,716.859375
4680,0.14944195747375488,718.5
4681,0.16649436950683594,718.96875
4682,0.1465747356414795,719.265625
4683,0.18623757362365723,718.83203125
4684,0.1340320110321045,718.14453125
4685,0.11298990249633789,720.5
4686,0.14652109146118164,719.4140625
4687,0.13217973709106445,717.5078125
4688,0.14493107795715332,718.06640625
4689,0.18666791915893555,719.79296875
4690,0.1673898696899414,720.24609375
4691,0.1568925380706787,720.5703125
4692,0.1344904899597168,719.4296875
4693,0.11851811408996582,719.80078125
4694,0.07717609405517578,718.71875
4695,0.18599557876586914,721.265625
4696,0.10613489151000977,720.36328125
4697,0.14587736129760742,718.98046875
4698,0.20494556427001953,718.91015625
4699,0.16077566146850586,719.56640625
4700,0.15902042388916016,720.42578125
4701,0.19643425941467285,721.08203125
4702,0.19693493843078613,720.4765625
4703,0.16188430786132812,719.671875
4704,0.13514065742492676,720.109375
4705,0.16988134384155273,719.43359375
4706,0.10109138488769531,720.7421875
4707,0.14014983177185059,722.30859375
4708,0.14020442962646484,721.140625
4709,0.15055465698242188,720.44921875
4710,0.11313581466674805,722.71875
4711,0.13321709632873535,721.49609375
4712,0.13319134712219238,721.3515625
4713,0.13591241836547852,722.359375
4714,0.13243722915649414,721.66015625
4715,0.16526150703430176,722.20703125
4716,0.1457195281982422,722.5703125
4717,0.15816116333007812,721.5703125
4718,0.1600503921508789,722.02734375
4719,0.1390244960784912,723.90625
4720,0.07461071014404297,722.859375
4721,0.13853669166564941,723.78515625
4722,0.13492846488952637,722.74609375
4723,0.12669730186462402,724.98046875
4724,0.1298215389251709,722.5390625
4725,0.1417388916015625,724.98046875
4726,0.11744856834411621,723.58984375
4727,0.09648704528808594,724.37890625
4728,0.14629077911376953,723.79296875
4729,0.1364727020263672,723.56640625
4730,0.1365349292755127,724.91015625
4731,0.14680051803588867,725.76171875
4732,0.10962915420532227,725.99609375
4733,0.12897944450378418,723.42578125
4734,0.11635088920593262,725.1484375
4735,0.13325786590576172,725.27734375
4736,0.0985252857208252,725.421875
4737,0.12242603302001953,724.13671875
4738,0.15487933158874512,728.1875
4739,0.15011167526245117,725.8515625
4740,0.12944507598876953,726.51171875
4741,0.12769055366516113,726.015625
4742,0.15328335762023926,725.27734375
4743,0.12758350372314453,726.7734375
4744,0.13285088539123535,725.84375
4745,0.10525083541870117,726.30859375
4746,0.09323930740356445,726.59375
4747,0.12621617317199707,725.625
4748,0.10991764068603516,727.09375
4749,0.14592456817626953,726.49609375
4750,0.1394786834716797,726.92578125
4751,0.13195490837097168,727.28125
4752,0.12705421447753906,725.80078125
4753,0.13324284553527832,726.796875
4754,0.1243143081665039,725.9140625
4755,0.10918021202087402,727.171875
4756,0.1499936580657959,725.37109375
4757,0.12965106964111328,726.04296875
4758,0.06909942626953125,728.234375
4759,0.14261555671691895,727.05078125
4760,0.10122013092041016,726.984375
4761,0.15730071067810059,728.0859375
4762,0.1343519687652588,728.62109375
4763,0.13268470764160156,729.12890625
4764,0.08767962455749512,729.2578125
4765,0.08934998512268066,729.640625
4766,0.14336299896240234,729.39453125
4767,0.09514451026916504,729.53125
4768,0.16462182998657227,729.33984375
4769,0.16060090065002441,730.32421875
4770,0.1487722396850586,731.40234375
4771,0.0842132568359375,729.4375
4772,0.0769035816192627,729.484375
4773,0.1433115005493164,728.6640625
4774,0.13468098640441895,730.078125
4775,0.1495192050933838,730.05859375
4776,0.1704094409942627,731.26171875
4777,0.14319205284118652,730.625
4778,0.12157702445983887,731.48828125
4779,0.13791680335998535,730.30859375
4780,0.12812042236328125,731.4296875
4781,0.14209461212158203,730.9140625
4782,0.17619061470031738,731.97265625
4783,0.11059308052062988,733.171875
4784,0.14996123313903809,731.7890625
4785,0.16314363479614258,731.32421875
4786,0.1497335433959961,732.96484375
4787,0.14407944679260254,732.60546875
4788,0.1476588249206543,730.4609375
4789,0.1407604217529297,732.7578125
4790,0.1399526596069336,732.1015625
4791,0.14638113975524902,730.6953125
4792,0.14988470077514648,731.64453125
4793,0.16719651222229004,732.25390625
4794,0.1279299259185791,731.4765625
4795,0.14159560203552246,733.02734375
4796,0.16648459434509277,732.46484375
4797,0.1679677963256836,732.70703125
4798,0.09806156158447266,732.3203125
4799,0.1355113983154297,734.03515625
4800,0.17243504524230957,734.01953125
4801,0.13936781883239746,733.10546875
4802,0.12712979316711426,734.2578125
4803,0.15004396438598633,734.28515625
4804,0.08248710632324219,732.5
4805,0.11324334144592285,732.11328125
4806,0.09192180633544922,732.7109375
4807,0.17348146438598633,733.734375
4808,0.15323519706726074,733.6796875
4809,0.1298542022705078,733.30078125
4810,0.15028762817382812,733.34765625
4811,0.13124942779541016,736.44921875
4812,0.08716249465942383,732.56640625
4813,0.15285134315490723,734.04296875
4814,0.1286468505859375,736.09765625
4815,0.1508016586303711,734.63671875
4816,0.10077643394470215,736.05859375
4817,0.16197681427001953,735.32421875
4818,0.08269071578979492,734.5078125
4819,0.1094820499420166,735.5234375
4820,0.14867520332336426,735.28515625
4821,0.18106985092163086,738.11328125
4822,0.16743183135986328,737.05078125
4823,0.13533902168273926,735.93359375
4824,0.13413596153259277,735.58203125
4825,0.09535431861877441,737.3359375
4826,0.14727187156677246,736.78515625
4827,0.15315604209899902,738.16015625
4828,0.14447498321533203,738.765625
4829,0.14723634719848633,737.3671875
4830,0.13910937309265137,738.38671875
4831,0.11343741416931152,738.19140625
4832,0.14900636672973633,738.55859375
4833,0.12967395782470703,738.8125
4834,0.15588045120239258,736.75390625
4835,0.13399052619934082,737.37109375
4836,0.1498126983642578,737.625
4837,0.13468718528747559,739.6640625
4838,0.11478638648986816,737.7421875
4839,0.13256192207336426,738.796875
4840,0.14661145210266113,737.79296875
4841,0.14996552467346191,739.484375
4842,0.15044689178466797,736.46875
4843,0.09315347671508789,737.859375
4844,0.11225652694702148,737.87109375
4845,0.1333906650543213,737.71484375
4846,0.1495664119720459,737.74609375
4847,0.15471744537353516,739.7109375
4848,0.08958315849304199,738.4921875
4849,0.14112353324890137,740.3125
4850,0.1357870101928711,738.7109375
4851,0.14356780052185059,739.80859375
4852,0.11940312385559082,738.00390625
4853,0.13078713417053223,739.0390625
4854,0.13999581336975098,741.50390625
4855,0.10328054428100586,739.328125
4856,0.14853262901306152,739.8671875
4857,0.15670251846313477,739.46875
4858,0.1683483123779297,740.23046875
4859,0.14384794235229492,743.0625
4860,0.14264154434204102,739.81640625
4861,0.15353894233703613,741.265625
4862,0.13529515266418457,740.9609375
4863,0.14042401313781738,742.16015625
4864,0.12885832786560059,741.06640625
4865,0.15066814422607422,740.5859375
4866,0.13845467567443848,741.27734375
4867,0.14435029029846191,742.3359375
4868,0.13588690757751465,741.109375
4869,0.14023232460021973,741.88671875
4870,0.16570281982421875,741.73046875
4871,0.14235377311706543,739.6796875
4872,0.1253969669342041,741.19140625
4873,0.13087701797485352,740.66015625
4874,0.11247801780700684,739.80078125
4875,0.1425631046295166,740.24609375
4876,0.14092326164245605,743.328125
4877,0.13144946098327637,741.52734375
4878,0.14397883415222168,742.0859375
4879,0.17799711227416992,740.1640625
4880,0.15267610549926758,744.03125
4881,0.08583664894104004,742.90234375
4882,0.09318375587463379,742.2109375
4883,0.09305095672607422,741.6796875
4884,0.10125279426574707,742.80859375
4885,0.13364934921264648,743.3984375
4886,0.1727139949798584,742.984375
4887,0.18162035942077637,743.02734375
4888,0.11554837226867676,743.546875
4889,0.12476015090942383,744.65625
4890,0.1809072494506836,742.49609375
4891,0.1551799774169922,741.68359375
4892,0.14812850952148438,742.64453125
4893,0.14001917839050293,742.87109375
4894,0.1524190902709961,743.2734375
4895,0.13437199592590332,742.69921875
4896,0.1493215560913086,742.828125
4897,0.11843514442443848,743.94140625
4898,0.15122485160827637,744.5234375
4899,0.14525985717773438,742.97265625
4900,0.13407588005065918,744.70703125
4901,0.11516070365905762,743.875
4902,0.11610221862792969,744.44921875
4903,0.12864303588867188,745.890625
4904,0.13202166557312012,744.5703125
4905,0.11467194557189941,743.6640625
4906,0.17814230918884277,745.73828125
4907,0.11725664138793945,744.125
4908,0.10046529769897461,744.625
4909,0.11812019348144531,744.0546875
4910,0.12094807624816895,743.95703125
4911,0.12882089614868164,744.3671875
4912,0.12733149528503418,745.71875
4913,0.11904287338256836,745.8671875
4914,0.09893178939819336,743.27734375
4915,0.13493895530700684,744.48046875
4916,0.15024065971374512,746.41015625
4917,0.13407540321350098,746.37890625
4918,0.1458275318145752,745.265625
4919,0.13788342475891113,744.81640625
4920,0.10635089874267578,743.59375
4921,0.13322925567626953,744.71875
4922,0.09581518173217773,746.05859375
4923,0.16512727737426758,745.91015625
4924,0.1538679599761963,744.93359375
4925,0.1410834789276123,742.9375
4926,0.15041899681091309,746.046875
4927,0.11949491500854492,745.7109375
4928,0.12280154228210449,745.45703125
4929,0.12006115913391113,747.56640625
4930,0.11103010177612305,745.64453125
4931,0.15683722496032715,747.10546875
4932,0.1597762107849121,745.47265625
4933,0.12186193466186523,747.890625
4934,0.11821985244750977,745.578125
4935,0.19689488410949707,745.7734375
4936,0.08353996276855469,746.18359375
4937,0.1291065216064453,748.3203125
4938,0.13185739517211914,747.65234375
4939,0.1495366096496582,746.35546875
4940,0.1306922435760498,748.03515625
4941,0.14920353889465332,747.91015625
4942,0.12563109397888184,747.84375
4943,0.13813185691833496,748.6015625
4944,0.10207748413085938,748.83984375
4945,0.14072608947753906,749.02734375
4946,0.12509918212890625,748.0703125
4947,0.11073660850524902,749.92578125
4948,0.16047954559326172,751.13671875
4949,0.1337263584136963,748.75
4950,0.12800168991088867,749.8125
4951,0.0479426383972168,749.88671875
4952,0.19034838676452637,748.84375
4953,0.12959861755371094,749.6484375
4954,0.11205863952636719,750.20703125
4955,0.14904236793518066,749.25
4956,0.12129831314086914,749.25
4957,0.1506497859954834,749.66796875
4958,0.1312403678894043,751.24609375
4959,0.1349804401397705,750.703125
4960,0.1274855136871338,752.21875
4961,0.11873269081115723,750.25390625
4962,0.1810901165008545,751.08984375
4963,0.14591360092163086,751.08984375
4964,0.18450689315795898,752.02734375
4965,0.13349556922912598,752.12890625
4966,0.12897324562072754,752.1328125
4967,0.1480104923248291,752.1015625
4968,0.13363885879516602,752.30078125
4969,0.13383865356445312,752.15234375
4970,0.14803481101989746,751.16796875
4971,0.11822223663330078,751.69921875
4972,0.16581964492797852,750.00390625
4973,0.14328932762145996,752.1640625
4974,0.15362548828125,752.3203125
4975,0.1309375762939453,750.7265625
4976,0.14764022827148438,752.71484375
4977,0.16964077949523926,753.06640625
4978,0.14487504959106445,751.66796875
4979,0.13112783432006836,751.078125
4980,0.14936304092407227,751.46484375
4981,0.19423770904541016,752.578125
4982,0.17038631439208984,752.60546875
4983,0.1552734375,750.96484375
4984,0.17009615898132324,752.8515625
4985,0.1308143138885498,752.37890625
4986,0.13625073432922363,752.1015625
4987,0.14769411087036133,752.61328125
4988,0.1184234619140625,751.39453125
4989,0.11336588859558105,751.3828125
4990,0.12983965873718262,753.3828125
4991,0.12799739837646484,751.44921875
4992,0.16154265403747559,752.25390625
4993,0.13691473007202148,753.83984375
4994,0.11907386779785156,751.9453125
4995,0.12781643867492676,752.5078125
4996,0.13832926750183105,753.16796875
4997,0.13093852996826172,752.71875
4998,0.1687166690826416,753.03125
4999,0.1507561206817627,753.38671875
5000,0.09035992622375488,755.12890625
5001,0.1833326816558838,755.5234375
5002,0.14890003204345703,754.4453125
5003,0.15197110176086426,755.62890625
5004,0.15808701515197754,754.14453125
5005,0.12984514236450195,754.94140625
5006,0.14869022369384766,754.61328125
5007,0.15190863609313965,756.21484375
5008,0.12437891960144043,755.87890625
5009,0.12726140022277832,755.50390625
5010,0.19345498085021973,755.8828125
5011,0.13661670684814453,754.92578125
5012,0.13450098037719727,756.28515625
5013,0.17928075790405273,755.16015625
5014,0.13790321350097656,756.70703125
5015,0.12033843994140625,757.37109375
5016,0.1696329116821289,757.61328125
5017,0.10303092002868652,756.9765625
5018,0.1495828628540039,755.46484375
5019,0.11596202850341797,758.4609375
5020,0.12627673149108887,757.9375
5021,0.13539481163024902,755.75390625
5022,0.15053701400756836,756.10546875
5023,0.19072246551513672,758.46484375
5024,0.14915871620178223,758.58203125
5025,0.15279817581176758,760.08203125
5026,0.12903094291687012,760.2890625
5027,0.10235333442687988,760.12109375
5028,0.13236021995544434,758.5390625
5029,0.17713117599487305,758.72265625
5030,0.14694523811340332,760.96875
5031,0.13872885704040527,759.00390625
5032,0.13058686256408691,759.6171875
5033,0.054086923599243164,760.44140625
5034,0.1467571258544922,758.9609375
5035,0.11823320388793945,759.9453125
5036,0.13342666625976562,759.9453125
5037,0.12449312210083008,761.921875
5038,0.08653521537780762,760.46875
5039,0.14319157600402832,759.78125
5040,0.12901878356933594,760.05078125
5041,0.11511874198913574,760.2421875
5042,0.12320947647094727,762.2734375
5043,0.16240429878234863,761.26953125
5044,0.06875967979431152,760.23828125
5045,0.1442108154296875,761.76171875
5046,0.13016986846923828,759.43359375
5047,0.16609549522399902,762.765625
5048,0.12964177131652832,762.15234375
5049,0.14904308319091797,763.9765625
5050,0.16389870643615723,761.890625
5051,0.1795330047607422,763.65625
5052,0.11709022521972656,765.12109375
5053,0.13401460647583008,763.03125
5054,0.17448925971984863,762.85546875
5055,0.13836216926574707,761.3828125
5056,0.14299416542053223,763.421875
5057,0.15787315368652344,761.90234375
5058,0.17027783393859863,762.51171875
5059,0.1266791820526123,764.3125
5060,0.14750361442565918,762.43359375
5061,0.17319464683532715,762.7890625
5062,0.11024093627929688,763.6171875
5063,0.15207719802856445,763.78515625
5064,0.13976287841796875,763.41796875
5065,0.1325244903564453,761.48046875
5066,0.13448429107666016,763.26953125
5067,0.11157727241516113,763.82421875
5068,0.09866070747375488,762.40234375
5069,0.14078760147094727,763.296875
5070,0.12035512924194336,761.5859375
5071,0.12902235984802246,764.16015625
5072,0.13515782356262207,763.2890625
5073,0.14908146858215332,763.453125
5074,0.17621421813964844,763.3359375
5075,0.14009928703308105,762.85546875
5076,0.17709708213806152,764.01171875
5077,0.14195036888122559,763.2265625
5078,0.13519883155822754,764.3671875
5079,0.14356470108032227,764.44140625
5080,0.11962413787841797,762.1171875
5081,0.19590258598327637,763.91796875
5082,0.07273387908935547,765.0390625
5083,0.17472028732299805,764.52734375
5084,0.13917136192321777,763.75
5085,0.0693364143371582,765.03515625
5086,0.1737370491027832,765.71484375
5087,0.1041259765625,764.0234375
5088,0.14154362678527832,765.7890625
5089,0.12673044204711914,764.05859375
5090,0.11812233924865723,765.4609375
5091,0.12775897979736328,766.56640625
5092,0.11098504066467285,762.9140625
5093,0.07556796073913574,763.30078125
5094,0.1214146614074707,765.046875
5095,0.1441643238067627,765.3515625
5096,0.1183462142944336,766.25
5097,0.1672961711883545,766.38671875
5098,0.18131780624389648,765.13671875
5099,0.13489770889282227,765.8828125
5100,0.13520383834838867,765.50390625
5101,0.12864065170288086,766.15234375
5102,0.16522741317749023,766.50390625
5103,0.15333175659179688,765.2578125
5104,0.14853191375732422,764.96484375
5105,0.14572405815124512,765.2109375
5106,0.13406014442443848,767.1015625
5107,0.14996099472045898,766.0859375
5108,0.15271615982055664,767.0703125
5109,0.11455821990966797,767.19140625
5110,0.10398697853088379,765.44921875
5111,0.12424826622009277,768.15625
5112,0.14177989959716797,770.49609375
5113,0.13877272605895996,766.609375
5114,0.14128780364990234,766.39453125
5115,0.12346410751342773,767.55859375
5116,0.16310548782348633,767.86328125
5117,0.1684727668762207,766.83203125
5118,0.05252814292907715,767.8359375
5119,0.15436482429504395,769.17578125
5120,0.13472270965576172,768.40625
5121,0.14232659339904785,767.23046875
5122,0.14830589294433594,767.91796875
5123,0.09355306625366211,768.078125
5124,0.1379404067993164,770.5390625
5125,0.04812788963317871,767.97265625
5126,0.12703466415405273,769.55859375
5127,0.13074254989624023,768.7578125
5128,0.11812901496887207,768.8515625
5129,0.1452476978302002,767.66015625
5130,0.14023590087890625,768.08984375
5131,0.13322210311889648,768.5859375
5132,0.1249699592590332,768.875
5133,0.15674424171447754,768.9296875
5134,0.12863588333129883,769.59375
5135,0.14990830421447754,769.76953125
5136,0.12923717498779297,770.0078125
5137,0.14074993133544922,770.16796875
5138,0.1426866054534912,769.1640625
5139,0.15957140922546387,770.49609375
5140,0.06606149673461914,770.7578125
5141,0.17359185218811035,770.44140625
5142,0.15201091766357422,771.0390625
5143,0.07137346267700195,771.46484375
5144,0.14759564399719238,770.59375
5145,0.1382439136505127,775.09765625
5146,0.13083624839782715,771.59375
5147,0.1671133041381836,773.3203125
5148,0.1486952304840088,773.91015625
5149,0.14370107650756836,770.265625
5150,0.08472466468811035,772.12109375
5151,0.1902904510498047,771.45703125
5152,0.1459817886352539,771.3984375
5153,0.16425251960754395,772.26171875
5154,0.20082783699035645,772.33984375
5155,0.145125150680542,771.48828125
5156,0.13464045524597168,772.5859375
5157,0.13062119483947754,773.2734375
5158,0.19195914268493652,773.44140625
5159,0.1446847915649414,772.78515625
5160,0.1656811237335205,774.72265625
5161,0.11513924598693848,773.3828125
5162,0.13364768028259277,772.91015625
5163,0.15909981727600098,774.90234375
5164,0.14451074600219727,774.41015625
5165,0.15439534187316895,774.30078125
5166,0.19622802734375,775.10546875
5167,0.18226051330566406,775.23046875
5168,0.16849303245544434,774.6015625
5169,0.14692091941833496,775.859375
5170,0.1614091396331787,774.81640625
5171,0.17628788948059082,774.125
5172,0.15203166007995605,775.515625
5173,0.13293695449829102,775.453125
5174,0.18182754516601562,774.5078125
5175,0.1504051685333252,773.8359375
5176,0.13516950607299805,775.62890625
5177,0.15737462043762207,776.3125
5178,0.14787530899047852,774.69921875
5179,0.06078696250915527,776.58984375
5180,0.12688374519348145,776.20703125
5181,0.16414141654968262,777.15625
5182,0.1750936508178711,777.4453125
5183,0.08927011489868164,775.39453125
5184,0.14218378067016602,777.9609375
5185,0.12437987327575684,777.40234375
5186,0.12394905090332031,777.6171875
5187,0.15706300735473633,776.76953125
5188,0.17796087265014648,777.6171875
5189,0.15241408348083496,778.8671875
5190,0.18025517463684082,776.671875
5191,0.16071820259094238,778.19921875
5192,0.11937928199768066,778.0703125
5193,0.10936474800109863,778.91796875
5194,0.16722559928894043,778.28125
5195,0.21460604667663574,776.56640625
5196,0.1474466323852539,777.24609375
5197,0.14020681381225586,778.36328125
5198,0.1395246982574463,777.69140625
5199,0.1014246940612793,775.82421875
5200,0.16148018836975098,777.75390625
5201,0.1376500129699707,779.4375
5202,0.15081119537353516,779.33984375
5203,0.1363997459411621,777.16015625
5204,0.19227862358093262,777.50390625
5205,0.15309786796569824,777.9609375
5206,0.12795782089233398,778.62109375
5207,0.16645097732543945,777.88671875
5208,0.1315622329711914,778.1484375
5209,0.10697340965270996,779.375
5210,0.15935087203979492,777.7734375
5211,0.15840888023376465,778.359375
5212,0.18822813034057617,780.62109375
5213,0.13883066177368164,778.65625
5214,0.10070228576660156,778.328125
5215,0.14286231994628906,778.34765625
5216,0.13263416290283203,779.15625
5217,0.13271880149841309,777.3515625
5218,0.13388490676879883,778.484375
5219,0.1582794189453125,779.765625
5220,0.14905023574829102,778.6484375
5221,0.10475850105285645,780.84375
5222,0.13757610321044922,779.15625
5223,0.12918996810913086,781.703125
5224,0.1346721649169922,779.49609375
5225,0.1756141185760498,780.2734375
5226,0.15640592575073242,778.5625
5227,0.14278101921081543,780.55859375
5228,0.11590194702148438,781.40625
5229,0.15883636474609375,780.21875
5230,0.06263184547424316,781.3515625
5231,0.14310789108276367,780.79296875
5232,0.12081718444824219,782.13671875
5233,0.12744545936584473,782.51953125
5234,0.13390016555786133,780.21484375
5235,0.15803909301757812,781.5703125
5236,0.12654376029968262,779.67578125
5237,0.1153573989868164,781.890625
5238,0.13440537452697754,781.359375
5239,0.12986016273498535,783.12890625
5240,0.1489558219909668,780.9453125
5241,0.10248208045959473,781.55078125
5242,0.14567303657531738,780.44140625
5243,0.13443446159362793,781.20703125
5244,0.10148239135742188,780.16015625
5245,0.12121748924255371,780.4921875
5246,0.1442737579345703,782.0859375
5247,0.11615395545959473,782.71875
5248,0.11976885795593262,781.42578125
5249,0.13954925537109375,782.7578125
5250,0.11890602111816406,782.6640625
5251,0.14431142807006836,782.01171875
5252,0.12152218818664551,779.9765625
5253,0.11499500274658203,782.48046875
5254,0.1668715476989746,784.7265625
5255,0.16286015510559082,784.046875
5256,0.14339041709899902,785.64453125
5257,0.1601731777191162,785.1015625
5258,0.04990124702453613,784.34765625
5259,0.19160199165344238,784.484375
5260,0.16453814506530762,784.60546875
5261,0.1046297550201416,783.3125
5262,0.11765360832214355,784.109375
5263,0.15901494026184082,784.8515625
5264,0.12231206893920898,784.89453125
5265,0.1365218162536621,783.71875
5266,0.14438652992248535,785.05859375
5267,0.19333529472351074,784.71484375
5268,0.17386698722839355,785.74609375
5269,0.18564701080322266,784.25390625
5270,0.1381664276123047,785.6015625
5271,0.17314624786376953,785.51953125
5272,0.1467137336730957,785.84765625
5273,0.12868618965148926,784.95703125
5274,0.14612746238708496,786.22265625
5275,0.18300604820251465,784.4453125
5276,0.1133723258972168,785.11328125
5277,0.14687347412109375,785.234375
5278,0.12032461166381836,785.55078125
5279,0.13419628143310547,786.4296875
5280,0.12978649139404297,783.9375
5281,0.07828974723815918,784.703125
5282,0.15827226638793945,784.9296875
5283,0.15576839447021484,786.30859375
5284,0.10414314270019531,785.890625
5285,0.11506962776184082,787.93359375
5286,0.1332998275756836,785.5859375
5287,0.1484978199005127,785.75
5288,0.1500992774963379,786.32421875
5289,0.15294265747070312,785.68359375
5290,0.13236355781555176,786.43359375
5291,0.16124343872070312,786.2421875
5292,0.13238143920898438,784.734375
5293,0.14730525016784668,787.43359375
5294,0.0890653133392334,787.7265625
5295,0.12691164016723633,786.3515625
5296,0.1625521183013916,785.83984375
5297,0.08193778991699219,786.08203125
5298,0.16486811637878418,786.65234375
5299,0.15387821197509766,786.19140625
5300,0.05837416648864746,785.72265625
5301,0.1447591781616211,786.6640625
5302,0.13314032554626465,786.08203125
5303,0.16657757759094238,785.15625
5304,0.13882064819335938,787.3203125
5305,0.12560534477233887,789.78515625
5306,0.1542985439300537,787.47265625
5307,0.12897944450378418,788.6171875
5308,0.15769553184509277,786.76171875
5309,0.13044261932373047,786.39453125
5310,0.14061665534973145,786.9609375
5311,0.05655384063720703,788.078125
5312,0.14294981956481934,787.46875
5313,0.1355457305908203,790.1328125
5314,0.11835908889770508,787.5546875
5315,0.12801766395568848,788.5625
5316,0.13648772239685059,787.23828125
5317,0.1871480941772461,789.15625
5318,0.1580207347869873,787.98828125
5319,0.09949636459350586,789.76171875
5320,0.12242841720581055,788.35546875
5321,0.15552163124084473,787.796875
5322,0.11219215393066406,787.95703125
5323,0.14005422592163086,788.5703125
5324,0.15325522422790527,786.62890625
5325,0.1306474208831787,789.49609375
5326,0.12869024276733398,789.01953125
5327,0.1506657600402832,789.54296875
5328,0.15041279792785645,788.7265625
5329,0.13015532493591309,787.75390625
5330,0.12665224075317383,789.1171875
5331,0.06297993659973145,790.66015625
5332,0.12672996520996094,789.96875
5333,0.14890193939208984,790.76171875
5334,0.1350717544555664,791.24609375
5335,0.11788249015808105,790.65234375
5336,0.14764022827148438,792.1015625
5337,0.15424513816833496,792.421875
5338,0.12835454940795898,793.05859375
5339,0.13506555557250977,792.7890625
5340,0.14913225173950195,792.859375
5341,0.15937209129333496,793.25390625
5342,0.17824554443359375,790.37109375
5343,0.15298199653625488,794.49609375
5344,0.13048672676086426,792.96875
5345,0.14591526985168457,793.5625
5346,0.13404536247253418,794.8203125
5347,0.13507461547851562,794.7109375
5348,0.13043522834777832,794.20703125
5349,0.14526700973510742,795.1328125
5350,0.11083579063415527,796.421875
5351,0.13364052772521973,795.67578125
5352,0.1453254222869873,795.92578125
5353,0.19692182540893555,794.58984375
5354,0.14116811752319336,794.60546875
5355,0.16013741493225098,795.3046875
5356,0.19811344146728516,795.64453125
5357,0.1567537784576416,794.46484375
5358,0.14653468132019043,795.5234375
5359,0.1768019199371338,795.28515625
5360,0.17206263542175293,795.86328125
5361,0.15743231773376465,795.2109375
5362,0.15198469161987305,794.69921875
5363,0.16333723068237305,796.28515625
5364,0.13331842422485352,795.80859375
5365,0.1366288661956787,795.23046875
5366,0.1708357334136963,798.671875
5367,0.1611161231994629,795.60546875
5368,0.12042951583862305,795.23828125
5369,0.158982515335083,795.75
5370,0.1299593448638916,795.44921875
5371,0.1221930980682373,795.3828125
5372,0.15829110145568848,796.36328125
5373,0.1404869556427002,797.42578125
5374,0.1303422451019287,795.6484375
5375,0.15010499954223633,797.89453125
5376,0.1439955234527588,796.9296875
5377,0.17735743522644043,796.953125
5378,0.10195493698120117,795.9609375
5379,0.0897374153137207,796.53515625
5380,0.16348481178283691,797.15234375
5381,0.1515946388244629,798.42578125
5382,0.13665127754211426,798.58984375
5383,0.10074234008789062,798.87109375
5384,0.14368605613708496,796.60546875
5385,0.16294384002685547,796.921875
5386,0.13272500038146973,797.3125
5387,0.17854833602905273,798.57421875
5388,0.13490772247314453,798.4375
5389,0.10532093048095703,798.1796875
5390,0.1437549591064453,797.48828125
5391,0.20971345901489258,797.3203125
5392,0.16197538375854492,799.64453125
5393,0.09569096565246582,799.01171875
5394,0.08687949180603027,799.11328125
5395,0.14297914505004883,798.8671875
5396,0.15360665321350098,799.6875
5397,0.14813995361328125,798.9765625
5398,0.14677643775939941,798.90625
5399,0.12269926071166992,798.54296875
5400,0.12284398078918457,798.69140625
5401,0.13735699653625488,800.52734375
5402,0.14287257194519043,799.3828125
5403,0.1879885196685791,800.27734375
5404,0.14793729782104492,798.6171875
5405,0.14755868911743164,799.0390625
5406,0.13957571983337402,799.015625
5407,0.1418616771697998,800.1953125
5408,0.1314234733581543,798.20703125
5409,0.1507573127746582,800.4609375
5410,0.1475963592529297,800.1015625
5411,0.1512126922607422,800.49609375
5412,0.16078591346740723,797.93359375
5413,0.1364748477935791,800.0546875
5414,0.1277451515197754,799.921875
5415,0.17878055572509766,802.421875
5416,0.164048433303833,801.9140625
5417,0.15604758262634277,800.7734375
5418,0.14384984970092773,802.04296875
5419,0.15148186683654785,802.4609375
5420,0.16650032997131348,800.31640625
5421,0.16381001472473145,800.83203125
5422,0.1351771354675293,802.66015625
5423,0.12356781959533691,806.53125
5424,0.1519603729248047,801.796875
5425,0.16506671905517578,802.29296875
5426,0.0862877368927002,801.984375
5427,0.1032557487487793,801.6015625
5428,0.19431090354919434,803.03125
5429,0.13889026641845703,803.625
5430,0.1430213451385498,805.44140625
5431,0.1288599967956543,806.9140625
5432,0.1615302562713623,803.78515625
5433,0.1323683261871338,805.95703125
5434,0.11356806755065918,803.859375
5435,0.16147780418395996,804.16796875
5436,0.17381739616394043,805.51171875
5437,0.14820551872253418,805.6484375
5438,0.15080809593200684,807.5546875
5439,0.12466716766357422,807.3359375
5440,0.1276226043701172,806.87109375
5441,0.11500287055969238,805.828125
5442,0.15929722785949707,807.71484375
5443,0.13253402709960938,808.41796875
5444,0.11895275115966797,808.953125
5445,0.19720768928527832,807.90625
5446,0.10421037673950195,807.1875
5447,0.20350956916809082,807.28125
5448,0.15397334098815918,808.59765625
5449,0.07948470115661621,805.875
5450,0.15343475341796875,806.66015625
5451,0.13482952117919922,806.609375
5452,0.09294819831848145,806.89453125
5453,0.15399837493896484,806.86328125
5454,0.16282415390014648,807.10546875
5455,0.16583514213562012,806.6875
5456,0.16784310340881348,806.15234375
5457,0.12787461280822754,807.96875
5458,0.16623544692993164,807.41015625
5459,0.1500873565673828,805.359375
5460,0.13466787338256836,805.3671875
5461,0.11439156532287598,807.06640625
5462,0.14935660362243652,805.61328125
5463,0.15013718605041504,807.5078125
5464,0.08241963386535645,807.15234375
5465,0.11367201805114746,805.32421875
5466,0.20143938064575195,807.07421875
5467,0.14156293869018555,808.359375
5468,0.12487196922302246,807.72265625
5469,0.12849020957946777,805.6015625
5470,0.1511528491973877,808.45703125
5471,0.14671611785888672,805.98046875
5472,0.1689014434814453,805.390625
5473,0.1127171516418457,807.0546875
5474,0.13314270973205566,805.09765625
5475,0.13898587226867676,807.3515625
5476,0.11806511878967285,805.37890625
5477,0.14379334449768066,807.76953125
5478,0.10877084732055664,807.3515625
5479,0.10393190383911133,806.5703125
5480,0.12455058097839355,807.1015625
5481,0.1277937889099121,805.6953125
5482,0.14460372924804688,808.15234375
5483,0.13829445838928223,805.61328125
5484,0.1425490379333496,807.04296875
5485,0.16466283798217773,807.81640625
5486,0.1504077911376953,808.7734375
5487,0.14794683456420898,810.55078125
5488,0.13027596473693848,810.37890625
5489,0.12696409225463867,811.02734375
5490,0.13955187797546387,807.59375
5491,0.1431283950805664,811.08203125
5492,0.15136027336120605,811.76953125
5493,0.12902545928955078,809.15234375
5494,0.16025018692016602,810.07421875
5495,0.1603546142578125,811.45703125
5496,0.15760326385498047,811.1875
5497,0.1580219268798828,812.18359375
5498,0.14482760429382324,811.9375
5499,0.13886761665344238,810.1015625
5500,0.12558984756469727,809.90625
5501,0.13153362274169922,811.0625
5502,0.11675500869750977,812.12890625
5503,0.11871218681335449,811.734375
5504,0.14252829551696777,812.5078125
5505,0.13564443588256836,811.5078125
5506,0.16755151748657227,810.89453125
5507,0.15895748138427734,810.5859375
5508,0.11764907836914062,811.484375
5509,0.15832853317260742,810.3828125
5510,0.14869070053100586,811.6640625
5511,0.16983771324157715,811.81640625
5512,0.16654658317565918,810.5546875
5513,0.14595627784729004,812.296875
5514,0.1258223056793213,813.734375
5515,0.14129090309143066,812.1640625
5516,0.12789463996887207,812.00390625
5517,0.12989592552185059,811.765625
5518,0.11177396774291992,814.2265625
5519,0.13071155548095703,813.2734375
5520,0.09891867637634277,815.15625
5521,0.13317108154296875,812.9921875
5522,0.1594235897064209,814.38671875
5523,0.14467859268188477,816.37890625
5524,0.14021682739257812,816.265625
5525,0.16391539573669434,815.046875
5526,0.1355912685394287,815.28125
5527,0.19019031524658203,816.78125
5528,0.16195154190063477,816.8828125
5529,0.1510612964630127,816.93359375
5530,0.16048741340637207,816.24609375
5531,0.14745306968688965,816.36328125
5532,0.1411588191986084,818.265625
5533,0.1668844223022461,817.359375
5534,0.0805811882019043,817.16796875
5535,0.15284442901611328,817.12890625
5536,0.1993100643157959,816.671875
5537,0.15103578567504883,817.38671875
5538,0.17542386054992676,818.125
5539,0.16823101043701172,816.98046875
5540,0.14764165878295898,819.5703125
5541,0.16205525398254395,818.37890625
5542,0.08803462982177734,818.046875
5543,0.143829345703125,817.984375
5544,0.14860057830810547,817.9765625
5545,0.15106701850891113,818.6875
5546,0.13412117958068848,818.22265625
5547,0.1242685317993164,820.66015625
5548,0.14400291442871094,818.59765625
5549,0.15488576889038086,818.546875
5550,0.11599493026733398,820.77734375
5551,0.13387799263000488,820.91015625
5552,0.15851426124572754,819.06640625
5553,0.14591264724731445,820.203125
5554,0.15222620964050293,820.9296875
5555,0.16285204887390137,821.53125
5556,0.10785365104675293,819.83203125
5557,0.11188340187072754,820.9765625
5558,0.1529836654663086,821.00390625
5559,0.14486479759216309,820.91796875
5560,0.14437198638916016,820.015625
5561,0.11614704132080078,818.8125
5562,0.14258098602294922,820.73828125
5563,0.11604952812194824,820.11328125
5564,0.12546420097351074,821.5625
5565,0.06718730926513672,820.296875
5566,0.08813619613647461,820.140625
5567,0.12909364700317383,819.875
5568,0.09226369857788086,821.56640625
5569,0.17578911781311035,819.1484375
5570,0.05119729042053223,821.0546875
5571,0.06589794158935547,819.54296875
5572,0.11913251876831055,819.53125
5573,0.18042993545532227,821.015625
5574,0.12805438041687012,820.80078125
5575,0.08489561080932617,821.16796875
5576,0.1430370807647705,819.734375
5577,0.13797760009765625,820.17578125
5578,0.13761663436889648,819.8828125
5579,0.15048766136169434,820.1875
5580,0.1379714012145996,819.2890625
5581,0.1897108554840088,821.0703125
5582,0.13517022132873535,820.59375
5583,0.1312580108642578,819.77734375
5584,0.12337136268615723,820.26953125
5585,0.09743309020996094,821.5625
5586,0.15339970588684082,820.12109375
5587,0.13561367988586426,820.87890625
5588,0.12792730331420898,820.63671875
5589,0.102508544921875,821.0625
5590,0.16425824165344238,822.0078125
5591,0.15587377548217773,820.359375
5592,0.1547856330871582,820.37890625
5593,0.11043095588684082,820.2578125
5594,0.13945531845092773,821.6640625
5595,0.16128849983215332,819.79296875
5596,0.14992356300354004,822.65625
5597,0.13249945640563965,820.01953125
5598,0.13394737243652344,822.61328125
5599,0.07972121238708496,823.0
5600,0.14226675033569336,820.83984375
5601,0.09209275245666504,821.33984375
5602,0.0856931209564209,821.265625
5603,0.16729140281677246,821.91796875
5604,0.1994459629058838,822.69921875
5605,0.13610529899597168,822.484375
5606,0.09439349174499512,825.48828125
5607,0.1420731544494629,823.59765625
5608,0.1466541290283203,824.9375
5609,0.14395356178283691,823.96875
5610,0.16411399841308594,825.16015625
5611,0.10033869743347168,824.13671875
5612,0.09940409660339355,825.03515625
5613,0.11732339859008789,823.00390625
5614,0.1512906551361084,823.8515625
5615,0.15900850296020508,823.91796875
5616,0.16242742538452148,825.84765625
5617,0.17925691604614258,825.5234375
5618,0.06811356544494629,827.83203125
5619,0.15810060501098633,826.96875
5620,0.10741138458251953,826.8125
5621,0.1411910057067871,825.6640625
5622,0.14220666885375977,826.65234375
5623,0.13336443901062012,825.33203125
5624,0.14145731925964355,827.0546875
5625,0.1415083408355713,825.65234375
5626,0.14270758628845215,826.03125
5627,0.13882827758789062,826.03125
5628,0.15374422073364258,825.98828125
5629,0.12927937507629395,826.28515625
5630,0.12772893905639648,827.94140625
5631,0.18340826034545898,826.125
5632,0.15362143516540527,826.0703125
5633,0.13033795356750488,826.3125
5634,0.06858086585998535,826.83203125
5635,0.11149334907531738,825.27734375
5636,0.1554245948791504,827.15234375
5637,0.14544177055358887,827.44921875
5638,0.1965794563293457,826.94140625
5639,0.13673019409179688,826.37890625
5640,0.14090847969055176,826.875
5641,0.12502002716064453,826.72265625
5642,0.16185975074768066,826.86328125
5643,0.1688685417175293,826.7890625
5644,0.15087509155273438,826.89453125
5645,0.14837026596069336,829.30078125
5646,0.16188693046569824,828.8828125
5647,0.14554738998413086,829.546875
5648,0.1598660945892334,831.55078125
5649,0.16462421417236328,828.2109375
5650,0.13784193992614746,827.99609375
5651,0.12906980514526367,829.04296875
5652,0.12627553939819336,828.734375
5653,0.15534257888793945,830.22265625
5654,0.09005618095397949,828.70703125
5655,0.07782292366027832,828.75390625
5656,0.14353513717651367,830.71484375
5657,0.15368890762329102,827.34375
5658,0.15070438385009766,830.05859375
5659,0.11621809005737305,827.48828125
5660,0.14912652969360352,828.484375
5661,0.14775419235229492,829.140625
5662,0.10999822616577148,831.66796875
5663,0.0862574577331543,828.21875
5664,0.13661766052246094,830.2421875
5665,0.15753602981567383,830.5703125
5666,0.11629605293273926,828.23828125
5667,0.14882659912109375,829.2109375
5668,0.15045475959777832,829.9453125
5669,0.14635133743286133,830.015625
5670,0.1352543830871582,828.90625
5671,0.12503457069396973,828.8203125
5672,0.14349818229675293,830.3671875
5673,0.0885622501373291,831.0234375
5674,0.16107773780822754,830.78125
5675,0.13714146614074707,830.93359375
5676,0.1294572353363037,831.2578125
5677,0.11997079849243164,831.00390625
5678,0.13176274299621582,830.20703125
5679,0.16619062423706055,831.6171875
5680,0.17038249969482422,830.87890625
5681,0.13559412956237793,830.12890625
5682,0.12001323699951172,830.265625
5683,0.14793610572814941,830.484375
5684,0.1389598846435547,829.8828125
5685,0.11942863464355469,830.1796875
5686,0.14263343811035156,832.125
5687,0.15777254104614258,830.90625
5688,0.09559440612792969,830.98828125
5689,0.07484292984008789,829.953125
5690,0.1679832935333252,831.14453125
5691,0.16938114166259766,831.7890625
5692,0.14064502716064453,832.828125
5693,0.14436864852905273,832.15234375
5694,0.11481261253356934,832.12890625
5695,0.14002132415771484,832.16796875
5696,0.1269364356994629,833.4453125
5697,0.13403868675231934,831.0078125
5698,0.1525571346282959,834.01171875
5699,0.14533710479736328,831.671875
5700,0.1443033218383789,832.171875
5701,0.2201380729675293,833.20703125
5702,0.14934635162353516,832.94140625
5703,0.15354228019714355,837.5078125
5704,0.12095022201538086,833.27734375
5705,0.17403268814086914,833.046875
5706,0.15082430839538574,833.046875
5707,0.15180444717407227,832.98828125
5708,0.13164234161376953,832.734375
5709,0.1234276294708252,836.88671875
5710,0.13433337211608887,833.7265625
5711,0.14233827590942383,833.046875
5712,0.14616823196411133,834.4140625
5713,0.11263132095336914,835.00390625
5714,0.14034438133239746,834.44140625
5715,0.18288159370422363,836.18359375
5716,0.16794538497924805,835.5859375
5717,0.1260526180267334,836.8515625
5718,0.18388676643371582,835.19921875
5719,0.131636381149292,836.71484375
5720,0.1721653938293457,836.61328125
5721,0.14343023300170898,836.09375
5722,0.11144495010375977,835.42578125
5723,0.07316899299621582,835.82421875
5724,0.1342017650604248,836.9609375
5725,0.12716174125671387,835.3203125
5726,0.13779497146606445,835.87890625
5727,0.10300779342651367,836.03515625
5728,0.2393040657043457,837.14453125
5729,0.18889403343200684,835.76171875
5730,0.15940356254577637,836.4375
5731,0.1425316333770752,838.3515625
5732,0.182830810546875,835.65234375
5733,0.13805627822875977,836.7890625
5734,0.10273432731628418,836.36328125
5735,0.16458392143249512,836.27734375
5736,0.13434648513793945,837.390625
5737,0.1515059471130371,836.20703125
5738,0.1250321865081787,836.13671875
5739,0.18793940544128418,837.078125
5740,0.17240190505981445,837.86328125
5741,0.1391136646270752,838.04296875
5742,0.14894628524780273,838.015625
5743,0.1194453239440918,839.71875
5744,0.06999683380126953,839.171875
5745,0.14192891120910645,838.05859375
5746,0.13563203811645508,839.4375
5747,0.14320015907287598,839.0390625
5748,0.09453582763671875,839.0234375
5749,0.12777185440063477,838.75390625
5750,0.14541983604431152,839.94921875
5751,0.15976381301879883,837.765625
5752,0.15879297256469727,839.25390625
5753,0.12972617149353027,838.5546875
5754,0.14926862716674805,839.22265625
5755,0.13518619537353516,837.76953125
5756,0.16608858108520508,839.95703125
5757,0.12785887718200684,840.3125
5758,0.15844297409057617,838.93359375
5759,0.14620566368103027,840.109375
5760,0.13599061965942383,839.57421875
5761,0.09563088417053223,841.18359375
5762,0.12723612785339355,837.50390625
5763,0.14183568954467773,839.51171875
5764,0.11867952346801758,837.90234375
5765,0.12949728965759277,839.921875
5766,0.12672710418701172,839.0
5767,0.1554243564605713,840.046875
5768,0.15657854080200195,840.125
5769,0.11111187934875488,839.1015625
5770,0.14215636253356934,839.2890625
5771,0.13616633415222168,840.7265625
5772,0.14491796493530273,838.8984375
5773,0.12232303619384766,841.265625
5774,0.12810325622558594,839.01953125
5775,0.15866661071777344,839.296875
5776,0.14172101020812988,841.609375
5777,0.15940141677856445,841.3828125
5778,0.15094804763793945,842.45703125
5779,0.12834548950195312,842.15234375
5780,0.1486833095550537,841.53515625
5781,0.12909889221191406,841.46484375
5782,0.14508628845214844,842.6171875
5783,0.18632245063781738,842.69921875
5784,0.16348528861999512,841.09375
5785,0.14464998245239258,842.34375
5786,0.10722637176513672,840.2265625
5787,0.12954020500183105,841.74609375
5788,0.10436654090881348,842.27734375
5789,0.14178991317749023,841.29296875
5790,0.1488204002380371,840.6640625
5791,0.11577010154724121,842.30078125
5792,0.12711668014526367,843.3359375
5793,0.07147336006164551,841.78515625
5794,0.12216496467590332,841.33984375
5795,0.15373659133911133,842.59375
5796,0.14769482612609863,844.16015625
5797,0.15159916877746582,845.33984375
5798,0.15401196479797363,842.79296875
5799,0.1193232536315918,845.62109375
5800,0.11654329299926758,843.1796875
5801,0.13431930541992188,843.2734375
5802,0.11112403869628906,843.62890625
5803,0.07670164108276367,843.3671875
5804,0.12018299102783203,842.75390625
5805,0.11684250831604004,843.859375
5806,0.13166546821594238,844.52734375
5807,0.14476394653320312,845.49609375
5808,0.14673638343811035,843.796875
5809,0.10527706146240234,843.296875
5810,0.09372925758361816,843.578125
5811,0.11640024185180664,844.375
5812,0.1522212028503418,845.2421875
5813,0.13388466835021973,844.171875
5814,0.14959287643432617,844.953125
5815,0.06798839569091797,843.94140625
5816,0.1432182788848877,846.4609375
5817,0.1157999038696289,845.8125
5818,0.16598200798034668,845.296875
5819,0.15111804008483887,845.3125
5820,0.1572554111480713,844.65625
5821,0.12094712257385254,844.921875
5822,0.1639857292175293,845.42578125
5823,0.1259782314300537,846.0078125
5824,0.14952754974365234,844.5
5825,0.13438868522644043,845.33984375
5826,0.1537160873413086,845.7265625
5827,0.08150577545166016,845.6484375
5828,0.12607979774475098,846.546875
5829,0.15397977828979492,845.97265625
5830,0.08837342262268066,844.89453125
5831,0.12265372276306152,847.19921875
5832,0.11414456367492676,845.26953125
5833,0.09000587463378906,846.46484375
5834,0.1728990077972412,845.44921875
5835,0.1456284523010254,845.83984375
5836,0.17437958717346191,845.13671875
5837,0.13306498527526855,845.25
5838,0.12952756881713867,845.87109375
5839,0.12119293212890625,845.3203125
5840,0.06672048568725586,847.40234375
5841,0.132368803024292,847.5
5842,0.14209723472595215,848.2578125
5843,0.11079907417297363,847.48046875
5844,0.12756752967834473,846.92578125
5845,0.14212846755981445,846.77734375
5846,0.18916034698486328,847.00390625
5847,0.13405442237854004,847.8046875
5848,0.2003629207611084,847.1484375
5849,0.12443661689758301,847.65625
5850,0.11389327049255371,847.51953125
5851,0.11797904968261719,847.00390625
5852,0.10230255126953125,847.4921875
5853,0.15079379081726074,847.19921875
5854,0.13176989555358887,845.5859375
5855,0.14518260955810547,844.62890625
5856,0.16715574264526367,848.71484375
5857,0.16264915466308594,849.16796875
5858,0.1480555534362793,845.1484375
5859,0.16828155517578125,848.0859375
5860,0.13364601135253906,850.48046875
5861,0.1555192470550537,848.26953125
5862,0.11301136016845703,848.23046875
5863,0.1663532257080078,847.890625
5864,0.1382758617401123,848.66796875
5865,0.15365886688232422,852.39453125
5866,0.16178226470947266,849.9609375
5867,0.1450190544128418,850.6484375
5868,0.12339591979980469,849.59765625
5869,0.15070247650146484,850.6953125
5870,0.14172124862670898,849.484375
5871,0.15095067024230957,849.40625
5872,0.1337273120880127,850.1796875
5873,0.13436579704284668,851.0546875
5874,0.12321281433105469,851.65625
5875,0.17469477653503418,850.46484375
5876,0.12063050270080566,849.77734375
5877,0.18001294136047363,850.3671875
5878,0.11563277244567871,850.07421875
5879,0.13528943061828613,852.21484375
5880,0.11765885353088379,850.7578125
5881,0.12292599678039551,853.47265625
5882,0.16750311851501465,851.94921875
5883,0.12957429885864258,852.34765625
5884,0.15233612060546875,850.8359375
5885,0.14788508415222168,850.34765625
5886,0.14252543449401855,851.171875
5887,0.15439939498901367,853.2265625
5888,0.16110849380493164,852.2109375
5889,0.1432938575744629,852.4453125
5890,0.16550683975219727,853.8671875
5891,0.1534876823425293,852.0546875
5892,0.16507673263549805,854.5625
5893,0.1699981689453125,855.1953125
5894,0.09798455238342285,855.01953125
5895,0.11377191543579102,857.8046875
5896,0.10664629936218262,855.45703125
5897,0.10681009292602539,855.484375
5898,0.16213130950927734,854.89453125
5899,0.1358509063720703,854.1953125
5900,0.12381124496459961,853.53515625
5901,0.14597582817077637,852.1875
5902,0.0981142520904541,853.00390625
5903,0.13042807579040527,854.4453125
5904,0.14000320434570312,854.46484375
5905,0.11749386787414551,852.59375
5906,0.12488269805908203,853.234375
5907,0.16388440132141113,852.84375
5908,0.1164548397064209,851.71875
5909,0.11061859130859375,853.34375
5910,0.14403820037841797,854.11328125
5911,0.14371776580810547,855.9921875
5912,0.13930320739746094,853.203125
5913,0.14020752906799316,852.75390625
5914,0.0854651927947998,854.76171875
5915,0.11040639877319336,857.24609375
5916,0.12669062614440918,854.921875
5917,0.1268622875213623,857.56640625
5918,0.1270284652709961,854.56640625
5919,0.13490629196166992,855.67578125
5920,0.14107394218444824,856.95703125
5921,0.15447711944580078,857.33203125
5922,0.14778447151184082,856.1328125
5923,0.17233538627624512,857.35546875
5924,0.14605236053466797,857.0703125
5925,0.16583895683288574,858.171875
5926,0.1289217472076416,858.3125
5927,0.1547694206237793,857.8203125
5928,0.1665205955505371,858.359375
5929,0.1263597011566162,858.54296875
5930,0.14144086837768555,859.046875
5931,0.141829252243042,857.81640625
5932,0.15228962898254395,859.62109375
5933,0.14303922653198242,859.78515625
5934,0.1694939136505127,859.04296875
5935,0.1576094627380371,857.8984375
5936,0.14448976516723633,858.33984375
5937,0.1796860694885254,860.02734375
5938,0.1444532871246338,858.7890625
5939,0.12590956687927246,858.140625
5940,0.1461472511291504,858.5
5941,0.19443583488464355,859.7578125
5942,0.1690983772277832,858.81640625
5943,0.1654973030090332,859.6796875
5944,0.12146949768066406,861.8671875
5945,0.09599494934082031,858.59375
5946,0.13810086250305176,859.203125
5947,0.0790245532989502,858.43359375
5948,0.08694314956665039,860.66015625
5949,0.16177773475646973,859.98046875
5950,0.17052626609802246,858.5625
5951,0.12854719161987305,859.640625
5952,0.16330385208129883,860.79296875
5953,0.15162277221679688,860.5625
5954,0.15985751152038574,860.94140625
5955,0.20125055313110352,860.98828125
5956,0.151641845703125,863.8203125
5957,0.10235047340393066,861.625
5958,0.14923524856567383,860.4921875
5959,0.15111351013183594,862.96484375
5960,0.15026330947875977,860.94140625
5961,0.118865966796875,859.47265625
5962,0.13085055351257324,860.46875
5963,0.11664319038391113,861.71484375
5964,0.10070037841796875,860.484375
5965,0.15839862823486328,862.8828125
5966,0.11447811126708984,861.7734375
5967,0.16141366958618164,861.5078125
5968,0.1513524055480957,863.10546875
5969,0.07082319259643555,862.109375
5970,0.12845897674560547,863.515625
5971,0.15007328987121582,861.92578125
5972,0.18219304084777832,864.0234375
5973,0.13093781471252441,864.421875
5974,0.13493990898132324,865.390625
5975,0.16291499137878418,863.7578125
5976,0.15040111541748047,865.26953125
5977,0.21489405632019043,863.87890625
5978,0.1582028865814209,864.56640625
5979,0.1516258716583252,863.015625
5980,0.1484673023223877,865.98046875
5981,0.15239906311035156,863.8828125
5982,0.14952707290649414,863.5859375
5983,0.1507861614227295,864.078125
5984,0.14399957656860352,864.140625
5985,0.1464223861694336,864.6484375
5986,0.14591455459594727,864.94140625
5987,0.09550309181213379,866.375
5988,0.12715530395507812,864.96484375
5989,0.14632320404052734,865.29296875
5990,0.15358400344848633,865.15234375
5991,0.17194104194641113,864.51953125
5992,0.14196991920471191,867.28125
5993,0.1440422534942627,867.5390625
5994,0.06711101531982422,865.27734375
5995,0.11072087287902832,865.6015625
5996,0.13995361328125,866.515625
5997,0.1503734588623047,864.265625
5998,0.14875054359436035,866.31640625
5999,0.14678478240966797,865.828125
6000,0.1314246654510498,866.765625
6001,0.11980414390563965,866.16796875
6002,0.15721797943115234,866.37890625
6003,0.15140295028686523,868.82421875
6004,0.11475777626037598,865.37109375
6005,0.11226105690002441,867.44140625
6006,0.1518845558166504,867.515625
6007,0.1524813175201416,868.21875
6008,0.11472892761230469,867.91015625
6009,0.05787062644958496,867.33203125
6010,0.13047242164611816,868.91796875
6011,0.11616182327270508,867.44140625
6012,0.11992263793945312,867.91015625
6013,0.1336982250213623,868.1484375
6014,0.08481073379516602,868.1640625
6015,0.14713478088378906,867.16015625
6016,0.13837242126464844,869.3515625
6017,0.11685967445373535,867.18359375
6018,0.18535995483398438,867.51171875
6019,0.12777090072631836,870.046875
6020,0.19017505645751953,871.1171875
6021,0.06970620155334473,867.6640625
6022,0.11957788467407227,868.734375
6023,0.13336515426635742,870.6953125
6024,0.07249832153320312,869.671875
6025,0.17233991622924805,870.0859375
6026,0.16521334648132324,869.8671875
6027,0.13812518119812012,870.890625
6028,0.11290264129638672,870.60546875
6029,0.07051420211791992,869.328125
6030,0.15822577476501465,870.984375
6031,0.11691761016845703,870.87890625
6032,0.17097902297973633,871.07421875
6033,0.1445317268371582,869.6796875
6034,0.14449214935302734,869.3828125
6035,0.10274410247802734,868.578125
6036,0.16474509239196777,870.53515625
6037,0.13211941719055176,870.96484375
6038,0.15159010887145996,870.35546875
6039,0.18384194374084473,869.6875
6040,0.1521921157836914,870.4375
6041,0.15001702308654785,871.3125
6042,0.14846539497375488,869.69140625
6043,0.18230605125427246,870.96875
6044,0.1015019416809082,871.56640625
6045,0.0710756778717041,869.46484375
6046,0.1602332592010498,870.5390625
6047,0.14858078956604004,870.7421875
6048,0.1427147388458252,872.18359375
6049,0.13828063011169434,871.26171875
6050,0.15070319175720215,870.48828125
6051,0.19558382034301758,872.74609375
6052,0.1800861358642578,873.40234375
6053,0.1302323341369629,872.23046875
6054,0.09525895118713379,872.6484375
6055,0.13528752326965332,873.3046875
6056,0.15256214141845703,873.16015625
6057,0.16088032722473145,872.70703125
6058,0.13660645484924316,873.140625
6059,0.16172003746032715,871.30859375
6060,0.1548905372619629,872.7890625
6061,0.13270258903503418,870.9375
6062,0.18781328201293945,870.7265625
6063,0.17137956619262695,872.390625
6064,0.13570213317871094,873.140625
6065,0.14929914474487305,870.49609375
6066,0.11766672134399414,873.73046875
6067,0.16066431999206543,873.62109375
6068,0.13884687423706055,873.66015625
6069,0.14325594902038574,873.671875
6070,0.14509034156799316,873.25
6071,0.08283829689025879,873.73828125
6072,0.1459348201751709,873.828125
6073,0.15478777885437012,874.2265625
6074,0.14277148246765137,875.33203125
6075,0.15412044525146484,876.2734375
6076,0.14376306533813477,874.52734375
6077,0.12868499755859375,874.875
6078,0.1543140411376953,876.3046875
6079,0.18030476570129395,876.12109375
6080,0.12557506561279297,878.0625
6081,0.133375883102417,877.47265625
6082,0.1464543342590332,876.25
6083,0.1509113311767578,874.19921875
6084,0.16111373901367188,877.5234375
6085,0.16109848022460938,876.88671875
6086,0.14261960983276367,877.25
6087,0.15900826454162598,879.76171875
6088,0.1438143253326416,878.19140625
6089,0.1366558074951172,876.71875
6090,0.0799260139465332,877.80078125
6091,0.15795230865478516,877.421875
6092,0.13585114479064941,878.81640625
6093,0.16235566139221191,879.66796875
6094,0.09805583953857422,879.5
6095,0.14209461212158203,877.97265625
6096,0.08113789558410645,877.9296875
6097,0.14424896240234375,880.0078125
6098,0.16108059883117676,878.94921875
6099,0.16490864753723145,878.3671875
6100,0.13862323760986328,878.203125
6101,0.13125371932983398,877.96875
6102,0.12532258033752441,877.21484375
6103,0.1477220058441162,878.15234375
6104,0.1540696620941162,878.2109375
6105,0.09997057914733887,878.83203125
6106,0.14135217666625977,880.9921875
6107,0.14397025108337402,880.06640625
6108,0.16370630264282227,878.67578125
6109,0.17228937149047852,878.38671875
6110,0.1065683364868164,876.27734375
6111,0.14899921417236328,877.9375
6112,0.16505122184753418,879.8828125
6113,0.17393803596496582,880.12109375
6114,0.13293766975402832,879.26953125
6115,0.15967535972595215,880.29296875
6116,0.18379855155944824,879.375
6117,0.13682007789611816,879.31640625
6118,0.13772225379943848,879.0703125
6119,0.12914347648620605,879.98828125
6120,0.1663990020751953,882.2734375
6121,0.10758495330810547,882.46484375
6122,0.14899134635925293,878.734375
6123,0.1589205265045166,882.14453125
6124,0.10108375549316406,883.37890625
6125,0.15929961204528809,885.08984375
6126,0.15544342994689941,882.9609375
6127,0.18072271347045898,883.2734375
6128,0.15320587158203125,884.73828125
6129,0.1745619773864746,883.03125
6130,0.1350874900817871,883.9921875
6131,0.17662382125854492,881.609375
6132,0.10161161422729492,881.9921875
6133,0.15795040130615234,882.515625
6134,0.15108323097229004,881.8203125
6135,0.13361907005310059,882.328125
6136,0.21108436584472656,882.484375
6137,0.15421485900878906,882.72265625
6138,0.129486083984375,882.26953125
6139,0.17290830612182617,883.80078125
6140,0.12029194831848145,884.8046875
6141,0.13421368598937988,882.71484375
6142,0.12753677368164062,881.9296875
6143,0.12177610397338867,882.78125
6144,0.156782865524292,882.87890625
6145,0.16753721237182617,882.9453125
6146,0.21470332145690918,881.62890625
6147,0.1256251335144043,884.2578125
6148,0.17911529541015625,883.375
6149,0.1453566551208496,883.984375
6150,0.06907534599304199,884.99609375
6151,0.1411430835723877,883.32421875
6152,0.1548459529876709,885.5234375
6153,0.10767865180969238,884.875
6154,0.10084891319274902,885.4296875
6155,0.1590886116027832,886.515625
6156,0.1715250015258789,884.390625
6157,0.1048729419708252,884.13671875
6158,0.1306297779083252,884.1328125
6159,0.16012072563171387,885.33203125
6160,0.1281280517578125,886.7265625
6161,0.17525434494018555,886.31640625
6162,0.15257501602172852,887.8125
6163,0.1497821807861328,885.90234375
6164,0.18080592155456543,886.578125
6165,0.12909340858459473,888.83203125
6166,0.19484186172485352,885.17578125
6167,0.1824018955230713,885.7578125
6168,0.09773564338684082,887.26953125
6169,0.14429593086242676,885.48046875
6170,0.12167572975158691,886.5546875
6171,0.14605259895324707,885.109375
6172,0.13588452339172363,887.15625
6173,0.13057494163513184,885.76171875
6174,0.1601552963256836,888.70703125
6175,0.16239547729492188,886.4140625
6176,0.14058756828308105,886.87890625
6177,0.17192697525024414,887.27734375
6178,0.15195345878601074,886.2421875
6179,0.14400053024291992,889.03515625
6180,0.16020655632019043,887.84375
6181,0.1630415916442871,886.67578125
6182,0.15210890769958496,885.57421875
6183,0.14994573593139648,886.0390625
6184,0.14548945426940918,887.30078125
6185,0.09292459487915039,888.8984375
6186,0.07114028930664062,887.1328125
6187,0.1581721305847168,887.20703125
6188,0.15387320518493652,887.96484375
6189,0.16247224807739258,887.9296875
6190,0.1486682891845703,887.98828125
6191,0.20925378799438477,888.8046875
6192,0.16051578521728516,889.890625
6193,0.17397761344909668,890.17578125
6194,0.12068414688110352,891.21484375
6195,0.08013367652893066,891.875
6196,0.10772514343261719,891.23046875
6197,0.16051411628723145,889.390625
6198,0.13812756538391113,890.046875
6199,0.1380469799041748,891.1171875
6200,0.15079641342163086,891.890625
6201,0.1392216682434082,889.5390625
6202,0.16506171226501465,890.47265625
6203,0.14388298988342285,893.046875
6204,0.14578604698181152,892.1015625
6205,0.16703104972839355,893.37109375
6206,0.14578008651733398,894.9609375
6207,0.147782564163208,893.140625
6208,0.11544227600097656,893.37109375
6209,0.17545628547668457,893.35546875
6210,0.14573144912719727,894.828125
6211,0.12820148468017578,894.859375
6212,0.13863563537597656,892.41796875
6213,0.1590712070465088,895.96875
6214,0.1435413360595703,894.37890625
6215,0.16644716262817383,895.046875
6216,0.14886856079101562,894.12109375
6217,0.13221025466918945,893.96484375
6218,0.1575334072113037,894.8984375
6219,0.1433250904083252,896.2890625
6220,0.15494799613952637,897.0
6221,0.13417267799377441,895.2734375
6222,0.13134288787841797,895.234375
6223,0.14982342720031738,894.95703125
6224,0.06604146957397461,894.890625
6225,0.1548480987548828,894.625
6226,0.13767695426940918,894.15625
6227,0.16559576988220215,894.890625
6228,0.16713595390319824,895.265625
6229,0.16638422012329102,894.96875
6230,0.14796829223632812,895.9609375
6231,0.12758946418762207,894.9453125
6232,0.1456303596496582,894.4453125
6233,0.17930006980895996,893.828125
6234,0.1432054042816162,896.32421875
6235,0.1500234603881836,895.140625
6236,0.1598050594329834,894.98046875
6237,0.13475465774536133,895.07421875
6238,0.12774252891540527,894.44921875
6239,0.14427804946899414,894.80078125
6240,0.11468386650085449,895.80078125
6241,0.1451866626739502,898.08203125
6242,0.10494732856750488,897.39453125
6243,0.1181027889251709,896.02734375
6244,0.15627288818359375,894.8828125
6245,0.1519021987915039,898.484375
6246,0.20020341873168945,897.07421875
6247,0.15162038803100586,897.1640625
6248,0.1529979705810547,897.73046875
6249,0.15536093711853027,898.84375
6250,0.22517919540405273,898.04296875
6251,0.1763288974761963,896.5390625
6252,0.16462492942810059,896.48046875
6253,0.14783143997192383,897.16796875
6254,0.1716320514678955,898.09375
6255,0.1203608512878418,899.10546875
6256,0.14633917808532715,898.89453125
6257,0.15977215766906738,898.95703125
6258,0.13274884223937988,898.0625
6259,0.14824271202087402,899.99609375
6260,0.13304376602172852,897.40234375
6261,0.1563129425048828,898.2890625
6262,0.14147019386291504,897.03125
6263,0.15085911750793457,897.40625
6264,0.16138577461242676,898.7265625
6265,0.1479945182800293,899.31640625
6266,0.1125786304473877,897.875
6267,0.17717885971069336,901.50390625
6268,0.16662907600402832,898.29296875
6269,0.10565376281738281,899.08203125
6270,0.16411685943603516,899.4375
6271,0.1193230152130127,897.609375
6272,0.17046332359313965,898.73828125
6273,0.08297181129455566,898.17578125
6274,0.15134382247924805,900.77734375
6275,0.1259617805480957,900.06640625
6276,0.12964844703674316,899.73828125
6277,0.14224982261657715,900.55078125
6278,0.1033029556274414,899.296875
6279,0.21121931076049805,898.83984375
6280,0.09177732467651367,899.8046875
6281,0.1521763801574707,902.60546875
6282,0.14998579025268555,898.93359375
6283,0.1433882713317871,901.29296875
6284,0.13882207870483398,900.8515625
6285,0.15124297142028809,901.51171875
6286,0.14346837997436523,900.8984375
6287,0.15289521217346191,899.76171875
6288,0.15975332260131836,901.41796875
6289,0.12504100799560547,900.99609375
6290,0.12538671493530273,901.69921875
6291,0.16468071937561035,902.19140625
6292,0.13649463653564453,903.640625
6293,0.09856128692626953,901.39453125
6294,0.16024470329284668,901.52734375
6295,0.1248013973236084,902.015625
6296,0.13183307647705078,901.55859375
6297,0.14887261390686035,903.5625
6298,0.12666034698486328,902.0859375
6299,0.17142248153686523,901.671875
6300,0.1612868309020996,902.9296875
6301,0.18449831008911133,901.78125
6302,0.146836519241333,903.23828125
6303,0.1490001678466797,903.984375
6304,0.17892169952392578,903.78515625
6305,0.1618363857269287,902.74609375
6306,0.16286230087280273,902.21875
6307,0.16310358047485352,902.26953125
6308,0.13454937934875488,902.95703125
6309,0.1586627960205078,902.70703125
6310,0.12935519218444824,902.4609375
6311,0.16319513320922852,902.12109375
6312,0.19778895378112793,904.2578125
6313,0.18442630767822266,904.01953125
6314,0.18294191360473633,903.2265625
6315,0.15010499954223633,902.25
6316,0.14914679527282715,905.03515625
6317,0.1293039321899414,903.703125
6318,0.16549897193908691,902.88671875
6319,0.11207771301269531,904.69140625
6320,0.16557002067565918,903.1953125
6321,0.15439891815185547,903.3828125
6322,0.13393020629882812,903.58984375
6323,0.16381311416625977,904.19921875
6324,0.13732337951660156,904.87890625
6325,0.11263060569763184,904.39453125
6326,0.15500402450561523,905.66015625
6327,0.15056300163269043,904.328125
6328,0.13668060302734375,903.8515625
6329,0.13069629669189453,904.6328125
6330,0.13503265380859375,904.0078125
6331,0.13240814208984375,904.390625
6332,0.17423319816589355,904.6171875
6333,0.1551220417022705,904.71484375
6334,0.15800833702087402,903.48046875
6335,0.13903069496154785,902.84375
6336,0.1291980743408203,903.26953125
6337,0.16677594184875488,905.83984375
6338,0.12412548065185547,904.859375
6339,0.16624903678894043,907.42578125
6340,0.1785261631011963,904.3515625
6341,0.11519789695739746,904.05078125
6342,0.1444416046142578,903.06640625
6343,0.15657758712768555,903.05859375
6344,0.13449931144714355,902.63671875
6345,0.12097382545471191,904.3515625
6346,0.1258866786956787,904.515625
6347,0.11513280868530273,904.11328125
6348,0.13217449188232422,905.89453125
6349,0.16291594505310059,904.80859375
6350,0.14962363243103027,906.125
6351,0.1503753662109375,905.11328125
6352,0.09605932235717773,901.921875
6353,0.07727622985839844,903.49609375
6354,0.1731395721435547,904.5
6355,0.1373920440673828,903.5234375
6356,0.15833187103271484,903.4453125
6357,0.13599514961242676,903.5390625
6358,0.15217804908752441,905.58984375
6359,0.12896203994750977,905.9921875
6360,0.12853574752807617,907.05859375
6361,0.14867448806762695,905.05859375
6362,0.11841440200805664,906.046875
6363,0.12886476516723633,905.59765625
6364,0.1308426856994629,906.82421875
6365,0.1570899486541748,904.92578125
6366,0.10737466812133789,906.2578125
6367,0.14854693412780762,907.8125
6368,0.17409968376159668,908.17578125
6369,0.1661975383758545,910.125
6370,0.11679434776306152,908.390625
6371,0.1493823528289795,906.35546875
6372,0.13009214401245117,907.140625
6373,0.1435863971710205,908.96484375
6374,0.11559391021728516,907.28125
6375,0.15264177322387695,908.66796875
6376,0.11997413635253906,907.33984375
6377,0.18266701698303223,908.21484375
6378,0.1815803050994873,906.5859375
6379,0.1447157859802246,907.99609375
6380,0.11651158332824707,909.09765625
6381,0.14444828033447266,908.70703125
6382,0.12359786033630371,909.109375
6383,0.1513833999633789,908.2109375
6384,0.1277611255645752,907.6796875
6385,0.10355472564697266,907.47265625
6386,0.14912939071655273,908.4765625
6387,0.1700727939605713,906.17578125
6388,0.1978926658630371,908.7890625
6389,0.10947680473327637,907.48828125
6390,0.14918851852416992,908.4375
6391,0.13927841186523438,908.8359375
6392,0.13305044174194336,910.51953125
6393,0.20889782905578613,911.64453125
6394,0.17996001243591309,913.0859375
6395,0.14372634887695312,913.375
6396,0.11485433578491211,911.0390625
6397,0.20615315437316895,910.9765625
6398,0.16555404663085938,911.09765625
6399,0.13866710662841797,910.40234375
6400,0.12946748733520508,911.87890625
6401,0.19053936004638672,914.234375
6402,0.1568126678466797,912.78515625
6403,0.16243934631347656,912.0625
6404,0.12387204170227051,912.60546875
6405,0.15851521492004395,912.265625
6406,0.13588309288024902,912.19921875
6407,0.1331939697265625,912.36328125
6408,0.13225245475769043,914.5
6409,0.14400410652160645,913.6796875
6410,0.13326096534729004,914.19140625
6411,0.1593017578125,917.08203125
6412,0.08307480812072754,914.30859375
6413,0.13579344749450684,913.515625
6414,0.14400196075439453,914.5546875
6415,0.15781235694885254,914.47265625
6416,0.05166316032409668,914.76171875
6417,0.15296697616577148,914.75390625
6418,0.12808942794799805,915.50390625
6419,0.16579246520996094,913.60546875
6420,0.16271543502807617,915.7890625
6421,0.12443971633911133,914.7890625
6422,0.15802454948425293,914.08984375
6423,0.1194310188293457,914.125
6424,0.1488666534423828,914.65625
6425,0.15526604652404785,914.7578125
6426,0.13586664199829102,915.2109375
6427,0.147125244140625,915.56640625
6428,0.1600782871246338,918.4453125
6429,0.17006611824035645,917.765625
6430,0.18162941932678223,915.2421875
6431,0.1872849464416504,918.71875
6432,0.16029047966003418,914.6953125
6433,0.13041424751281738,915.9609375
6434,0.11594510078430176,915.01953125
6435,0.21447110176086426,914.3359375
6436,0.15216755867004395,914.4765625
6437,0.1748037338256836,913.9453125
6438,0.18875336647033691,915.65625
6439,0.12836575508117676,917.01171875
6440,0.12656831741333008,917.609375
6441,0.10880613327026367,917.6796875
6442,0.15674877166748047,916.71875
6443,0.1525263786315918,916.69140625
6444,0.15302562713623047,918.82421875
6445,0.12647342681884766,915.6015625
6446,0.1429750919342041,916.54296875
6447,0.15667963027954102,916.171875
6448,0.1443192958831787,919.4765625
6449,0.12487268447875977,916.51171875
6450,0.15937542915344238,916.0625
6451,0.10144710540771484,916.69921875
6452,0.11130762100219727,916.3125
6453,0.14423012733459473,917.5625
6454,0.1287705898284912,916.19921875
6455,0.16190028190612793,916.34765625
6456,0.17122316360473633,916.01171875
6457,0.15339326858520508,916.33203125
6458,0.1413254737854004,917.39453125
6459,0.13395357131958008,918.38671875
6460,0.1374800205230713,916.03515625
6461,0.12737131118774414,917.8984375
6462,0.14900565147399902,918.11328125
6463,0.13091039657592773,917.14453125
6464,0.1695237159729004,917.4296875
6465,0.1356511116027832,918.55859375
6466,0.13298869132995605,915.7890625
6467,0.13470935821533203,916.89453125
6468,0.15037274360656738,918.22265625
6469,0.1369485855102539,916.2890625
6470,0.14455008506774902,918.91796875
6471,0.16228246688842773,917.27734375
6472,0.1552739143371582,916.96875
6473,0.12979769706726074,917.78125
6474,0.13726592063903809,919.43359375
6475,0.13552522659301758,917.64453125
6476,0.14919686317443848,917.921875
6477,0.16089081764221191,919.98828125
6478,0.17095637321472168,918.015625
6479,0.13688349723815918,919.87109375
6480,0.1358039379119873,917.875
6481,0.1571950912475586,918.53515625
6482,0.13196468353271484,920.26171875
6483,0.1426224708557129,917.390625
6484,0.1834428310394287,918.58203125
6485,0.1287851333618164,918.98046875
6486,0.1313633918762207,920.70703125
6487,0.15242695808410645,920.828125
6488,0.09633064270019531,920.625
6489,0.1575024127960205,920.48046875
6490,0.14786481857299805,919.0859375
6491,0.12888455390930176,919.23046875
6492,0.13008522987365723,918.953125
6493,0.1827528476715088,920.8203125
6494,0.14535260200500488,921.140625
6495,0.13308310508728027,920.06640625
6496,0.1327991485595703,920.8046875
6497,0.1057436466217041,919.33203125
6498,0.12637639045715332,920.5859375
6499,0.14894723892211914,919.62109375
6500,0.1441032886505127,922.8359375
6501,0.08938312530517578,922.62109375
6502,0.1623852252960205,919.34765625
6503,0.15496253967285156,922.5546875
6504,0.1269373893737793,922.6484375
6505,0.11607217788696289,921.296875
6506,0.1529994010925293,923.671875
6507,0.12927556037902832,921.0625
6508,0.20263099670410156,922.890625
6509,0.1351633071899414,921.76171875
6510,0.13344740867614746,921.234375
6511,0.15023183822631836,922.5234375
6512,0.1281733512878418,922.38671875
6513,0.1307826042175293,921.96484375
6514,0.14329147338867188,922.47265625
6515,0.12389922142028809,922.578125
6516,0.15775227546691895,922.55078125
6517,0.14235496520996094,921.2890625
6518,0.1332848072052002,921.7421875
6519,0.15934133529663086,922.734375
6520,0.10715484619140625,921.234375
6521,0.10681915283203125,922.625
6522,0.17313599586486816,921.41796875
6523,0.1430957317352295,923.26953125
6524,0.1355741024017334,921.8203125
6525,0.15488290786743164,921.8984375
6526,0.10866141319274902,922.57421875
6527,0.1000368595123291,922.62890625
6528,0.17269277572631836,923.87890625
6529,0.08412051200866699,922.92578125
6530,0.12600231170654297,923.05859375
6531,0.1231846809387207,921.8671875
6532,0.07050108909606934,921.734375
6533,0.11147141456604004,922.75390625
6534,0.16162800788879395,923.57421875
6535,0.1380021572113037,923.35546875
6536,0.15157771110534668,925.9296875
6537,0.1909773349761963,926.9375
6538,0.14060592651367188,924.70703125
6539,0.13663077354431152,924.33203125
6540,0.15001487731933594,925.87109375
6541,0.13202381134033203,927.22265625
6542,0.1495058536529541,924.71484375
6543,0.18630647659301758,925.109375
6544,0.14788246154785156,926.1484375
6545,0.11937403678894043,927.06640625
6546,0.16730237007141113,925.89453125
6547,0.19581222534179688,924.51171875
6548,0.12841796875,926.17578125
6549,0.1914067268371582,925.578125
6550,0.16733169555664062,926.62109375
6551,0.13604092597961426,926.4453125
6552,0.1520078182220459,926.26953125
6553,0.09562277793884277,926.796875
6554,0.13077354431152344,926.65625
6555,0.14287686347961426,925.90234375
6556,0.11351895332336426,926.75390625
6557,0.1407458782196045,926.69921875
6558,0.10700130462646484,924.0078125
6559,0.14685845375061035,925.6171875
6560,0.13049101829528809,928.22265625
6561,0.16291141510009766,926.16015625
6562,0.12607979774475098,928.5234375
6563,0.11020278930664062,926.19140625
6564,0.1857776641845703,928.46484375
6565,0.1619114875793457,927.515625
6566,0.13302135467529297,927.42578125
6567,0.12913894653320312,927.8515625
6568,0.14956283569335938,926.765625
6569,0.1492927074432373,925.8046875
6570,0.1515812873840332,927.0234375
6571,0.1459674835205078,927.6640625
6572,0.14713001251220703,925.90625
6573,0.13402795791625977,927.68359375
6574,0.1502208709716797,928.76171875
6575,0.12014341354370117,926.30078125
6576,0.14883899688720703,929.484375
6577,0.14879179000854492,929.1953125
6578,0.15903353691101074,930.06640625
6579,0.1772019863128662,927.375
6580,0.13335394859313965,929.76171875
6581,0.13306808471679688,929.734375
6582,0.15482497215270996,929.46875
6583,0.13177871704101562,928.078125
6584,0.16367411613464355,928.6875
6585,0.15533447265625,927.0390625
6586,0.15956950187683105,929.015625
6587,0.18986034393310547,927.91796875
6588,0.1475987434387207,928.390625
6589,0.14579510688781738,928.765625
6590,0.17918682098388672,929.1953125
6591,0.14786720275878906,929.45703125
6592,0.12868380546569824,930.29296875
6593,0.14562702178955078,928.02734375
6594,0.13366031646728516,930.78515625
6595,0.09729599952697754,929.328125
6596,0.08732175827026367,930.328125
6597,0.08307623863220215,929.93359375
6598,0.14178228378295898,929.53125
6599,0.13161921501159668,931.53125
6600,0.1506946086883545,929.67578125
6601,0.02648186683654785,929.859375
6602,0.12409138679504395,930.546875
6603,0.1489088535308838,932.61328125
6604,0.1349930763244629,930.5234375
6605,0.08131027221679688,931.55859375
6606,0.14201903343200684,931.109375
6607,0.1295483112335205,932.60546875
6608,0.15985655784606934,931.5546875
6609,0.14203572273254395,931.7734375
6610,0.12934327125549316,932.16015625
6611,0.18723678588867188,929.265625
6612,0.19444727897644043,933.33203125
6613,0.14904212951660156,931.7734375
6614,0.1789853572845459,932.12109375
6615,0.13932490348815918,933.98046875
6616,0.13146686553955078,931.76171875
6617,0.13502216339111328,931.234375
6618,0.12842869758605957,931.72265625
6619,0.15432167053222656,932.94921875
6620,0.1339278221130371,932.359375
6621,0.14787626266479492,931.0546875
6622,0.12071084976196289,933.9296875
6623,0.14042115211486816,932.45703125
6624,0.16486692428588867,934.33984375
6625,0.14705204963684082,934.0390625
6626,0.1127932071685791,933.9921875
6627,0.16296863555908203,934.64453125
6628,0.18156170845031738,934.07421875
6629,0.15345144271850586,934.3125
6630,0.14789223670959473,933.5234375
6631,0.1472940444946289,934.09375
6632,0.10300946235656738,933.9921875
6633,0.1651461124420166,933.50390625
6634,0.16976618766784668,935.453125
6635,0.0809330940246582,937.265625
6636,0.09262394905090332,935.78125
6637,0.1950089931488037,934.75
6638,0.17380666732788086,935.2734375
6639,0.1797623634338379,934.3359375
6640,0.13388633728027344,933.84765625
6641,0.16527223587036133,934.15625
6642,0.16638445854187012,935.01953125
6643,0.1824936866760254,932.953125
6644,0.11574745178222656,934.60546875
6645,0.10980653762817383,936.52734375
6646,0.15802597999572754,937.43359375
6647,0.1525566577911377,935.9765625
6648,0.14912796020507812,935.16796875
6649,0.14438080787658691,936.29296875
6650,0.12057328224182129,935.52734375
6651,0.13470101356506348,934.48828125
6652,0.143707275390625,935.46484375
6653,0.12604141235351562,938.41015625
6654,0.10023331642150879,937.33203125
6655,0.14208769798278809,940.12109375
6656,0.1359419822692871,939.5234375
6657,0.18951129913330078,938.9765625
6658,0.1313338279724121,937.8203125
6659,0.14806485176086426,938.1640625
6660,0.12895822525024414,936.99609375
6661,0.17966794967651367,936.6953125
6662,0.13228631019592285,937.609375
6663,0.19630765914916992,938.09765625
6664,0.15148615837097168,937.515625
6665,0.14317083358764648,939.0859375
6666,0.13805627822875977,938.16796875
6667,0.16271281242370605,939.3984375
6668,0.17412590980529785,939.4296875
6669,0.17863082885742188,941.03125
6670,0.1500394344329834,940.21875
6671,0.11713361740112305,941.10546875
6672,0.15902256965637207,940.15625
6673,0.11427545547485352,941.3671875
6674,0.10048770904541016,941.71875
6675,0.09732651710510254,941.5234375
6676,0.14397454261779785,941.046875
6677,0.06970810890197754,942.96484375
6678,0.14805817604064941,941.37109375
6679,0.15650677680969238,940.6484375
6680,0.15060925483703613,940.23828125
6681,0.15671157836914062,942.02734375
6682,0.17169523239135742,940.93359375
6683,0.16404294967651367,941.98046875
6684,0.12040138244628906,941.9140625
6685,0.1625809669494629,941.09765625
6686,0.11636781692504883,942.79296875
6687,0.11641049385070801,944.4140625
6688,0.1492295265197754,943.76953125
6689,0.11520004272460938,942.49609375
6690,0.1138010025024414,941.9296875
6691,0.09712719917297363,942.83984375
6692,0.13092470169067383,942.87109375
6693,0.12890625,942.0859375
6694,0.13828635215759277,942.80078125
6695,0.1668720245361328,941.09375
6696,0.18680548667907715,939.234375
6697,0.1360030174255371,941.53515625
6698,0.10273528099060059,942.375
6699,0.13491153717041016,942.31640625
6700,0.15105652809143066,942.84765625
6701,0.10831642150878906,943.0703125
6702,0.14716386795043945,941.1171875
6703,0.15059328079223633,941.96875
6704,0.16447114944458008,942.1328125
6705,0.1354978084564209,942.39453125
6706,0.17409682273864746,942.37890625
6707,0.14304351806640625,941.97265625
6708,0.1635584831237793,942.234375
6709,0.06837177276611328,942.171875
6710,0.15953516960144043,943.13671875
6711,0.10926461219787598,944.171875
6712,0.10162711143493652,944.078125
6713,0.14176273345947266,946.68359375
6714,0.18484973907470703,948.08984375
6715,0.07357358932495117,946.0078125
6716,0.12182807922363281,946.30859375
6717,0.1337580680847168,945.3125
6718,0.17181873321533203,946.6171875
6719,0.12723064422607422,946.40625
6720,0.16089892387390137,946.31640625
6721,0.12163329124450684,945.25390625
6722,0.12999320030212402,946.67578125
6723,0.11603617668151855,946.5078125
6724,0.17375659942626953,946.03125
6725,0.14903688430786133,946.14453125
6726,0.11563229560852051,943.953125
6727,0.17843294143676758,947.0625
6728,0.1365222930908203,947.5703125
6729,0.12917351722717285,946.1796875
6730,0.09716367721557617,946.265625
6731,0.14983224868774414,947.37890625
6732,0.13117623329162598,945.25390625
6733,0.18128037452697754,946.77734375
6734,0.1308736801147461,946.296875
6735,0.14391326904296875,947.0234375
6736,0.0592038631439209,946.67578125
6737,0.13706135749816895,947.2421875
6738,0.12404656410217285,947.28515625
6739,0.13999652862548828,946.78125
6740,0.12204504013061523,947.1015625
6741,0.1845686435699463,947.625
6742,0.15547680854797363,945.84765625
6743,0.18830180168151855,946.1640625
6744,0.2106010913848877,948.91796875
6745,0.1464235782623291,948.21875
6746,0.22675800323486328,948.04296875
6747,0.16416215896606445,947.39453125
6748,0.1685481071472168,948.109375
6749,0.16471052169799805,947.703125
6750,0.15079998970031738,948.4296875
6751,0.16473150253295898,948.484375
6752,0.15189313888549805,948.21875
6753,0.14454054832458496,947.53515625
6754,0.15696024894714355,948.0859375
6755,0.16227436065673828,947.53125
6756,0.18116402626037598,947.5078125
6757,0.12003326416015625,948.9375
6758,0.12077498435974121,949.4296875
6759,0.18035531044006348,949.9765625
6760,0.09974193572998047,949.88671875
6761,0.13310956954956055,951.4375
6762,0.18967223167419434,950.19921875
6763,0.1297283172607422,950.55078125
6764,0.16066980361938477,952.23046875
6765,0.18374204635620117,952.25390625
6766,0.11928009986877441,951.23046875
6767,0.11149716377258301,950.47265625
6768,0.1965491771697998,952.7890625
6769,0.20310115814208984,952.30859375
6770,0.13174724578857422,954.5078125
6771,0.16630005836486816,951.01171875
6772,0.1144263744354248,952.23828125
6773,0.14055371284484863,951.38671875
6774,0.15549111366271973,954.5
6775,0.13521456718444824,952.2265625
6776,0.11736488342285156,952.96875
6777,0.13225150108337402,951.42578125
6778,0.18262863159179688,952.38671875
6779,0.1477673053741455,955.3828125
6780,0.16771435737609863,952.8125
6781,0.13812732696533203,953.16796875
6782,0.1321091651916504,952.34375
6783,0.16486024856567383,952.49609375
6784,0.10308837890625,952.90234375
6785,0.14755821228027344,952.95703125
6786,0.0512542724609375,952.796875
6787,0.13035297393798828,951.05859375
6788,0.13530278205871582,952.3125
6789,0.17023062705993652,951.7734375
6790,0.15076947212219238,952.609375
6791,0.16736173629760742,955.6015625
6792,0.15045762062072754,952.9609375
6793,0.17325973510742188,953.26953125
6794,0.1704573631286621,953.48046875
6795,0.13340401649475098,952.5546875
6796,0.1381516456604004,955.8515625
6797,0.1466381549835205,953.41796875
6798,0.1659557819366455,952.1484375
6799,0.12710070610046387,954.71484375
6800,0.11851096153259277,954.68359375
6801,0.0729219913482666,952.15234375
6802,0.13623309135437012,954.8046875
6803,0.11670303344726562,954.9453125
6804,0.2077174186706543,956.30078125
6805,0.1445302963256836,955.30859375
6806,0.1312870979309082,954.69921875
6807,0.16632771492004395,955.3203125
6808,0.11672711372375488,953.984375
6809,0.1392359733581543,952.14453125
6810,0.15762662887573242,956.25390625
6811,0.10236549377441406,954.4375
6812,0.14223980903625488,956.6953125
6813,0.14488601684570312,955.140625
6814,0.11516904830932617,955.34375
6815,0.14783787727355957,954.4921875
6816,0.16190195083618164,955.546875
6817,0.13900542259216309,955.50390625
6818,0.12350034713745117,958.01171875
6819,0.18141651153564453,956.75
6820,0.1315000057220459,958.42578125
6821,0.14942502975463867,956.5859375
6822,0.1781766414642334,960.171875
6823,0.11696267127990723,958.80859375
6824,0.14888834953308105,958.67578125
6825,0.11670088768005371,961.47265625
6826,0.15894126892089844,958.88671875
6827,0.16269207000732422,958.421875
6828,0.1595017910003662,957.8046875
6829,0.14322710037231445,958.00390625
6830,0.1667466163635254,958.58203125
6831,0.1372079849243164,959.46875
6832,0.15654635429382324,957.65234375
6833,0.11122536659240723,959.0703125
6834,0.15137577056884766,959.921875
6835,0.06562089920043945,958.0625
6836,0.12294149398803711,958.95703125
6837,0.14882183074951172,959.0390625
6838,0.15033984184265137,960.00390625
6839,0.22623753547668457,959.05078125
6840,0.16938257217407227,959.953125
6841,0.1326735019683838,961.25390625
6842,0.15988564491271973,959.08984375
6843,0.15737175941467285,961.01953125
6844,0.14179539680480957,959.95703125
6845,0.16287803649902344,963.60546875
6846,0.16685914993286133,961.60546875
6847,0.15222454071044922,961.890625
6848,0.12680625915527344,962.359375
6849,0.13942432403564453,961.87109375
6850,0.12712955474853516,962.65625
6851,0.15121841430664062,962.73046875
6852,0.08754634857177734,960.9140625
6853,0.14271140098571777,962.56640625
6854,0.12682533264160156,961.2578125
6855,0.12900090217590332,962.91015625
6856,0.16579532623291016,962.4609375
6857,0.14594054222106934,962.08984375
6858,0.1064462661743164,961.8515625
6859,0.138930082321167,962.6328125
6860,0.16423296928405762,963.43359375
6861,0.15004444122314453,964.7734375
6862,0.13237547874450684,965.56640625
6863,0.1650252342224121,962.7578125
6864,0.14366984367370605,965.29296875
6865,0.15854120254516602,965.6328125
6866,0.16696786880493164,965.39453125
6867,0.17642974853515625,966.140625
6868,0.09662842750549316,965.95703125
6869,0.18899154663085938,964.37890625
6870,0.14933156967163086,963.45703125
6871,0.1859276294708252,964.98828125
6872,0.1457223892211914,964.80078125
6873,0.16449475288391113,964.1015625
6874,0.12559294700622559,966.50390625
6875,0.16028237342834473,965.4765625
6876,0.1438581943511963,965.93359375
6877,0.21169161796569824,964.45703125
6878,0.18943500518798828,965.65625
6879,0.15833830833435059,965.77734375
6880,0.18404293060302734,966.859375
6881,0.21106696128845215,965.24609375
6882,0.1964259147644043,966.25
6883,0.15645432472229004,965.0234375
6884,0.1416339874267578,964.421875
6885,0.16393446922302246,966.7265625
6886,0.15236759185791016,964.0546875
6887,0.1744234561920166,965.31640625
6888,0.15868568420410156,965.31640625
6889,0.19942641258239746,965.54296875
6890,0.16736483573913574,967.9921875
6891,0.14905595779418945,967.26953125
6892,0.164886474609375,968.45703125
6893,0.20816540718078613,968.4140625
6894,0.1367626190185547,967.328125
6895,0.16278076171875,969.71875
6896,0.15066075325012207,967.03515625
6897,0.16113567352294922,968.34765625
6898,0.13378143310546875,966.9609375
6899,0.16236519813537598,968.34375
6900,0.14032721519470215,968.76953125
6901,0.11772298812866211,970.109375
6902,0.11167287826538086,969.921875
6903,0.15951895713806152,968.30078125
6904,0.14219880104064941,968.9296875
6905,0.16736102104187012,968.04296875
6906,0.13494181632995605,967.703125
6907,0.12901926040649414,967.56640625
6908,0.15407729148864746,970.12109375
6909,0.1780397891998291,968.21875
6910,0.12166333198547363,968.9921875
6911,0.1468334197998047,969.4453125
6912,0.11530184745788574,971.07421875
6913,0.12692570686340332,969.54296875
6914,0.15223145484924316,971.453125
6915,0.1761000156402588,970.06640625
6916,0.11083507537841797,969.234375
6917,0.1409592628479004,970.03125
6918,0.15903735160827637,971.75390625
6919,0.16581225395202637,971.88671875
6920,0.21883440017700195,970.765625
6921,0.13428521156311035,971.62109375
6922,0.15922808647155762,973.52734375
6923,0.12052059173583984,971.1015625
6924,0.16367745399475098,971.66796875
6925,0.13252592086791992,970.31640625
6926,0.15372514724731445,972.59765625
6927,0.13518476486206055,970.3984375
6928,0.11982440948486328,971.76953125
6929,0.16376972198486328,971.2109375
6930,0.11647677421569824,971.21875
6931,0.11865425109863281,972.82421875
6932,0.14187860488891602,973.73828125
6933,0.14815950393676758,973.16015625
6934,0.15742206573486328,972.9296875
6935,0.1435244083404541,973.2734375
6936,0.1637406349182129,974.125
6937,0.16534042358398438,974.17578125
6938,0.13927245140075684,975.35546875
6939,0.1315762996673584,978.66796875
6940,0.056017398834228516,973.74609375
6941,0.13203787803649902,974.984375
6942,0.16295504570007324,974.921875
6943,0.20279502868652344,973.5234375
6944,0.16182327270507812,975.26953125
6945,0.15154170989990234,975.0546875
6946,0.16967487335205078,974.40625
6947,0.1829817295074463,973.73828125
6948,0.16789674758911133,973.80078125
6949,0.1525108814239502,974.6953125
6950,0.16281795501708984,975.96875
6951,0.17869091033935547,975.3984375
6952,0.0983586311340332,975.94921875
6953,0.10233950614929199,975.5703125
6954,0.16137480735778809,974.4375
6955,0.19086027145385742,976.13671875
6956,0.169342041015625,974.08203125
6957,0.15990233421325684,976.30859375
6958,0.137984037399292,975.7265625
6959,0.14490151405334473,977.48828125
6960,0.16985535621643066,975.76953125
6961,0.1555929183959961,975.90625
6962,0.16887140274047852,976.3125
6963,0.1155996322631836,974.31640625
6964,0.14586591720581055,973.98046875
6965,0.14919686317443848,975.30078125
6966,0.1367661952972412,975.0625
6967,0.13577842712402344,975.8203125
6968,0.08538126945495605,974.546875
6969,0.15842318534851074,976.42578125
6970,0.17142844200134277,976.68359375
6971,0.13680362701416016,975.44921875
6972,0.11320734024047852,975.7109375
6973,0.14967584609985352,976.2890625
6974,0.15720391273498535,975.03125
6975,0.1493663787841797,976.08203125
6976,0.15019798278808594,975.8046875
6977,0.13837528228759766,975.1640625
6978,0.15106630325317383,975.15234375
6979,0.14491724967956543,975.15234375
6980,0.11622190475463867,974.50390625
6981,0.11682462692260742,974.09375
6982,0.14582347869873047,975.05078125
6983,0.13868498802185059,974.77734375
6984,0.11161255836486816,975.51953125
6985,0.15694904327392578,975.12890625
6986,0.1293015480041504,975.6484375
6987,0.15056681632995605,974.98828125
6988,0.11564826965332031,975.9140625
6989,0.15384817123413086,973.671875
6990,0.14249444007873535,976.74609375
6991,0.1286606788635254,976.73828125
6992,0.14363861083984375,979.2421875
6993,0.17914724349975586,978.1328125
6994,0.15064072608947754,977.15234375
6995,0.10779976844787598,977.4140625
6996,0.14779210090637207,975.6328125
6997,0.12641215324401855,976.59765625
6998,0.16779637336730957,975.77734375
6999,0.14883065223693848,978.1484375
7000,0.150742769241333,976.375
7001,0.18522191047668457,976.0625
7002,0.13889169692993164,976.359375
7003,0.14052796363830566,976.88671875
7004,0.0735177993774414,975.96484375
7005,0.09487199783325195,977.03515625
7006,0.14424586296081543,977.8359375
7007,0.1296827793121338,977.4453125
7008,0.1418590545654297,976.68359375
7009,0.16489219665527344,978.3125
7010,0.13504648208618164,978.7109375
7011,0.15953612327575684,977.63671875
7012,0.2300395965576172,980.7890625
7013,0.06892681121826172,980.921875
7014,0.1592392921447754,979.0546875
7015,0.16601300239562988,978.4453125
7016,0.14758777618408203,979.5859375
7017,0.1369922161102295,979.734375
7018,0.18599653244018555,979.57421875
7019,0.10005474090576172,980.94921875
7020,0.17032599449157715,977.54296875
7021,0.17275071144104004,984.81640625
7022,0.16466403007507324,978.95703125
7023,0.21854329109191895,979.3515625
7024,0.1500849723815918,982.30078125
7025,0.19885802268981934,978.86328125
7026,0.14961814880371094,979.82421875
7027,0.1428828239440918,979.4921875
7028,0.17651939392089844,980.09375
7029,0.13177704811096191,981.09765625
7030,0.15027761459350586,983.8828125
7031,0.12250542640686035,981.84765625
7032,0.14272356033325195,981.9296875
7033,0.15499019622802734,981.36328125
7034,0.13109350204467773,980.56640625
7035,0.13448596000671387,981.2421875
7036,0.13397884368896484,979.1796875
7037,0.14896607398986816,981.38671875
7038,0.12223362922668457,980.76171875
7039,0.10837793350219727,983.86328125
7040,0.14914178848266602,981.40234375
7041,0.09768462181091309,981.53125
7042,0.1652216911315918,981.26953125
7043,0.11730456352233887,981.83984375
7044,0.16298699378967285,982.98828125
7045,0.1439814567565918,982.625
7046,0.1191248893737793,982.23046875
7047,0.1329641342163086,981.421875
7048,0.19609451293945312,982.7578125
7049,0.08695673942565918,981.6953125
7050,0.14754247665405273,981.70703125
7051,0.1067953109741211,981.9140625
7052,0.1798720359802246,983.12890625
7053,0.1717543601989746,982.71484375
7054,0.10151410102844238,982.859375
7055,0.14232349395751953,983.71484375
7056,0.21374082565307617,982.265625
7057,0.14163541793823242,983.95703125
7058,0.10615658760070801,982.125
7059,0.13301444053649902,981.48046875
7060,0.14838624000549316,981.82421875
7061,0.15810465812683105,981.90625
7062,0.1581709384918213,983.16015625
7063,0.16435980796813965,984.953125
7064,0.15757298469543457,984.21875
7065,0.16142916679382324,984.19140625
7066,0.1919858455657959,984.69140625
7067,0.1322462558746338,983.171875
7068,0.14261150360107422,983.0625
7069,0.14267778396606445,983.05078125
7070,0.18886542320251465,983.62109375
7071,0.15650105476379395,985.8515625
7072,0.15327930450439453,985.265625
7073,0.14683270454406738,985.3125
7074,0.16496801376342773,985.796875
7075,0.16589808464050293,985.29296875
7076,0.1454002857208252,986.4140625
7077,0.16391324996948242,986.671875
7078,0.1348879337310791,985.82421875
7079,0.14719820022583008,987.23828125
7080,0.15858030319213867,985.3125
7081,0.10566854476928711,985.40625
7082,0.1427602767944336,987.21484375
7083,0.1693730354309082,984.94921875
7084,0.10879993438720703,985.99609375
7085,0.15108966827392578,984.9609375
7086,0.14869427680969238,985.00390625
7087,0.12576746940612793,985.65625
7088,0.08577346801757812,985.453125
7089,0.16547918319702148,986.890625
7090,0.14869308471679688,985.6640625
7091,0.13807320594787598,986.9921875
7092,0.18115806579589844,985.15625
7093,0.1362919807434082,985.62109375
7094,0.10183858871459961,985.125
7095,0.13111472129821777,986.1875
7096,0.13055992126464844,986.53515625
7097,0.1657874584197998,987.7265625
7098,0.16711711883544922,987.60546875
7099,0.16733574867248535,989.50390625
7100,0.15978145599365234,987.44921875
7101,0.1442713737487793,988.43359375
7102,0.16727042198181152,987.05078125
7103,0.11816191673278809,988.08203125
7104,0.15306615829467773,986.33984375
7105,0.1205284595489502,988.08984375
7106,0.14952492713928223,989.69140625
7107,0.20061683654785156,987.78125
7108,0.06366968154907227,985.41796875
7109,0.13962054252624512,986.9765625
7110,0.16555356979370117,989.875
7111,0.1559457778930664,988.484375
7112,0.12905621528625488,991.578125
7113,0.20108318328857422,988.08203125
7114,0.1708676815032959,985.1640625
7115,0.14893674850463867,989.4609375
7116,0.12004804611206055,988.796875
7117,0.1493854522705078,987.82421875
7118,0.15026593208312988,988.10546875
7119,0.15398693084716797,989.5234375
7120,0.17432522773742676,989.234375
7121,0.13939261436462402,989.13671875
7122,0.1494617462158203,988.1796875
7123,0.07641887664794922,989.046875
7124,0.19125771522521973,987.34375
7125,0.17695093154907227,990.11328125
7126,0.1594405174255371,991.00390625
7127,0.16481685638427734,988.359375
7128,0.19477343559265137,991.203125
7129,0.1629505157470703,992.32421875
7130,0.11503028869628906,991.70703125
7131,0.13811659812927246,992.21484375
7132,0.1035606861114502,991.10546875
7133,0.13820099830627441,992.86328125
7134,0.14778971672058105,990.703125
7135,0.1801753044128418,991.74609375
7136,0.1481010913848877,990.7265625
7137,0.16611099243164062,990.8203125
7138,0.18290019035339355,991.01171875
7139,0.1829991340637207,990.91796875
7140,0.21606850624084473,990.26171875
7141,0.15367841720581055,990.95703125
7142,0.15865826606750488,996.07421875
7143,0.14955544471740723,992.07421875
7144,0.17343616485595703,991.76171875
7145,0.18573307991027832,992.33984375
7146,0.1819157600402832,991.13671875
7147,0.17592120170593262,992.25
7148,0.13623476028442383,990.99609375
7149,0.19394588470458984,995.87109375
7150,0.17001771926879883,991.296875
7151,0.19224810600280762,991.42578125
7152,0.14499402046203613,991.94140625
7153,0.1679387092590332,991.0859375
7154,0.17243576049804688,991.58984375
7155,0.19640088081359863,992.06640625
7156,0.17130160331726074,990.36328125
7157,0.1728808879852295,992.484375
7158,0.16757607460021973,991.9765625
7159,0.16599655151367188,993.44140625
7160,0.16649246215820312,992.12890625
7161,0.19616937637329102,991.76953125
7162,0.11674189567565918,992.609375
7163,0.18469858169555664,992.50390625
7164,0.18526077270507812,992.23828125
7165,0.17439985275268555,990.5078125
7166,0.23097634315490723,992.62890625
7167,0.17449355125427246,991.95703125
7168,0.1414966583251953,991.19921875
7169,0.20595169067382812,994.61328125
7170,0.17534708976745605,994.29296875
7171,0.1598520278930664,994.58984375
7172,0.19464993476867676,991.90625
7173,0.18415427207946777,993.49609375
7174,0.16819238662719727,992.7578125
7175,0.16562175750732422,992.2109375
7176,0.15738558769226074,994.55859375
7177,0.14461207389831543,993.6328125
7178,0.14281105995178223,993.34375
7179,0.10334110260009766,992.46875
7180,0.12315487861633301,994.81640625
7181,0.2112264633178711,994.33984375
7182,0.16650152206420898,994.48828125
7183,0.21551752090454102,993.63671875
7184,0.1773073673248291,994.03125
7185,0.15977215766906738,995.09765625
7186,0.16882801055908203,992.90234375
7187,0.1973264217376709,995.2421875
7188,0.17287611961364746,995.203125
7189,0.15584850311279297,994.69140625
7190,0.10167598724365234,995.80078125
7191,0.1596205234527588,995.71875
7192,0.1650528907775879,995.1015625
7193,0.17439961433410645,995.41796875
7194,0.15503978729248047,995.82421875
7195,0.14169049263000488,997.41796875
7196,0.1688368320465088,997.85546875
7197,0.18428802490234375,996.3203125
7198,0.17741727828979492,996.26953125
7199,0.1672060489654541,995.58984375
7200,0.18250727653503418,996.640625
7201,0.1382453441619873,997.6796875
7202,0.16230130195617676,996.640625
7203,0.10100436210632324,996.88671875
7204,0.17183661460876465,996.8359375
7205,0.11258530616760254,996.79296875
7206,0.18047332763671875,998.11328125
7207,0.16797971725463867,996.46484375
7208,0.07534551620483398,997.4375
7209,0.16578316688537598,998.06640625
7210,0.21061325073242188,995.8515625
7211,0.13789963722229004,998.6796875
7212,0.16689801216125488,997.37890625
7213,0.15232563018798828,997.83984375
7214,0.1597602367401123,998.34375
7215,0.15139436721801758,997.32421875
7216,0.10227775573730469,997.44921875
7217,0.14928674697875977,1000.27734375
7218,0.12664008140563965,999.484375
7219,0.11972975730895996,996.8046875
7220,0.15063905715942383,997.46875
7221,0.13274097442626953,997.40234375
7222,0.13271570205688477,998.1796875
7223,0.17048025131225586,998.796875
7224,0.14473772048950195,1001.890625
7225,0.12978720664978027,999.01171875
7226,0.19697976112365723,998.37890625
7227,0.09286379814147949,1000.1328125
7228,0.16541695594787598,999.08203125
7229,0.06649017333984375,1000.78515625
7230,0.15956997871398926,1000.24609375
7231,0.14372491836547852,999.51171875
7232,0.1375575065612793,1000.171875
7233,0.1294398307800293,999.70703125
7234,0.12069559097290039,999.33984375
7235,0.1405789852142334,1000.640625
7236,0.1419663429260254,1000.7421875
7237,0.13639092445373535,1000.85546875
7238,0.11893343925476074,1000.45703125
7239,0.09139585494995117,999.640625
7240,0.1289384365081787,998.4921875
7241,0.11809945106506348,1001.03125
7242,0.1833651065826416,1000.62109375
7243,0.15305781364440918,1001.6484375
7244,0.11527872085571289,998.71484375
7245,0.1108856201171875,1002.0390625
7246,0.1484081745147705,1001.4375
7247,0.16587471961975098,1000.27734375
7248,0.20031237602233887,1001.80859375
7249,0.12430429458618164,1001.203125
7250,0.13337373733520508,1001.484375
7251,0.15865373611450195,1001.14453125
7252,0.11861896514892578,1002.01953125
7253,0.14337778091430664,1002.515625
7254,0.13530302047729492,1001.765625
7255,0.14909577369689941,1001.3984375
7256,0.14468979835510254,1003.296875
7257,0.1513664722442627,1001.9453125
7258,0.14307093620300293,1004.25390625
7259,0.15461158752441406,1002.1796875
7260,0.19280004501342773,1003.89453125
7261,0.16439151763916016,1001.671875
7262,0.18137907981872559,1002.6953125
7263,0.14826107025146484,1002.953125
7264,0.16715455055236816,1003.15234375
7265,0.15203046798706055,1005.34375
7266,0.17046213150024414,1003.36328125
7267,0.161299467086792,1004.671875
7268,0.1402268409729004,1002.56640625
7269,0.13442397117614746,1004.40234375
7270,0.12111020088195801,1005.25390625
7271,0.16405296325683594,1006.1640625
7272,0.13469290733337402,1004.61328125
7273,0.14051032066345215,1004.91796875
7274,0.13919448852539062,1004.34375
7275,0.16083765029907227,1005.59765625
7276,0.11464333534240723,1005.40625
7277,0.15358471870422363,1003.83203125
7278,0.1564779281616211,1005.72265625
7279,0.16105341911315918,1005.609375
7280,0.11225605010986328,1006.0
7281,0.1329822540283203,1003.4609375
7282,0.08559536933898926,1003.76171875
7283,0.12837576866149902,1004.20703125
7284,0.13575220108032227,1005.21484375
7285,0.1385350227355957,1005.34375
7286,0.1484987735748291,1005.66796875
7287,0.15228533744812012,1006.30859375
7288,0.13314580917358398,1005.16796875
7289,0.13705921173095703,1007.3203125
7290,0.15634775161743164,1004.35546875
7291,0.1676008701324463,1006.8984375
7292,0.13193655014038086,1007.88671875
7293,0.12954163551330566,1007.21484375
7294,0.1497485637664795,1008.96484375
7295,0.13460445404052734,1007.08984375
7296,0.1333003044128418,1007.14453125
7297,0.10965228080749512,1008.05859375
7298,0.1152811050415039,1007.01171875
7299,0.1782538890838623,1008.13671875
7300,0.17990756034851074,1008.40234375
7301,0.139847993850708,1009.16015625
7302,0.13525104522705078,1008.1796875
7303,0.14835381507873535,1009.0546875
7304,0.11531567573547363,1008.3671875
7305,0.1471548080444336,1008.98046875
7306,0.13701558113098145,1009.5625
7307,0.13167381286621094,1011.96484375
7308,0.08517313003540039,1010.390625
7309,0.14811992645263672,1010.0
7310,0.11439371109008789,1011.47265625
7311,0.1647179126739502,1011.23046875
7312,0.1324329376220703,1013.33203125
7313,0.1657721996307373,1011.73828125
7314,0.13759779930114746,1013.6171875
7315,0.11968064308166504,1010.9921875
7316,0.11216425895690918,1012.8359375
7317,0.12833118438720703,1010.83984375
7318,0.1356971263885498,1012.0703125
7319,0.15039801597595215,1011.91796875
7320,0.13495564460754395,1011.5703125
7321,0.14365553855895996,1011.8984375
7322,0.1438593864440918,1013.1796875
7323,0.14617919921875,1011.08203125
7324,0.15796732902526855,1015.2421875
7325,0.16421175003051758,1012.8125
7326,0.13790440559387207,1011.98046875
7327,0.16599440574645996,1013.90234375
7328,0.16741561889648438,1013.765625
7329,0.1175832748413086,1013.78515625
7330,0.10694599151611328,1012.859375
7331,0.13941478729248047,1012.671875
7332,0.1409287452697754,1014.90625
7333,0.14337539672851562,1014.921875
7334,0.15218782424926758,1013.9921875
7335,0.12503433227539062,1011.765625
7336,0.16577911376953125,1012.10546875
7337,0.14412665367126465,1013.64453125
7338,0.15600252151489258,1014.8359375
7339,0.1809825897216797,1015.79296875
7340,0.1355428695678711,1015.30859375
7341,0.21343326568603516,1015.46875
7342,0.1646103858947754,1015.81640625
7343,0.10337042808532715,1013.4921875
7344,0.1333022117614746,1013.8046875
7345,0.14454007148742676,1014.8203125
7346,0.14954328536987305,1014.49609375
7347,0.16408705711364746,1016.6875
7348,0.1458117961883545,1016.01953125
7349,0.19955801963806152,1015.98828125
7350,0.11793041229248047,1015.625
7351,0.16472172737121582,1016.7578125
7352,0.17627692222595215,1017.8984375
7353,0.16803932189941406,1016.81640625
7354,0.15242338180541992,1016.1953125
7355,0.11140227317810059,1017.44140625
7356,0.12682890892028809,1015.390625
7357,0.15082430839538574,1015.8125
7358,0.13474321365356445,1015.66796875
7359,0.15505290031433105,1017.03125
7360,0.14429759979248047,1015.890625
7361,0.16693353652954102,1017.49609375
7362,0.1819627285003662,1014.625
7363,0.12041378021240234,1016.984375
7364,0.14673256874084473,1016.27734375
7365,0.09901952743530273,1018.796875
7366,0.16092181205749512,1018.328125
7367,0.14559340476989746,1016.21875
7368,0.12705397605895996,1018.4921875
7369,0.1549692153930664,1017.95703125
7370,0.14392399787902832,1017.8828125
7371,0.14816045761108398,1018.2109375
7372,0.1831667423248291,1017.58203125
7373,0.17926335334777832,1018.8203125
7374,0.16553378105163574,1018.3203125
7375,0.12431979179382324,1018.93359375
7376,0.15560078620910645,1019.15625
7377,0.1505143642425537,1017.51171875
7378,0.13911771774291992,1018.09765625
7379,0.16389703750610352,1019.0625
7380,0.20484042167663574,1018.8984375
7381,0.17719817161560059,1019.7890625
7382,0.16123223304748535,1018.58203125
7383,0.14499878883361816,1018.5859375
7384,0.16668462753295898,1017.94921875
7385,0.14833331108093262,1018.21875
7386,0.14336729049682617,1020.7734375
7387,0.1548173427581787,1022.609375
7388,0.14376115798950195,1020.01953125
7389,0.16681432723999023,1021.3359375
7390,0.12830257415771484,1021.1796875
7391,0.16697359085083008,1022.54296875
7392,0.14213776588439941,1021.07421875
7393,0.1290910243988037,1021.06640625
7394,0.17372393608093262,1022.48046875
7395,0.18839120864868164,1022.92578125
7396,0.12817668914794922,1022.859375
7397,0.13741612434387207,1023.51953125
7398,0.14690208435058594,1024.109375
7399,0.1511228084564209,1021.76953125
7400,0.16188287734985352,1021.2578125
7401,0.16055893898010254,1021.35546875
7402,0.16307997703552246,1023.55859375
7403,0.11721611022949219,1021.5078125
7404,0.13894987106323242,1021.03515625
7405,0.1497182846069336,1020.48828125
7406,0.21167874336242676,1021.7421875
7407,0.1678330898284912,1022.09765625
7408,0.13097596168518066,1022.4453125
7409,0.13864684104919434,1023.8046875
7410,0.11209964752197266,1021.80078125
7411,0.12759804725646973,1020.62890625
7412,0.17865896224975586,1021.63671875
7413,0.15904712677001953,1020.80859375
7414,0.20996880531311035,1021.12109375
7415,0.12365889549255371,1021.81640625
7416,0.11052846908569336,1022.765625
7417,0.1813209056854248,1021.2109375
7418,0.1510026454925537,1021.140625
7419,0.16666316986083984,1021.390625
7420,0.1672217845916748,1023.22265625
7421,0.14763522148132324,1022.05859375
7422,0.14557361602783203,1023.48828125
7423,0.10112404823303223,1022.20703125
7424,0.14449501037597656,1023.1640625
7425,0.19931674003601074,1023.7578125
7426,0.2333054542541504,1023.4453125
7427,0.0864400863647461,1023.84375
7428,0.14644646644592285,1022.703125
7429,0.15831398963928223,1024.7578125
7430,0.13963913917541504,1024.34375
7431,0.12536406517028809,1023.03125
7432,0.15225625038146973,1024.56640625
7433,0.10158300399780273,1024.73046875
7434,0.14705705642700195,1024.2578125
7435,0.17032790184020996,1024.67578125
7436,0.13971996307373047,1026.0625
7437,0.18328189849853516,1029.03515625
7438,0.15218567848205566,1025.05859375
7439,0.14377737045288086,1025.2109375
7440,0.19080066680908203,1025.40625
7441,0.15882587432861328,1024.87109375
7442,0.18847203254699707,1026.08984375
7443,0.176863431930542,1025.3203125
7444,0.18825769424438477,1025.171875
7445,0.22611641883850098,1025.5859375
7446,0.20435380935668945,1027.22265625
7447,0.1880970001220703,1026.08984375
7448,0.16292262077331543,1027.46875
7449,0.19808077812194824,1026.5703125
7450,0.11082792282104492,1026.26953125
7451,0.20468640327453613,1026.34375
7452,0.18919825553894043,1027.234375
7453,0.21178221702575684,1026.57421875
7454,0.1370556354522705,1028.30078125
7455,0.17899489402770996,1026.171875
7456,0.14734816551208496,1026.75390625
7457,0.15996909141540527,1028.20703125
7458,0.1807847023010254,1028.73828125
7459,0.1514298915863037,1026.4609375
7460,0.17517900466918945,1027.7890625
7461,0.14078688621520996,1028.95703125
7462,0.2013416290283203,1027.3671875
7463,0.1766507625579834,1026.94921875
7464,0.16629672050476074,1026.93359375
7465,0.18617987632751465,1026.7109375
7466,0.12451457977294922,1025.42578125
7467,0.23221802711486816,1028.51171875
7468,0.0632941722869873,1028.78125
7469,0.13798856735229492,1029.484375
7470,0.16361665725708008,1027.84375
7471,0.2031702995300293,1030.046875
7472,0.16020560264587402,1029.69921875
7473,0.1734006404876709,1029.25390625
7474,0.16654181480407715,1027.921875
7475,0.16561079025268555,1028.9453125
7476,0.15264248847961426,1028.7578125
7477,0.15338134765625,1029.99609375
7478,0.21437335014343262,1029.49609375
7479,0.15486550331115723,1030.828125
7480,0.18980956077575684,1031.75390625
7481,0.16135573387145996,1028.75
7482,0.17394304275512695,1031.91015625
7483,0.13118410110473633,1028.6796875
7484,0.17491936683654785,1031.6953125
7485,0.14276123046875,1029.8125
7486,0.12814831733703613,1029.859375
7487,0.15408635139465332,1028.35546875
7488,0.25559186935424805,1031.91015625
7489,0.227522611618042,1030.63671875
7490,0.19315481185913086,1030.453125
7491,0.05566906929016113,1029.828125
7492,0.16353893280029297,1034.484375
7493,0.1313338279724121,1031.95703125
7494,0.16854643821716309,1032.08203125
7495,0.15823030471801758,1029.97265625
7496,0.15105772018432617,1031.80859375
7497,0.13835620880126953,1031.546875
7498,0.12015700340270996,1030.6171875
7499,0.13182425498962402,1031.02734375
7500,0.14487910270690918,1032.046875
7501,0.1415879726409912,1032.359375
7502,0.16135048866271973,1030.359375
7503,0.14383339881896973,1031.8984375
7504,0.16737866401672363,1030.84375
7505,0.1286008358001709,1031.7265625
7506,0.13765907287597656,1030.765625
7507,0.2022101879119873,1033.375
7508,0.11232876777648926,1034.39453125
7509,0.16382932662963867,1034.234375
7510,0.14502954483032227,1033.2265625
7511,0.1287095546722412,1033.37890625
7512,0.1266036033630371,1033.05078125
7513,0.1543750762939453,1033.3828125
7514,0.1661362648010254,1034.0390625
7515,0.14965415000915527,1033.57421875
7516,0.1921994686126709,1035.015625
7517,0.17397832870483398,1034.8671875
7518,0.13565564155578613,1033.86328125
7519,0.1538553237915039,1033.7109375
7520,0.16987848281860352,1034.40625
7521,0.15767550468444824,1033.578125
7522,0.15114760398864746,1037.4453125
7523,0.11902189254760742,1033.96875
7524,0.16789984703063965,1036.11328125
7525,0.09794139862060547,1037.0078125
7526,0.16233229637145996,1034.9375
7527,0.16668248176574707,1034.98046875
7528,0.16304230690002441,1037.1328125
7529,0.08575248718261719,1034.59375
7530,0.1519026756286621,1036.1484375
7531,0.22249889373779297,1037.31640625
7532,0.1642444133758545,1036.21875
7533,0.14237642288208008,1035.3125
7534,0.16595697402954102,1037.49609375
7535,0.12607097625732422,1036.2265625
7536,0.14618301391601562,1036.43359375
7537,0.20547151565551758,1036.0703125
7538,0.1816263198852539,1039.22265625
7539,0.13953900337219238,1036.953125
7540,0.1623387336730957,1038.00390625
7541,0.18474698066711426,1038.55078125
7542,0.14656424522399902,1036.19921875
7543,0.13989853858947754,1038.671875
7544,0.13562607765197754,1037.40234375
7545,0.1457507610321045,1037.8359375
7546,0.18307995796203613,1038.28125
7547,0.1315762996673584,1038.91796875
7548,0.14391732215881348,1039.01953125
7549,0.18765544891357422,1038.6953125
7550,0.14622807502746582,1039.1484375
7551,0.1462104320526123,1040.47265625
7552,0.15052437782287598,1040.45703125
7553,0.14455056190490723,1041.83203125
7554,0.12507009506225586,1040.96484375
7555,0.15438604354858398,1042.43359375
7556,0.1694340705871582,1040.62890625
7557,0.11920642852783203,1041.86328125
7558,0.08245348930358887,1041.56640625
7559,0.13690638542175293,1039.76171875
7560,0.15886998176574707,1042.34375
7561,0.21494197845458984,1041.95703125
7562,0.12261438369750977,1039.94140625
7563,0.1017308235168457,1042.640625
7564,0.15166211128234863,1040.91015625
7565,0.10247039794921875,1042.046875
7566,0.14072895050048828,1041.45703125
7567,0.1179206371307373,1041.27734375
7568,0.11035990715026855,1040.5390625
7569,0.19716763496398926,1041.59765625
7570,0.13642573356628418,1040.8125
7571,0.13081908226013184,1039.8984375
7572,0.1730039119720459,1041.65625
7573,0.1501474380493164,1040.5625
7574,0.15966439247131348,1042.16015625
7575,0.14590215682983398,1042.421875
7576,0.1491997241973877,1043.3046875
7577,0.1648566722869873,1041.79296875
7578,0.11725401878356934,1042.0546875
7579,0.16864299774169922,1042.88671875
7580,0.11927127838134766,1042.0234375
7581,0.12976527214050293,1042.9921875
7582,0.13436651229858398,1040.578125
7583,0.08959531784057617,1042.421875
7584,0.13948583602905273,1043.08203125
7585,0.18122196197509766,1041.73828125
7586,0.08125424385070801,1042.671875
7587,0.1726551055908203,1041.62109375
7588,0.1645185947418213,1043.6328125
7589,0.15077948570251465,1042.81640625
7590,0.20235061645507812,1042.20703125
7591,0.20642876625061035,1042.546875
7592,0.12514591217041016,1042.73828125
7593,0.13210391998291016,1042.82421875
7594,0.1299905776977539,1043.6328125
7595,0.19826221466064453,1042.625
7596,0.14886474609375,1042.41796875
7597,0.15174579620361328,1043.984375
7598,0.14473962783813477,1041.4140625
7599,0.17940640449523926,1043.41015625
7600,0.14257240295410156,1043.9140625
7601,0.1194157600402832,1045.2265625
7602,0.1766374111175537,1046.0703125
7603,0.11426520347595215,1044.640625
7604,0.14769673347473145,1044.078125
7605,0.1752610206604004,1045.51953125
7606,0.13332843780517578,1044.953125
7607,0.161393404006958,1046.23046875
7608,0.13897919654846191,1047.25390625
7609,0.16564345359802246,1044.7578125
7610,0.15154361724853516,1045.03515625
7611,0.16591882705688477,1045.84765625
7612,0.12123537063598633,1045.296875
7613,0.1426088809967041,1046.98046875
7614,0.1593031883239746,1049.2109375
7615,0.14821410179138184,1047.50390625
7616,0.14827370643615723,1046.265625
7617,0.14426231384277344,1047.41015625
7618,0.14989566802978516,1045.94140625
7619,0.18605446815490723,1046.58203125
7620,0.22780919075012207,1048.32421875
7621,0.16335654258728027,1047.12890625
7622,0.13461923599243164,1047.4375
7623,0.1644585132598877,1047.828125
7624,0.1425626277923584,1048.015625
7625,0.11670303344726562,1048.9375
7626,0.18811798095703125,1049.62109375
7627,0.18899202346801758,1048.921875
7628,0.13998126983642578,1048.75390625
7629,0.11791348457336426,1050.33984375
7630,0.14235424995422363,1051.296875
7631,0.15337157249450684,1050.125
7632,0.14741206169128418,1049.3046875
7633,0.1273059844970703,1050.7421875
7634,0.17925238609313965,1050.875
7635,0.12142658233642578,1049.984375
7636,0.15410232543945312,1050.4921875
7637,0.1323249340057373,1050.99609375
7638,0.1318197250366211,1049.5859375
7639,0.12183213233947754,1049.16015625
7640,0.14926838874816895,1051.5078125
7641,0.14980411529541016,1050.0078125
7642,0.1662583351135254,1051.36328125
7643,0.12195324897766113,1051.06640625
7644,0.1740880012512207,1049.3046875
7645,0.13138604164123535,1050.7734375
7646,0.12008905410766602,1052.0625
7647,0.09584188461303711,1051.9375
7648,0.1363062858581543,1052.53515625
7649,0.15395188331604004,1051.21484375
7650,0.15250086784362793,1051.53125
7651,0.18414688110351562,1052.9296875
7652,0.13570713996887207,1053.44921875
7653,0.1285233497619629,1052.91796875
7654,0.13824033737182617,1052.890625
7655,0.16106176376342773,1054.453125
7656,0.16001272201538086,1054.671875
7657,0.12876367568969727,1053.453125
7658,0.1511685848236084,1053.55859375
7659,0.13333630561828613,1053.27734375
7660,0.1518993377685547,1054.7578125
7661,0.15201330184936523,1054.1328125
7662,0.17534422874450684,1055.8125
7663,0.143021821975708,1053.9921875
7664,0.1652994155883789,1053.171875
7665,0.15905976295471191,1054.6953125
7666,0.12886667251586914,1056.7578125
7667,0.14078974723815918,1054.13671875
7668,0.15281271934509277,1056.68359375
7669,0.09184789657592773,1052.375
7670,0.13213896751403809,1053.0234375
7671,0.14140653610229492,1055.9609375
7672,0.16087555885314941,1056.32421875
7673,0.18431854248046875,1057.140625
7674,0.11953616142272949,1055.8671875
7675,0.15431618690490723,1052.46484375
7676,0.19806551933288574,1055.5
7677,0.18532133102416992,1055.3203125
7678,0.1599440574645996,1056.7890625
7679,0.1663973331451416,1055.30078125
7680,0.13699603080749512,1053.8984375
7681,0.15645360946655273,1054.27734375
7682,0.15520477294921875,1057.33984375
7683,0.15816450119018555,1057.11328125
7684,0.14391016960144043,1055.828125
7685,0.16436147689819336,1058.76953125
7686,0.14853382110595703,1056.4921875
7687,0.07224512100219727,1058.64453125
7688,0.1213541030883789,1057.703125
7689,0.16711711883544922,1057.484375
7690,0.15099024772644043,1055.96875
7691,0.18117356300354004,1055.33984375
7692,0.14951252937316895,1056.66015625
7693,0.12786626815795898,1057.78515625
7694,0.11604070663452148,1057.33203125
7695,0.18704462051391602,1058.7109375
7696,0.15513968467712402,1058.21875
7697,0.15586185455322266,1058.41796875
7698,0.15546965599060059,1058.8515625
7699,0.1488344669342041,1058.49609375
7700,0.15314078330993652,1057.8359375
7701,0.17979001998901367,1058.35546875
7702,0.17476844787597656,1055.9609375
7703,0.11600470542907715,1058.71484375
7704,0.2290656566619873,1059.83984375
7705,0.21934890747070312,1059.484375
7706,0.21142959594726562,1060.08203125
7707,0.17354345321655273,1060.5859375
7708,0.19592952728271484,1059.515625
7709,0.1785287857055664,1060.3359375
7710,0.16518688201904297,1058.765625
7711,0.17861390113830566,1058.5390625
7712,0.1847209930419922,1060.30859375
7713,0.17601323127746582,1060.13671875
7714,0.14499998092651367,1058.6640625
7715,0.1319119930267334,1057.89453125
7716,0.16606974601745605,1060.63671875
7717,0.20250296592712402,1060.30078125
7718,0.16414809226989746,1059.79296875
7719,0.18793988227844238,1062.29296875
7720,0.14482760429382324,1061.484375
7721,0.1664564609527588,1060.96875
7722,0.16741681098937988,1060.8359375
7723,0.13867807388305664,1064.1875
7724,0.1683826446533203,1059.5625
7725,0.16057991981506348,1060.6328125
7726,0.16695666313171387,1060.98046875
7727,0.15073323249816895,1061.87890625
7728,0.16666173934936523,1061.390625
7729,0.1508781909942627,1063.25390625
7730,0.1420426368713379,1060.6640625
7731,0.21071743965148926,1060.953125
7732,0.1666247844696045,1062.73828125
7733,0.15178489685058594,1061.046875
7734,0.17519021034240723,1063.09765625
7735,0.1611945629119873,1062.8984375
7736,0.15779519081115723,1062.9765625
7737,0.16788101196289062,1064.5
7738,0.16457557678222656,1062.82421875
7739,0.09226775169372559,1063.09375
7740,0.14316654205322266,1063.125
7741,0.16511034965515137,1064.32421875
7742,0.15544724464416504,1065.125
7743,0.16048383712768555,1065.2265625
7744,0.1781933307647705,1063.80859375
7745,0.1618635654449463,1063.01953125
7746,0.1349656581878662,1064.4140625
7747,0.14853954315185547,1063.9296875
7748,0.1986219882965088,1066.296875
7749,0.10153818130493164,1065.5390625
7750,0.16508054733276367,1065.5078125
7751,0.21362996101379395,1063.41015625
7752,0.17214035987854004,1067.84765625
7753,0.17934441566467285,1063.93359375
7754,0.18138980865478516,1065.71875
7755,0.15736722946166992,1065.33984375
7756,0.1480879783630371,1062.3984375
7757,0.16137290000915527,1062.3828125
7758,0.17009902000427246,1063.59375
7759,0.17264032363891602,1062.92578125
7760,0.15975475311279297,1064.96484375
7761,0.23498153686523438,1063.73828125
7762,0.1391005516052246,1064.37109375
7763,0.14939546585083008,1063.70703125
7764,0.1613314151763916,1064.47265625
7765,0.16400384902954102,1064.703125
7766,0.10180091857910156,1066.56640625
7767,0.16185331344604492,1065.79296875
7768,0.20149946212768555,1067.578125
7769,0.15051794052124023,1067.21484375
7770,0.18070673942565918,1067.37890625
7771,0.17868638038635254,1066.4140625
7772,0.17648935317993164,1067.96875
7773,0.09444475173950195,1066.5546875
7774,0.16921257972717285,1066.16796875
7775,0.13380670547485352,1065.875
7776,0.16107487678527832,1067.92578125
7777,0.14655590057373047,1066.23046875
7778,0.12388300895690918,1067.2265625
7779,0.15853142738342285,1068.25
7780,0.14848065376281738,1067.79296875
7781,0.14980053901672363,1069.2734375
7782,0.1758413314819336,1067.90625
7783,0.15836215019226074,1068.75390625
7784,0.13896918296813965,1067.18359375
7785,0.17487049102783203,1070.33203125
7786,0.15042924880981445,1067.05859375
7787,0.1321253776550293,1068.796875
7788,0.15051722526550293,1067.96875
7789,0.20365381240844727,1068.74609375
7790,0.1663355827331543,1068.2109375
7791,0.11988258361816406,1069.84765625
7792,0.14536380767822266,1068.41796875
7793,0.15203452110290527,1066.68359375
7794,0.0685112476348877,1066.6015625
7795,0.14093661308288574,1068.4921875
7796,0.145766019821167,1068.27734375
7797,0.1457962989807129,1068.7890625
7798,0.12741708755493164,1069.859375
7799,0.1429457664489746,1068.4140625
7800,0.16539287567138672,1068.390625
7801,0.16843008995056152,1067.5546875
7802,0.1576685905456543,1070.71484375
7803,0.15909361839294434,1069.37890625
7804,0.19807171821594238,1068.5
7805,0.2071230411529541,1071.90625
7806,0.18024349212646484,1068.328125
7807,0.1573939323425293,1068.83984375
7808,0.163468599319458,1071.74609375
7809,0.15102624893188477,1070.921875
7810,0.11854672431945801,1069.953125
7811,0.12784051895141602,1070.16796875
7812,0.16586804389953613,1071.30859375
7813,0.15290498733520508,1070.04296875
7814,0.16717076301574707,1071.578125
7815,0.12191152572631836,1070.52734375
7816,0.1484544277191162,1071.5859375
7817,0.15878987312316895,1072.3359375
7818,0.13225626945495605,1070.38671875
7819,0.12418794631958008,1069.73046875
7820,0.16103911399841309,1070.3515625
7821,0.0807340145111084,1071.76171875
7822,0.19607996940612793,1071.8671875
7823,0.17244601249694824,1072.2734375
7824,0.1723194122314453,1074.0625
7825,0.13526058197021484,1071.73046875
7826,0.13252949714660645,1070.421875
7827,0.14530491828918457,1071.21484375
7828,0.18340206146240234,1071.4765625
7829,0.12357854843139648,1073.14453125
7830,0.13647723197937012,1070.85546875
7831,0.18484020233154297,1071.8359375
7832,0.10135173797607422,1070.98046875
7833,0.16316008567810059,1072.04296875
7834,0.14611053466796875,1070.96484375
7835,0.1400296688079834,1072.515625
7836,0.1643962860107422,1068.76171875
7837,0.17598223686218262,1073.9765625
7838,0.15304040908813477,1074.015625
7839,0.13446044921875,1071.67578125
7840,0.15086746215820312,1073.265625
7841,0.13223767280578613,1073.18359375
7842,0.13249635696411133,1072.625
7843,0.1694626808166504,1073.1953125
7844,0.16360902786254883,1072.8671875
7845,0.13668179512023926,1072.38671875
7846,0.0845479965209961,1073.1484375
7847,0.14549922943115234,1073.765625
7848,0.1983356475830078,1072.75
7849,0.1463010311126709,1073.24609375
7850,0.14059209823608398,1073.359375
7851,0.13721442222595215,1072.125
7852,0.14637351036071777,1072.03125
7853,0.16068005561828613,1072.46484375
7854,0.13265395164489746,1073.23046875
7855,0.15313482284545898,1075.6640625
7856,0.16113805770874023,1073.859375
7857,0.12022161483764648,1075.109375
7858,0.14829802513122559,1073.7109375
7859,0.0997323989868164,1073.8203125
7860,0.14374971389770508,1073.96875
7861,0.14904093742370605,1074.62109375
7862,0.15803241729736328,1075.19921875
7863,0.16693496704101562,1076.796875
7864,0.1631472110748291,1076.46875
7865,0.17769455909729004,1076.53515625
7866,0.14058971405029297,1077.66796875
7867,0.1755988597869873,1077.87109375
7868,0.06130790710449219,1078.40625
7869,0.15827155113220215,1079.05859375
7870,0.15617871284484863,1077.70703125
7871,0.14314508438110352,1078.59375
7872,0.1757965087890625,1078.90625
7873,0.16162586212158203,1079.03515625
7874,0.10633301734924316,1080.1015625
7875,0.14693379402160645,1079.03125
7876,0.15705251693725586,1079.640625
7877,0.15869712829589844,1079.421875
7878,0.15884900093078613,1080.1875
7879,0.14249110221862793,1079.1953125
7880,0.1732180118560791,1079.8515625
7881,0.15574145317077637,1078.73828125
7882,0.12600183486938477,1081.07421875
7883,0.17280316352844238,1081.79296875
7884,0.13942861557006836,1080.0859375
7885,0.17775535583496094,1078.3203125
7886,0.23096156120300293,1080.9765625
7887,0.1860651969909668,1079.734375
7888,0.18312287330627441,1079.96875
7889,0.13527512550354004,1079.0546875
7890,0.13426470756530762,1081.49609375
7891,0.1346747875213623,1079.61328125
7892,0.17408418655395508,1080.3828125
7893,0.1614990234375,1080.5
7894,0.15798616409301758,1080.35546875
7895,0.06636810302734375,1080.03125
7896,0.1841285228729248,1079.22265625
7897,0.1546010971069336,1081.81640625
7898,0.1485140323638916,1080.86328125
7899,0.2072279453277588,1080.90625
7900,0.1441657543182373,1082.0859375
7901,0.15136432647705078,1080.1328125
7902,0.1349334716796875,1080.0703125
7903,0.14631319046020508,1081.2265625
7904,0.11568689346313477,1081.30859375
7905,0.14203453063964844,1080.7265625
7906,0.1647353172302246,1080.91796875
7907,0.1457993984222412,1081.0234375
7908,0.14548802375793457,1082.171875
7909,0.19700121879577637,1081.74609375
7910,0.16842246055603027,1079.890625
7911,0.1417689323425293,1083.14453125
7912,0.10056424140930176,1081.49609375
7913,0.13621139526367188,1080.4296875
7914,0.15816807746887207,1081.96875
7915,0.1470022201538086,1079.9921875
7916,0.1708824634552002,1081.76171875
7917,0.13251781463623047,1083.16015625
7918,0.16324877738952637,1083.44140625
7919,0.1593763828277588,1083.04296875
7920,0.14540672302246094,1082.09375
7921,0.13526535034179688,1082.828125
7922,0.1478443145751953,1082.0703125
7923,0.20293927192687988,1080.92578125
7924,0.15824246406555176,1084.48828125
7925,0.14480090141296387,1081.55078125
7926,0.18601584434509277,1082.11328125
7927,0.16852164268493652,1082.90625
7928,0.14483213424682617,1083.51171875
7929,0.13516569137573242,1081.8515625
7930,0.16599106788635254,1082.8359375
7931,0.17121648788452148,1082.0
7932,0.15229034423828125,1081.96484375
7933,0.1602921485900879,1082.65625
7934,0.10298562049865723,1082.0
7935,0.1492311954498291,1081.86328125
7936,0.1265273094177246,1082.41015625
7937,0.17545866966247559,1084.40625
7938,0.16185235977172852,1085.2265625
7939,0.18480443954467773,1084.05859375
7940,0.10461950302124023,1084.3828125
7941,0.17803716659545898,1085.09375
7942,0.10487914085388184,1083.40625
7943,0.14858293533325195,1085.921875
7944,0.16025900840759277,1083.42578125
7945,0.1388568878173828,1084.65234375
7946,0.16037583351135254,1084.08984375
7947,0.16437721252441406,1084.84375
7948,0.16178464889526367,1084.61328125
7949,0.15866661071777344,1084.25
7950,0.17533564567565918,1085.2578125
7951,0.16182875633239746,1084.484375
7952,0.13044261932373047,1085.484375
7953,0.1655597686767578,1086.76953125
7954,0.11447000503540039,1086.31640625
7955,0.09790611267089844,1083.859375
7956,0.1566178798675537,1084.49609375
7957,0.16518330574035645,1086.9609375
7958,0.16844749450683594,1086.14453125
7959,0.14360618591308594,1088.76171875
7960,0.15981602668762207,1089.94921875
7961,0.13510632514953613,1089.8515625
7962,0.1580803394317627,1088.19921875
7963,0.18156671524047852,1088.09375
7964,0.14693212509155273,1089.2890625
7965,0.2258892059326172,1089.78125
7966,0.07757234573364258,1089.10546875
7967,0.2013559341430664,1088.578125
7968,0.16765904426574707,1089.265625
7969,0.13858366012573242,1087.8203125
7970,0.17070269584655762,1087.203125
7971,0.18681859970092773,1089.9296875
7972,0.17568230628967285,1090.5
7973,0.12559080123901367,1091.8046875
7974,0.19995641708374023,1088.859375
7975,0.22568082809448242,1090.6875
7976,0.14293122291564941,1090.99609375
7977,0.1971759796142578,1088.70703125
7978,0.2276475429534912,1090.79296875
7979,0.20607781410217285,1089.828125
7980,0.2018718719482422,1090.046875
7981,0.18375492095947266,1090.7421875
7982,0.20207619667053223,1092.8515625
7983,0.0782172679901123,1088.84765625
7984,0.22687840461730957,1091.046875
7985,0.18363523483276367,1089.87890625
7986,0.1961970329284668,1090.125
7987,0.23142457008361816,1090.1796875
7988,0.17342877388000488,1092.12890625
7989,0.17105984687805176,1090.27734375
7990,0.18108654022216797,1090.59375
7991,0.1119530200958252,1089.76171875
7992,0.23134899139404297,1089.37890625
7993,0.18493223190307617,1090.21875
7994,0.18731999397277832,1091.953125
7995,0.16223931312561035,1093.27734375
7996,0.16450810432434082,1091.28515625
7997,0.16338205337524414,1093.328125
7998,0.13044214248657227,1091.60546875
7999,0.18692374229431152,1093.6171875
8000,0.19484210014343262,1092.1015625
8001,0.1821737289428711,1092.40234375
8002,0.197953462600708,1093.80859375
8003,0.19387269020080566,1092.09375
8004,0.14861702919006348,1093.1875
8005,0.16426420211791992,1093.65234375
8006,0.15844273567199707,1094.1796875
8007,0.19156336784362793,1094.5234375
8008,0.1910722255706787,1094.2734375
8009,0.20812606811523438,1093.8515625
8010,0.17508411407470703,1093.265625
8011,0.17961573600769043,1094.78125
8012,0.2108166217803955,1093.41796875
8013,0.19725418090820312,1092.796875
8014,0.19144010543823242,1093.83984375
8015,0.24144387245178223,1095.7734375
8016,0.19776701927185059,1096.3515625
8017,0.18086791038513184,1094.8125
8018,0.17583203315734863,1094.4765625
8019,0.19598650932312012,1095.3828125
8020,0.1388990879058838,1094.69140625
8021,0.20331287384033203,1094.28515625
8022,0.16769075393676758,1094.09375
8023,0.1474897861480713,1097.16015625
8024,0.14829564094543457,1095.05859375
8025,0.1673734188079834,1095.30859375
8026,0.16051840782165527,1096.47265625
8027,0.19206547737121582,1094.671875
8028,0.17165207862854004,1096.6484375
8029,0.10328149795532227,1094.36328125
8030,0.18080997467041016,1096.48828125
8031,0.16072607040405273,1094.9453125
8032,0.16038966178894043,1095.04296875
8033,0.15131926536560059,1096.671875
8034,0.15246820449829102,1096.265625
8035,0.11318707466125488,1097.265625
8036,0.18135952949523926,1094.94140625
8037,0.1946721076965332,1096.5078125
8038,0.13309025764465332,1097.5703125
8039,0.1702709197998047,1099.5859375
8040,0.1420001983642578,1096.16796875
8041,0.098724365234375,1097.1796875
8042,0.13284516334533691,1097.68359375
8043,0.2288374900817871,1096.5546875
8044,0.22331786155700684,1096.69921875
8045,0.15020442008972168,1096.65625
8046,0.14958691596984863,1099.01171875
8047,0.15186476707458496,1097.39453125
8048,0.18172812461853027,1097.98046875
8049,0.14058399200439453,1098.75390625
8050,0.16857266426086426,1098.61328125
8051,0.17125821113586426,1099.86328125
8052,0.15956950187683105,1098.37890625
8053,0.18531155586242676,1099.05859375
8054,0.14474892616271973,1099.80078125
8055,0.17168974876403809,1100.1015625
8056,0.1655576229095459,1098.44140625
8057,0.15270328521728516,1100.81640625
8058,0.17675566673278809,1100.0234375
8059,0.18797850608825684,1100.44140625
8060,0.1289505958557129,1103.23828125
8061,0.1423656940460205,1102.16015625
8062,0.1439990997314453,1102.74609375
8063,0.11863064765930176,1100.19921875
8064,0.1755824089050293,1100.98046875
8065,0.14794325828552246,1100.8125
8066,0.16640281677246094,1102.41015625
8067,0.16207098960876465,1102.07421875
8068,0.16033148765563965,1101.35546875
8069,0.1884005069732666,1102.21484375
8070,0.15323209762573242,1101.65625
8071,0.15363597869873047,1102.046875
8072,0.16642498970031738,1102.49609375
8073,0.15758395195007324,1103.6328125
8074,0.13175535202026367,1101.6328125
8075,0.18225812911987305,1102.34765625
8076,0.1509380340576172,1101.890625
8077,0.13895678520202637,1103.17578125
8078,0.16355347633361816,1101.20703125
8079,0.1660909652709961,1102.64453125
8080,0.15906906127929688,1102.828125
8081,0.19110369682312012,1103.41796875
8082,0.19417285919189453,1103.62109375
8083,0.16651296615600586,1104.59375
8084,0.18402719497680664,1103.6015625
8085,0.17601990699768066,1103.234375
8086,0.16385316848754883,1103.43359375
8087,0.16494393348693848,1104.359375
8088,0.14993858337402344,1103.44921875
8089,0.19884109497070312,1102.55078125
8090,0.13405799865722656,1104.91015625
8091,0.15538835525512695,1103.59765625
8092,0.19141674041748047,1103.45703125
8093,0.15567898750305176,1103.1875
8094,0.11381292343139648,1104.6953125
8095,0.1879575252532959,1103.25
8096,0.15221810340881348,1104.3671875
8097,0.18124151229858398,1104.80859375
8098,0.2003936767578125,1104.0703125
8099,0.15569519996643066,1102.01171875
8100,0.10319995880126953,1101.7421875
8101,0.2042069435119629,1105.25
8102,0.0658106803894043,1103.5546875
8103,0.14219951629638672,1104.015625
8104,0.1528167724609375,1105.1875
8105,0.16269969940185547,1105.1328125
8106,0.11206364631652832,1105.74609375
8107,0.16305088996887207,1102.96875
8108,0.17192745208740234,1103.49609375
8109,0.11471223831176758,1102.47265625
8110,0.13488149642944336,1103.0390625
8111,0.17834067344665527,1104.7890625
8112,0.17818880081176758,1103.734375
8113,0.19730353355407715,1104.46875
8114,0.12476015090942383,1104.3359375
8115,0.14613962173461914,1104.109375
8116,0.10258674621582031,1104.6875
8117,0.15386390686035156,1102.6640625
8118,0.1675417423248291,1104.35546875
8119,0.15700221061706543,1102.953125
8120,0.08386087417602539,1104.2734375
8121,0.12454509735107422,1104.2890625
8122,0.1497964859008789,1103.59765625
8123,0.07531213760375977,1102.9609375
8124,0.1826014518737793,1104.73046875
8125,0.1623079776763916,1105.96484375
8126,0.1769864559173584,1105.40234375
8127,0.18629693984985352,1106.546875
8128,0.17036056518554688,1106.703125
8129,0.16066741943359375,1106.78125
8130,0.10869264602661133,1107.71875
8131,0.14876699447631836,1106.66015625
8132,0.17699050903320312,1108.48828125
8133,0.15284132957458496,1107.30078125
8134,0.18218779563903809,1108.921875
8135,0.16284823417663574,1107.19140625
8136,0.16622138023376465,1108.63671875
8137,0.1475539207458496,1107.18359375
8138,0.17516756057739258,1107.1328125
8139,0.16722679138183594,1108.02734375
8140,0.14732694625854492,1109.3125
8141,0.16135168075561523,1108.50390625
8142,0.209641695022583,1108.80859375
8143,0.17368125915527344,1108.875
8144,0.18369102478027344,1108.26953125
8145,0.1634066104888916,1108.8125
8146,0.16347432136535645,1111.81640625
8147,0.14850234985351562,1110.4453125
8148,0.19796395301818848,1108.52734375
8149,0.1684129238128662,1108.44921875
8150,0.1344130039215088,1109.32421875
8151,0.17402243614196777,1107.61328125
8152,0.10497879981994629,1111.015625
8153,0.1752769947052002,1109.578125
8154,0.14594125747680664,1109.875
8155,0.16689538955688477,1111.90234375
8156,0.11625289916992188,1110.4453125
8157,0.20618200302124023,1110.015625
8158,0.17074227333068848,1108.8828125
8159,0.18436646461486816,1109.70703125
8160,0.21685528755187988,1110.60546875
8161,0.17118334770202637,1112.5546875
8162,0.1443026065826416,1110.44140625
8163,0.1407618522644043,1110.828125
8164,0.2007007598876953,1112.6484375
8165,0.17566919326782227,1110.5390625
8166,0.21539950370788574,1110.9921875
8167,0.15524053573608398,1112.16796875
8168,0.1793079376220703,1112.30859375
8169,0.1510922908782959,1111.49609375
8170,0.16233134269714355,1111.37890625
8171,0.17244386672973633,1112.859375
8172,0.16012048721313477,1111.58984375
8173,0.20639419555664062,1113.390625
8174,0.13881540298461914,1112.12109375
8175,0.17869329452514648,1112.99609375
8176,0.1815204620361328,1113.625
8177,0.1734156608581543,1112.5078125
8178,0.19424867630004883,1114.50390625
8179,0.20462775230407715,1113.75390625
8180,0.1502690315246582,1112.82421875
8181,0.14422845840454102,1114.29296875
8182,0.2026824951171875,1114.16015625
8183,0.14331984519958496,1112.8046875
8184,0.15624237060546875,1112.64453125
8185,0.1593470573425293,1113.58984375
8186,0.13142085075378418,1114.3359375
8187,0.16321873664855957,1113.09765625
8188,0.15980172157287598,1114.21484375
8189,0.16068243980407715,1112.4296875
8190,0.08313584327697754,1112.671875
8191,0.12700605392456055,1112.1875
8192,0.16614437103271484,1116.2734375
8193,0.11195540428161621,1113.5546875
8194,0.14497613906860352,1115.34375
8195,0.08190488815307617,1114.60546875
8196,0.17358064651489258,1112.1484375
8197,0.11385154724121094,1112.9296875
8198,0.18605971336364746,1114.6015625
8199,0.15551114082336426,1115.38671875
8200,0.16694283485412598,1113.390625
8201,0.1446225643157959,1113.8515625
8202,0.17707061767578125,1115.15234375
8203,0.1412816047668457,1115.5390625
8204,0.16044044494628906,1115.44140625
8205,0.15972304344177246,1114.57421875
8206,0.1358654499053955,1114.1796875
8207,0.13413524627685547,1114.9921875
8208,0.19045352935791016,1113.8828125
8209,0.15202593803405762,1115.234375
8210,0.14089131355285645,1116.1328125
8211,0.15137648582458496,1115.0859375
8212,0.16563677787780762,1120.421875
8213,0.13283681869506836,1116.39453125
8214,0.1829204559326172,1114.40625
8215,0.14007258415222168,1113.73046875
8216,0.1715848445892334,1114.77734375
8217,0.0856010913848877,1117.63671875
8218,0.1519486904144287,1113.92578125
8219,0.19897174835205078,1114.8671875
8220,0.14295148849487305,1114.73828125
8221,0.14695239067077637,1114.94921875
8222,0.1869490146636963,1115.265625
8223,0.14052033424377441,1115.49609375
8224,0.16305112838745117,1114.328125
8225,0.15052342414855957,1115.22265625
8226,0.17172527313232422,1117.2109375
8227,0.11262392997741699,1116.6484375
8228,0.1485157012939453,1116.29296875
8229,0.16893601417541504,1115.98046875
8230,0.09781765937805176,1116.37890625
8231,0.1806936264038086,1116.546875
8232,0.1655890941619873,1117.05859375
8233,0.16046762466430664,1117.05859375
8234,0.15495753288269043,1114.76171875
8235,0.1133887767791748,1119.1171875
8236,0.16551518440246582,1115.42578125
8237,0.1373605728149414,1116.38671875
8238,0.12595176696777344,1116.44921875
8239,0.09484148025512695,1115.36328125
8240,0.19107580184936523,1116.59765625
8241,0.192518949508667,1117.1796875
8242,0.22895097732543945,1118.98828125
8243,0.16725540161132812,1119.65234375
8244,0.13774967193603516,1116.9140625
8245,0.14648818969726562,1117.75
8246,0.1589806079864502,1117.69140625
8247,0.1799473762512207,1118.48828125
8248,0.14979791641235352,1117.3046875
8249,0.1441657543182373,1119.33984375
8250,0.1600353717803955,1119.38671875
8251,0.15591216087341309,1120.73046875
8252,0.12000703811645508,1118.9375
8253,0.1941699981689453,1119.51171875
8254,0.20644807815551758,1120.91015625
8255,0.21337389945983887,1119.45703125
8256,0.2002577781677246,1119.5625
8257,0.1575460433959961,1122.00390625
8258,0.24547243118286133,1119.4140625
8259,0.16237974166870117,1122.11328125
8260,0.20017194747924805,1121.71875
8261,0.14164161682128906,1121.86328125
8262,0.15113449096679688,1122.1875
8263,0.1582491397857666,1122.30859375
8264,0.16530609130859375,1122.26953125
8265,0.23218202590942383,1123.125
8266,0.1720890998840332,1120.359375
8267,0.18050074577331543,1122.5390625
8268,0.20196127891540527,1121.4453125
8269,0.19209766387939453,1122.4296875
8270,0.2208864688873291,1121.15234375
8271,0.20501708984375,1120.51171875
8272,0.20743465423583984,1120.7421875
8273,0.18720698356628418,1120.79296875
8274,0.19041180610656738,1123.0703125
8275,0.16570520401000977,1121.3359375
8276,0.19868016242980957,1120.41796875
8277,0.18117165565490723,1121.58984375
8278,0.19182348251342773,1122.09765625
8279,0.15345239639282227,1121.0234375
8280,0.17858266830444336,1122.09765625
8281,0.1606435775756836,1123.46484375
8282,0.08793091773986816,1121.84765625
8283,0.1695239543914795,1123.34375
8284,0.1578822135925293,1122.96484375
8285,0.21286773681640625,1124.98828125
8286,0.1681051254272461,1124.49609375
8287,0.2124769687652588,1122.23046875
8288,0.22214770317077637,1123.51953125
8289,0.1789536476135254,1120.88671875
8290,0.20123767852783203,1123.0390625
8291,0.1781764030456543,1123.0859375
8292,0.20354795455932617,1126.22265625
8293,0.1071462631225586,1125.58203125
8294,0.14610791206359863,1124.234375
8295,0.18743610382080078,1123.57421875
8296,0.17220640182495117,1124.45703125
8297,0.1655139923095703,1124.1875
8298,0.16888427734375,1125.5078125
8299,0.19015216827392578,1124.82421875
8300,0.19440412521362305,1124.93359375
8301,0.16215276718139648,1127.29296875
8302,0.1976616382598877,1125.6328125
8303,0.20232915878295898,1127.57421875
8304,0.15306615829467773,1126.62890625
8305,0.1656503677368164,1127.53125
8306,0.15962457656860352,1127.99609375
8307,0.13273215293884277,1126.46875
8308,0.15250921249389648,1127.78125
8309,0.15666484832763672,1126.48828125
8310,0.17639756202697754,1127.7890625
8311,0.15675806999206543,1126.70703125
8312,0.3173542022705078,1127.0546875
8313,0.13827013969421387,1126.25390625
8314,0.13461995124816895,1127.125
8315,0.18262100219726562,1127.5546875
8316,0.17871642112731934,1129.1171875
8317,0.18340659141540527,1127.01953125
8318,0.17816996574401855,1126.87890625
8319,0.14240217208862305,1128.05859375
8320,0.15949249267578125,1127.92578125
8321,0.14613819122314453,1127.5859375
8322,0.21206283569335938,1126.1953125
8323,0.13681674003601074,1127.75390625
8324,0.11894917488098145,1128.80859375
8325,0.14732933044433594,1128.9375
8326,0.15354275703430176,1129.01171875
8327,0.1475057601928711,1128.84375
8328,0.15816545486450195,1129.1015625
8329,0.17495107650756836,1127.921875
8330,0.16165566444396973,1129.78125
8331,0.2128009796142578,1128.0
8332,0.21139073371887207,1129.58203125
8333,0.12490105628967285,1131.29296875
8334,0.1394181251525879,1131.39453125
8335,0.10752272605895996,1129.76953125
8336,0.17751789093017578,1130.49609375
8337,0.16222167015075684,1130.06640625
8338,0.1593952178955078,1130.44140625
8339,0.16292285919189453,1130.21484375
8340,0.15741443634033203,1128.63671875
8341,0.1239018440246582,1131.58984375
8342,0.15145659446716309,1130.734375
8343,0.1925830841064453,1132.171875
8344,0.17857027053833008,1132.66796875
8345,0.14603853225708008,1131.65625
8346,0.10372042655944824,1132.5078125
8347,0.1822047233581543,1134.48828125
8348,0.19050216674804688,1131.94140625
8349,0.20627713203430176,1132.23046875
8350,0.17090749740600586,1132.3671875
8351,0.20266366004943848,1133.49609375
8352,0.28473758697509766,1130.0078125
8353,0.20166802406311035,1132.17578125
8354,0.18457794189453125,1133.6171875
8355,0.1791532039642334,1132.14453125
8356,0.17636513710021973,1133.19140625
8357,0.19360566139221191,1134.265625
8358,0.13071441650390625,1133.16796875
8359,0.1826190948486328,1132.5703125
8360,0.15662240982055664,1131.640625
8361,0.09128475189208984,1130.625
8362,0.2214193344116211,1132.37109375
8363,0.16946768760681152,1134.58203125
8364,0.13090872764587402,1132.73828125
8365,0.11235260963439941,1132.5625
8366,0.19411158561706543,1133.30078125
8367,0.1866292953491211,1133.59765625
8368,0.16188693046569824,1133.2890625
8369,0.1436476707458496,1133.91015625
8370,0.1361861228942871,1134.00390625
8371,0.1442577838897705,1133.16796875
8372,0.11588931083679199,1133.53125
8373,0.14184284210205078,1133.67578125
8374,0.15486884117126465,1132.4453125
8375,0.1372072696685791,1132.3125
8376,0.15986943244934082,1132.34765625
8377,0.13910746574401855,1131.609375
8378,0.14689064025878906,1132.53515625
8379,0.11708903312683105,1133.88671875
8380,0.15478038787841797,1135.87890625
8381,0.13228321075439453,1134.96875
8382,0.16492366790771484,1136.0
8383,0.14978480339050293,1134.99609375
8384,0.1539933681488037,1136.953125
8385,0.16572999954223633,1137.2734375
8386,0.13388514518737793,1135.31640625
8387,0.15706133842468262,1137.37890625
8388,0.12763547897338867,1138.0078125
8389,0.17192363739013672,1136.66796875
8390,0.18628597259521484,1137.671875
8391,0.1700270175933838,1137.13671875
8392,0.15275788307189941,1135.765625
8393,0.13385462760925293,1136.26953125
8394,0.176253080368042,1136.3671875
8395,0.16942214965820312,1136.75390625
8396,0.18176794052124023,1136.734375
8397,0.16515421867370605,1134.8984375
8398,0.16548919677734375,1136.796875
8399,0.14348840713500977,1136.8671875
8400,0.17450714111328125,1136.14453125
8401,0.17969846725463867,1137.37109375
8402,0.18619084358215332,1136.9765625
8403,0.10897159576416016,1137.83203125
8404,0.14439630508422852,1136.421875
8405,0.11907482147216797,1135.01171875
8406,0.14741992950439453,1137.7890625
8407,0.2145538330078125,1135.96875
8408,0.15218353271484375,1135.71484375
8409,0.15229296684265137,1136.63671875
8410,0.19256806373596191,1136.82421875
8411,0.2112283706665039,1138.34375
8412,0.16829586029052734,1136.734375
8413,0.13232183456420898,1138.52734375
8414,0.1450672149658203,1138.46484375
8415,0.15183472633361816,1140.14453125
8416,0.15804600715637207,1139.64453125
8417,0.0691690444946289,1139.5703125
8418,0.17356395721435547,1140.8203125
8419,0.20391273498535156,1139.765625
8420,0.13716673851013184,1141.75
8421,0.18504810333251953,1141.046875
8422,0.17210006713867188,1140.70703125
8423,0.18612933158874512,1141.453125
8424,0.1566781997680664,1143.28515625
8425,0.18733596801757812,1139.41015625
8426,0.09276604652404785,1140.9296875
8427,0.16024994850158691,1139.4140625
8428,0.1708998680114746,1141.25390625
8429,0.1689314842224121,1142.53125
8430,0.14864563941955566,1141.60546875
8431,0.18677592277526855,1142.0
8432,0.15227246284484863,1142.1328125
8433,0.1524949073791504,1140.94921875
8434,0.1776714324951172,1143.33203125
8435,0.18970060348510742,1144.73828125
8436,0.25366830825805664,1143.2109375
8437,0.13655376434326172,1141.90625
8438,0.21929717063903809,1142.34375
8439,0.14929890632629395,1142.41796875
8440,0.19078993797302246,1144.53515625
8441,0.16770052909851074,1142.86328125
8442,0.09668874740600586,1142.203125
8443,0.14424967765808105,1144.0234375
8444,0.16342663764953613,1143.80078125
8445,0.14746475219726562,1143.45703125
8446,0.11820101737976074,1145.41796875
8447,0.16463136672973633,1144.44140625
8448,0.14290595054626465,1145.43359375
8449,0.14183259010314941,1143.04296875
8450,0.09538722038269043,1144.8125
8451,0.16128754615783691,1144.33203125
8452,0.17353606224060059,1145.0390625
8453,0.15700554847717285,1143.92578125
8454,0.16093778610229492,1145.5390625
8455,0.12824702262878418,1145.8359375
8456,0.17848658561706543,1144.9140625
8457,0.14940619468688965,1144.40625
8458,0.16641592979431152,1144.94140625
8459,0.13667774200439453,1145.10546875
8460,0.1486048698425293,1144.49609375
8461,0.14415240287780762,1145.27734375
8462,0.13770508766174316,1145.0859375
8463,0.17154479026794434,1149.58203125
8464,0.1195833683013916,1144.81640625
8465,0.09177589416503906,1145.0625
8466,0.1737992763519287,1145.59375
8467,0.1739332675933838,1144.984375
8468,0.17454195022583008,1144.51171875
8469,0.147019624710083,1145.484375
8470,0.17097091674804688,1146.13671875
8471,0.18325209617614746,1146.68359375
8472,0.1554546356201172,1145.8515625
8473,0.12849140167236328,1147.02734375
8474,0.0869295597076416,1146.1640625
8475,0.15897631645202637,1147.08203125
8476,0.18853211402893066,1146.23828125
8477,0.15728449821472168,1147.85546875
8478,0.1972651481628418,1146.125
8479,0.16358065605163574,1147.7578125
8480,0.14699530601501465,1146.21484375
8481,0.1469559669494629,1145.0546875
8482,0.129256010055542,1147.6484375
8483,0.16707873344421387,1146.40234375
8484,0.14509248733520508,1146.30078125
8485,0.17667293548583984,1145.30859375
8486,0.13283205032348633,1145.1953125
8487,0.16547703742980957,1146.48828125
8488,0.1269996166229248,1145.86328125
8489,0.17375636100769043,1147.1171875
8490,0.1474318504333496,1145.58203125
8491,0.16351604461669922,1147.0234375
8492,0.1817617416381836,1145.84765625
8493,0.15574431419372559,1147.82421875
8494,0.19123268127441406,1148.3359375
8495,0.17950010299682617,1148.59375
8496,0.14810490608215332,1147.515625
8497,0.1493816375732422,1147.16796875
8498,0.15982651710510254,1147.09375
8499,0.1334693431854248,1148.796875
8500,0.1276235580444336,1146.8671875
8501,0.1563868522644043,1147.85546875
8502,0.18369579315185547,1147.9296875
8503,0.1355118751525879,1149.56640625
8504,0.1703932285308838,1148.0
8505,0.13618755340576172,1149.41015625
8506,0.18825101852416992,1147.578125
8507,0.19109749794006348,1148.45703125
8508,0.1737501621246338,1148.83203125
8509,0.12682747840881348,1148.15625
8510,0.07125282287597656,1147.390625
8511,0.1400890350341797,1148.3671875
8512,0.19689679145812988,1151.41796875
8513,0.14107251167297363,1148.6484375
8514,0.16222929954528809,1150.1953125
8515,0.13564109802246094,1150.4921875
8516,0.1745922565460205,1150.88671875
8517,0.1529383659362793,1151.34375
8518,0.12696242332458496,1148.51171875
8519,0.13986659049987793,1148.3671875
8520,0.15406417846679688,1149.12109375
8521,0.1530447006225586,1150.3359375
8522,0.1652851104736328,1150.1015625
8523,0.150770902633667,1149.00390625
8524,0.17875981330871582,1150.19921875
8525,0.1490623950958252,1150.0546875
8526,0.16628098487854004,1150.7109375
8527,0.15576481819152832,1151.00390625
8528,0.12798547744750977,1149.5234375
8529,0.15744304656982422,1150.02734375
8530,0.16281580924987793,1150.29296875
8531,0.14416933059692383,1151.7578125
8532,0.16373109817504883,1149.79296875
8533,0.1652686595916748,1149.63671875
8534,0.13411426544189453,1151.34375
8535,0.15073275566101074,1151.21484375
8536,0.13560962677001953,1151.61328125
8537,0.13541746139526367,1153.58203125
8538,0.16710972785949707,1151.53125
8539,0.15262627601623535,1152.23046875
8540,0.21374082565307617,1150.8359375
8541,0.17732024192810059,1152.56640625
8542,0.14397025108337402,1152.48046875
8543,0.08402228355407715,1151.62890625
8544,0.14949917793273926,1153.203125
8545,0.10612607002258301,1152.359375
8546,0.1596817970275879,1151.6328125
8547,0.13256168365478516,1153.57421875
8548,0.14473938941955566,1154.1875
8549,0.17028093338012695,1153.046875
8550,0.14673852920532227,1154.81640625
8551,0.1638634204864502,1153.69140625
8552,0.16768169403076172,1153.73828125
8553,0.18009424209594727,1152.41796875
8554,0.19562935829162598,1153.5234375
8555,0.14809322357177734,1152.87109375
8556,0.20673751831054688,1153.72265625
8557,0.13863182067871094,1153.09765625
8558,0.14670324325561523,1153.5390625
8559,0.17023491859436035,1154.8125
8560,0.18668651580810547,1154.30859375
8561,0.17754173278808594,1156.4453125
8562,0.1880481243133545,1153.484375
8563,0.17302775382995605,1153.71484375
8564,0.1841905117034912,1154.62890625
8565,0.11464166641235352,1153.93359375
8566,0.1933915615081787,1156.265625
8567,0.16548919677734375,1155.1484375
8568,0.14344215393066406,1154.53125
8569,0.18066048622131348,1156.50390625
8570,0.18824028968811035,1154.890625
8571,0.08419036865234375,1155.77734375
8572,0.144453763961792,1156.05078125
8573,0.14062929153442383,1156.09765625
8574,0.15952396392822266,1158.02734375
8575,0.16781210899353027,1156.1484375
8576,0.16270065307617188,1157.15234375
8577,0.13994431495666504,1156.21484375
8578,0.06668853759765625,1156.6015625
8579,0.1590280532836914,1155.6015625
8580,0.16655611991882324,1156.33984375
8581,0.18225955963134766,1156.74609375
8582,0.17835068702697754,1158.265625
8583,0.16790461540222168,1158.05859375
8584,0.17921137809753418,1158.390625
8585,0.15230846405029297,1155.89453125
8586,0.1528759002685547,1157.50390625
8587,0.16779327392578125,1157.42578125
8588,0.1645345687866211,1157.9921875
8589,0.1833786964416504,1155.8671875
8590,0.17352652549743652,1156.6171875
8591,0.18372821807861328,1157.62109375
8592,0.1446380615234375,1157.77734375
8593,0.13957738876342773,1156.75
8594,0.17191386222839355,1157.0546875
8595,0.12069082260131836,1158.546875
8596,0.13069796562194824,1157.9609375
8597,0.13079190254211426,1158.453125
8598,0.14315533638000488,1157.953125
8599,0.14961600303649902,1157.83984375
8600,0.1341850757598877,1159.203125
8601,0.1526198387145996,1159.7421875
8602,0.16777253150939941,1158.6953125
8603,0.1596677303314209,1158.3515625
8604,0.14484333992004395,1158.19140625
8605,0.11431241035461426,1158.859375
8606,0.17017626762390137,1158.49609375
8607,0.18404722213745117,1158.30859375
8608,0.10286283493041992,1158.80078125
8609,0.14428091049194336,1159.078125
8610,0.13139700889587402,1158.26171875
8611,0.19573068618774414,1157.2890625
8612,0.20586419105529785,1158.47265625
8613,0.14488744735717773,1158.87890625
8614,0.1596529483795166,1159.89453125
8615,0.16204380989074707,1158.8359375
8616,0.13795113563537598,1159.921875
8617,0.1240236759185791,1157.56640625
8618,0.14306092262268066,1159.34375
8619,0.1437540054321289,1160.7890625
8620,0.16025567054748535,1161.34765625
8621,0.15166378021240234,1159.76171875
8622,0.14420628547668457,1161.25390625
8623,0.13718605041503906,1163.30859375
8624,0.15823698043823242,1161.90234375
8625,0.15138697624206543,1162.46484375
8626,0.15923500061035156,1162.53515625
8627,0.17016100883483887,1163.1875
8628,0.15639925003051758,1163.140625
8629,0.14688324928283691,1161.2890625
8630,0.15598082542419434,1161.1953125
8631,0.19385766983032227,1161.9140625
8632,0.1560075283050537,1162.26953125
8633,0.1591017246246338,1161.8984375
8634,0.13521838188171387,1162.296875
8635,0.18549394607543945,1162.64453125
8636,0.18346595764160156,1164.11328125
8637,0.13085675239562988,1166.51953125
8638,0.15206146240234375,1163.82421875
8639,0.14978885650634766,1164.46484375
8640,0.12610125541687012,1165.484375
8641,0.18351125717163086,1164.32421875
8642,0.14391207695007324,1166.54296875
8643,0.15886712074279785,1164.30078125
8644,0.12917232513427734,1165.5703125
8645,0.14681410789489746,1165.84375
8646,0.1626129150390625,1165.1640625
8647,0.18384099006652832,1164.78125
8648,0.15181946754455566,1165.5078125
8649,0.17238259315490723,1166.95703125
8650,0.16016650199890137,1166.9609375
8651,0.1522524356842041,1164.59375
8652,0.16066932678222656,1167.57421875
8653,0.16759157180786133,1165.20703125
8654,0.12145566940307617,1167.34765625
8655,0.09644579887390137,1166.95703125
8656,0.1607062816619873,1164.2421875
8657,0.17220091819763184,1167.33984375
8658,0.1524643898010254,1166.3984375
8659,0.19805526733398438,1166.01171875
8660,0.16771388053894043,1164.1875
8661,0.1989147663116455,1167.90625
8662,0.16527056694030762,1167.29296875
8663,0.16939353942871094,1168.5859375
8664,0.12145853042602539,1166.80859375
8665,0.10056376457214355,1165.26171875
8666,0.17192578315734863,1166.50390625
8667,0.14218640327453613,1167.7265625
8668,0.15273284912109375,1166.953125
8669,0.13800764083862305,1167.375
8670,0.15695571899414062,1168.01953125
8671,0.12241244316101074,1167.0390625
8672,0.14897704124450684,1165.20703125
8673,0.20642971992492676,1165.34375
8674,0.15834403038024902,1166.46484375
8675,0.16658735275268555,1166.515625
8676,0.16211581230163574,1166.22265625
8677,0.1825704574584961,1167.09375
8678,0.16044235229492188,1166.1484375
8679,0.11831355094909668,1169.97265625
8680,0.22147154808044434,1166.80859375
8681,0.16557812690734863,1167.765625
8682,0.12021231651306152,1165.87890625
8683,0.16519403457641602,1166.48046875
8684,0.1443650722503662,1166.31640625
8685,0.10110044479370117,1168.45703125
8686,0.19095563888549805,1166.8828125
8687,0.19422507286071777,1168.1171875
8688,0.15319299697875977,1166.94140625
8689,0.18500947952270508,1168.0234375
8690,0.1877584457397461,1167.9140625
8691,0.1451101303100586,1169.12890625
8692,0.15737223625183105,1171.10546875
8693,0.18008780479431152,1168.609375
8694,0.12168312072753906,1169.77734375
8695,0.16460394859313965,1167.5625
8696,0.1600048542022705,1169.19921875
8697,0.18010663986206055,1168.5859375
8698,0.19388270378112793,1170.0703125
8699,0.13478636741638184,1171.25390625
8700,0.1887357234954834,1171.10546875
8701,0.1840982437133789,1170.859375
8702,0.1448197364807129,1171.44140625
8703,0.1861269474029541,1170.05859375
8704,0.16165614128112793,1169.625
8705,0.1847090721130371,1170.5
8706,0.16817569732666016,1168.9296875
8707,0.16844940185546875,1170.6328125
8708,0.19904875755310059,1170.48828125
8709,0.21239686012268066,1170.62109375
8710,0.1705155372619629,1171.32421875
8711,0.19606685638427734,1170.765625
8712,0.16830110549926758,1170.6875
8713,0.1819770336151123,1171.859375
8714,0.15436983108520508,1170.609375
8715,0.1324601173400879,1172.5859375
8716,0.1717987060546875,1172.890625
8717,0.175703763961792,1170.17578125
8718,0.09657597541809082,1171.94921875
8719,0.18133807182312012,1171.54296875
8720,0.030919790267944336,1172.06640625
8721,0.20224642753601074,1172.5625
8722,0.16341805458068848,1172.75390625
8723,0.18210792541503906,1172.34765625
8724,0.23749661445617676,1172.00390625
8725,0.12824559211730957,1171.265625
8726,0.14853620529174805,1173.4296875
8727,0.21278882026672363,1173.1015625
8728,0.1828460693359375,1175.25390625
8729,0.17816925048828125,1175.25390625
8730,0.14711451530456543,1173.29296875
8731,0.1506025791168213,1173.3828125
8732,0.1813335418701172,1173.1015625
8733,0.11883068084716797,1175.89453125
8734,0.1730198860168457,1175.42578125
8735,0.17147397994995117,1171.9375
8736,0.17405462265014648,1174.53515625
8737,0.10401725769042969,1175.07421875
8738,0.15018773078918457,1173.42578125
8739,0.21468877792358398,1174.640625
8740,0.19547224044799805,1173.859375
8741,0.21599769592285156,1174.4921875
8742,0.15818309783935547,1176.08984375
8743,0.19353628158569336,1176.49609375
8744,0.24804472923278809,1177.41796875
8745,0.14562058448791504,1175.78515625
8746,0.2214641571044922,1178.71875
8747,0.17335200309753418,1176.48828125
8748,0.1787247657775879,1176.40234375
8749,0.1821918487548828,1176.48046875
8750,0.14184141159057617,1179.234375
8751,0.1804659366607666,1177.34765625
8752,0.19323515892028809,1176.1640625
8753,0.20599055290222168,1175.9375
8754,0.20261311531066895,1176.109375
8755,0.18714332580566406,1180.32421875
8756,0.1633894443511963,1174.046875
8757,0.21306228637695312,1178.234375
8758,0.2314281463623047,1178.08203125
8759,0.1411130428314209,1178.625
8760,0.17732501029968262,1178.36328125
8761,0.16504454612731934,1178.9609375
8762,0.18082928657531738,1181.55859375
8763,0.21111702919006348,1179.12890625
8764,0.2253572940826416,1178.88671875
8765,0.18710684776306152,1179.09765625
8766,0.203538179397583,1178.9375
8767,0.14980483055114746,1178.23046875
8768,0.18937301635742188,1179.6484375
8769,0.12571501731872559,1179.296875
8770,0.19527316093444824,1178.90234375
8771,0.1491241455078125,1180.66015625
8772,0.20296549797058105,1178.390625
8773,0.1777639389038086,1182.1015625
8774,0.1562061309814453,1180.16796875
8775,0.16041779518127441,1180.3046875
8776,0.16829323768615723,1179.296875
8777,0.19686627388000488,1180.5078125
8778,0.16678380966186523,1179.375
8779,0.1674976348876953,1179.2734375
8780,0.20353913307189941,1179.9609375
8781,0.1637718677520752,1178.05078125
8782,0.194840669631958,1181.43359375
8783,0.20053672790527344,1178.2265625
8784,0.16814064979553223,1179.02734375
8785,0.14887595176696777,1181.8984375
8786,0.20208358764648438,1179.3515625
8787,0.13488388061523438,1178.61328125
8788,0.1656482219696045,1180.6171875
8789,0.19529342651367188,1179.80859375
8790,0.18240761756896973,1180.92578125
8791,0.10197567939758301,1179.9609375
8792,0.2546231746673584,1181.47265625
8793,0.1881272792816162,1179.91015625
8794,0.16241717338562012,1181.4609375
8795,0.1975252628326416,1181.25390625
8796,0.18324875831604004,1181.2890625
8797,0.1571211814880371,1181.3359375
8798,0.16801214218139648,1179.921875
8799,0.15437078475952148,1181.12890625
8800,0.15993547439575195,1182.89453125
8801,0.1470322608947754,1180.30078125
8802,0.11912345886230469,1179.984375
8803,0.13239741325378418,1181.59765625
8804,0.1809859275817871,1180.3828125
8805,0.17560315132141113,1181.96484375
8806,0.18814873695373535,1179.859375
8807,0.17802739143371582,1183.21484375
8808,0.17493557929992676,1181.015625
8809,0.16454339027404785,1180.171875
8810,0.1379411220550537,1182.66015625
8811,0.174652099609375,1181.9765625
8812,0.1695244312286377,1185.9765625
8813,0.13405632972717285,1183.05078125
8814,0.16537785530090332,1181.19921875
8815,0.1484999656677246,1182.109375
8816,0.17722725868225098,1182.7265625
8817,0.14972162246704102,1182.203125
8818,0.15168190002441406,1180.7265625
8819,0.1428968906402588,1182.796875
8820,0.15440988540649414,1180.73828125
8821,0.2001655101776123,1181.8359375
8822,0.15357470512390137,1181.953125
8823,0.12313127517700195,1182.30859375
8824,0.24628520011901855,1182.296875
8825,0.1828904151916504,1182.80078125
8826,0.17022395133972168,1181.1640625
8827,0.1570577621459961,1183.0859375
8828,0.1438157558441162,1181.98046875
8829,0.17203569412231445,1184.05859375
8830,0.17889404296875,1182.1953125
8831,0.15310192108154297,1184.20703125
8832,0.19253277778625488,1184.0234375
8833,0.20862793922424316,1185.83984375
8834,0.17253375053405762,1184.703125
8835,0.19454073905944824,1185.02734375
8836,0.15070533752441406,1186.51953125
8837,0.10770893096923828,1185.44140625
8838,0.1753242015838623,1186.953125
8839,0.18175315856933594,1185.69140625
8840,0.17021965980529785,1183.96484375
8841,0.1807999610900879,1186.31640625
8842,0.14932775497436523,1185.20703125
8843,0.20214080810546875,1186.28515625
8844,0.1806964874267578,1187.83984375
8845,0.14871430397033691,1185.98046875
8846,0.16909432411193848,1189.53125
8847,0.15510058403015137,1186.12890625
8848,0.16293644905090332,1187.32421875
8849,0.18336963653564453,1189.53515625
8850,0.23549246788024902,1186.91796875
8851,0.2244892120361328,1188.97265625
8852,0.1329345703125,1185.90234375
8853,0.16855883598327637,1186.4140625
8854,0.11403393745422363,1186.8671875
8855,0.1896815299987793,1186.0625
8856,0.15670442581176758,1185.81640625
8857,0.15888214111328125,1187.20703125
8858,0.16201996803283691,1186.00390625
8859,0.161545991897583,1186.12890625
8860,0.18124818801879883,1185.71484375
8861,0.1749892234802246,1187.18359375
8862,0.23597121238708496,1186.6015625
8863,0.14037179946899414,1187.62109375
8864,0.15835118293762207,1187.22265625
8865,0.1639869213104248,1185.921875
8866,0.1787559986114502,1186.97265625
8867,0.21141886711120605,1187.609375
8868,0.17722368240356445,1188.95703125
8869,0.19487214088439941,1189.0234375
8870,0.09735679626464844,1188.3671875
8871,0.16017436981201172,1188.90625
8872,0.16607069969177246,1187.94140625
8873,0.18275690078735352,1188.2265625
8874,0.18703269958496094,1190.02734375
8875,0.1501617431640625,1187.92578125
8876,0.17467856407165527,1190.54296875
8877,0.20367646217346191,1191.3671875
8878,0.2003154754638672,1187.84375
8879,0.24592924118041992,1189.8125
8880,0.1998429298400879,1190.03515625
8881,0.15643572807312012,1190.671875
8882,0.17333340644836426,1188.94140625
8883,0.16174817085266113,1190.56640625
8884,0.14940142631530762,1190.81640625
8885,0.16018152236938477,1189.953125
8886,0.15814805030822754,1189.8984375
8887,0.18256926536560059,1189.44140625
8888,0.15256381034851074,1189.52734375
8889,0.15347671508789062,1189.71484375
8890,0.1496903896331787,1190.43359375
8891,0.17422103881835938,1188.578125
8892,0.18069911003112793,1192.79296875
8893,0.2320082187652588,1190.7265625
8894,0.15661334991455078,1191.46875
8895,0.19351696968078613,1189.859375
8896,0.13597321510314941,1193.08203125
8897,0.1788942813873291,1190.21484375
8898,0.16231298446655273,1191.7109375
8899,0.16647911071777344,1190.2109375
8900,0.1941850185394287,1189.8515625
8901,0.1554245948791504,1191.73828125
8902,0.14155292510986328,1189.55078125
8903,0.1954042911529541,1191.9921875
8904,0.1677989959716797,1190.20703125
8905,0.140899658203125,1190.3046875
8906,0.1497206687927246,1190.40234375
8907,0.19647598266601562,1189.8203125
8908,0.1571495532989502,1190.98828125
8909,0.20765995979309082,1190.9609375
8910,0.17364835739135742,1191.85546875
8911,0.1646430492401123,1191.30859375
8912,0.1484982967376709,1190.0625
8913,0.1441631317138672,1191.43359375
8914,0.1390371322631836,1192.42578125
8915,0.236802339553833,1192.65625
8916,0.19645261764526367,1193.671875
8917,0.12607717514038086,1193.66796875
8918,0.1286935806274414,1193.91796875
8919,0.15766310691833496,1192.06640625
8920,0.14454293251037598,1191.83984375
8921,0.18547415733337402,1191.38671875
8922,0.1819002628326416,1192.6484375
8923,0.16874384880065918,1193.890625
8924,0.17158746719360352,1193.7578125
8925,0.1486067771911621,1193.2421875
8926,0.19789528846740723,1192.4921875
8927,0.16399121284484863,1193.375
8928,0.24460554122924805,1191.515625
8929,0.14036774635314941,1193.4375
8930,0.15748095512390137,1193.3203125
8931,0.1659529209136963,1193.7265625
8932,0.16579437255859375,1192.890625
8933,0.15114927291870117,1195.41015625
8934,0.18079566955566406,1194.4765625
8935,0.12528562545776367,1193.9296875
8936,0.11534547805786133,1196.21875
8937,0.18089818954467773,1195.52734375
8938,0.13253426551818848,1195.3984375
8939,0.17589235305786133,1194.2734375
8940,0.14438486099243164,1194.96875
8941,0.11866545677185059,1193.59765625
8942,0.1903073787689209,1194.9296875
8943,0.1898975372314453,1194.39453125
8944,0.22952580451965332,1194.8515625
8945,0.2270033359527588,1196.55078125
8946,0.1982579231262207,1197.62890625
8947,0.0834500789642334,1196.6328125
8948,0.187025785446167,1199.23046875
8949,0.17985296249389648,1199.25
8950,0.16159701347351074,1199.84765625
8951,0.18714284896850586,1198.62109375
8952,0.2048816680908203,1198.37890625
8953,0.154343843460083,1196.6796875
8954,0.12592673301696777,1198.28515625
8955,0.16265249252319336,1197.39453125
8956,0.2026996612548828,1198.0078125
8957,0.18633580207824707,1199.703125
8958,0.17354345321655273,1198.8515625
8959,0.17874479293823242,1199.13671875
8960,0.16462945938110352,1199.09375
8961,0.18121767044067383,1199.68359375
8962,0.1621866226196289,1200.0078125
8963,0.18596172332763672,1199.43359375
8964,0.12008905410766602,1199.546875
8965,0.1789860725402832,1198.546875
8966,0.1675865650177002,1198.60546875
8967,0.22367405891418457,1201.515625
8968,0.14048504829406738,1200.23828125
8969,0.19590449333190918,1200.96484375
8970,0.16506195068359375,1201.5625
8971,0.16845321655273438,1202.671875
8972,0.1634232997894287,1202.18359375
8973,0.18173551559448242,1199.8671875
8974,0.17593598365783691,1201.69921875
8975,0.08305788040161133,1203.296875
8976,0.13711094856262207,1202.5546875
8977,0.157822847366333,1202.54296875
8978,0.07198929786682129,1203.2421875
8979,0.18006420135498047,1203.9609375
8980,0.18839645385742188,1203.671875
8981,0.21473217010498047,1202.98828125
8982,0.26405906677246094,1203.64453125
8983,0.08816671371459961,1203.359375
8984,0.16289305686950684,1204.10546875
8985,0.13341903686523438,1203.35546875
8986,0.11716151237487793,1204.703125
8987,0.15245604515075684,1204.2109375
8988,0.2233591079711914,1205.1796875
8989,0.1820666790008545,1205.3203125
8990,0.1793351173400879,1204.00390625
8991,0.19595646858215332,1204.48828125
8992,0.16480731964111328,1203.87109375
8993,0.13771295547485352,1204.3828125
8994,0.22328925132751465,1203.83203125
8995,0.1864607334136963,1204.26171875
8996,0.17986726760864258,1204.85546875
8997,0.18250322341918945,1204.4609375
8998,0.19609403610229492,1204.078125
8999,0.21966218948364258,1206.46484375
9000,0.15954327583312988,1206.18359375
9001,0.17972135543823242,1207.0390625
9002,0.18160009384155273,1204.515625
9003,0.1765308380126953,1203.7734375
9004,0.1671438217163086,1207.9453125
9005,0.16422414779663086,1203.76171875
9006,0.27463579177856445,1205.87109375
9007,0.17897677421569824,1205.1015625
9008,0.1651020050048828,1203.80078125
9009,0.19942069053649902,1205.48828125
9010,0.08162999153137207,1204.16796875
9011,0.165724515914917,1206.2265625
9012,0.12897253036499023,1204.640625
9013,0.16947436332702637,1204.22265625
9014,0.1865215301513672,1205.1875
9015,0.1559901237487793,1204.65625
9016,0.20582032203674316,1205.98046875
9017,0.16824936866760254,1203.8359375
9018,0.13674211502075195,1206.25
9019,0.1627650260925293,1205.44921875
9020,0.1732020378112793,1204.390625
9021,0.18233633041381836,1204.96875
9022,0.15857362747192383,1205.55859375
9023,0.17972373962402344,1204.83203125
9024,0.20676445960998535,1205.34375
9025,0.1813044548034668,1205.04296875
9026,0.16881537437438965,1206.51953125
9027,0.18254375457763672,1206.1640625
9028,0.17608094215393066,1206.359375
9029,0.16666221618652344,1207.62109375
9030,0.1935901641845703,1206.4921875
9031,0.15323686599731445,1206.01953125
9032,0.1844346523284912,1208.85546875
9033,0.18783259391784668,1207.03515625
9034,0.17241168022155762,1208.2734375
9035,0.18696236610412598,1211.3359375
9036,0.1743626594543457,1207.9921875
9037,0.1722116470336914,1208.3203125
9038,0.16802668571472168,1209.609375
9039,0.19193482398986816,1210.13671875
9040,0.1806960105895996,1211.1015625
9041,0.2569725513458252,1209.1796875
9042,0.14344406127929688,1209.6875
9043,0.21582341194152832,1208.08203125
9044,0.1903219223022461,1207.91015625
9045,0.17078852653503418,1207.796875
9046,0.17141389846801758,1209.20703125
9047,0.1143643856048584,1208.64453125
9048,0.1350727081298828,1209.41796875
9049,0.18520879745483398,1208.53515625
9050,0.21968817710876465,1210.078125
9051,0.2351846694946289,1209.04296875
9052,0.17509961128234863,1209.8515625
9053,0.15790081024169922,1210.2265625
9054,0.15067148208618164,1208.09765625
9055,0.1876688003540039,1210.46484375
9056,0.18640780448913574,1211.5078125
9057,0.21065354347229004,1210.4375
9058,0.19167089462280273,1211.03125
9059,0.09130477905273438,1210.09375
9060,0.17502784729003906,1211.94921875
9061,0.1950669288635254,1211.27734375
9062,0.178328275680542,1210.16796875
9063,0.16382384300231934,1212.0625
9064,0.19099879264831543,1211.359375
9065,0.20525860786437988,1210.1875
9066,0.20657968521118164,1210.0078125
9067,0.18855071067810059,1211.359375
9068,0.18505191802978516,1211.9921875
9069,0.1902170181274414,1210.5859375
9070,0.1467878818511963,1211.5859375
9071,0.18793344497680664,1211.6484375
9072,0.2221698760986328,1210.57421875
9073,0.18705034255981445,1212.64453125
9074,0.24477243423461914,1209.8125
9075,0.1968519687652588,1214.86328125
9076,0.0923306941986084,1211.0859375
9077,0.17281556129455566,1211.34375
9078,0.11260867118835449,1212.0546875
9079,0.159470796585083,1212.6953125
9080,0.19624066352844238,1212.828125
9081,0.2071843147277832,1211.828125
9082,0.17425203323364258,1211.109375
9083,0.1583561897277832,1213.99609375
9084,0.20160293579101562,1212.8515625
9085,0.2484581470489502,1212.55078125
9086,0.22350692749023438,1213.65625
9087,0.18515896797180176,1212.890625
9088,0.16811823844909668,1214.234375
9089,0.16527175903320312,1212.921875
9090,0.18451356887817383,1213.53515625
9091,0.1926741600036621,1213.0859375
9092,0.16579151153564453,1215.21484375
9093,0.20972323417663574,1216.1640625
9094,0.1772327423095703,1215.11328125
9095,0.17325139045715332,1213.24609375
9096,0.21895861625671387,1214.25390625
9097,0.22753572463989258,1213.84765625
9098,0.19934654235839844,1216.3828125
9099,0.27394843101501465,1213.58203125
9100,0.19826769828796387,1215.0625
9101,0.2235245704650879,1215.67578125
9102,0.20203876495361328,1214.32421875
9103,0.17169809341430664,1213.6875
9104,0.17731308937072754,1215.55859375
9105,0.19005560874938965,1213.6484375
9106,0.19397377967834473,1215.25390625
9107,0.21254825592041016,1215.66015625
9108,0.18479514122009277,1216.5078125
9109,0.19918370246887207,1215.453125
9110,0.18099570274353027,1217.29296875
9111,0.18753743171691895,1216.53125
9112,0.175889253616333,1217.98046875
9113,0.15819978713989258,1216.9453125
9114,0.10140466690063477,1217.11328125
9115,0.16321325302124023,1216.93359375
9116,0.18406224250793457,1217.8359375
9117,0.1764514446258545,1216.21484375
9118,0.12697243690490723,1217.97265625
9119,0.2149348258972168,1216.5078125
9120,0.15052294731140137,1216.21875
9121,0.18282723426818848,1217.26171875
9122,0.20558929443359375,1218.9609375
9123,0.20592164993286133,1217.05859375
9124,0.19838500022888184,1218.171875
9125,0.1802985668182373,1217.6953125
9126,0.21473932266235352,1218.78515625
9127,0.13008713722229004,1216.9140625
9128,0.19638752937316895,1219.90625
9129,0.16421842575073242,1218.8125
9130,0.16492652893066406,1217.82421875
9131,0.19860506057739258,1217.41796875
9132,0.11742901802062988,1219.24609375
9133,0.1864478588104248,1220.10546875
9134,0.1863100528717041,1220.34765625
9135,0.16596269607543945,1220.0234375
9136,0.199692964553833,1218.66015625
9137,0.19281601905822754,1218.90625
9138,0.2258589267730713,1219.5
9139,0.22693157196044922,1220.52734375
9140,0.1703169345855713,1220.89453125
9141,0.20360612869262695,1222.17578125
9142,0.17307615280151367,1220.3203125
9143,0.2017836570739746,1221.26171875
9144,0.18680405616760254,1220.33203125
9145,0.20054841041564941,1220.45703125
9146,0.1720435619354248,1221.51953125
9147,0.16501736640930176,1221.4296875
9148,0.20386981964111328,1220.04296875
9149,0.19172024726867676,1220.76953125
9150,0.17289376258850098,1220.13671875
9151,0.1011195182800293,1220.0390625
9152,0.21431994438171387,1220.67578125
9153,0.15221214294433594,1221.75
9154,0.2247295379638672,1221.00390625
9155,0.16036391258239746,1222.2734375
9156,0.17759370803833008,1221.27734375
9157,0.24237632751464844,1220.7109375
9158,0.21030616760253906,1222.22265625
9159,0.1723949909210205,1221.25
9160,0.1520092487335205,1221.02734375
9161,0.1165006160736084,1223.35546875
9162,0.23630428314208984,1220.3828125
9163,0.17794084548950195,1220.4140625
9164,0.17700791358947754,1221.8046875
9165,0.22861719131469727,1222.41015625
9166,0.18160438537597656,1222.42578125
9167,0.08348441123962402,1219.09765625
9168,0.16323232650756836,1223.41796875
9169,0.18825006484985352,1221.7109375
9170,0.12256217002868652,1221.34765625
9171,0.20238208770751953,1221.66796875
9172,0.17408084869384766,1222.265625
9173,0.1708686351776123,1222.35546875
9174,0.18051362037658691,1223.18359375
9175,0.17299318313598633,1223.140625
9176,0.21932411193847656,1223.7109375
9177,0.10926198959350586,1225.28515625
9178,0.1398787498474121,1224.625
9179,0.1677100658416748,1224.68359375
9180,0.1767566204071045,1223.890625
9181,0.1517484188079834,1223.28515625
9182,0.1450207233428955,1224.39453125
9183,0.2019202709197998,1223.47265625
9184,0.09681963920593262,1226.8359375
9185,0.22137689590454102,1224.61328125
9186,0.16817283630371094,1223.2109375
9187,0.14177560806274414,1224.84375
9188,0.16639137268066406,1223.60546875
9189,0.12857770919799805,1223.37890625
9190,0.21501946449279785,1223.55859375
9191,0.16196274757385254,1225.11328125
9192,0.16214561462402344,1225.21875
9193,0.17565464973449707,1222.9921875
9194,0.1415722370147705,1225.55078125
9195,0.20218682289123535,1225.0703125
9196,0.20073294639587402,1224.13671875
9197,0.1680467128753662,1222.8984375
9198,0.16619396209716797,1223.83203125
9199,0.16091489791870117,1225.67578125
9200,0.08710503578186035,1223.890625
9201,0.19661712646484375,1224.3671875
9202,0.19989657402038574,1223.6953125
9203,0.16834306716918945,1223.4921875
9204,0.18452215194702148,1223.7109375
9205,0.19688129425048828,1223.62109375
9206,0.19254088401794434,1224.34375
9207,0.16845321655273438,1227.20703125
9208,0.13570523262023926,1224.453125
9209,0.20626330375671387,1224.92578125
9210,0.1838088035583496,1224.4296875
9211,0.18831443786621094,1227.046875
9212,0.15734148025512695,1227.37890625
9213,0.16534972190856934,1226.42578125
9214,0.12189459800720215,1226.46875
9215,0.16443610191345215,1225.71875
9216,0.1685161590576172,1226.4296875
9217,0.1642606258392334,1226.21484375
9218,0.17225170135498047,1226.8359375
9219,0.19992709159851074,1227.12109375
9220,0.19751238822937012,1224.5625
9221,0.17032527923583984,1226.81640625
9222,0.14029455184936523,1225.88671875
9223,0.22934293746948242,1226.63671875
9224,0.14305520057678223,1225.97265625
9225,0.1497499942779541,1226.2734375
9226,0.16440367698669434,1225.484375
9227,0.14554953575134277,1227.06640625
9228,0.16396427154541016,1228.61328125
9229,0.1375105381011963,1227.53515625
9230,0.1796562671661377,1228.8125
9231,0.1931455135345459,1227.9453125
9232,0.16928744316101074,1228.6875
9233,0.12736845016479492,1225.53515625
9234,0.1359097957611084,1225.60546875
9235,0.1988511085510254,1226.60546875
9236,0.2508702278137207,1228.7109375
9237,0.15514540672302246,1229.50390625
9238,0.19059348106384277,1230.35546875
9239,0.2055816650390625,1230.56640625
9240,0.16722536087036133,1228.77734375
9241,0.18852734565734863,1230.65625
9242,0.22638154029846191,1229.3203125
9243,0.1784980297088623,1229.05859375
9244,0.15924859046936035,1230.4765625
9245,0.19465112686157227,1231.68359375
9246,0.17404913902282715,1231.08984375
9247,0.16218137741088867,1231.7109375
9248,0.14394712448120117,1233.33203125
9249,0.1968245506286621,1232.77734375
9250,0.1886441707611084,1231.49609375
9251,0.204620361328125,1231.71484375
9252,0.17063570022583008,1231.8828125
9253,0.1961653232574463,1233.44921875
9254,0.12540316581726074,1232.796875
9255,0.11981558799743652,1231.8359375
9256,0.19090890884399414,1234.28125
9257,0.1903548240661621,1233.1015625
9258,0.1341707706451416,1231.21484375
9259,0.20858192443847656,1233.63671875
9260,0.2325117588043213,1233.4375
9261,0.2048652172088623,1232.8828125
9262,0.19997930526733398,1233.54296875
9263,0.1800858974456787,1234.64453125
9264,0.17708206176757812,1234.4765625
9265,0.14251351356506348,1233.27734375
9266,0.17493438720703125,1235.64453125
9267,0.22582221031188965,1233.25390625
9268,0.24891090393066406,1234.2890625
9269,0.16916656494140625,1233.1484375
9270,0.17858505249023438,1232.3359375
9271,0.22797155380249023,1234.4375
9272,0.1786353588104248,1234.24609375
9273,0.10714530944824219,1233.55078125
9274,0.18953657150268555,1236.1484375
9275,0.1785290241241455,1233.91015625
9276,0.17965173721313477,1234.078125
9277,0.2166886329650879,1236.7734375
9278,0.18352437019348145,1235.65625
9279,0.19551968574523926,1237.00390625
9280,0.09996318817138672,1233.296875
9281,0.19517993927001953,1236.75390625
9282,0.18128490447998047,1234.4375
9283,0.16574788093566895,1235.35546875
9284,0.1942002773284912,1236.61328125
9285,0.21025919914245605,1234.52734375
9286,0.18528175354003906,1235.61328125
9287,0.17374873161315918,1236.36328125
9288,0.167496919631958,1235.00390625
9289,0.1595625877380371,1234.24609375
9290,0.2153034210205078,1235.2109375
9291,0.17582106590270996,1235.08203125
9292,0.1733691692352295,1237.55859375
9293,0.18326520919799805,1233.82421875
9294,0.18769240379333496,1235.01953125
9295,0.16990113258361816,1236.37109375
9296,0.16414785385131836,1235.36328125
9297,0.19792509078979492,1235.7734375
9298,0.09595441818237305,1235.17578125
9299,0.1637108325958252,1235.80078125
9300,0.17903685569763184,1237.1875
9301,0.19489526748657227,1237.1484375
9302,0.1795647144317627,1236.484375
9303,0.1912679672241211,1235.90234375
9304,0.14530205726623535,1235.484375
9305,0.09786510467529297,1237.140625
9306,0.1523151397705078,1235.45703125
9307,0.17693281173706055,1236.5546875
9308,0.15897607803344727,1235.69921875
9309,0.18158364295959473,1234.4765625
9310,0.2035388946533203,1236.0
9311,0.18338608741760254,1235.17578125
9312,0.1440131664276123,1236.33984375
9313,0.17875909805297852,1236.13671875
9314,0.20118117332458496,1238.00390625
9315,0.19295358657836914,1236.1171875
9316,0.17134857177734375,1236.015625
9317,0.19736433029174805,1236.5859375
9318,0.18271803855895996,1237.05078125
9319,0.19201064109802246,1237.4765625
9320,0.15807819366455078,1237.390625
9321,0.13417792320251465,1236.4296875
9322,0.20389437675476074,1237.54296875
9323,0.20828700065612793,1239.9296875
9324,0.22858214378356934,1236.40234375
9325,0.31087422370910645,1237.28515625
9326,0.2516298294067383,1238.18359375
9327,0.1888284683227539,1237.51171875
9328,0.18281054496765137,1239.93359375
9329,0.22348570823669434,1237.89453125
9330,0.1652510166168213,1239.60546875
9331,0.14621353149414062,1237.65234375
9332,0.14348745346069336,1241.40234375
9333,0.14642333984375,1239.94140625
9334,0.1999194622039795,1239.015625
9335,0.18543004989624023,1238.77734375
9336,0.15832161903381348,1238.57421875
9337,0.21419882774353027,1237.11328125
9338,0.1771390438079834,1240.30859375
9339,0.18523597717285156,1239.44921875
9340,0.18852972984313965,1240.3046875
9341,0.25663137435913086,1239.10546875
9342,0.2157905101776123,1238.8359375
9343,0.1994619369506836,1240.12890625
9344,0.14695954322814941,1241.87109375
9345,0.1909935474395752,1240.109375
9346,0.1796877384185791,1242.4375
9347,0.19360923767089844,1242.109375
9348,0.19368839263916016,1242.12109375
9349,0.2489018440246582,1243.94921875
9350,0.18693947792053223,1242.21484375
9351,0.20012545585632324,1242.5859375
9352,0.1933608055114746,1244.171875
9353,0.1693274974822998,1242.13671875
9354,0.1777658462524414,1244.0546875
9355,0.12798571586608887,1245.9921875
9356,0.13067007064819336,1243.19921875
9357,0.20668578147888184,1242.46875
9358,0.1763460636138916,1244.41796875
9359,0.19367432594299316,1244.46875
9360,0.21720457077026367,1243.87890625
9361,0.17484164237976074,1243.140625
9362,0.19082283973693848,1246.1171875
9363,0.13647174835205078,1245.18359375
9364,0.24127984046936035,1243.95703125
9365,0.18703961372375488,1243.46484375
9366,0.16756725311279297,1245.37109375
9367,0.24280667304992676,1243.65234375
9368,0.19800591468811035,1243.37890625
9369,0.18306374549865723,1243.06640625
9370,0.15951943397521973,1244.70703125
9371,0.146270751953125,1244.484375
9372,0.19919204711914062,1244.9609375
9373,0.2469043731689453,1244.8984375
9374,0.22873353958129883,1243.8515625
9375,0.18700337409973145,1244.21484375
9376,0.11864805221557617,1244.4140625
9377,0.20282578468322754,1245.734375
9378,0.1975078582763672,1245.26953125
9379,0.19813108444213867,1245.81640625
9380,0.20598936080932617,1246.625
9381,0.1810166835784912,1244.9140625
9382,0.13034391403198242,1246.53125
9383,0.15918660163879395,1245.95703125
9384,0.18262386322021484,1245.58203125
9385,0.20201563835144043,1245.03125
9386,0.15256023406982422,1245.828125
9387,0.16712069511413574,1245.6328125
9388,0.21892976760864258,1246.52734375
9389,0.19685912132263184,1245.71875
9390,0.21573996543884277,1247.1015625
9391,0.18638205528259277,1246.71484375
9392,0.12290048599243164,1247.7578125
9393,0.1545851230621338,1246.8828125
9394,0.2173624038696289,1247.12109375
9395,0.17811965942382812,1247.23046875
9396,0.19858264923095703,1248.015625
9397,0.23050403594970703,1247.82421875
9398,0.18976306915283203,1251.36328125
9399,0.19124341011047363,1249.546875
9400,0.18039560317993164,1247.62109375
9401,0.17379546165466309,1250.73046875
9402,0.1730501651763916,1250.4140625
9403,0.1983013153076172,1247.67578125
9404,0.20064520835876465,1247.6015625
9405,0.18068981170654297,1248.26171875
9406,0.14055705070495605,1249.2421875
9407,0.1940910816192627,1248.25
9408,0.28970956802368164,1246.984375
9409,0.2044048309326172,1248.12890625
9410,0.1847238540649414,1251.09375
9411,0.17696475982666016,1248.18359375
9412,0.21359920501708984,1248.04296875
9413,0.22223997116088867,1249.33203125
9414,0.17388701438903809,1250.41796875
9415,0.20510005950927734,1249.34765625
9416,0.16648173332214355,1249.546875
9417,0.20653629302978516,1249.58203125
9418,0.17835760116577148,1249.265625
9419,0.17531442642211914,1250.94921875
9420,0.13126587867736816,1249.140625
9421,0.18865585327148438,1249.37890625
9422,0.22525334358215332,1250.046875
9423,0.1910099983215332,1252.03515625
9424,0.19757747650146484,1252.484375
9425,0.16099190711975098,1250.38671875
9426,0.20183825492858887,1251.515625
9427,0.17251038551330566,1253.27734375
9428,0.20703458786010742,1251.9765625
9429,0.21918344497680664,1252.41015625
9430,0.1750500202178955,1252.93359375
9431,0.2051374912261963,1251.3046875
9432,0.15823888778686523,1252.4921875
9433,0.16703486442565918,1250.46484375
9434,0.15886282920837402,1253.4375
9435,0.19757628440856934,1252.26953125
9436,0.18105697631835938,1251.94140625
9437,0.2018110752105713,1251.58203125
9438,0.2319624423980713,1255.296875
9439,0.1641249656677246,1255.12890625
9440,0.1683967113494873,1254.77734375
9441,0.15709900856018066,1252.46875
9442,0.17901849746704102,1252.46484375
9443,0.15641427040100098,1255.171875
9444,0.15749740600585938,1253.453125
9445,0.19018125534057617,1252.2578125
9446,0.1783616542816162,1254.234375
9447,0.12942767143249512,1252.23828125
9448,0.15569424629211426,1254.03515625
9449,0.16167283058166504,1253.6796875
9450,0.1822953224182129,1254.7734375
9451,0.11433076858520508,1253.80859375
9452,0.16244173049926758,1256.91015625
9453,0.17095112800598145,1254.265625
9454,0.22533440589904785,1254.453125
9455,0.17368650436401367,1255.28515625
9456,0.1683521270751953,1253.01171875
9457,0.19443297386169434,1254.734375
9458,0.18860626220703125,1255.28125
9459,0.11299824714660645,1252.8984375
9460,0.2082221508026123,1255.0234375
9461,0.1790778636932373,1254.125
9462,0.2274150848388672,1253.87109375
9463,0.1651923656463623,1254.6875
9464,0.1714029312133789,1254.8828125
9465,0.18971967697143555,1257.05859375
9466,0.15951228141784668,1254.19921875
9467,0.1507704257965088,1254.83203125
9468,0.22901678085327148,1255.00390625
9469,0.19768524169921875,1254.43359375
9470,0.20352959632873535,1255.2734375
9471,0.20056867599487305,1256.08984375
9472,0.16910338401794434,1256.9921875
9473,0.17555999755859375,1255.54296875
9474,0.16082477569580078,1256.109375
9475,0.23925018310546875,1256.734375
9476,0.18239569664001465,1256.234375
9477,0.15134024620056152,1256.28515625
9478,0.11248183250427246,1257.25
9479,0.16505098342895508,1255.5625
9480,0.1436007022857666,1256.42578125
9481,0.1597299575805664,1257.31640625
9482,0.15190458297729492,1256.73828125
9483,0.19245219230651855,1257.296875
9484,0.19137859344482422,1257.95703125
9485,0.12219405174255371,1258.2265625
9486,0.19055390357971191,1259.01171875
9487,0.1789383888244629,1260.01171875
9488,0.21108627319335938,1259.65234375
9489,0.1702747344970703,1258.16796875
9490,0.21500658988952637,1258.4609375
9491,0.20089149475097656,1258.64453125
9492,0.1125650405883789,1258.81640625
9493,0.22223234176635742,1258.94921875
9494,0.15541696548461914,1259.1328125
9495,0.20762038230895996,1259.00390625
9496,0.1622164249420166,1258.59765625
9497,0.21131300926208496,1259.42578125
9498,0.18837809562683105,1260.29296875
9499,0.2040729522705078,1260.46875
9500,0.17560648918151855,1259.203125
9501,0.18872570991516113,1261.85546875
9502,0.23109769821166992,1260.40234375
9503,0.18134546279907227,1260.0234375
9504,0.1889204978942871,1261.24609375
9505,0.20829510688781738,1261.0859375
9506,0.2221813201904297,1262.80859375
9507,0.17385220527648926,1262.2734375
9508,0.20651793479919434,1264.234375
9509,0.19817900657653809,1263.69921875
9510,0.2545278072357178,1265.8359375
9511,0.21984577178955078,1263.66796875
9512,0.1502082347869873,1262.06640625
9513,0.20242547988891602,1264.98046875
9514,0.18977642059326172,1263.7265625
9515,0.17309236526489258,1263.6953125
9516,0.11675167083740234,1264.3984375
9517,0.19850969314575195,1264.15625
9518,0.19386982917785645,1265.36328125
9519,0.17277121543884277,1263.6796875
9520,0.21321344375610352,1264.5234375
9521,0.1507279872894287,1264.10546875
9522,0.15799617767333984,1264.6796875
9523,0.1531529426574707,1263.37890625
9524,0.1413891315460205,1265.22265625
9525,0.22651171684265137,1263.703125
9526,0.16857647895812988,1264.1953125
9527,0.1925814151763916,1265.4140625
9528,0.1798689365386963,1264.0546875
9529,0.19896388053894043,1263.3125
9530,0.16362810134887695,1264.3125
9531,0.19734883308410645,1265.63671875
9532,0.21755480766296387,1264.3359375
9533,0.27598142623901367,1264.64453125
9534,0.17247414588928223,1263.87109375
9535,0.1778883934020996,1264.48046875
9536,0.18968677520751953,1264.39453125
9537,0.17655563354492188,1265.625
9538,0.11951279640197754,1263.48828125
9539,0.1942434310913086,1264.375
9540,0.18123555183410645,1266.40625
9541,0.22628569602966309,1266.3203125
9542,0.15463542938232422,1266.94140625
9543,0.19276118278503418,1268.68359375
9544,0.19265413284301758,1264.765625
9545,0.11383557319641113,1265.41796875
9546,0.18120908737182617,1264.09765625
9547,0.18268442153930664,1266.26171875
9548,0.19932341575622559,1265.890625
9549,0.2032632827758789,1264.875
9550,0.17820143699645996,1263.33203125
9551,0.1841292381286621,1264.85546875
9552,0.13478565216064453,1264.16796875
9553,0.21325278282165527,1264.953125
9554,0.16020989418029785,1264.9375
9555,0.19498538970947266,1266.35546875
9556,0.1753556728363037,1266.09375
9557,0.16904902458190918,1266.3515625
9558,0.1508481502532959,1266.77734375
9559,0.23660612106323242,1266.65234375
9560,0.1523115634918213,1265.828125
9561,0.18891358375549316,1264.93359375
9562,0.1802222728729248,1265.17578125
9563,0.17551898956298828,1265.4140625
9564,0.20863723754882812,1265.96484375
9565,0.20021510124206543,1267.2578125
9566,0.1098477840423584,1266.953125
9567,0.2116243839263916,1268.0703125
9568,0.19276213645935059,1268.0390625
9569,0.16821670532226562,1267.05078125
9570,0.08873987197875977,1265.953125
9571,0.15674901008605957,1266.08203125
9572,0.15703868865966797,1268.0234375
9573,0.2018413543701172,1268.8515625
9574,0.21942520141601562,1268.98046875
9575,0.19611263275146484,1268.59375
9576,0.17274022102355957,1270.06640625
9577,0.16612863540649414,1268.53515625
9578,0.18553757667541504,1270.3515625
9579,0.19784951210021973,1267.5546875
9580,0.1427910327911377,1268.2890625
9581,0.17727351188659668,1267.84375
9582,0.19443273544311523,1268.20703125
9583,0.1666576862335205,1267.0390625
9584,0.18210411071777344,1269.79296875
9585,0.11009669303894043,1269.3046875
9586,0.14850687980651855,1270.62890625
9587,0.1913900375366211,1271.0078125
9588,0.16790223121643066,1269.58203125
9589,0.16982340812683105,1271.48828125
9590,0.1850450038909912,1269.40625
9591,0.2212538719177246,1269.01171875
9592,0.18185973167419434,1269.19140625
9593,0.1888573169708252,1269.59375
9594,0.20811724662780762,1270.671875
9595,0.15559148788452148,1272.55078125
9596,0.19838190078735352,1271.140625
9597,0.1820366382598877,1270.83984375
9598,0.15136003494262695,1272.51171875
9599,0.19698810577392578,1272.53125
9600,0.1762864589691162,1272.5
9601,0.15088200569152832,1273.9296875
9602,0.1694178581237793,1271.89453125
9603,0.16723418235778809,1271.4375
9604,0.16266417503356934,1272.68359375
9605,0.15905451774597168,1272.1953125
9606,0.15381193161010742,1272.67578125
9607,0.16483497619628906,1273.99609375
9608,0.12008285522460938,1271.98828125
9609,0.1682753562927246,1272.69140625
9610,0.16137027740478516,1271.29296875
9611,0.15064501762390137,1272.41796875
9612,0.16755223274230957,1272.36328125
9613,0.10277080535888672,1272.56640625
9614,0.18001222610473633,1276.44140625
9615,0.15431714057922363,1272.12109375
9616,0.13399410247802734,1273.0
9617,0.14453721046447754,1274.39453125
9618,0.1589493751525879,1272.45703125
9619,0.15974855422973633,1275.40625
9620,0.16533303260803223,1275.875
9621,0.12916278839111328,1274.7421875
9622,0.18823766708374023,1273.98046875
9623,0.15526556968688965,1273.46875
9624,0.12694644927978516,1274.01171875
9625,0.1463329792022705,1274.578125
9626,0.1605978012084961,1273.52734375
9627,0.1795194149017334,1274.63671875
9628,0.15146780014038086,1274.67578125
9629,0.15287256240844727,1274.984375
9630,0.16341018676757812,1276.99609375
9631,0.17255139350891113,1275.26171875
9632,0.15805864334106445,1275.68359375
9633,0.10397958755493164,1275.01171875
9634,0.16174578666687012,1275.1484375
9635,0.201385498046875,1276.67578125
9636,0.19852399826049805,1275.2734375
9637,0.08821725845336914,1275.73046875
9638,0.15518617630004883,1275.265625
9639,0.18345046043395996,1276.21484375
9640,0.16569185256958008,1274.40234375
9641,0.1788773536682129,1275.9453125
9642,0.1644444465637207,1276.953125
9643,0.10367417335510254,1275.77734375
9644,0.1864173412322998,1276.046875
9645,0.17647600173950195,1276.6015625
9646,0.14940214157104492,1278.2421875
9647,0.17648077011108398,1275.5859375
9648,0.14662456512451172,1275.453125
9649,0.1833329200744629,1275.90234375
9650,0.1452176570892334,1276.984375
9651,0.17786765098571777,1275.6015625
9652,0.18333029747009277,1276.02734375
9653,0.17034077644348145,1276.203125
9654,0.15799927711486816,1276.40625
9655,0.09672927856445312,1273.80078125
9656,0.2538890838623047,1277.83984375
9657,0.13770341873168945,1276.90625
9658,0.18031620979309082,1278.82421875
9659,0.11952733993530273,1277.2734375
9660,0.16595220565795898,1277.1171875
9661,0.1526329517364502,1277.54296875
9662,0.14489412307739258,1276.7734375
9663,0.23936963081359863,1278.79296875
9664,0.1766033172607422,1277.18359375
9665,0.1558849811553955,1277.15625
9666,0.17348313331604004,1277.54296875
9667,0.16582679748535156,1277.77734375
9668,0.16352343559265137,1277.2734375
9669,0.16847681999206543,1278.05859375
9670,0.06715965270996094,1277.91796875
9671,0.14948487281799316,1276.44921875
9672,0.15342473983764648,1277.328125
9673,0.16170477867126465,1277.54296875
9674,0.18152475357055664,1277.1953125
9675,0.2236626148223877,1277.38671875
9676,0.1598036289215088,1277.75
9677,0.14284253120422363,1276.77734375
9678,0.1315317153930664,1282.94140625
9679,0.14665460586547852,1277.296875
9680,0.18020224571228027,1277.61328125
9681,0.14156389236450195,1277.10546875
9682,0.15030574798583984,1278.0625
9683,0.1437220573425293,1279.63671875
9684,0.09745407104492188,1279.1953125
9685,0.1855459213256836,1278.71875
9686,0.07214665412902832,1277.953125
9687,0.15112781524658203,1278.22265625
9688,0.18156790733337402,1278.5546875
9689,0.1086273193359375,1278.125
9690,0.17867660522460938,1277.296875
9691,0.1506962776184082,1278.67578125
9692,0.17770671844482422,1278.60546875
9693,0.16797971725463867,1279.78125
9694,0.1493206024169922,1277.99609375
9695,0.17601418495178223,1279.734375
9696,0.16420388221740723,1280.3515625
9697,0.21142935752868652,1278.7421875
9698,0.13407468795776367,1280.578125
9699,0.13003039360046387,1279.5546875
9700,0.15449833869934082,1283.140625
9701,0.1552431583404541,1280.1484375
9702,0.1287682056427002,1282.49609375
9703,0.17756319046020508,1283.671875
9704,0.17647695541381836,1281.921875
9705,0.16982698440551758,1283.578125
9706,0.16599822044372559,1281.58984375
9707,0.16840600967407227,1283.47265625
9708,0.15325021743774414,1283.140625
9709,0.159820556640625,1286.57421875
9710,0.1535353660583496,1283.9609375
9711,0.1931443214416504,1285.234375
9712,0.19451427459716797,1284.78125
9713,0.16742587089538574,1285.7109375
9714,0.15289020538330078,1284.3515625
9715,0.17145276069641113,1282.5625
9716,0.16286444664001465,1284.9296875
9717,0.17036986351013184,1284.765625
9718,0.20315265655517578,1283.828125
9719,0.12774229049682617,1283.7109375
9720,0.08478474617004395,1283.234375
9721,0.16122746467590332,1283.671875
9722,0.19084572792053223,1283.640625
9723,0.09493494033813477,1284.08984375
9724,0.2041933536529541,1284.48828125
9725,0.1685936450958252,1286.7265625
9726,0.15613222122192383,1285.78515625
9727,0.13049554824829102,1283.140625
9728,0.11291003227233887,1284.50390625
9729,0.1672804355621338,1285.33203125
9730,0.13733649253845215,1283.546875
9731,0.11069226264953613,1284.77734375
9732,0.16724896430969238,1285.65234375
9733,0.17902588844299316,1285.55859375
9734,0.17166662216186523,1285.65234375
9735,0.15997672080993652,1283.0
9736,0.14379024505615234,1284.76953125
9737,0.21032452583312988,1284.58984375
9738,0.18032288551330566,1286.91796875
9739,0.15849542617797852,1284.82421875
9740,0.16446900367736816,1284.921875
9741,0.14681577682495117,1284.6171875
9742,0.13646578788757324,1286.76953125
9743,0.18326950073242188,1284.984375
9744,0.1875312328338623,1286.5703125
9745,0.17988204956054688,1285.421875
9746,0.14678430557250977,1286.76171875
9747,0.17618203163146973,1285.265625
9748,0.16810083389282227,1285.88671875
9749,0.19169402122497559,1285.52734375
9750,0.1841750144958496,1289.69921875
9751,0.15237832069396973,1286.6640625
9752,0.17438507080078125,1287.04296875
9753,0.1922008991241455,1288.77734375
9754,0.13557839393615723,1288.33203125
9755,0.14397025108337402,1288.703125
9756,0.150482177734375,1288.1796875
9757,0.1414334774017334,1287.68359375
9758,0.17749500274658203,1287.26171875
9759,0.13977289199829102,1287.39453125
9760,0.14244675636291504,1287.8125
9761,0.11955761909484863,1286.89453125
9762,0.13578033447265625,1286.50390625
9763,0.15964031219482422,1286.83203125
9764,0.15747833251953125,1289.015625
9765,0.15688133239746094,1286.33203125
9766,0.13800454139709473,1286.29296875
9767,0.14440369606018066,1288.32421875
9768,0.14623165130615234,1287.421875
9769,0.16173720359802246,1288.4375
9770,0.0871572494506836,1287.79296875
9771,0.13452672958374023,1287.734375
9772,0.16050028800964355,1288.109375
9773,0.10083365440368652,1287.765625
9774,0.1570603847503662,1288.265625
9775,0.19741487503051758,1289.53125
9776,0.15554332733154297,1290.39453125
9777,0.15978074073791504,1288.6875
9778,0.16448283195495605,1287.84765625
9779,0.20393967628479004,1287.87890625
9780,0.21216607093811035,1288.91015625
9781,0.18308401107788086,1288.90625
9782,0.15011048316955566,1288.46875
9783,0.20624160766601562,1291.4453125
9784,0.20563364028930664,1289.56640625
9785,0.16812920570373535,1292.16796875
9786,0.1882030963897705,1289.53515625
9787,0.16002368927001953,1291.86328125
9788,0.19720816612243652,1289.12109375
9789,0.144209623336792,1288.71875
9790,0.16781187057495117,1291.6171875
9791,0.15140223503112793,1291.27734375
9792,0.13356757164001465,1290.0625
9793,0.17838311195373535,1290.0625
9794,0.16611313819885254,1290.55859375
9795,0.17290663719177246,1289.421875
9796,0.174821138381958,1290.85546875
9797,0.16025590896606445,1290.90625
9798,0.1750476360321045,1290.7734375
9799,0.15417814254760742,1290.59765625
9800,0.13409018516540527,1291.65625
9801,0.13425230979919434,1291.8671875
9802,0.17069268226623535,1290.3515625
9803,0.16222882270812988,1291.44140625
9804,0.15663695335388184,1295.37109375
9805,0.16779375076293945,1289.87890625
9806,0.15987610816955566,1292.8984375
9807,0.17788004875183105,1292.2109375
9808,0.11800193786621094,1291.63671875
9809,0.19774079322814941,1291.9609375
9810,0.16659092903137207,1293.8671875
9811,0.19484472274780273,1292.39453125
9812,0.18068838119506836,1292.8984375
9813,0.1724853515625,1292.890625
9814,0.08048057556152344,1292.94921875
9815,0.1745154857635498,1291.55859375
9816,0.1487588882446289,1293.07421875
9817,0.16599369049072266,1294.21484375
9818,0.2005472183227539,1292.98828125
9819,0.17095661163330078,1293.66015625
9820,0.14514732360839844,1293.72265625
9821,0.15611004829406738,1293.4296875
9822,0.12655067443847656,1295.0234375
9823,0.17115044593811035,1294.80078125
9824,0.16979074478149414,1296.28125
9825,0.12703418731689453,1294.18359375
9826,0.1892082691192627,1293.61328125
9827,0.15407133102416992,1297.90625
9828,0.1718592643737793,1294.57421875
9829,0.1451716423034668,1294.25390625
9830,0.1797647476196289,1294.14453125
9831,0.19707298278808594,1292.67578125
9832,0.141937255859375,1294.390625
9833,0.17414116859436035,1296.5859375
9834,0.1489410400390625,1297.6328125
9835,0.1108391284942627,1297.0
9836,0.16820621490478516,1297.16015625
9837,0.18869376182556152,1296.8203125
9838,0.1547069549560547,1296.91015625
9839,0.1797471046447754,1295.37109375
9840,0.17452788352966309,1294.6328125
9841,0.15368223190307617,1297.734375
9842,0.15140938758850098,1296.0625
9843,0.15904569625854492,1296.51953125
9844,0.14482998847961426,1295.5625
9845,0.2166578769683838,1295.3984375
9846,0.2167370319366455,1295.6484375
9847,0.10510587692260742,1295.58984375
9848,0.1620805263519287,1296.546875
9849,0.20599007606506348,1295.36328125
9850,0.1322636604309082,1295.57421875
9851,0.10273075103759766,1296.01171875
9852,0.17347455024719238,1298.83984375
9853,0.1648392677307129,1295.75
9854,0.18075323104858398,1295.66796875
9855,0.1336050033569336,1297.4296875
9856,0.10188770294189453,1296.33203125
9857,0.14812374114990234,1297.34375
9858,0.15270090103149414,1298.76953125
9859,0.1520383358001709,1296.11328125
9860,0.16664481163024902,1298.3984375
9861,0.16219115257263184,1297.125
9862,0.1641838550567627,1297.38671875
9863,0.14046955108642578,1299.19921875
9864,0.15459513664245605,1299.1953125
9865,0.18410062789916992,1297.265625
9866,0.1757514476776123,1296.97265625
9867,0.1362171173095703,1298.125
9868,0.20500493049621582,1299.92578125
9869,0.19148731231689453,1298.7265625
9870,0.16516447067260742,1298.4140625
9871,0.12224936485290527,1300.7734375
9872,0.176025390625,1299.7109375
9873,0.18512964248657227,1299.33203125
9874,0.16621780395507812,1299.37890625
9875,0.17896080017089844,1301.70703125
9876,0.16949796676635742,1301.171875
9877,0.12797117233276367,1301.15625
9878,0.18870925903320312,1301.4765625
9879,0.11842465400695801,1301.85546875
9880,0.12636947631835938,1300.76953125
9881,0.19468069076538086,1300.46875
9882,0.13193964958190918,1301.71875
9883,0.14761972427368164,1301.96484375
9884,0.12372756004333496,1301.15625
9885,0.11089587211608887,1301.23828125
9886,0.16757726669311523,1302.05078125
9887,0.14697527885437012,1303.65625
9888,0.0928487777709961,1303.45703125
9889,0.14165902137756348,1302.3515625
9890,0.19351840019226074,1302.25390625
9891,0.1355752944946289,1301.37890625
9892,0.16921567916870117,1303.2265625
9893,0.17737650871276855,1302.04296875
9894,0.18316960334777832,1300.97265625
9895,0.15713000297546387,1301.72265625
9896,0.08653569221496582,1300.71875
9897,0.10579872131347656,1302.97265625
9898,0.14946866035461426,1299.9609375
9899,0.1815357208251953,1302.19140625
9900,0.21241116523742676,1301.02734375
9901,0.15326666831970215,1301.390625
9902,0.17638087272644043,1302.41796875
9903,0.17081832885742188,1300.9921875
9904,0.16273999214172363,1301.71875
9905,0.15822982788085938,1303.67578125
9906,0.1691889762878418,1301.22265625
9907,0.15504717826843262,1302.0
9908,0.15278124809265137,1302.640625
9909,0.1708834171295166,1303.5078125
9910,0.16398262977600098,1303.1640625
9911,0.19115281105041504,1301.7421875
9912,0.14260411262512207,1302.74609375
9913,0.16361117362976074,1301.84375
9914,0.11262822151184082,1302.984375
9915,0.17787647247314453,1302.66796875
9916,0.15357565879821777,1303.44140625
9917,0.152756929397583,1302.73046875
9918,0.13215970993041992,1304.0703125
9919,0.17689132690429688,1305.0546875
9920,0.1997358798980713,1305.28515625
9921,0.16924262046813965,1306.21875
9922,0.17673349380493164,1305.2890625
9923,0.14565610885620117,1304.50390625
9924,0.14980673789978027,1306.55078125
9925,0.19334650039672852,1305.80078125
9926,0.1504511833190918,1305.4765625
9927,0.11278486251831055,1306.12109375
9928,0.17876839637756348,1304.2578125
9929,0.19975018501281738,1304.5625
9930,0.1760549545288086,1306.3046875
9931,0.14920878410339355,1307.1015625
9932,0.14676308631896973,1306.33984375
9933,0.19536542892456055,1305.7109375
9934,0.19949078559875488,1307.74609375
9935,0.16216826438903809,1307.0234375
9936,0.17042946815490723,1308.48828125
9937,0.1793656349182129,1306.65625
9938,0.1655890941619873,1306.609375
9939,0.160966157913208,1308.203125
9940,0.17065668106079102,1307.296875
9941,0.14562392234802246,1309.19140625
9942,0.19820761680603027,1307.484375
9943,0.1706557273864746,1306.34765625
9944,0.14877653121948242,1307.37109375
9945,0.15087175369262695,1307.87109375
9946,0.16434907913208008,1307.5546875
9947,0.17933249473571777,1307.1796875
9948,0.06623673439025879,1308.83203125
9949,0.16256403923034668,1307.96484375
9950,0.14956188201904297,1308.5859375
9951,0.18535065650939941,1307.87109375
9952,0.1542949676513672,1306.8515625
9953,0.1188347339630127,1308.078125
9954,0.16120123863220215,1307.7578125
9955,0.1654810905456543,1307.6796875
9956,0.16737961769104004,1309.44140625
9957,0.1501002311706543,1307.1640625
9958,0.13413214683532715,1307.90625
9959,0.1934823989868164,1309.44921875
9960,0.1402263641357422,1307.046875
9961,0.22583389282226562,1312.58203125
9962,0.18419384956359863,1310.765625
9963,0.17612528800964355,1309.90625
9964,0.14120221138000488,1312.00390625
9965,0.11157703399658203,1311.10546875
9966,0.14708995819091797,1311.74609375
9967,0.16432619094848633,1310.328125
9968,0.1512768268585205,1309.93359375
9969,0.15091991424560547,1311.5703125
9970,0.1723184585571289,1311.8046875
9971,0.14956378936767578,1310.875
9972,0.13870024681091309,1310.8671875
9973,0.1751246452331543,1312.86328125
9974,0.18932080268859863,1312.20703125
9975,0.16133451461791992,1312.453125
9976,0.1672203540802002,1314.10546875
9977,0.12889480590820312,1313.484375
9978,0.1451122760772705,1312.1640625
9979,0.13673806190490723,1312.12890625
9980,0.17266201972961426,1312.73046875
9981,0.2185804843902588,1314.27734375
9982,0.15448808670043945,1314.04296875
9983,0.19791197776794434,1312.8203125
9984,0.21479368209838867,1313.65625
9985,0.15174484252929688,1312.23046875
9986,0.1371753215789795,1313.09765625
9987,0.21143174171447754,1312.32421875
9988,0.14089107513427734,1315.47265625
9989,0.18736767768859863,1312.57421875
9990,0.15891647338867188,1314.41796875
9991,0.13645100593566895,1312.6640625
9992,0.16635513305664062,1312.1484375
9993,0.1944742202758789,1314.32421875
9994,0.15775012969970703,1313.6796875
9995,0.11485934257507324,1312.37890625
9996,0.15361595153808594,1315.640625
9997,0.15035462379455566,1311.82421875
9998,0.14934468269348145,1312.33203125
9999,0.1507871150970459,1313.29296875
10000,0.13425660133361816,1314.25
10001,0.14290595054626465,1313.6640625
10002,0.13191986083984375,1314.19921875
10003,0.1472334861755371,1313.38671875
10004,0.11275291442871094,1311.47265625
10005,0.20366859436035156,1315.39453125
10006,0.19405245780944824,1316.6484375
10007,0.08367323875427246,1316.2890625
10008,0.18583035469055176,1315.4921875
10009,0.20203566551208496,1315.5703125
10010,0.17504096031188965,1315.15234375
10011,0.2488386631011963,1313.16796875
10012,0.1282498836517334,1316.4765625
10013,0.1715223789215088,1317.08984375
10014,0.18443846702575684,1314.9765625
10015,0.1403357982635498,1317.2109375
10016,0.13644766807556152,1316.8515625
10017,0.1535792350769043,1315.20703125
10018,0.17449307441711426,1318.1484375
10019,0.15257549285888672,1314.61328125
10020,0.17240047454833984,1319.3125
10021,0.15778589248657227,1317.52734375
10022,0.14394927024841309,1316.234375
10023,0.1859147548675537,1316.59375
10024,0.1537337303161621,1313.3984375
10025,0.14516115188598633,1317.44140625
10026,0.14958906173706055,1317.265625
10027,0.1433253288269043,1317.9609375
10028,0.16095399856567383,1318.88671875
10029,0.1522679328918457,1320.18359375
10030,0.1347963809967041,1320.0859375
10031,0.17682576179504395,1320.03125
10032,0.14454150199890137,1319.359375
10033,0.14908051490783691,1319.328125
10034,0.17210936546325684,1316.88671875
10035,0.16094660758972168,1319.62109375
10036,0.16762542724609375,1318.7578125
10037,0.17660975456237793,1320.73046875
10038,0.17079567909240723,1318.84375
10039,0.2572622299194336,1318.44921875
10040,0.17049765586853027,1320.01171875
10041,0.17639875411987305,1319.76171875
10042,0.1765446662902832,1321.07421875
10043,0.18143916130065918,1320.21484375
10044,0.13737034797668457,1320.6484375
10045,0.15742993354797363,1319.87890625
10046,0.1543588638305664,1321.3984375
10047,0.16006875038146973,1320.5078125
10048,0.1758580207824707,1321.203125
10049,0.1491096019744873,1321.34375
10050,0.14600539207458496,1320.81640625
10051,0.16132450103759766,1321.12109375
10052,0.17690396308898926,1322.53515625
10053,0.13366031646728516,1320.72265625
10054,0.15994000434875488,1321.58984375
10055,0.16087722778320312,1321.0390625
10056,0.13669657707214355,1322.97265625
10057,0.17792963981628418,1319.703125
10058,0.13435578346252441,1319.66796875
10059,0.15745782852172852,1321.33984375
10060,0.14376330375671387,1320.67578125
10061,0.21219921112060547,1319.765625
10062,0.16533303260803223,1324.84765625
10063,0.16866755485534668,1322.0859375
10064,0.16353654861450195,1323.34765625
10065,0.15209650993347168,1322.80859375
10066,0.18409395217895508,1324.3125
10067,0.14864063262939453,1325.59375
10068,0.16041159629821777,1324.3359375
10069,0.12921476364135742,1324.6796875
10070,0.14714407920837402,1324.453125
10071,0.1602463722229004,1325.4296875
10072,0.177872896194458,1323.62109375
10073,0.15505743026733398,1324.078125
10074,0.16685962677001953,1324.1953125
10075,0.07251954078674316,1325.78125
10076,0.17309784889221191,1325.6640625
10077,0.1603245735168457,1325.6328125
10078,0.15249156951904297,1326.33984375
10079,0.1588284969329834,1326.18359375
10080,0.16927266120910645,1324.66796875
10081,0.15075349807739258,1324.2421875
10082,0.17400550842285156,1324.09765625
10083,0.12113451957702637,1326.5859375
10084,0.21431803703308105,1324.8828125
10085,0.1699659824371338,1324.15625
10086,0.1847076416015625,1325.59375
10087,0.16246342658996582,1325.68359375
10088,0.14483332633972168,1326.7265625
10089,0.1727440357208252,1324.078125
10090,0.12708449363708496,1325.53125
10091,0.07300353050231934,1325.5078125
10092,0.15178322792053223,1325.74609375
10093,0.1743638515472412,1325.87890625
10094,0.1801445484161377,1327.640625
10095,0.17622923851013184,1326.421875
10096,0.14497756958007812,1327.3203125
10097,0.17787456512451172,1327.09375
10098,0.18149852752685547,1327.6875
10099,0.16666126251220703,1326.0234375
10100,0.17525744438171387,1328.70703125
10101,0.1771526336669922,1326.71875
10102,0.16902828216552734,1327.19140625
10103,0.14824724197387695,1328.4765625
10104,0.1568009853363037,1326.84765625
10105,0.14884543418884277,1327.9296875
10106,0.17423534393310547,1326.52734375
10107,0.14440417289733887,1328.96484375
10108,0.16007542610168457,1329.16796875
10109,0.18200349807739258,1330.19921875
10110,0.14429521560668945,1331.09375
10111,0.15209627151489258,1329.48828125
10112,0.16551709175109863,1330.80859375
10113,0.13483095169067383,1328.8515625
10114,0.15891027450561523,1327.953125
10115,0.14523673057556152,1327.08203125
10116,0.16152048110961914,1329.3984375
10117,0.17615103721618652,1329.44921875
10118,0.1307213306427002,1330.91015625
10119,0.19927644729614258,1329.4375
10120,0.15568017959594727,1330.09765625
10121,0.1351337432861328,1330.44140625
10122,0.15836691856384277,1329.62109375
10123,0.14655542373657227,1329.26171875
10124,0.1774895191192627,1330.6875
10125,0.21480154991149902,1330.859375
10126,0.1702718734741211,1331.47265625
10127,0.20840215682983398,1332.859375
10128,0.1497037410736084,1331.65625
10129,0.17662405967712402,1331.54296875
10130,0.1525897979736328,1333.2265625
10131,0.16626429557800293,1333.8125
10132,0.16398048400878906,1330.5625
10133,0.13343453407287598,1332.12890625
10134,0.15218615531921387,1331.578125
10135,0.14989948272705078,1332.921875
10136,0.15461969375610352,1331.8125
10137,0.1967182159423828,1333.34765625
10138,0.1769263744354248,1331.03515625
10139,0.16303205490112305,1337.03125
10140,0.200423002243042,1332.7890625
10141,0.12868642807006836,1334.4765625
10142,0.1788325309753418,1334.15625
10143,0.17162179946899414,1333.8359375
10144,0.17277312278747559,1333.22265625
10145,0.17952775955200195,1333.42578125
10146,0.1612558364868164,1334.16796875
10147,0.22728323936462402,1334.15625
10148,0.1336226463317871,1333.671875
10149,0.15831708908081055,1333.484375
10150,0.15996742248535156,1333.703125
10151,0.1674022674560547,1333.765625
10152,0.14740729331970215,1333.01171875
10153,0.1621694564819336,1333.8671875
10154,0.1802504062652588,1334.546875
10155,0.1979537010192871,1332.90234375
10156,0.16030335426330566,1333.42578125
10157,0.13350844383239746,1336.453125
10158,0.17214322090148926,1334.85546875
10159,0.13798856735229492,1334.296875
10160,0.1595914363861084,1332.4921875
10161,0.16234397888183594,1333.62109375
10162,0.14624500274658203,1333.08984375
10163,0.22403597831726074,1333.96484375
10164,0.16417551040649414,1334.41015625
10165,0.15344738960266113,1334.984375
10166,0.17953968048095703,1334.6640625
10167,0.16085529327392578,1336.0703125
10168,0.15957856178283691,1336.86328125
10169,0.17831087112426758,1335.609375
10170,0.16078448295593262,1336.8359375
10171,0.1595144271850586,1336.296875
10172,0.1823124885559082,1336.08984375
10173,0.10841059684753418,1334.5078125
10174,0.1316239833831787,1335.921875
10175,0.19075846672058105,1334.8984375
10176,0.17096304893493652,1335.80859375
10177,0.16005873680114746,1334.640625
10178,0.16565275192260742,1335.4296875
10179,0.14473652839660645,1336.81640625
10180,0.18348193168640137,1335.23046875
10181,0.19643926620483398,1337.1953125
10182,0.11594009399414062,1337.58984375
10183,0.16218066215515137,1335.91796875
10184,0.16825532913208008,1338.4375
10185,0.16094136238098145,1336.95703125
10186,0.18355059623718262,1337.296875
10187,0.17649173736572266,1337.953125
10188,0.16373729705810547,1339.0
10189,0.16648006439208984,1339.0625
10190,0.16477560997009277,1337.9453125
10191,0.1350538730621338,1339.68359375
10192,0.19382429122924805,1338.90625
10193,0.1702876091003418,1338.23046875
10194,0.17945384979248047,1340.16796875
10195,0.17552638053894043,1340.328125
10196,0.14551877975463867,1339.04296875
10197,0.13794970512390137,1341.26171875
10198,0.17985320091247559,1338.5390625
10199,0.1336660385131836,1337.953125
10200,0.16106200218200684,1341.3515625
10201,0.09714078903198242,1339.34375
10202,0.17421340942382812,1340.83203125
10203,0.14905714988708496,1339.0703125
10204,0.1344454288482666,1338.2265625
10205,0.16185760498046875,1339.52734375
10206,0.14723610877990723,1339.30859375
10207,0.11858034133911133,1338.23046875
10208,0.1631762981414795,1340.3203125
10209,0.19553065299987793,1341.05859375
10210,0.13672494888305664,1339.09375
10211,0.16816401481628418,1341.1484375
10212,0.14417743682861328,1340.26171875
10213,0.15406060218811035,1341.33203125
10214,0.15131592750549316,1341.15625
10215,0.1604466438293457,1339.265625
10216,0.18024492263793945,1341.3984375
10217,0.2179422378540039,1339.98046875
10218,0.0847311019897461,1339.78515625
10219,0.17365789413452148,1341.18359375
10220,0.22458529472351074,1339.42578125
10221,0.16081714630126953,1342.48828125
10222,0.16050982475280762,1339.0546875
10223,0.17501187324523926,1340.20703125
10224,0.15422558784484863,1342.27734375
10225,0.1506330966949463,1343.046875
10226,0.1595139503479004,1342.078125
10227,0.16075754165649414,1341.5078125
10228,0.08300447463989258,1339.12109375
10229,0.17461657524108887,1341.46875
10230,0.16735410690307617,1343.45703125
10231,0.17334556579589844,1343.78125
10232,0.16164326667785645,1343.4296875
10233,0.19276738166809082,1342.09375
10234,0.16655683517456055,1344.0234375
10235,0.17007946968078613,1344.5078125
10236,0.20387530326843262,1343.66015625
10237,0.17544102668762207,1344.27734375
10238,0.17618179321289062,1344.8828125
10239,0.16821503639221191,1343.73046875
10240,0.16262316703796387,1343.78125
10241,0.18442535400390625,1343.578125
10242,0.1765458583831787,1345.6015625
10243,0.15501928329467773,1344.0234375
10244,0.15096807479858398,1346.67578125
10245,0.15987753868103027,1344.6171875
10246,0.1647348403930664,1344.90625
10247,0.17665791511535645,1343.8125
10248,0.12810969352722168,1346.203125
10249,0.18297529220581055,1345.859375
10250,0.1998758316040039,1346.64453125
10251,0.15288805961608887,1346.66015625
10252,0.1600179672241211,1343.3984375
10253,0.14504575729370117,1342.23046875
10254,0.18947649002075195,1344.2890625
10255,0.1740102767944336,1346.90625
10256,0.14506888389587402,1345.01953125
10257,0.16531825065612793,1346.3046875
10258,0.1603703498840332,1346.5625
10259,0.15741801261901855,1347.0
10260,0.16522693634033203,1346.13671875
10261,0.18401813507080078,1347.578125
10262,0.1484088897705078,1349.39453125
10263,0.13549351692199707,1349.8515625
10264,0.15207457542419434,1349.87109375
10265,0.2082529067993164,1348.90234375
10266,0.19181561470031738,1349.359375
10267,0.12480354309082031,1348.265625
10268,0.08034992218017578,1349.62109375
10269,0.15838384628295898,1348.6015625
10270,0.18017363548278809,1348.2421875
10271,0.16692328453063965,1347.4609375
10272,0.20047831535339355,1348.70703125
10273,0.21207141876220703,1348.0390625
10274,0.13333511352539062,1348.1015625
10275,0.041991233825683594,1347.91015625
10276,0.13580584526062012,1347.76953125
10277,0.12830209732055664,1349.13671875
10278,0.15453052520751953,1347.8984375
10279,0.13397502899169922,1350.5703125
10280,0.19324851036071777,1347.984375
10281,0.1943674087524414,1348.234375
10282,0.17091608047485352,1349.1953125
10283,0.20056486129760742,1349.4296875
10284,0.09381270408630371,1349.09765625
10285,0.1691737174987793,1349.24609375
10286,0.16258978843688965,1348.61328125
10287,0.15781807899475098,1349.0078125
10288,0.15006136894226074,1352.04296875
10289,0.17968058586120605,1349.4140625
10290,0.1975867748260498,1348.5859375
10291,0.16794204711914062,1350.5078125
10292,0.16345548629760742,1349.78515625
10293,0.16085505485534668,1351.3359375
10294,0.17905330657958984,1351.4140625
10295,0.10420632362365723,1348.91796875
10296,0.17121148109436035,1350.40234375
10297,0.18154191970825195,1349.1328125
10298,0.16759157180786133,1351.6328125
10299,0.17504358291625977,1349.453125
10300,0.1869649887084961,1352.40234375
10301,0.14498019218444824,1351.72265625
10302,0.1480574607849121,1349.34765625
10303,0.10319256782531738,1351.19921875
10304,0.15050172805786133,1349.625
10305,0.19826149940490723,1351.34375
10306,0.19499516487121582,1351.5546875
10307,0.1605978012084961,1352.1015625
10308,0.17052817344665527,1351.6171875
10309,0.17970919609069824,1352.98046875
10310,0.13029837608337402,1352.31640625
10311,0.12778759002685547,1352.21484375
10312,0.1752488613128662,1352.671875
10313,0.2000892162322998,1353.6796875
10314,0.16077494621276855,1353.02734375
10315,0.17670273780822754,1353.21875
10316,0.17183184623718262,1352.76171875
10317,0.20879507064819336,1354.48046875
10318,0.2491605281829834,1353.05859375
10319,0.14839768409729004,1353.56640625
10320,0.16516518592834473,1355.3984375
10321,0.18793416023254395,1353.58984375
10322,0.18026280403137207,1354.99609375
10323,0.16304516792297363,1355.52734375
10324,0.19815921783447266,1355.4296875
10325,0.16751956939697266,1355.140625
10326,0.214263916015625,1356.3984375
10327,0.1524491310119629,1355.9921875
10328,0.11954665184020996,1355.796875
10329,0.14554691314697266,1357.14453125
10330,0.17772865295410156,1357.421875
10331,0.15251588821411133,1356.34375
10332,0.15551042556762695,1355.79296875
10333,0.17686033248901367,1356.55859375
10334,0.16585564613342285,1355.89453125
10335,0.14469575881958008,1355.71484375
10336,0.14771652221679688,1355.00390625
10337,0.17485904693603516,1357.71875
10338,0.14503765106201172,1355.6171875
10339,0.14847183227539062,1358.0703125
10340,0.20904970169067383,1356.06640625
10341,0.16025304794311523,1356.22265625
10342,0.16194725036621094,1356.3046875
10343,0.16920232772827148,1355.8984375
10344,0.15202546119689941,1357.0234375
10345,0.13056421279907227,1356.6015625
10346,0.17022967338562012,1356.88671875
10347,0.16654706001281738,1356.08203125
10348,0.19437265396118164,1356.57421875
10349,0.17739415168762207,1358.078125
10350,0.1636207103729248,1356.4609375
10351,0.1503608226776123,1357.63671875
10352,0.17766308784484863,1357.5703125
10353,0.2078857421875,1357.45703125
10354,0.19160819053649902,1360.25390625
10355,0.20693731307983398,1361.85546875
10356,0.21175074577331543,1357.6484375
10357,0.1729116439819336,1360.65234375
10358,0.16678166389465332,1358.8984375
10359,0.1715683937072754,1358.54296875
10360,0.17796850204467773,1359.62890625
10361,0.15687036514282227,1359.421875
10362,0.23014426231384277,1359.03125
10363,0.14989614486694336,1359.4140625
10364,0.16555309295654297,1358.5078125
10365,0.17170262336730957,1359.73046875
10366,0.11685371398925781,1361.6953125
10367,0.17619919776916504,1358.03515625
10368,0.18968677520751953,1359.2421875
10369,0.22466683387756348,1358.9296875
10370,0.20157766342163086,1361.453125
10371,0.1511232852935791,1360.38671875
10372,0.22345662117004395,1361.97265625
10373,0.14459848403930664,1360.12890625
10374,0.0837869644165039,1362.25390625
10375,0.1182408332824707,1360.7578125
10376,0.1697688102722168,1361.078125
10377,0.12707018852233887,1359.39453125
10378,0.20202279090881348,1361.73046875
10379,0.18687844276428223,1361.66015625
10380,0.18332386016845703,1361.07421875
10381,0.1619892120361328,1360.296875
10382,0.19458699226379395,1360.64453125
10383,0.17855167388916016,1361.13671875
10384,0.20820116996765137,1361.5703125
10385,0.21175336837768555,1362.10546875
10386,0.13802385330200195,1360.80078125
10387,0.1989147663116455,1361.80859375
10388,0.16245484352111816,1363.5625
10389,0.19351649284362793,1360.65234375
10390,0.19328618049621582,1361.640625
10391,0.19744443893432617,1362.46484375
10392,0.22283148765563965,1361.78125
10393,0.19615483283996582,1363.73828125
10394,0.2247922420501709,1363.7109375
10395,0.13706278800964355,1363.58984375
10396,0.17526459693908691,1362.7109375
10397,0.1591801643371582,1363.80078125
10398,0.11279416084289551,1362.0078125
10399,0.14249110221862793,1363.0625
10400,0.13900971412658691,1362.34765625
10401,0.17679429054260254,1363.78125
10402,0.16082501411437988,1363.8515625
10403,0.10413455963134766,1363.9140625
10404,0.17777299880981445,1364.96875
10405,0.17717266082763672,1364.01953125
10406,0.1853468418121338,1366.015625
10407,0.17076444625854492,1364.08984375
10408,0.16652727127075195,1363.859375
10409,0.16603302955627441,1363.1171875
10410,0.18409085273742676,1364.671875
10411,0.184495210647583,1364.8359375
10412,0.16866254806518555,1364.5546875
10413,0.1646556854248047,1365.0703125
10414,0.18059659004211426,1364.79296875
10415,0.22691702842712402,1367.12890625
10416,0.19729876518249512,1363.65625
10417,0.10857701301574707,1364.04296875
10418,0.18026375770568848,1363.19921875
10419,0.13386273384094238,1362.73828125
10420,0.19771051406860352,1364.046875
10421,0.16942954063415527,1364.29296875
10422,0.14503026008605957,1363.47265625
10423,0.14674949645996094,1365.35546875
10424,0.17945361137390137,1363.55859375
10425,0.1304168701171875,1367.59765625
10426,0.1758255958557129,1364.13671875
10427,0.1447126865386963,1365.1328125
10428,0.14468717575073242,1367.39453125
10429,0.17479920387268066,1367.91796875
10430,0.17718076705932617,1366.26953125
10431,0.16050052642822266,1367.55078125
10432,0.16528606414794922,1368.4765625
10433,0.21595430374145508,1364.37890625
10434,0.14903807640075684,1369.046875
10435,0.15850353240966797,1369.4609375
10436,0.16367530822753906,1370.07421875
10437,0.16780304908752441,1367.7109375
10438,0.21507024765014648,1368.21875
10439,0.16589045524597168,1369.1484375
10440,0.1638011932373047,1370.6796875
10441,0.1341395378112793,1371.37109375
10442,0.17916536331176758,1369.890625
10443,0.1603708267211914,1370.68359375
10444,0.19522333145141602,1371.84375
10445,0.13478636741638184,1370.8125
10446,0.17721986770629883,1370.72265625
10447,0.15250444412231445,1371.99609375
10448,0.2126178741455078,1371.89453125
10449,0.16062521934509277,1371.18359375
10450,0.17880630493164062,1372.70703125
10451,0.16982626914978027,1371.82421875
10452,0.1856691837310791,1371.71875
10453,0.23191165924072266,1370.5
10454,0.130293607711792,1370.3671875
10455,0.17202425003051758,1371.00390625
10456,0.23285531997680664,1372.125
10457,0.1514277458190918,1371.4609375
10458,0.14412498474121094,1372.0234375
10459,0.16502785682678223,1372.546875
10460,0.1648554801940918,1373.43359375
10461,0.17668676376342773,1372.22265625
10462,0.16655397415161133,1370.83203125
10463,0.14473700523376465,1372.66015625
10464,0.16160178184509277,1370.37890625
10465,0.16071128845214844,1371.35546875
10466,0.1493227481842041,1370.9765625
10467,0.134782075881958,1372.53515625
10468,0.14656758308410645,1371.640625
10469,0.18476486206054688,1373.5234375
10470,0.16499614715576172,1372.44140625
10471,0.1813051700592041,1375.01171875
10472,0.22434186935424805,1373.3359375
10473,0.11867952346801758,1372.21875
10474,0.15886473655700684,1373.49609375
10475,0.15027308464050293,1373.1015625
10476,0.16076278686523438,1376.20703125
10477,0.14462852478027344,1373.94140625
10478,0.16618013381958008,1374.91796875
10479,0.2262411117553711,1374.94140625
10480,0.1700730323791504,1373.42578125
10481,0.1721034049987793,1373.07421875
10482,0.18123674392700195,1372.20703125
10483,0.1385650634765625,1372.640625
10484,0.10252857208251953,1372.859375
10485,0.1439802646636963,1373.31640625
10486,0.15747809410095215,1375.625
10487,0.2149515151977539,1373.1796875
10488,0.16216778755187988,1376.14453125
10489,0.18197298049926758,1372.0546875
10490,0.15753388404846191,1373.87890625
10491,0.12290358543395996,1373.5859375
10492,0.20688223838806152,1374.30078125
10493,0.1530590057373047,1373.484375
10494,0.1998119354248047,1374.40625
10495,0.16224336624145508,1374.1953125
10496,0.17116594314575195,1375.8984375
10497,0.14974021911621094,1373.30859375
10498,0.17552828788757324,1374.42578125
10499,0.0968177318572998,1375.671875
10500,0.1935408115386963,1374.20703125
10501,0.17013883590698242,1373.90625
10502,0.12794971466064453,1376.2578125
10503,0.1600193977355957,1375.6171875
10504,0.18427014350891113,1376.3671875
10505,0.21546697616577148,1372.7109375
10506,0.16982698440551758,1375.609375
10507,0.16206789016723633,1375.1328125
10508,0.21245741844177246,1375.56640625
10509,0.19879508018493652,1375.18359375
10510,0.16465330123901367,1374.62890625
10511,0.16208887100219727,1375.30859375
10512,0.1651475429534912,1375.7109375
10513,0.13358664512634277,1375.64453125
10514,0.19790935516357422,1375.20703125
10515,0.17627573013305664,1377.0546875
10516,0.1368265151977539,1375.8203125
10517,0.16549444198608398,1375.984375
10518,0.16081452369689941,1378.76953125
10519,0.10631179809570312,1376.0
10520,0.16828203201293945,1375.83984375
10521,0.16525864601135254,1377.08984375
10522,0.18414592742919922,1377.796875
10523,0.21306824684143066,1376.52734375
10524,0.16007280349731445,1379.94921875
10525,0.14773130416870117,1375.99609375
10526,0.18797922134399414,1376.578125
10527,0.130906343460083,1376.9375
10528,0.11612653732299805,1376.4609375
10529,0.19025564193725586,1377.75
10530,0.14507031440734863,1378.38671875
10531,0.11421012878417969,1378.16015625
10532,0.1317291259765625,1378.05078125
10533,0.12838315963745117,1378.78515625
10534,0.17301416397094727,1380.49609375
10535,0.16231226921081543,1378.72265625
10536,0.22489261627197266,1377.49609375
10537,0.21340012550354004,1377.015625
10538,0.12015628814697266,1377.890625
10539,0.23010921478271484,1379.12890625
10540,0.1461317539215088,1377.23046875
10541,0.1736295223236084,1377.89453125
10542,0.1777338981628418,1380.83984375
10543,0.2234663963317871,1379.76953125
10544,0.11165809631347656,1378.81640625
10545,0.20014238357543945,1379.34765625
10546,0.1521751880645752,1380.578125
10547,0.08881640434265137,1377.93359375
10548,0.10129499435424805,1380.3046875
10549,0.1670060157775879,1379.796875
10550,0.15992093086242676,1380.6796875
10551,0.15987634658813477,1379.9921875
10552,0.13840460777282715,1380.07421875
10553,0.16245412826538086,1381.92578125
10554,0.18305635452270508,1381.609375
10555,0.19115185737609863,1384.0390625
10556,0.18739843368530273,1381.5625
10557,0.16451692581176758,1382.8984375
10558,0.14416170120239258,1381.984375
10559,0.16027188301086426,1382.58984375
10560,0.1973426342010498,1382.0546875
10561,0.13102245330810547,1382.21484375
10562,0.17967581748962402,1380.8515625
10563,0.18197369575500488,1381.9765625
10564,0.20811939239501953,1382.30859375
10565,0.14645981788635254,1381.25
10566,0.1498570442199707,1383.390625
10567,0.13448739051818848,1383.16015625
10568,0.19799494743347168,1381.9921875
10569,0.1625499725341797,1382.09375
10570,0.2092583179473877,1382.97265625
10571,0.1368701457977295,1382.453125
10572,0.1875772476196289,1382.25390625
10573,0.1665647029876709,1381.55078125
10574,0.1325702667236328,1382.7734375
10575,0.16489791870117188,1382.61328125
10576,0.16124916076660156,1383.296875
10577,0.14939570426940918,1382.1328125
10578,0.1653738021850586,1382.859375
10579,0.1361064910888672,1381.9140625
10580,0.16535711288452148,1385.109375
10581,0.16195130348205566,1382.234375
10582,0.1763134002685547,1382.06640625
10583,0.14905261993408203,1382.14453125
10584,0.1711747646331787,1382.29296875
10585,0.17600226402282715,1383.1875
10586,0.17818379402160645,1383.38671875
10587,0.13499832153320312,1381.5546875
10588,0.15965723991394043,1383.875
10589,0.10028862953186035,1382.59765625
10590,0.11949682235717773,1381.90625
10591,0.1608743667602539,1383.58984375
10592,0.12975049018859863,1382.3984375
10593,0.14806890487670898,1382.40234375
10594,0.1920609474182129,1382.43359375
10595,0.13840556144714355,1382.64453125
10596,0.17965435981750488,1384.16796875
10597,0.1604628562927246,1383.9140625
10598,0.15947222709655762,1382.72265625
10599,0.19213175773620605,1382.9453125
10600,0.15039277076721191,1384.328125
10601,0.1819159984588623,1385.7890625
10602,0.1942882537841797,1388.31640625
10603,0.14474987983703613,1386.484375
10604,0.15762042999267578,1386.78125
10605,0.16919684410095215,1386.5078125
10606,0.16458392143249512,1389.10546875
10607,0.14513015747070312,1386.7890625
10608,0.16799163818359375,1386.203125
10609,0.15018224716186523,1388.08984375
10610,0.1719965934753418,1386.19921875
10611,0.1468966007232666,1388.03125
10612,0.18262052536010742,1386.22265625
10613,0.1678018569946289,1386.078125
10614,0.15063762664794922,1386.890625
10615,0.1676034927368164,1386.82421875
10616,0.14529681205749512,1386.5859375
10617,0.15478038787841797,1386.76953125
10618,0.19295072555541992,1385.765625
10619,0.1640336513519287,1387.55859375
10620,0.17188048362731934,1386.1875
10621,0.13935637474060059,1388.09375
10622,0.07177329063415527,1385.89453125
10623,0.18953967094421387,1388.140625
10624,0.16364669799804688,1386.98046875
10625,0.1831679344177246,1388.2890625
10626,0.15439987182617188,1389.125
10627,0.18209147453308105,1387.03125
10628,0.17508983612060547,1387.1796875
10629,0.1419813632965088,1388.703125
10630,0.16399455070495605,1388.265625
10631,0.17657947540283203,1389.15625
10632,0.19843721389770508,1387.63671875
10633,0.18601059913635254,1388.6015625
10634,0.1573479175567627,1387.375
10635,0.18765997886657715,1389.87109375
10636,0.14085125923156738,1390.5078125
10637,0.14721298217773438,1390.8203125
10638,0.2059471607208252,1388.9140625
10639,0.1127312183380127,1389.4375
10640,0.18996858596801758,1393.296875
10641,0.17456483840942383,1391.8203125
10642,0.16921401023864746,1390.54296875
10643,0.13132834434509277,1390.2421875
10644,0.20668888092041016,1389.83203125
10645,0.1351301670074463,1391.3984375
10646,0.13057541847229004,1390.82421875
10647,0.17793583869934082,1390.80859375
10648,0.13242483139038086,1391.8671875
10649,0.1666574478149414,1391.3984375
10650,0.18952703475952148,1391.64453125
10651,0.14512419700622559,1391.23046875
10652,0.16082000732421875,1393.62109375
10653,0.13403558731079102,1391.9921875
10654,0.2328174114227295,1391.578125
10655,0.17877578735351562,1393.625
10656,0.18218231201171875,1392.93359375
10657,0.18068289756774902,1391.640625
10658,0.2981410026550293,1391.984375
10659,0.16402554512023926,1391.57421875
10660,0.12816500663757324,1394.890625
10661,0.17890381813049316,1393.9765625
10662,0.16401243209838867,1393.5703125
10663,0.12870573997497559,1393.15625
10664,0.2079000473022461,1392.12109375
10665,0.1718580722808838,1393.23828125
10666,0.1715412139892578,1393.921875
10667,0.17281031608581543,1392.39453125
10668,0.1943984031677246,1393.9921875
10669,0.16129541397094727,1392.2578125
10670,0.16918468475341797,1392.6171875
10671,0.1795816421508789,1392.7421875
10672,0.16493535041809082,1392.140625
10673,0.17521882057189941,1391.765625
10674,0.1439964771270752,1395.07421875
10675,0.19658946990966797,1394.6875
10676,0.15176630020141602,1393.17578125
10677,0.16503334045410156,1392.23046875
10678,0.14406061172485352,1393.59765625
10679,0.14124250411987305,1392.78515625
10680,0.18866968154907227,1393.5859375
10681,0.21700072288513184,1393.5546875
10682,0.15570783615112305,1393.79296875
10683,0.17631793022155762,1393.8203125
10684,0.12213802337646484,1392.96875
10685,0.14352130889892578,1395.15625
10686,0.19197392463684082,1392.77734375
10687,0.17215180397033691,1395.8984375
10688,0.1672201156616211,1394.54296875
10689,0.17988204956054688,1394.64453125
10690,0.1970827579498291,1394.55859375
10691,0.167008638381958,1393.15625
10692,0.1651015281677246,1393.859375
10693,0.20820951461791992,1394.84375
10694,0.18253421783447266,1395.1484375
10695,0.15844035148620605,1395.640625
10696,0.19414019584655762,1396.7734375
10697,0.15325307846069336,1397.421875
10698,0.17903995513916016,1396.6640625
10699,0.16101527214050293,1398.32421875
10700,0.162703275680542,1398.6328125
10701,0.1444544792175293,1396.94140625
10702,0.1606597900390625,1397.51171875
10703,0.17923951148986816,1398.91796875
10704,0.23096728324890137,1398.8515625
10705,0.1765432357788086,1399.96875
10706,0.20699357986450195,1400.2109375
10707,0.17975831031799316,1399.24609375
10708,0.1670846939086914,1398.59765625
10709,0.18745732307434082,1398.04296875
10710,0.1965770721435547,1397.87109375
10711,0.1327662467956543,1397.09765625
10712,0.16619110107421875,1398.0234375
10713,0.1827704906463623,1397.0390625
10714,0.13610410690307617,1396.9609375
10715,0.1990373134613037,1400.72265625
10716,0.15414667129516602,1398.44921875
10717,0.18486666679382324,1398.4453125
10718,0.15851044654846191,1399.00390625
10719,0.1701204776763916,1399.546875
10720,0.2092440128326416,1398.640625
10721,0.2475583553314209,1397.46484375
10722,0.2950410842895508,1398.8984375
10723,0.18805313110351562,1397.73828125
10724,0.21370911598205566,1398.86328125
10725,0.201385498046875,1399.3828125
10726,0.16929054260253906,1400.16015625
10727,0.17363905906677246,1399.6015625
10728,0.16101598739624023,1402.5
10729,0.2151045799255371,1400.00390625
10730,0.1468048095703125,1401.13671875
10731,0.1729888916015625,1400.984375
10732,0.16140294075012207,1401.14453125
10733,0.18023371696472168,1401.32421875
10734,0.20076608657836914,1401.69140625
10735,0.18200945854187012,1402.51953125
10736,0.17979168891906738,1401.85546875
10737,0.1732330322265625,1400.8125
10738,0.20855712890625,1400.92578125
10739,0.12467122077941895,1403.06640625
10740,0.1655721664428711,1401.1328125
10741,0.16993427276611328,1400.5546875
10742,0.1776895523071289,1402.60546875
10743,0.15988779067993164,1402.390625
10744,0.17778491973876953,1403.55859375
10745,0.13175082206726074,1402.7734375
10746,0.14718198776245117,1402.6171875
10747,0.198577880859375,1401.6953125
10748,0.17636847496032715,1403.05078125
10749,0.08203601837158203,1402.5625
10750,0.16012907028198242,1403.70703125
10751,0.18317675590515137,1402.45703125
10752,0.2364664077758789,1403.22265625
10753,0.135390043258667,1404.1640625
10754,0.18731379508972168,1401.8125
10755,0.20514488220214844,1402.73828125
10756,0.17170381546020508,1404.20703125
10757,0.19699788093566895,1403.484375
10758,0.16047215461730957,1404.01953125
10759,0.09758687019348145,1405.75390625
10760,0.19268178939819336,1403.97265625
10761,0.16576552391052246,1403.51953125
10762,0.18390798568725586,1403.83203125
10763,0.1872861385345459,1403.48046875
10764,0.17462539672851562,1403.62109375
10765,0.18399786949157715,1404.60546875
10766,0.17619562149047852,1403.75390625
10767,0.17586588859558105,1404.17578125
10768,0.16519808769226074,1404.3828125
10769,0.20833587646484375,1406.86328125
10770,0.1826314926147461,1406.16796875
10771,0.17919707298278809,1404.6484375
10772,0.19745111465454102,1405.1484375
10773,0.17676162719726562,1404.1484375
10774,0.10004758834838867,1406.203125
10775,0.16878628730773926,1405.40234375
10776,0.17708230018615723,1403.85546875
10777,0.16640949249267578,1403.6328125
10778,0.15076208114624023,1406.15234375
10779,0.15897631645202637,1407.31640625
10780,0.17565321922302246,1403.79296875
10781,0.156599760055542,1404.9140625
10782,0.14608454704284668,1403.46875
10783,0.1970195770263672,1405.83203125
10784,0.24849653244018555,1403.89453125
10785,0.17647528648376465,1404.8671875
10786,0.17190861701965332,1407.17578125
10787,0.14424920082092285,1404.2890625
10788,0.1445753574371338,1404.74609375
10789,0.13958358764648438,1403.9140625
10790,0.1923062801361084,1404.86328125
10791,0.13199639320373535,1406.4375
10792,0.11555004119873047,1405.6171875
10793,0.15525031089782715,1406.05078125
10794,0.14948225021362305,1406.1015625
10795,0.1595017910003662,1408.10546875
10796,0.15901827812194824,1406.97265625
10797,0.14478063583374023,1406.17578125
10798,0.1952199935913086,1405.0859375
10799,0.10850715637207031,1405.83203125
10800,0.19093537330627441,1407.91015625
10801,0.1756610870361328,1407.390625
10802,0.21922731399536133,1409.16015625
10803,0.18263578414916992,1408.4140625
10804,0.16227078437805176,1409.03515625
10805,0.16254663467407227,1409.7578125
10806,0.16028118133544922,1407.44921875
10807,0.15237116813659668,1408.00390625
10808,0.210188627243042,1408.15234375
10809,0.16517305374145508,1410.13671875
10810,0.09552288055419922,1409.234375
10811,0.15916705131530762,1412.078125
10812,0.16948986053466797,1410.52734375
10813,0.22293758392333984,1408.52734375
10814,0.18970179557800293,1411.07421875
10815,0.16152215003967285,1411.65234375
10816,0.1600511074066162,1411.52734375
10817,0.14458441734313965,1410.72265625
10818,0.1506330966949463,1408.2890625
10819,0.18905997276306152,1409.5625
10820,0.17767930030822754,1411.3125
10821,0.16631603240966797,1410.3203125
10822,0.08469033241271973,1408.140625
10823,0.09765481948852539,1410.375
10824,0.1744387149810791,1410.01171875
10825,0.2212967872619629,1411.6953125
10826,0.21060490608215332,1411.5390625
10827,0.13155007362365723,1410.4140625
10828,0.2266097068786621,1411.63671875
10829,0.1909651756286621,1410.6171875
10830,0.1917877197265625,1412.12890625
10831,0.16161894798278809,1412.02734375
10832,0.19665098190307617,1411.32421875
10833,0.15109562873840332,1411.2421875
10834,0.1206657886505127,1411.7265625
10835,0.12481188774108887,1412.3984375
10836,0.19019007682800293,1413.5703125
10837,0.15117859840393066,1412.57421875
10838,0.18304872512817383,1414.05859375
10839,0.14987683296203613,1412.51953125
10840,0.17754554748535156,1413.796875
10841,0.16207289695739746,1413.83984375
10842,0.20809364318847656,1415.0234375
10843,0.11733746528625488,1412.12890625
10844,0.18434906005859375,1415.296875
10845,0.15727615356445312,1414.734375
10846,0.14055871963500977,1413.80859375
10847,0.09497523307800293,1414.0
10848,0.15951037406921387,1415.6953125
10849,0.14824461936950684,1413.0234375
10850,0.14426684379577637,1413.7109375
10851,0.15927577018737793,1414.5859375
10852,0.20002055168151855,1413.45703125
10853,0.19614338874816895,1415.21875
10854,0.1608874797821045,1412.5625
10855,0.14475631713867188,1414.984375
10856,0.12813472747802734,1414.2421875
10857,0.17767953872680664,1413.62109375
10858,0.16162538528442383,1413.19140625
10859,0.16120505332946777,1414.38671875
10860,0.14795374870300293,1413.3046875
10861,0.1576852798461914,1414.40625
10862,0.208024263381958,1414.30078125
10863,0.18061161041259766,1414.2578125
10864,0.12041687965393066,1413.96875
10865,0.2062833309173584,1414.11328125
10866,0.21753597259521484,1416.3671875
10867,0.16246438026428223,1415.8515625
10868,0.1618332862854004,1414.83203125
10869,0.16003131866455078,1416.36328125
10870,0.1219174861907959,1413.84375
10871,0.13087868690490723,1415.08203125
10872,0.14399242401123047,1415.3125
10873,0.16222906112670898,1414.12890625
10874,0.19225692749023438,1415.515625
10875,0.20956087112426758,1415.0546875
10876,0.2000894546508789,1417.41015625
10877,0.14400100708007812,1418.55859375
10878,0.18017101287841797,1418.1875
10879,0.1889183521270752,1416.890625
10880,0.1835019588470459,1416.46875
10881,0.17693591117858887,1415.140625
10882,0.1688389778137207,1416.86328125
10883,0.16783618927001953,1417.2109375
10884,0.1625683307647705,1416.71484375
10885,0.1993861198425293,1415.15234375
10886,0.19462180137634277,1419.01953125
10887,0.17428851127624512,1415.95703125
10888,0.21944522857666016,1418.66015625
10889,0.1893925666809082,1417.34765625
10890,0.20528340339660645,1417.81640625
10891,0.18198823928833008,1416.9921875
10892,0.18389320373535156,1416.6015625
10893,0.20946288108825684,1418.296875
10894,0.21663737297058105,1418.61328125
10895,0.22436928749084473,1418.33203125
10896,0.1892848014831543,1419.2109375
10897,0.22311687469482422,1418.16015625
10898,0.21118664741516113,1418.3046875
10899,0.19817829132080078,1420.12890625
10900,0.16422128677368164,1419.43359375
10901,0.16659832000732422,1418.546875
10902,0.1490929126739502,1418.81640625
10903,0.12824726104736328,1419.4140625
10904,0.17710351943969727,1420.21875
10905,0.1804947853088379,1421.484375
10906,0.20079946517944336,1419.609375
10907,0.11329865455627441,1418.6015625
10908,0.2107105255126953,1419.4765625
10909,0.18803668022155762,1418.79296875
10910,0.19994091987609863,1419.48046875
10911,0.19572806358337402,1419.17578125
10912,0.16469883918762207,1419.765625
10913,0.2261648178100586,1418.66015625
10914,0.2866387367248535,1420.29296875
10915,0.16033315658569336,1421.2421875
10916,0.14494848251342773,1421.80859375
10917,0.1603832244873047,1419.96484375
10918,0.1797010898590088,1420.8046875
10919,0.16027212142944336,1421.0859375
10920,0.21552538871765137,1421.09765625
10921,0.16023540496826172,1424.10546875
10922,0.17678070068359375,1424.88671875
10923,0.223891019821167,1421.58203125
10924,0.16942834854125977,1423.40625
10925,0.14386248588562012,1425.0234375
10926,0.18436908721923828,1423.21875
10927,0.23215246200561523,1423.890625
10928,0.15794730186462402,1424.66015625
10929,0.14792585372924805,1422.99609375
10930,0.16027379035949707,1424.27734375
10931,0.16896653175354004,1424.875
10932,0.09690570831298828,1422.55078125
10933,0.1733229160308838,1425.30859375
10934,0.1683182716369629,1428.953125
10935,0.18143320083618164,1425.0859375
10936,0.17958378791809082,1424.6171875
10937,0.15413427352905273,1427.25
10938,0.17565417289733887,1425.83984375
10939,0.19427204132080078,1425.5859375
10940,0.18336033821105957,1425.27734375
10941,0.16102218627929688,1425.1328125
10942,0.17730045318603516,1426.6640625
10943,0.16086101531982422,1425.25
10944,0.17569780349731445,1426.3203125
10945,0.1924591064453125,1428.2578125
10946,0.12758946418762207,1426.2578125
10947,0.17862915992736816,1428.359375
10948,0.15028953552246094,1426.390625
10949,0.1428852081298828,1425.640625
10950,0.1589963436126709,1427.31640625
10951,0.21331548690795898,1427.0625
10952,0.15125751495361328,1427.4609375
10953,0.1756134033203125,1426.4453125
10954,0.22579169273376465,1428.49609375
10955,0.16504120826721191,1427.9765625
10956,0.11463165283203125,1426.2734375
10957,0.1739814281463623,1425.75
10958,0.2168409824371338,1427.4453125
10959,0.15487265586853027,1426.03515625
10960,0.1931624412536621,1426.4765625
10961,0.16220855712890625,1428.00390625
10962,0.16649913787841797,1429.33984375
10963,0.15062689781188965,1429.50390625
10964,0.12624382972717285,1428.828125
10965,0.1602776050567627,1430.33984375
10966,0.1682589054107666,1428.0625
10967,0.2770075798034668,1427.30859375
10968,0.16553783416748047,1429.09375
10969,0.1614992618560791,1428.71484375
10970,0.11782240867614746,1427.875
10971,0.15746259689331055,1429.39453125
10972,0.16149401664733887,1429.66015625
10973,0.17766237258911133,1427.09375
10974,0.18436241149902344,1428.16796875
10975,0.1394057273864746,1430.4140625
10976,0.11927914619445801,1428.6328125
10977,0.1830005645751953,1428.79296875
10978,0.1360912322998047,1427.70703125
10979,0.14349699020385742,1427.68359375
10980,0.1551506519317627,1427.890625
10981,0.13287878036499023,1428.20703125
10982,0.19700002670288086,1429.359375
10983,0.15022850036621094,1429.84765625
10984,0.1689150333404541,1430.0390625
10985,0.14405536651611328,1429.06640625
10986,0.16794776916503906,1429.7890625
10987,0.09486532211303711,1428.859375
10988,0.08060431480407715,1428.390625
10989,0.15699267387390137,1428.6953125
10990,0.1617908477783203,1429.05859375
10991,0.1298847198486328,1429.61328125
10992,0.16824102401733398,1430.02734375
10993,0.19223690032958984,1431.53125
10994,0.10031890869140625,1430.6015625
10995,0.19182991981506348,1429.6015625
10996,0.10261821746826172,1429.13671875
10997,0.1717827320098877,1428.5703125
10998,0.1761939525604248,1429.703125
10999,0.17638635635375977,1431.0078125
11000,0.20289945602416992,1430.6484375
11001,0.16016459465026855,1430.28125
11002,0.1922774314880371,1430.72265625
11003,0.1762712001800537,1431.21875
11004,0.15050387382507324,1431.703125
11005,0.14652323722839355,1432.0625
11006,0.16742849349975586,1431.95703125
11007,0.1955549716949463,1434.69140625
11008,0.12935733795166016,1433.42578125
11009,0.1435544490814209,1434.09765625
11010,0.18863296508789062,1433.41796875
11011,0.1537468433380127,1433.3515625
11012,0.07803463935852051,1435.140625
11013,0.15553879737854004,1434.3046875
11014,0.21811628341674805,1434.37890625
11015,0.14632916450500488,1434.91015625
11016,0.11635565757751465,1433.87109375
11017,0.1903839111328125,1432.59765625
11018,0.14766669273376465,1432.44140625
11019,0.19088029861450195,1431.80078125
11020,0.16335391998291016,1431.890625
11021,0.19588589668273926,1432.46484375
11022,0.14998245239257812,1433.41015625
11023,0.16027212142944336,1433.26953125
11024,0.152662992477417,1434.74609375
11025,0.1523442268371582,1434.109375
11026,0.20640873908996582,1436.0703125
11027,0.15057706832885742,1434.19140625
11028,0.17268109321594238,1435.55859375
11029,0.18137121200561523,1435.69921875
11030,0.15112996101379395,1435.31640625
11031,0.20691370964050293,1436.12109375
11032,0.1644906997680664,1436.265625
11033,0.18310117721557617,1437.30859375
11034,0.19619512557983398,1438.0078125
11035,0.102813720703125,1437.84765625
11036,0.19140362739562988,1437.53515625
11037,0.16399645805358887,1435.72265625
11038,0.11740446090698242,1436.734375
11039,0.16240406036376953,1437.96484375
11040,0.23946094512939453,1438.19140625
11041,0.18923664093017578,1439.41015625
11042,0.19238948822021484,1437.17578125
11043,0.1608576774597168,1437.3125
11044,0.16071367263793945,1435.9140625
11045,0.1763138771057129,1437.94140625
11046,0.13309478759765625,1437.1640625
11047,0.1508350372314453,1437.8671875
11048,0.1617271900177002,1437.34765625
11049,0.18210053443908691,1436.859375
11050,0.17988324165344238,1440.08984375
11051,0.21666336059570312,1437.29296875
11052,0.16324305534362793,1437.6484375
11053,0.1656355857849121,1439.2578125
11054,0.14068841934204102,1439.60546875
11055,0.16118168830871582,1438.8671875
11056,0.15581727027893066,1440.078125
11057,0.18298578262329102,1438.9375
11058,0.19083786010742188,1440.234375
11059,0.20977258682250977,1439.515625
11060,0.18438053131103516,1440.50390625
11061,0.1768205165863037,1439.4765625
11062,0.1611638069152832,1440.33984375
11063,0.1617588996887207,1439.546875
11064,0.1290416717529297,1439.4609375
11065,0.19345879554748535,1439.89453125
11066,0.16868138313293457,1440.86328125
11067,0.1716170310974121,1440.96484375
11068,0.1477949619293213,1439.8203125
11069,0.15872502326965332,1439.234375
11070,0.14732599258422852,1439.7734375
11071,0.19341540336608887,1441.10546875
11072,0.17679286003112793,1442.68359375
11073,0.17528367042541504,1442.84765625
11074,0.18119120597839355,1440.82421875
11075,0.20087003707885742,1444.078125
11076,0.16046619415283203,1444.453125
11077,0.18337392807006836,1441.8828125
11078,0.19599223136901855,1442.35546875
11079,0.0981595516204834,1442.93359375
11080,0.17871999740600586,1443.75
11081,0.19199538230895996,1441.79296875
11082,0.14365553855895996,1442.44921875
11083,0.19303178787231445,1443.66796875
11084,0.15478086471557617,1444.3515625
11085,0.20486688613891602,1442.75390625
11086,0.2003006935119629,1444.4453125
11087,0.1603851318359375,1444.421875
11088,0.17544269561767578,1444.44921875
11089,0.17259550094604492,1443.83984375
11090,0.17303013801574707,1442.6640625
11091,0.1685338020324707,1443.16796875
11092,0.0826103687286377,1441.375
11093,0.17239069938659668,1444.16015625
11094,0.21097040176391602,1443.4375
11095,0.19270896911621094,1443.73828125
11096,0.17757654190063477,1444.43359375
11097,0.17096424102783203,1445.921875
11098,0.16949915885925293,1447.73828125
11099,0.21508359909057617,1444.80078125
11100,0.16878795623779297,1443.375
11101,0.1802210807800293,1445.23046875
11102,0.17772340774536133,1447.21484375
11103,0.18711256980895996,1444.31640625
11104,0.20717668533325195,1444.140625
11105,0.1621241569519043,1444.96875
11106,0.06822037696838379,1446.04296875
11107,0.09582948684692383,1445.6484375
11108,0.17967700958251953,1445.8984375
11109,0.17529892921447754,1443.6953125
11110,0.1922590732574463,1445.2265625
11111,0.21957707405090332,1445.06640625
11112,0.18637633323669434,1445.77734375
11113,0.16010427474975586,1446.48046875
11114,0.1458745002746582,1446.1875
11115,0.16306591033935547,1445.1484375
11116,0.16495418548583984,1447.58984375
11117,0.1469135284423828,1445.62109375
11118,0.2343907356262207,1447.58203125
11119,0.16738486289978027,1447.88671875
11120,0.17849040031433105,1447.6171875
11121,0.17673468589782715,1447.65234375
11122,0.1665809154510498,1446.234375
11123,0.18591594696044922,1448.078125
11124,0.20415067672729492,1447.41796875
11125,0.20906472206115723,1447.76171875
11126,0.16992735862731934,1448.95703125
11127,0.20366168022155762,1447.91015625
11128,0.1529531478881836,1447.59375
11129,0.18384885787963867,1447.5
11130,0.09754204750061035,1447.90234375
11131,0.1981205940246582,1446.921875
11132,0.14447760581970215,1449.52734375
11133,0.1762094497680664,1447.8359375
11134,0.2040095329284668,1448.30859375
11135,0.16850638389587402,1448.44140625
11136,0.17685484886169434,1449.60546875
11137,0.19266891479492188,1447.67578125
11138,0.12947368621826172,1448.875
11139,0.1857147216796875,1447.890625
11140,0.178725004196167,1447.984375
11141,0.14457345008850098,1448.47265625
11142,0.1286606788635254,1448.78125
11143,0.16548514366149902,1449.0859375
11144,0.19211316108703613,1447.79296875
11145,0.18568205833435059,1447.90234375
11146,0.20374464988708496,1449.88671875
11147,0.17835593223571777,1450.40234375
11148,0.19776225090026855,1451.69921875
11149,0.15855002403259277,1448.00390625
11150,0.1523430347442627,1447.46875
11151,0.196211576461792,1448.30078125
11152,0.18058514595031738,1448.04296875
11153,0.19255709648132324,1449.94921875
11154,0.23404884338378906,1447.94140625
11155,0.16509723663330078,1449.43359375
11156,0.1880202293395996,1450.58203125
11157,0.184370756149292,1448.76171875
11158,0.14070820808410645,1450.0
11159,0.04679274559020996,1447.75390625
11160,0.22211623191833496,1449.26171875
11161,0.19850444793701172,1449.2421875
11162,0.1908097267150879,1450.55859375
11163,0.18470311164855957,1449.875
11164,0.1288585662841797,1450.13671875
11165,0.23891782760620117,1450.5859375
11166,0.22821903228759766,1450.2578125
11167,0.2448890209197998,1450.76171875
11168,0.22148823738098145,1452.07421875
11169,0.16323542594909668,1450.6953125
11170,0.19992542266845703,1452.21875
11171,0.21965289115905762,1451.71484375
11172,0.12091326713562012,1451.140625
11173,0.12625598907470703,1450.7109375
11174,0.22272324562072754,1450.41015625
11175,0.1814253330230713,1452.84375
11176,0.1454472541809082,1453.16015625
11177,0.1864945888519287,1449.71875
11178,0.1764216423034668,1452.97265625
11179,0.2126309871673584,1451.66796875
11180,0.1868903636932373,1453.0
11181,0.19608759880065918,1450.62890625
11182,0.18453264236450195,1450.61328125
11183,0.14471101760864258,1452.00390625
11184,0.1829516887664795,1451.5234375
11185,0.16094088554382324,1451.21484375
11186,0.1605989933013916,1453.3828125
11187,0.1292123794555664,1452.41796875
11188,0.1960158348083496,1451.84765625
11189,0.1956794261932373,1453.90625
11190,0.16896510124206543,1452.9375
11191,0.17100739479064941,1452.93359375
11192,0.17584943771362305,1453.61328125
11193,0.14411449432373047,1454.66796875
11194,0.18086671829223633,1454.328125
11195,0.19189715385437012,1455.01171875
11196,0.1301555633544922,1452.21875
11197,0.15872406959533691,1453.828125
11198,0.13050317764282227,1452.578125
11199,0.20856261253356934,1453.25
11200,0.16118526458740234,1454.3203125
11201,0.20331907272338867,1453.5
11202,0.19112277030944824,1454.984375
11203,0.12981152534484863,1455.265625
11204,0.206803560256958,1453.73046875
11205,0.08130073547363281,1455.44921875
11206,0.15540838241577148,1454.66015625
11207,0.19565510749816895,1454.921875
11208,0.1613013744354248,1457.06640625
11209,0.12698841094970703,1454.41796875
11210,0.18825244903564453,1455.1640625
11211,0.1823723316192627,1455.8828125
11212,0.19096779823303223,1456.3984375
11213,0.1693880558013916,1455.4140625
11214,0.17154479026794434,1456.22265625
11215,0.15157794952392578,1455.8984375
11216,0.1498088836669922,1454.86328125
11217,0.1922154426574707,1455.5078125
11218,0.14422035217285156,1454.765625
11219,0.17487573623657227,1456.53125
11220,0.12077140808105469,1455.23828125
11221,0.11117959022521973,1456.2890625
11222,0.1585855484008789,1457.54296875
11223,0.2077486515045166,1457.15234375
11224,0.14693260192871094,1457.30078125
11225,0.22440552711486816,1458.01953125
11226,0.16394472122192383,1458.359375
11227,0.16414666175842285,1457.578125
11228,0.18074369430541992,1458.36328125
11229,0.20990657806396484,1458.640625
11230,0.16275644302368164,1458.15234375
11231,0.20826029777526855,1458.2578125
11232,0.13834261894226074,1458.390625
11233,0.20245981216430664,1461.25
11234,0.16080880165100098,1459.36328125
11235,0.17079663276672363,1460.46875
11236,0.19292068481445312,1460.796875
11237,0.18089866638183594,1460.265625
11238,0.12881088256835938,1458.82421875
11239,0.11713814735412598,1459.71875
11240,0.1770339012145996,1460.92578125
11241,0.13124918937683105,1460.48828125
11242,0.15102481842041016,1459.359375
11243,0.18860745429992676,1459.859375
11244,0.19504642486572266,1462.78125
11245,0.18667054176330566,1460.1328125
11246,0.18280935287475586,1460.5
11247,0.15208077430725098,1459.5
11248,0.19742035865783691,1461.16015625
11249,0.20886754989624023,1462.55078125
11250,0.20282697677612305,1460.0625
11251,0.1418299674987793,1460.94921875
11252,0.16917133331298828,1460.52734375
11253,0.1890275478363037,1461.21484375
11254,0.16733527183532715,1459.69140625
11255,0.1347792148590088,1461.16015625
11256,0.16076040267944336,1461.07421875
11257,0.1995244026184082,1461.8359375
11258,0.1903674602508545,1461.08984375
11259,0.16195344924926758,1459.6953125
11260,0.17674994468688965,1462.1015625
11261,0.15679073333740234,1462.35546875
11262,0.18140602111816406,1462.19140625
11263,0.15105009078979492,1461.80859375
11264,0.16948366165161133,1461.625
11265,0.18291354179382324,1463.49609375
11266,0.14750075340270996,1461.81640625
11267,0.16244959831237793,1463.0546875
11268,0.19238567352294922,1462.24609375
11269,0.20864415168762207,1462.83203125
11270,0.16570138931274414,1464.08203125
11271,0.17232060432434082,1462.40625
11272,0.19130754470825195,1461.58203125
11273,0.15567779541015625,1463.2109375
11274,0.1828007698059082,1466.48046875
11275,0.12899136543273926,1463.12890625
11276,0.17980098724365234,1463.328125
11277,0.16701936721801758,1462.94921875
11278,0.21567630767822266,1463.96875
11279,0.16159725189208984,1464.328125
11280,0.18444085121154785,1464.99609375
11281,0.19836187362670898,1464.55078125
11282,0.1764543056488037,1463.18359375
11283,0.11991763114929199,1464.6953125
11284,0.17712664604187012,1464.3984375
11285,0.13965559005737305,1465.0078125
11286,0.1936485767364502,1466.2734375
11287,0.1915895938873291,1466.1640625
11288,0.1807231903076172,1465.46484375
11289,0.1587529182434082,1465.59375
11290,0.20104026794433594,1466.484375
11291,0.20781373977661133,1465.921875
11292,0.22549915313720703,1466.8125
11293,0.16125774383544922,1466.90234375
11294,0.16451764106750488,1468.35546875
11295,0.17843079566955566,1466.390625
11296,0.17870807647705078,1466.578125
11297,0.21184945106506348,1466.06640625
11298,0.1836414337158203,1468.21875
11299,0.19156885147094727,1466.92578125
11300,0.15980887413024902,1466.99609375
11301,0.16553926467895508,1465.40234375
11302,0.16327500343322754,1467.2578125
11303,0.19251179695129395,1465.95703125
11304,0.18876123428344727,1465.953125
11305,0.1923997402191162,1466.078125
11306,0.176008939743042,1466.97265625
11307,0.18571949005126953,1467.4921875
11308,0.14390921592712402,1467.7734375
11309,0.1899852752685547,1467.7109375
11310,0.06975841522216797,1467.3359375
11311,0.20675420761108398,1467.375
11312,0.1445016860961914,1468.76171875
11313,0.13592076301574707,1468.34375
11314,0.270383358001709,1468.1796875
11315,0.13541269302368164,1466.93359375
11316,0.19063949584960938,1468.16796875
11317,0.13667058944702148,1469.1640625
11318,0.18196606636047363,1470.40234375
11319,0.18373870849609375,1471.2421875
11320,0.18406295776367188,1471.8359375
11321,0.1927340030670166,1471.5625
11322,0.162672758102417,1469.26171875
11323,0.19443225860595703,1470.78125
11324,0.25935959815979004,1469.18359375
11325,0.11902427673339844,1468.84765625
11326,0.1740131378173828,1471.19921875
11327,0.17699360847473145,1470.5703125
11328,0.17541980743408203,1470.9453125
11329,0.11921834945678711,1470.69140625
11330,0.1711280345916748,1469.359375
11331,0.17638707160949707,1469.96484375
11332,0.16961407661437988,1470.06640625
11333,0.1624758243560791,1471.0390625
11334,0.09284639358520508,1469.17578125
11335,0.15998625755310059,1470.06640625
11336,0.22426390647888184,1473.625
11337,0.17441701889038086,1470.078125
11338,0.17596840858459473,1470.38671875
11339,0.12876343727111816,1470.25
11340,0.17907476425170898,1471.63671875
11341,0.18286848068237305,1472.56640625
11342,0.15555691719055176,1470.68359375
11343,0.1334247589111328,1470.875
11344,0.19147205352783203,1471.40234375
11345,0.10489273071289062,1470.3359375
11346,0.19087624549865723,1471.40625
11347,0.14666986465454102,1471.203125
11348,0.19593286514282227,1471.40625
11349,0.15555906295776367,1471.53125
11350,0.17496705055236816,1471.3671875
11351,0.17991399765014648,1471.671875
11352,0.14782929420471191,1470.5546875
11353,0.20828771591186523,1471.484375
11354,0.18900418281555176,1472.0234375
11355,0.16050052642822266,1471.32421875
11356,0.14986133575439453,1471.953125
11357,0.20061373710632324,1470.93359375
11358,0.17049789428710938,1471.76171875
11359,0.1676034927368164,1471.79296875
11360,0.1808326244354248,1472.28125
11361,0.16741681098937988,1472.92578125
11362,0.19189023971557617,1472.49609375
11363,0.1559889316558838,1471.80859375
11364,0.1311931610107422,1473.58203125
11365,0.19073843955993652,1473.9765625
11366,0.17737674713134766,1474.15234375
11367,0.18004179000854492,1472.859375
11368,0.2079470157623291,1471.828125
11369,0.17522716522216797,1473.046875
11370,0.21010422706604004,1473.42578125
11371,0.1708972454071045,1472.98828125
11372,0.22011017799377441,1475.2578125
11373,0.1929337978363037,1474.62109375
11374,0.17880940437316895,1473.9921875
11375,0.18889403343200684,1407.8203125
11376,0.17372775077819824,1408.55859375
11377,0.15729522705078125,1407.11328125
11378,0.1990680694580078,1408.24609375
11379,0.18967175483703613,1408.2421875
11380,0.18570303916931152,1408.96875
11381,0.207611083984375,1407.87890625
11382,0.1894392967224121,1407.734375
11383,0.18666601181030273,1408.27734375
11384,0.18241524696350098,1409.67578125
11385,0.25046563148498535,1408.76171875
11386,0.17998623847961426,1409.6953125
11387,0.16279864311218262,1410.58203125
11388,0.1284010410308838,1408.25
11389,0.198836088180542,1408.29296875
11390,0.25263214111328125,1409.2265625
11391,0.2055521011352539,1409.66015625
11392,0.1541600227355957,1411.015625
11393,0.23282623291015625,1410.6015625
11394,0.1939840316772461,1410.22265625
11395,0.1850879192352295,1409.890625
11396,0.20792126655578613,1409.67578125
11397,0.2071835994720459,1410.07421875
11398,0.17434430122375488,1407.984375
11399,0.19720864295959473,1412.6953125
11400,0.14681768417358398,1409.78515625
11401,0.21546483039855957,1413.78125
11402,0.17461013793945312,1410.4140625
11403,0.15755391120910645,1412.9296875
11404,0.22493672370910645,1411.8046875
11405,0.25597643852233887,1411.16015625
11406,0.2110273838043213,1414.12890625
11407,0.21087169647216797,1413.00390625
11408,0.15169239044189453,1411.734375
11409,0.16434407234191895,1411.421875
11410,0.24885296821594238,1412.921875
11411,0.19391870498657227,1412.6328125
11412,0.16005396842956543,1411.87890625
11413,0.1660928726196289,1414.1953125
11414,0.19905662536621094,1411.69140625
11415,0.1717820167541504,1413.19140625
11416,0.13873982429504395,1413.08984375
11417,0.14449334144592285,1412.3203125
11418,0.20261120796203613,1412.8515625
11419,0.20675873756408691,1412.60546875
11420,0.15720772743225098,1413.61328125
11421,0.22179675102233887,1414.12109375
11422,0.20189332962036133,1414.546875
11423,0.1946098804473877,1414.7109375
11424,0.18018507957458496,1414.17578125
11425,0.2126162052154541,1415.20703125
11426,0.18463468551635742,1416.53515625
11427,0.196150541305542,1414.58203125
11428,0.151444673538208,1417.21875
11429,0.16581106185913086,1414.62890625
11430,0.20011568069458008,1414.19140625
11431,0.16065526008605957,1417.06640625
11432,0.16434669494628906,1416.4453125
11433,0.20840120315551758,1415.4609375
11434,0.13700652122497559,1416.41015625
11435,0.2061166763305664,1415.94921875
11436,0.10951423645019531,1416.23828125
11437,0.15293145179748535,1415.53125
11438,0.16704654693603516,1416.02734375
11439,0.19344568252563477,1415.73046875
11440,0.17893338203430176,1415.77734375
11441,0.16542339324951172,1415.51171875
11442,0.16872906684875488,1415.44140625
11443,0.2491288185119629,1417.296875
11444,0.11815333366394043,1416.65234375
11445,0.11300396919250488,1414.75
11446,0.19032597541809082,1416.59765625
11447,0.19788599014282227,1416.30078125
11448,0.1671886444091797,1418.6640625
11449,0.15951752662658691,1417.28515625
11450,0.2175147533416748,1416.50390625
11451,0.1919238567352295,1418.0234375
11452,0.16375231742858887,1417.96484375
11453,0.17122268676757812,1417.1953125
11454,0.19151043891906738,1416.328125
11455,0.15414047241210938,1416.7265625
11456,0.16129636764526367,1416.30078125
11457,0.19715356826782227,1416.48046875
11458,0.16453123092651367,1414.8203125
11459,0.17316150665283203,1416.546875
11460,0.1867222785949707,1417.47265625
11461,0.14191699028015137,1417.33984375
11462,0.20169949531555176,1417.53125
11463,0.1463334560394287,1418.87109375
11464,0.04891824722290039,1418.56640625
11465,0.19548606872558594,1418.578125
11466,0.16020655632019043,1419.44140625
11467,0.17492890357971191,1419.79296875
11468,0.1519484519958496,1416.70703125
11469,0.16769814491271973,1418.96875
11470,0.12425470352172852,1419.3515625
11471,0.16613984107971191,1419.72265625
11472,0.16039371490478516,1419.0546875
11473,0.1915135383605957,1419.73046875
11474,0.15242886543273926,1419.109375
11475,0.1844031810760498,1419.77734375
11476,0.17943954467773438,1419.50390625
11477,0.17674827575683594,1420.4375
11478,0.16000747680664062,1420.62109375
11479,0.15032744407653809,1420.5
11480,0.18506431579589844,1420.96484375
11481,0.16177725791931152,1421.2578125
11482,0.14951777458190918,1420.40625
11483,0.13455963134765625,1421.4375
11484,0.16285085678100586,1422.59375
11485,0.16073155403137207,1421.0078125
11486,0.15616607666015625,1419.90625
11487,0.1523284912109375,1423.0390625
11488,0.17674612998962402,1421.88671875
11489,0.13562655448913574,1420.23046875
11490,0.14399957656860352,1419.98046875
11491,0.1601114273071289,1420.49609375
11492,0.1769721508026123,1420.94140625
11493,0.23123693466186523,1421.90234375
11494,0.1520097255706787,1421.64453125
11495,0.14957308769226074,1420.76953125
11496,0.1444559097290039,1422.109375
11497,0.16842269897460938,1422.0859375
11498,0.1913766860961914,1423.00390625
11499,0.13001203536987305,1423.23828125
11500,0.11293172836303711,1423.44921875
11501,0.1522531509399414,1422.578125
11502,0.13378548622131348,1422.92578125
11503,0.19039320945739746,1423.39453125
11504,0.1914825439453125,1423.015625
11505,0.07958722114562988,1422.20703125
11506,0.17322897911071777,1423.60546875
11507,0.14629364013671875,1424.00390625
11508,0.13204050064086914,1427.12890625
11509,0.14816594123840332,1423.1171875
11510,0.13811612129211426,1422.515625
11511,0.14293885231018066,1422.95703125
11512,0.13188862800598145,1424.98046875
11513,0.1643683910369873,1425.2109375
11514,0.16038870811462402,1423.77734375
11515,0.1518855094909668,1424.96875
11516,0.19743657112121582,1425.44921875
11517,0.14142680168151855,1425.5703125
11518,0.164109468460083,1423.9375
11519,0.1762380599975586,1425.27734375
11520,0.1549534797668457,1424.64453125
11521,0.16367363929748535,1426.70703125
11522,0.13725757598876953,1424.9765625
11523,0.2241053581237793,1425.3046875
11524,0.16850066184997559,1425.21484375
11525,0.149489164352417,1426.0
11526,0.16126251220703125,1427.94921875
11527,0.18638110160827637,1427.3203125
11528,0.20849013328552246,1427.484375
11529,0.15833210945129395,1428.546875
11530,0.16704583168029785,1425.734375
11531,0.21893978118896484,1427.0859375
11532,0.2100827693939209,1426.31640625
11533,0.1930985450744629,1426.40625
11534,0.17730021476745605,1427.1015625
11535,0.13031268119812012,1427.78515625
11536,0.21966266632080078,1427.0078125
11537,0.25490307807922363,1427.93359375
11538,0.20361781120300293,1426.62109375
11539,0.19612550735473633,1426.62890625
11540,0.17612814903259277,1427.9453125
11541,0.11260056495666504,1427.8046875
11542,0.190901517868042,1426.9375
11543,0.16899704933166504,1425.9921875
11544,0.14720630645751953,1427.3125
11545,0.13849902153015137,1426.92578125
11546,0.12126016616821289,1426.73046875
11547,0.2835667133331299,1425.5078125
11548,0.20273518562316895,1426.89453125
11549,0.18158340454101562,1428.875
11550,0.18128228187561035,1427.9453125
11551,0.1516413688659668,1428.94921875
11552,0.18030524253845215,1429.4375
11553,0.19154000282287598,1428.29296875
11554,0.17848801612854004,1429.94921875
11555,0.16003131866455078,1431.9609375
11556,0.16443133354187012,1427.7734375
11557,0.154052734375,1428.015625
11558,0.15187430381774902,1429.39453125
11559,0.1599292755126953,1428.7578125
11560,0.16312813758850098,1428.7109375
11561,0.1484975814819336,1430.171875
11562,0.19525980949401855,1429.890625
11563,0.1613752841949463,1429.4453125
11564,0.22708868980407715,1429.109375
11565,0.16050028800964355,1431.5078125
11566,0.18018317222595215,1429.078125
11567,0.20399260520935059,1282.74609375
11568,0.16685152053833008,1282.15234375
11569,0.2156217098236084,1281.8125
11570,0.23136544227600098,1282.57421875
11571,0.14220643043518066,1282.62890625
11572,0.11665534973144531,1282.0859375
11573,0.19861197471618652,1283.50390625
11574,0.20239496231079102,1282.13671875
11575,0.1694941520690918,1283.63671875
11576,0.1610562801361084,1283.76953125
11577,0.18846416473388672,1284.171875
11578,0.20078396797180176,1284.05078125
11579,0.1143805980682373,1284.15234375
11580,0.17166948318481445,1283.37890625
11581,0.1753063201904297,1283.48828125
11582,0.18323636054992676,1283.75
11583,0.20994162559509277,1283.91796875
11584,0.16494393348693848,1284.76171875
11585,0.1372053623199463,1283.42578125
11586,0.18959879875183105,1286.0390625
11587,0.1598351001739502,1282.5625
11588,0.21049141883850098,1284.34375
11589,0.19374823570251465,1284.6328125
11590,0.1815338134765625,1283.234375
11591,0.12870383262634277,1285.8125
11592,0.16190123558044434,1286.56640625
11593,0.15217280387878418,1284.4921875
11594,0.1435832977294922,1285.015625
11595,0.18030285835266113,1284.1953125
11596,0.1770789623260498,1285.1484375
11597,0.11284613609313965,1285.28125
11598,0.15997838973999023,1286.91796875
11599,0.18327641487121582,1285.78125
11600,0.10281658172607422,1285.63671875
11601,0.1503288745880127,1285.46875
11602,0.1476120948791504,1286.85546875
11603,0.11808633804321289,1284.6328125
11604,0.1665668487548828,1286.81640625
11605,0.17812728881835938,1286.90234375
11606,0.18200445175170898,1285.9375
11607,0.1824030876159668,1286.20703125
11608,0.14657354354858398,1285.1640625
11609,0.16210293769836426,1285.0234375
11610,0.15363764762878418,1287.37890625
11611,0.17695403099060059,1285.96484375
11612,0.17824721336364746,1285.98046875
11613,0.17679905891418457,1287.70703125
11614,0.19565105438232422,1287.1640625
11615,0.16002774238586426,1288.44921875
11616,0.2250216007232666,1287.8203125
11617,0.15662789344787598,1288.75390625
11618,0.15045571327209473,1286.7421875
11619,0.19251775741577148,1287.12890625
11620,0.13873696327209473,1286.5234375
11621,0.15770411491394043,1287.125
11622,0.18070220947265625,1285.55859375
11623,0.14962100982666016,1287.31640625
11624,0.16254043579101562,1288.16015625
11625,0.16019701957702637,1288.015625
11626,0.11001229286193848,1287.66796875
11627,0.19336819648742676,1290.35546875
11628,0.1714630126953125,1288.640625
11629,0.17602062225341797,1290.47265625
11630,0.14628911018371582,1289.6640625
11631,0.1619124412536621,1290.39453125
11632,0.16650605201721191,1288.5234375
11633,0.12475419044494629,1289.89453125
11634,0.1802685260772705,1291.23828125
11635,0.14970755577087402,1290.3203125
11636,0.14065957069396973,1291.8671875
11637,0.1531212329864502,1291.61328125
11638,0.16391825675964355,1290.98046875
11639,0.16306662559509277,1290.29296875
11640,0.1946568489074707,1291.4296875
11641,0.13405227661132812,1291.91796875
11642,0.20388364791870117,1290.80859375
11643,0.19751739501953125,1292.43359375
11644,0.19644618034362793,1293.21875
11645,0.16392111778259277,1292.62109375
11646,0.16064786911010742,1291.91796875
11647,0.13197636604309082,1292.3984375
11648,0.1986379623413086,1295.796875
11649,0.16663885116577148,1294.1796875
11650,0.1622314453125,1293.625
11651,0.21222853660583496,1292.81640625
11652,0.1761777400970459,1295.53125
11653,0.16418743133544922,1293.72265625
11654,0.16766786575317383,1294.16015625
11655,0.17138004302978516,1293.11328125
11656,0.118438720703125,1294.93359375
11657,0.17529797554016113,1293.1796875
11658,0.24178791046142578,1293.2578125
11659,0.17302894592285156,1294.24609375
11660,0.16825103759765625,1293.546875
11661,0.14578485488891602,1294.14453125
11662,0.16991019248962402,1294.94140625
11663,0.16072678565979004,1294.4140625
11664,0.18271994590759277,1294.37890625
11665,0.21592473983764648,1294.3515625
11666,0.2106342315673828,1296.20703125
11667,0.18062782287597656,1292.51171875
11668,0.1479048728942871,1292.81640625
11669,0.20197176933288574,1293.8515625
11670,0.17314434051513672,1296.0078125
11671,0.18686485290527344,1295.3671875
11672,0.20010995864868164,1292.48046875
11673,0.3343009948730469,1294.1328125
11674,0.2069406509399414,1293.5078125
11675,0.17837882041931152,1292.36328125
11676,0.21111083030700684,1295.80859375
11677,0.20736360549926758,1296.03125
11678,0.21646690368652344,1295.66015625
11679,0.20100927352905273,1297.3828125
11680,0.21944236755371094,1296.75
11681,0.11129426956176758,1296.921875
11682,0.19445204734802246,1297.12109375
11683,0.20930838584899902,1297.72265625
11684,0.19737505912780762,1297.15625
11685,0.16909241676330566,1297.06640625
11686,0.20005273818969727,1297.01953125
11687,0.18331623077392578,1298.953125
11688,0.15197205543518066,1298.91015625
11689,0.17330193519592285,1298.3125
11690,0.17603397369384766,1297.88671875
11691,0.18007636070251465,1297.83203125
11692,0.18741130828857422,1299.32421875
11693,0.15224599838256836,1297.74609375
11694,0.16023826599121094,1299.171875
11695,0.1617286205291748,1298.94921875
11696,0.18522357940673828,1299.39453125
11697,0.1835157871246338,1298.47265625
11698,0.22932124137878418,1300.57421875
11699,0.20534992218017578,1299.90234375
11700,0.15929388999938965,1298.99609375
11701,0.17276453971862793,1298.90234375
11702,0.18274760246276855,1300.44921875
11703,0.17010903358459473,1298.39453125
11704,0.1347193717956543,1299.00390625
11705,0.19070649147033691,1298.6640625
11706,0.1165921688079834,1298.8828125
11707,0.14847826957702637,1298.3046875
11708,0.15899324417114258,1299.91796875
11709,0.1838698387145996,1299.75390625
11710,0.1557166576385498,1300.37109375
11711,0.18682384490966797,1299.7578125
11712,0.19383001327514648,1300.33984375
11713,0.20744729042053223,1300.94921875
11714,0.1670823097229004,1301.89453125
11715,0.15092253684997559,1300.859375
11716,0.19258975982666016,1302.31640625
11717,0.1655712127685547,1301.5
11718,0.21599912643432617,1302.22265625
11719,0.1614551544189453,1300.9140625
11720,0.16185998916625977,1299.859375
11721,0.16436362266540527,1301.79296875
11722,0.10602617263793945,1301.59375
11723,0.09711337089538574,1301.20703125
11724,0.21507620811462402,1300.5625
11725,0.17050814628601074,1302.4296875
11726,0.1811361312866211,1304.140625
11727,0.20841336250305176,1305.56640625
11728,0.19588422775268555,1303.13671875
11729,0.1486821174621582,1301.6015625
11730,0.07389307022094727,1301.2734375
11731,0.15746045112609863,1306.55078125
11732,0.08604550361633301,1302.28515625
11733,0.1768033504486084,1304.04296875
11734,0.20583438873291016,1303.75
11735,0.17809081077575684,1302.7890625
11736,0.1749424934387207,1307.21484375
11737,0.16244053840637207,1302.84765625
11738,0.16088247299194336,1305.72265625
11739,0.1764979362487793,1303.578125
11740,0.18577289581298828,1302.58984375
11741,0.12887024879455566,1305.609375
11742,0.17461514472961426,1303.5390625
11743,0.16310787200927734,1303.90625
11744,0.1741046905517578,1303.61328125
11745,0.15781497955322266,1305.3203125
11746,0.1794753074645996,1303.15625
11747,0.15999555587768555,1305.09375
11748,0.177764892578125,1306.54296875
11749,0.18790268898010254,1304.50390625
11750,0.171004056930542,1304.0703125
11751,0.19310259819030762,1303.234375
11752,0.1757490634918213,1305.3671875
11753,0.18409061431884766,1306.23828125
11754,0.1646871566772461,1304.5546875
11755,0.1415398120880127,1303.56640625
11756,0.17452740669250488,1303.78515625
11757,0.1920485496520996,1304.81640625
11758,0.16482329368591309,1303.46875
11759,0.20227432250976562,1304.1875
11760,0.1556401252746582,1305.40625
11761,0.1615617275238037,1302.890625
11762,0.10558509826660156,1304.16015625
11763,0.1880476474761963,1304.70703125
11764,0.16091084480285645,1304.140625
11765,0.21259331703186035,1304.30078125
11766,0.08603453636169434,1303.52734375
11767,0.13053011894226074,1305.73046875
11768,0.17385149002075195,1305.83203125
11769,0.20035624504089355,1305.46484375
11770,0.20008373260498047,1306.0625
11771,0.18534278869628906,1307.46875
11772,0.18206357955932617,1308.46875
11773,0.18485164642333984,1307.109375
11774,0.19133925437927246,1307.43359375
11775,0.20981621742248535,1309.42578125
11776,0.19855761528015137,1308.6484375
11777,0.16678142547607422,1308.56640625
11778,0.1864147186279297,1308.55859375
11779,0.14406442642211914,1309.984375
11780,0.16817903518676758,1308.68359375
11781,0.17659664154052734,1306.83984375
11782,0.20839142799377441,1309.015625
11783,0.1627187728881836,1309.07421875
11784,0.15476489067077637,1309.390625
11785,0.16318678855895996,1310.9921875
11786,0.17601680755615234,1309.171875
11787,0.261899471282959,1310.046875
11788,0.14584946632385254,1309.875
11789,0.1849534511566162,1307.96875
11790,0.20254874229431152,1308.6875
11791,0.12156414985656738,1309.0390625
11792,0.1740267276763916,1309.14453125
11793,0.1822957992553711,1308.203125
11794,0.17063117027282715,1311.46875
11795,0.22129583358764648,1309.52734375
11796,0.14787030220031738,1307.8515625
11797,0.18691587448120117,1308.80078125
11798,0.16721200942993164,1309.5234375
11799,0.14445900917053223,1310.3828125
11800,0.17466259002685547,1310.17578125
11801,0.2230241298675537,1308.83203125
11802,0.1720285415649414,1309.2890625
11803,0.11254096031188965,1310.43359375
11804,0.12938880920410156,1309.87890625
11805,0.20643186569213867,1308.91796875
11806,0.16623735427856445,1307.1796875
11807,0.09993267059326172,1307.640625
11808,0.1658177375793457,1309.40234375
11809,0.17507219314575195,1311.25390625
11810,0.17583966255187988,1308.953125
11811,0.1815352439880371,1312.42578125
11812,0.17627429962158203,1309.46484375
11813,0.1780092716217041,1309.8125
11814,0.15094709396362305,1309.62109375
11815,0.15301012992858887,1311.62109375
11816,0.16655445098876953,1309.78125
11817,0.12382054328918457,1310.78515625
11818,0.2169036865234375,1312.28515625
11819,0.1645345687866211,1311.78515625
11820,0.14366412162780762,1311.58203125
11821,0.18620967864990234,1313.65625
11822,0.18294429779052734,1313.71484375
11823,0.18242549896240234,1312.5390625
11824,0.19412803649902344,1314.0
11825,0.21178674697875977,1312.5
11826,0.2258610725402832,1312.40234375
11827,0.16050958633422852,1313.57421875
11828,0.15018725395202637,1313.2578125
11829,0.1770493984222412,1312.40234375
11830,0.14604616165161133,1313.671875
11831,0.15087270736694336,1314.703125
11832,0.2347729206085205,1314.578125
11833,0.14908075332641602,1314.02734375
11834,0.19231843948364258,1314.32421875
11835,0.17606902122497559,1313.33203125
11836,0.16054630279541016,1313.71484375
11837,0.19312191009521484,1315.58984375
11838,0.17981457710266113,1315.24609375
11839,0.14214873313903809,1315.8046875
11840,0.19379830360412598,1315.43359375
11841,0.19484925270080566,1316.265625
11842,0.19365692138671875,1314.9609375
11843,0.19201278686523438,1314.81640625
11844,0.21379566192626953,1315.9453125
11845,0.17740082740783691,1315.7734375
11846,0.19634723663330078,1317.890625
11847,0.177077054977417,1316.75
11848,0.0860130786895752,1316.73828125
11849,0.18921971321105957,1316.515625
11850,0.16791176795959473,1316.48046875
11851,0.1968846321105957,1316.73828125
11852,0.1729738712310791,1315.33984375
11853,0.1770179271697998,1315.3671875
11854,0.1665499210357666,1315.578125
11855,0.19974470138549805,1315.9921875
11856,0.15219783782958984,1315.703125
11857,0.16022920608520508,1315.60546875
11858,0.1345522403717041,1316.23046875
11859,0.16198015213012695,1315.375
11860,0.14447569847106934,1316.76171875
11861,0.15737605094909668,1317.98828125
11862,0.21083402633666992,1317.6171875
11863,0.13159608840942383,1317.41015625
11864,0.16025161743164062,1315.98828125
11865,0.1296403408050537,1317.296875
11866,0.1751112937927246,1317.21875
11867,0.11797547340393066,1317.046875
11868,0.14786887168884277,1315.71875
11869,0.19355130195617676,1317.4609375
11870,0.19356012344360352,1318.91015625
11871,0.2833871841430664,1317.93359375
11872,0.16932439804077148,1319.09765625
11873,0.14917325973510742,1319.2421875
11874,0.16262149810791016,1323.1796875
11875,0.20225954055786133,1317.3125
11876,0.19150638580322266,1318.36328125
11877,0.1924893856048584,1318.44140625
11878,0.18311786651611328,1317.375
11879,0.17708396911621094,1316.71484375
11880,0.1925952434539795,1319.578125
11881,0.19423604011535645,1318.74609375
11882,0.14027166366577148,1320.0703125
11883,0.20555686950683594,1319.640625
11884,0.17004108428955078,1318.625
11885,0.07436943054199219,1316.24609375
11886,0.17197585105895996,1318.70703125
11887,0.19801735877990723,1319.7421875
11888,0.201202392578125,1319.3828125
11889,0.18431663513183594,1319.8671875
11890,0.187880277633667,1318.55859375
11891,0.1965317726135254,1319.62890625
11892,0.19897747039794922,1322.515625
11893,0.2297372817993164,1318.42578125
11894,0.1630079746246338,1319.578125
11895,0.189561128616333,1319.0390625
11896,0.14504098892211914,1318.796875
11897,0.23056268692016602,1319.21875
11898,0.24416446685791016,1323.2578125
11899,0.17575526237487793,1322.4609375
11900,0.19516634941101074,1320.6484375
11901,0.18234539031982422,1322.51953125
11902,0.11838173866271973,1321.875
11903,0.24023175239562988,1320.8125
11904,0.18205690383911133,1321.70703125
11905,0.2005600929260254,1326.671875
11906,0.19140887260437012,1321.4921875
11907,0.22420692443847656,1320.296875
11908,0.16414213180541992,1321.12109375
11909,0.19330763816833496,1322.16015625
11910,0.2889223098754883,1324.3671875
11911,0.1334676742553711,1322.60546875
11912,0.19851922988891602,1322.3984375
11913,0.2246866226196289,1322.03125
11914,0.21578097343444824,1323.2578125
11915,0.18839073181152344,1322.8125
11916,0.22871899604797363,1322.58984375
11917,0.17528557777404785,1320.98828125
11918,0.1760578155517578,1321.60546875
11919,0.18839645385742188,1320.328125
11920,0.2193748950958252,1322.875
11921,0.1217343807220459,1323.94140625
11922,0.16567111015319824,1323.25
11923,0.1851484775543213,1324.546875
11924,0.1936964988708496,1324.7421875
11925,0.16745233535766602,1324.48828125
11926,0.21103477478027344,1322.8984375
11927,0.0900568962097168,1322.87890625
11928,0.19265389442443848,1323.24609375
11929,0.23420357704162598,1323.10546875
11930,0.19524931907653809,1324.19140625
11931,0.15801167488098145,1323.765625
11932,0.16474199295043945,1324.66015625
11933,0.18519949913024902,1323.4921875
11934,0.20124483108520508,1325.09375
11935,0.1757349967956543,1323.46875
11936,0.1710970401763916,1325.4453125
11937,0.2288820743560791,1325.60546875
11938,0.17109060287475586,1323.546875
11939,0.1039121150970459,1324.66796875
11940,0.17813730239868164,1325.78125
11941,0.21319890022277832,1324.15625
11942,0.16141319274902344,1324.21875
11943,0.16092538833618164,1325.83984375
11944,0.1698622703552246,1324.578125
11945,0.20849823951721191,1325.39453125
11946,0.20873618125915527,1325.72265625
11947,0.1692214012145996,1323.05078125
11948,0.21239066123962402,1325.65234375
11949,0.1721489429473877,1327.484375
11950,0.17357230186462402,1326.25390625
11951,0.19007635116577148,1325.11328125
11952,0.14952492713928223,1325.8515625
11953,0.21134710311889648,1324.9140625
11954,0.22435379028320312,1325.515625
11955,0.20360541343688965,1325.25
11956,0.15290021896362305,1324.33984375
11957,0.16085100173950195,1325.44140625
11958,0.17601728439331055,1325.1171875
11959,0.1657702922821045,1325.3125
11960,0.2424452304840088,1327.08984375
11961,0.1801145076751709,1326.6328125
11962,0.21828866004943848,1326.23828125
11963,0.15227437019348145,1327.05859375
11964,0.21567177772521973,1326.3984375
11965,0.18015217781066895,1327.125
11966,0.16288042068481445,1327.7578125
11967,0.19652557373046875,1326.6953125
11968,0.16297650337219238,1327.71484375
11969,0.18343901634216309,1326.83984375
11970,0.12726712226867676,1330.2578125
11971,0.18237614631652832,1327.50390625
11972,0.19982147216796875,1327.33984375
11973,0.16792559623718262,1327.6953125
11974,0.1609025001525879,1326.625
11975,0.1670219898223877,1327.08984375
11976,0.17471551895141602,1326.3671875
11977,0.1860334873199463,1330.234375
11978,0.14547443389892578,1329.765625
11979,0.17529773712158203,1328.0078125
11980,0.20033025741577148,1327.41015625
11981,0.2129814624786377,1326.8203125
11982,0.19207167625427246,1329.79296875
11983,0.18107128143310547,1327.67578125
11984,0.1703782081604004,1330.39453125
11985,0.21098852157592773,1330.17578125
11986,0.15902328491210938,1331.41796875
11987,0.23299860954284668,1330.0234375
11988,0.16082477569580078,1327.75
11989,0.20015978813171387,1328.3046875
11990,0.18619990348815918,1326.65625
11991,0.09680366516113281,1327.09375
11992,0.19251298904418945,1327.88671875
11993,0.15901732444763184,1328.31640625
11994,0.2004222869873047,1327.1875
11995,0.22397613525390625,1329.5703125
11996,0.18312358856201172,1330.8046875
11997,0.21690058708190918,1331.03515625
11998,0.1796267032623291,1329.23828125
11999,0.16033244132995605,1331.76171875
12000,0.21654891967773438,1331.1640625
12001,0.19218158721923828,1332.1171875
12002,0.20330286026000977,1331.72265625
12003,0.16640639305114746,1331.84765625
12004,0.19972467422485352,1332.2421875
12005,0.2052929401397705,1334.01953125
12006,0.19324469566345215,1334.78125
12007,0.1605241298675537,1333.234375
12008,0.1542949676513672,1334.875
12009,0.19509243965148926,1332.16796875
12010,0.16437673568725586,1332.41015625
12011,0.13344335556030273,1331.45703125
12012,0.18979454040527344,1334.25390625
12013,0.14555692672729492,1333.63671875
12014,0.20743989944458008,1332.28515625
12015,0.1639094352722168,1333.08203125
12016,0.16067099571228027,1333.01953125
12017,0.177764892578125,1332.73828125
12018,0.18506264686584473,1333.0703125
12019,0.14751482009887695,1334.34375
12020,0.19232988357543945,1334.171875
12021,0.19310712814331055,1329.96484375
12022,0.21345305442810059,1333.99609375
12023,0.1371288299560547,1333.46875
12024,0.20564651489257812,1333.1171875
12025,0.2056593894958496,1336.36328125
12026,0.19186925888061523,1333.1484375
12027,0.19292640686035156,1333.984375
12028,0.22193431854248047,1337.0859375
12029,0.17390656471252441,1335.13671875
12030,0.12047553062438965,1332.9765625
12031,0.13139081001281738,1334.62890625
12032,0.16390466690063477,1334.5546875
12033,0.20180583000183105,1334.0546875
12034,0.18335199356079102,1334.39453125
12035,0.19405674934387207,1334.6484375
12036,0.23192238807678223,1334.58203125
12037,0.20731472969055176,1334.890625
12038,0.2826840877532959,1334.76171875
12039,0.18802118301391602,1335.95703125
12040,0.20453643798828125,1337.359375
12041,0.16665267944335938,1335.3046875
12042,0.18563508987426758,1334.11328125
12043,0.16278481483459473,1332.5234375
12044,0.261244535446167,1336.22265625
12045,0.19206738471984863,1336.34375
12046,0.26643848419189453,1335.87109375
12047,0.1494426727294922,1337.1015625
12048,0.2245471477508545,1336.609375
12049,0.1939098834991455,1337.27734375
12050,0.21244049072265625,1337.9765625
12051,0.20671987533569336,1337.4609375
12052,0.2131357192993164,1339.01953125
12053,0.2087562084197998,1337.25390625
12054,0.17576146125793457,1339.32421875
12055,0.15188217163085938,1337.8828125
12056,0.1721649169921875,1335.9765625
12057,0.172990083694458,1336.57421875
12058,0.16884231567382812,1338.06640625
12059,0.1930985450744629,1337.5234375
12060,0.19969868659973145,1336.3515625
12061,0.1832869052886963,1336.87109375
12062,0.2298262119293213,1337.0078125
12063,0.20926475524902344,1337.47265625
12064,0.20772480964660645,1338.4375
12065,0.15227627754211426,1338.1015625
12066,0.19155502319335938,1336.4140625
12067,0.13520312309265137,1337.2265625
12068,0.21056270599365234,1339.5390625
12069,0.1482558250427246,1337.5078125
12070,0.19836211204528809,1339.1328125
12071,0.14697837829589844,1338.16796875
12072,0.15781688690185547,1338.4609375
12073,0.21423935890197754,1337.046875
12074,0.2163710594177246,1337.1796875
12075,0.1660006046295166,1337.875
12076,0.16204142570495605,1336.9921875
12077,0.1557469367980957,1339.46875
12078,0.17771530151367188,1339.1484375
12079,0.15012836456298828,1339.921875
12080,0.0784144401550293,1339.16796875
12081,0.22707915306091309,1340.1875
12082,0.18878579139709473,1339.70703125
12083,0.16942811012268066,1340.00390625
12084,0.19305801391601562,1340.8828125
12085,0.22666049003601074,1341.9453125
12086,0.19740891456604004,1339.984375
12087,0.2014780044555664,1342.921875
12088,0.2101593017578125,1341.74609375
12089,0.10549235343933105,1340.75390625
12090,0.22224164009094238,1341.05078125
12091,0.2359626293182373,1342.625
12092,0.19659876823425293,1341.125
12093,0.16879057884216309,1341.578125
12094,0.1625804901123047,1342.5546875
12095,0.12698841094970703,1341.21484375
12096,0.11712265014648438,1341.91015625
12097,0.22162532806396484,1342.49609375
12098,0.18430709838867188,1342.51953125
12099,0.17287683486938477,1343.828125
12100,0.1491379737854004,1342.6640625
12101,0.16466331481933594,1346.828125
12102,0.20604419708251953,1343.1171875
12103,0.24409270286560059,1344.0390625
12104,0.21638202667236328,1343.73046875
12105,0.17650556564331055,1341.43359375
12106,0.20537495613098145,1343.09375
12107,0.1897444725036621,1344.1953125
12108,0.18572258949279785,1344.75390625
12109,0.19202733039855957,1343.34375
12110,0.2259507179260254,1344.046875
12111,0.18368315696716309,1344.5625
12112,0.2250068187713623,1343.953125
12113,0.2540879249572754,1345.22265625
12114,0.23903369903564453,1345.37890625
12115,0.2284071445465088,1345.2109375
12116,0.30559611320495605,1347.36328125
12117,0.16962766647338867,1346.42578125
12118,0.21485066413879395,1346.203125
12119,0.20117616653442383,1346.3671875
12120,0.20546817779541016,1347.05078125
12121,0.18692827224731445,1348.05859375
12122,0.16912055015563965,1345.92578125
12123,0.19385337829589844,1347.0703125
12124,0.18278908729553223,1346.41015625
12125,0.22137093544006348,1347.6328125
12126,0.19414043426513672,1346.0859375
12127,0.19655561447143555,1347.9921875
12128,0.23823332786560059,1347.95703125
12129,0.18825221061706543,1348.828125
12130,0.2234022617340088,1349.5703125
12131,0.15312886238098145,1348.421875
12132,0.17619824409484863,1348.0078125
12133,0.20358586311340332,1348.20703125
12134,0.17228436470031738,1348.28125
12135,0.16461753845214844,1348.51171875
12136,0.21731281280517578,1349.328125
12137,0.18053293228149414,1348.484375
12138,0.1952810287475586,1348.76953125
12139,0.2283155918121338,1347.48828125
12140,0.20142841339111328,1347.765625
12141,0.19312787055969238,1348.01171875
12142,0.09164285659790039,1348.8671875
12143,0.18789076805114746,1349.3203125
12144,0.16072964668273926,1347.671875
12145,0.1640005111694336,1348.38671875
12146,0.19541478157043457,1348.70703125
12147,0.20916032791137695,1350.0390625
12148,0.1926729679107666,1350.19140625
12149,0.1567378044128418,1349.53515625
12150,0.21153688430786133,1350.3359375
12151,0.17644023895263672,1348.3984375
12152,0.2231001853942871,1349.01171875
12153,0.22823810577392578,1349.34765625
12154,0.20794415473937988,1350.5390625
12155,0.2190566062927246,1350.9609375
12156,0.20921564102172852,1349.78515625
12157,0.1686253547668457,1348.5546875
12158,0.1362154483795166,1348.59765625
12159,0.24561071395874023,1350.1484375
12160,0.1992781162261963,1351.97265625
12161,0.24494171142578125,1350.01953125
12162,0.19676899909973145,1349.78125
12163,0.208329439163208,1350.1875
12164,0.2098371982574463,1351.1640625
12165,0.24990391731262207,1349.38671875
12166,0.20077943801879883,1351.2578125
12167,0.14792084693908691,1351.62109375
12168,0.09414887428283691,1351.37890625
12169,0.17464709281921387,1352.18359375
12170,0.2127835750579834,1351.875
12171,0.20239496231079102,1351.8046875
12172,0.18357491493225098,1350.3359375
12173,0.20138335227966309,1351.3046875
12174,0.19982552528381348,1350.83984375
12175,0.1745738983154297,1352.20703125
12176,0.21967744827270508,1353.984375
12177,0.19995617866516113,1350.6796875
12178,0.13212966918945312,1351.203125
12179,0.17738890647888184,1353.13671875
12180,0.1928565502166748,1352.5
12181,0.2151787281036377,1351.859375
12182,0.17016243934631348,1352.44921875
12183,0.17229032516479492,1353.28125
12184,0.21457171440124512,1353.30859375
12185,0.2035374641418457,1353.2734375
12186,0.17734599113464355,1352.48828125
12187,0.23410344123840332,1353.6640625
12188,0.15017104148864746,1351.46875
12189,0.26035022735595703,1351.515625
12190,0.15115642547607422,1350.79296875
12191,0.19510746002197266,1353.3828125
12192,0.17341351509094238,1351.7265625
12193,0.19204020500183105,1353.0859375
12194,0.2159888744354248,1350.4453125
12195,0.20331573486328125,1352.15234375
12196,0.19257164001464844,1354.73046875
12197,0.2163994312286377,1353.85546875
12198,0.175490140914917,1353.84765625
12199,0.181138277053833,1355.52734375
12200,0.20846939086914062,1352.2578125
12201,0.217026948928833,1354.4140625
12202,0.179579496383667,1353.68359375
12203,0.20325803756713867,1355.69140625
12204,0.1637105941772461,1354.796875
12205,0.27409958839416504,1355.04296875
12206,0.18810057640075684,1356.23046875
12207,0.14530348777770996,1356.53515625
12208,0.21944594383239746,1355.4453125
12209,0.22118806838989258,1356.16015625
12210,0.1885983943939209,1356.24609375
12211,0.22452402114868164,1356.953125
12212,0.19140291213989258,1356.703125
12213,0.22472214698791504,1355.78515625
12214,0.2021336555480957,1355.66796875
12215,0.17578673362731934,1356.3671875
12216,0.24478530883789062,1356.89453125
12217,0.22525572776794434,1357.94921875
12218,0.2051677703857422,1357.96484375
12219,0.19472455978393555,1358.4296875
12220,0.21380066871643066,1359.109375
12221,0.16251850128173828,1358.08984375
12222,0.1860520839691162,1360.9609375
12223,0.18771839141845703,1358.34765625
12224,0.16025805473327637,1358.421875
12225,0.19456100463867188,1359.5859375
12226,0.2119312286376953,1360.703125
12227,0.2201099395751953,1360.14453125
12228,0.1833477020263672,1358.6640625
12229,0.15819334983825684,1361.19921875
12230,0.22165274620056152,1359.65625
12231,0.17750096321105957,1360.2578125
12232,0.2081310749053955,1359.24609375
12233,0.1644153594970703,1359.81640625
12234,0.18331694602966309,1358.484375
12235,0.23082828521728516,1359.37890625
12236,0.18506121635437012,1358.66796875
12237,0.20071911811828613,1361.8359375
12238,0.21864819526672363,1359.5625
12239,0.20273518562316895,1357.9921875
12240,0.19847679138183594,1360.78515625
12241,0.21859049797058105,1359.86328125
12242,0.20721650123596191,1360.1875
12243,0.16535282135009766,1360.90625
12244,0.21124911308288574,1359.44921875
12245,0.18773484230041504,1358.9140625
12246,0.162841796875,1360.46484375
12247,0.18137860298156738,1361.54296875
12248,0.20991253852844238,1361.2109375
12249,0.20166850090026855,1360.5078125
12250,0.23035764694213867,1359.89453125
12251,0.24871492385864258,1361.7265625
12252,0.2087717056274414,1360.5
12253,0.2010972499847412,1361.36328125
12254,0.1763150691986084,1361.41015625
12255,0.20018219947814941,1362.1171875
12256,0.19276094436645508,1361.046875
12257,0.20227622985839844,1362.5703125
12258,0.18394684791564941,1361.9296875
12259,0.20244097709655762,1362.4765625
12260,0.17640352249145508,1363.1640625
12261,0.2223038673400879,1361.71875
12262,0.2384047508239746,1361.640625
12263,0.20386600494384766,1361.546875
12264,0.1826322078704834,1362.7734375
12265,0.2094864845275879,1360.9609375
12266,0.18864154815673828,1361.74609375
12267,0.21545886993408203,1362.6796875
12268,0.19777154922485352,1362.89453125
12269,0.1983020305633545,1363.5234375
12270,0.2032477855682373,1363.65625
12271,0.19443321228027344,1363.1015625
12272,0.18285655975341797,1362.0703125
12273,0.20456242561340332,1363.484375
12274,0.1755831241607666,1362.8984375
12275,0.16854262351989746,1362.72265625
12276,0.0652921199798584,1362.6796875
12277,0.17309284210205078,1364.25390625
12278,0.15538644790649414,1363.9453125
12279,0.17621159553527832,1364.90625
12280,0.16011929512023926,1364.03125
12281,0.16079258918762207,1364.71875
12282,0.18353986740112305,1365.2734375
12283,0.1763463020324707,1364.82421875
12284,0.16039347648620605,1363.6796875
12285,0.16020870208740234,1364.5625
12286,0.19119596481323242,1364.671875
12287,0.1596236228942871,1367.78515625
12288,0.17708253860473633,1365.1640625
12289,0.16590428352355957,1362.07421875
12290,0.15229058265686035,1364.45703125
12291,0.1985321044921875,1365.58203125
12292,0.1882312297821045,1366.60546875
12293,0.15410661697387695,1366.53515625
12294,0.17563724517822266,1367.359375
12295,0.09670114517211914,1366.9453125
12296,0.1123969554901123,1367.578125
12297,0.17920207977294922,1368.78515625
12298,0.14571523666381836,1368.23046875
12299,0.17781376838684082,1368.18359375
12300,0.19742703437805176,1368.91015625
12301,0.17267799377441406,1369.10546875
12302,0.20047402381896973,1368.42578125
12303,0.19633102416992188,1368.39453125
12304,0.19089913368225098,1368.59765625
12305,0.18041729927062988,1368.2421875
12306,0.17647147178649902,1369.1640625
12307,0.21088719367980957,1369.37109375
12308,0.16141533851623535,1367.7578125
12309,0.24737548828125,1369.17578125
12310,0.15570759773254395,1368.9453125
12311,0.1762549877166748,1370.734375
12312,0.1968379020690918,1371.65234375
12313,0.18155384063720703,1373.28515625
12314,0.2134838104248047,1370.1171875
12315,0.17145657539367676,1370.63671875
12316,0.16170501708984375,1372.5234375
12317,0.1525430679321289,1372.7109375
12318,0.1884620189666748,1372.2734375
12319,0.179412841796875,1371.69140625
12320,0.2077329158782959,1370.69921875
12321,0.16400384902954102,1369.15625
12322,0.18438434600830078,1368.7421875
12323,0.14462709426879883,1369.6796875
12324,0.14730143547058105,1370.1484375
12325,0.17759966850280762,1370.75390625
12326,0.18713116645812988,1370.9296875
12327,0.14603614807128906,1370.04296875
12328,0.1536405086517334,1372.04296875
12329,0.13587379455566406,1371.953125
12330,0.16307449340820312,1374.48046875
12331,0.2613382339477539,1368.77734375
12332,0.1706864833831787,1372.80859375
12333,0.16937971115112305,1372.2421875
12334,0.21172809600830078,1371.71875
12335,0.19324827194213867,1371.94921875
12336,0.1949474811553955,1373.70703125
12337,0.17697668075561523,1371.80078125
12338,0.1829535961151123,1371.2109375
12339,0.19206023216247559,1372.73046875
12340,0.17157268524169922,1372.72265625
12341,0.24871373176574707,1373.109375
12342,0.20302915573120117,1374.6328125
12343,0.22542810440063477,1372.1953125
12344,0.13931918144226074,1373.83984375
12345,0.17690682411193848,1372.1171875
12346,0.1597902774810791,1372.671875
12347,0.14849090576171875,1372.296875
12348,0.30271363258361816,1372.296875
12349,0.07493162155151367,1371.3828125
12350,0.20654010772705078,1373.37109375
12351,0.16586685180664062,1370.1171875
12352,0.16592860221862793,1374.25
12353,0.2185351848602295,1374.82421875
12354,0.17658567428588867,1375.34375
12355,0.14961576461791992,1373.98828125
12356,0.15547490119934082,1374.234375
12357,0.17716717720031738,1375.890625
12358,0.19540882110595703,1375.0234375
12359,0.22304677963256836,1374.64453125
12360,0.1819441318511963,1375.41796875
12361,0.2130565643310547,1375.55078125
12362,0.17664313316345215,1376.22265625
12363,0.22078824043273926,1374.9921875
12364,0.18073368072509766,1375.48828125
12365,0.1604750156402588,1375.81640625
12366,0.13372159004211426,1373.58203125
12367,0.16643691062927246,1373.578125
12368,0.1707756519317627,1374.32421875
12369,0.16524481773376465,1376.10546875
12370,0.16094517707824707,1373.6640625
12371,0.12984848022460938,1375.63671875
12372,0.18707704544067383,1373.625
12373,0.17129302024841309,1374.5859375
12374,0.15455865859985352,1375.10546875
12375,0.1768355369567871,1374.54296875
12376,0.18467164039611816,1374.6328125
12377,0.15945029258728027,1374.02734375
12378,0.1851670742034912,1374.53125
12379,0.24986481666564941,1378.42578125
12380,0.19548916816711426,1376.3515625
12381,0.1654527187347412,1374.98046875
12382,0.1925954818725586,1377.2890625
12383,0.15064263343811035,1377.765625
12384,0.1766650676727295,1377.51171875
12385,0.18223786354064941,1376.27734375
12386,0.14832258224487305,1376.16796875
12387,0.1660301685333252,1376.1953125
12388,0.18232083320617676,1379.39453125
12389,0.18645572662353516,1376.75390625
12390,0.1843733787536621,1377.91015625
12391,0.175553560256958,1377.08984375
12392,0.17336440086364746,1376.8828125
12393,0.17682433128356934,1378.1875
12394,0.14922809600830078,1379.78515625
12395,0.17788290977478027,1377.26171875
12396,0.169036865234375,1378.125
12397,0.19589948654174805,1377.98828125
12398,0.20717382431030273,1378.16796875
12399,0.1956188678741455,1379.33984375
12400,0.1728670597076416,1378.34765625
12401,0.1343684196472168,1379.24609375
12402,0.20984721183776855,1381.19140625
12403,0.1949777603149414,1380.875
12404,0.17470669746398926,1380.05078125
12405,0.16406607627868652,1379.0703125
12406,0.17551898956298828,1378.42578125
12407,0.1965317726135254,1380.86328125
12408,0.16553139686584473,1380.3984375
12409,0.21592044830322266,1379.0546875
12410,0.18398141860961914,1380.3125
12411,0.19218730926513672,1380.453125
12412,0.16087126731872559,1381.01953125
12413,0.23442602157592773,1380.515625
12414,0.19182372093200684,1380.62890625
12415,0.18008947372436523,1380.6953125
12416,0.20743393898010254,1382.09375
12417,0.17151713371276855,1384.859375
12418,0.18509840965270996,1382.1796875
12419,0.2238309383392334,1381.60546875
12420,0.13462066650390625,1381.58203125
12421,0.16196489334106445,1381.94921875
12422,0.17176508903503418,1382.6484375
12423,0.2486743927001953,1382.02734375
12424,0.20412516593933105,1380.12109375
12425,0.14926481246948242,1381.47265625
12426,0.16167950630187988,1381.62109375
12427,0.18758487701416016,1383.125
12428,0.17588281631469727,1383.56640625
12429,0.2252037525177002,1381.73828125
12430,0.20251750946044922,1382.03515625
12431,0.14740228652954102,1382.04296875
12432,0.18847870826721191,1384.22265625
12433,0.18343877792358398,1381.3203125
12434,0.1615135669708252,1380.375
12435,0.23874974250793457,1381.7890625
12436,0.15132546424865723,1380.92578125
12437,0.19493913650512695,1384.9921875
12438,0.18276238441467285,1383.8515625
12439,0.16780805587768555,1383.19921875
12440,0.16926217079162598,1383.90625
12441,0.16113996505737305,1384.24609375
12442,0.1600785255432129,1384.9765625
12443,0.17699909210205078,1384.8671875
12444,0.17980551719665527,1385.25390625
12445,0.17711400985717773,1384.84375
12446,0.18927812576293945,1384.453125
12447,0.10649847984313965,1380.9609375
12448,0.2570536136627197,1384.91796875
12449,0.19815778732299805,1384.53125
12450,0.17966413497924805,1383.05859375
12451,0.16737008094787598,1382.53515625
12452,0.2241377830505371,1384.9921875
12453,0.20653128623962402,1384.87890625
12454,0.226945161819458,1385.73046875
12455,0.1815176010131836,1384.95703125
12456,0.17588186264038086,1385.6328125
12457,0.16016650199890137,1384.91015625
12458,0.18834662437438965,1385.40234375
12459,0.11805915832519531,1386.375
12460,0.1909315586090088,1387.3046875
12461,0.1611497402191162,1384.8046875
12462,0.1732785701751709,1385.44140625
12463,0.14526152610778809,1384.3671875
12464,0.18129515647888184,1386.8984375
12465,0.1548936367034912,1386.828125
12466,0.16701865196228027,1384.6484375
12467,0.1958179473876953,1385.26953125
12468,0.23132991790771484,1386.0234375
12469,0.1973109245300293,1387.375
12470,0.08762788772583008,1387.04296875
12471,0.2506680488586426,1387.51953125
12472,0.20010042190551758,1388.49609375
12473,0.21916484832763672,1386.9140625
12474,0.19487500190734863,1387.65234375
12475,0.19552063941955566,1388.1328125
12476,0.20184922218322754,1388.37890625
12477,0.21171045303344727,1389.57421875
12478,0.2124803066253662,1390.91796875
12479,0.18484139442443848,1388.671875
12480,0.1576075553894043,1389.3125
12481,0.2149350643157959,1389.140625
12482,0.1877455711364746,1389.375
12483,0.22667741775512695,1388.4765625
12484,0.16103601455688477,1390.21875
12485,0.26969170570373535,1389.40625
12486,0.1229093074798584,1389.4765625
12487,0.2069389820098877,1391.53515625
12488,0.22649216651916504,1389.796875
12489,0.20602011680603027,1390.1796875
12490,0.07977104187011719,1388.45703125
12491,0.19366931915283203,1388.30859375
12492,0.15061378479003906,1390.59375
12493,0.21072125434875488,1391.58984375
12494,0.21195554733276367,1392.3125
12495,0.2044517993927002,1389.27734375
12496,0.22880339622497559,1389.9453125
12497,0.18767571449279785,1391.19921875
12498,0.17470836639404297,1390.21875
12499,0.18625187873840332,1391.00390625
12500,0.17673468589782715,1391.4375
12501,0.19627976417541504,1390.51171875
12502,0.20009255409240723,1390.7265625
12503,0.20073151588439941,1391.36328125
12504,0.18947196006774902,1390.91796875
12505,0.18447566032409668,1389.68359375
12506,0.19613957405090332,1390.01953125
12507,0.19576191902160645,1392.6015625
12508,0.20644760131835938,1391.34375
12509,0.16462421417236328,1392.27734375
12510,0.11667418479919434,1387.6640625
12511,0.13199424743652344,1390.59375
12512,0.20851850509643555,1390.05859375
12513,0.22716689109802246,1392.15625
12514,0.20379424095153809,1391.484375
12515,0.21699905395507812,1391.22265625
12516,0.21395158767700195,1392.0078125
12517,0.19333457946777344,1391.48046875
12518,0.19092917442321777,1392.859375
12519,0.18287277221679688,1390.625
12520,0.1609182357788086,1391.2890625
12521,0.19420766830444336,1392.01953125
12522,0.14475393295288086,1391.34375
12523,0.18161392211914062,1393.27734375
12524,0.1394035816192627,1391.76171875
12525,0.11919903755187988,1391.78515625
12526,0.14105868339538574,1390.02734375
12527,0.22452569007873535,1392.19140625
12528,0.19486451148986816,1392.17578125
12529,0.11873531341552734,1390.7578125
12530,0.13040804862976074,1391.8125
12531,0.22197842597961426,1393.48046875
12532,0.18364763259887695,1389.578125
12533,0.21550655364990234,1392.83203125
12534,0.1681959629058838,1392.203125
12535,0.17437505722045898,1394.18359375
12536,0.14962029457092285,1392.7734375
12537,0.1600501537322998,1392.03515625
12538,0.18237686157226562,1391.3828125
12539,0.1751086711883545,1393.0625
12540,0.15001153945922852,1393.70703125
12541,0.16016125679016113,1392.26953125
12542,0.14571523666381836,1393.42578125
12543,0.16634845733642578,1391.32421875
12544,0.1954178810119629,1394.36328125
12545,0.2079331874847412,1394.04296875
12546,0.21456575393676758,1394.66015625
12547,0.17873501777648926,1395.20703125
12548,0.14721035957336426,1395.27734375
12549,0.15207195281982422,1395.34765625
12550,0.11588191986083984,1396.01953125
12551,0.21251463890075684,1394.00390625
12552,0.14855313301086426,1394.4375
12553,0.1835925579071045,1394.8046875
12554,0.1809370517730713,1395.3515625
12555,0.1776726245880127,1394.859375
12556,0.19234609603881836,1394.4765625
12557,0.11623311042785645,1396.828125
12558,0.15918302536010742,1395.7734375
12559,0.17577600479125977,1397.18359375
12560,0.16681861877441406,1395.40234375
12561,0.15991950035095215,1394.83984375
12562,0.19715523719787598,1395.2578125
12563,0.1418159008026123,1395.5703125
12564,0.1905803680419922,1395.12109375
12565,0.14825081825256348,1395.91015625
12566,0.18326687812805176,1394.02734375
12567,0.1199944019317627,1395.37109375
12568,0.08873820304870605,1396.5859375
12569,0.18054819107055664,1397.96875
12570,0.18262672424316406,1396.78125
12571,0.1512598991394043,1396.171875
12572,0.2132878303527832,1398.125
12573,0.15996885299682617,1395.75390625
12574,0.1423799991607666,1396.1171875
12575,0.17792725563049316,1396.3203125
12576,0.14991140365600586,1396.90625
12577,0.15314984321594238,1398.44921875
12578,0.19237709045410156,1396.3046875
12579,0.16241717338562012,1396.6484375
12580,0.20108866691589355,1397.41015625
12581,0.16927742958068848,1397.328125
12582,0.17672419548034668,1399.23828125
12583,0.17276692390441895,1397.921875
12584,0.16250967979431152,1397.9375
12585,0.1531510353088379,1398.328125
12586,0.19140267372131348,1398.3984375
12587,0.16106700897216797,1401.73828125
12588,0.16208410263061523,1400.84765625
12589,0.1610102653503418,1400.54296875
12590,0.1786963939666748,1401.6640625
12591,0.15768790245056152,1401.4921875
12592,0.1339263916015625,1401.33984375
12593,0.18213939666748047,1400.7890625
12594,0.18295931816101074,1401.84375
12595,0.16079950332641602,1400.76171875
12596,0.17682218551635742,1402.68359375
12597,0.17905497550964355,1400.0546875
12598,0.19530749320983887,1400.875
12599,0.08136677742004395,1401.2265625
12600,0.1839761734008789,1400.41015625
12601,0.16872572898864746,1400.47265625
12602,0.17574501037597656,1402.51953125
12603,0.20811176300048828,1399.88671875
12604,0.21466755867004395,1401.45703125
12605,0.1556699275970459,1403.08984375
12606,0.1976168155670166,1401.7421875
12607,0.17864990234375,1401.41796875
12608,0.17527198791503906,1402.73828125
12609,0.19805502891540527,1401.3984375
12610,0.16907048225402832,1401.6015625
12611,0.16429781913757324,1402.5625
12612,0.16609787940979004,1403.33984375
12613,0.2309718132019043,1401.46484375
12614,0.16513681411743164,1402.3828125
12615,0.17740631103515625,1402.33203125
12616,0.1546165943145752,1401.4765625
12617,0.1748824119567871,1403.9140625
12618,0.20705485343933105,1403.9296875
12619,0.21259760856628418,1403.09765625
12620,0.21506237983703613,1402.91796875
12621,0.1682441234588623,1403.6875
12622,0.1838982105255127,1404.17578125
12623,0.2123100757598877,1403.80078125
12624,0.18071961402893066,1402.5859375
12625,0.1938638687133789,1404.13671875
12626,0.14455890655517578,1404.33203125
12627,0.1751723289489746,1408.453125
12628,0.18475842475891113,1403.9609375
12629,0.1925673484802246,1404.53125
12630,0.19249749183654785,1405.34375
12631,0.15543270111083984,1402.91015625
12632,0.2017366886138916,1405.20703125
12633,0.12483882904052734,1405.00390625
12634,0.18276405334472656,1404.6875
12635,0.1777050495147705,1404.33203125
12636,0.1711118221282959,1405.48828125
12637,0.17584824562072754,1405.59375
12638,0.1296977996826172,1404.5
12639,0.16236114501953125,1406.33984375
12640,0.16175365447998047,1405.40234375
12641,0.16444087028503418,1404.9921875
12642,0.1264481544494629,1407.50390625
12643,0.1327807903289795,1406.88671875
12644,0.18242812156677246,1407.2265625
12645,0.18424701690673828,1408.73828125
12646,0.17734241485595703,1408.640625
12647,0.1657710075378418,1407.38671875
12648,0.24466943740844727,1407.02734375
12649,0.1763780117034912,1406.7734375
12650,0.20784997940063477,1408.1171875
12651,0.16723036766052246,1407.55078125
12652,0.1908121109008789,1409.07421875
12653,0.20674514770507812,1410.17578125
12654,0.16477370262145996,1408.51171875
12655,0.18038606643676758,1409.63671875
12656,0.18696975708007812,1410.08203125
12657,0.1557154655456543,1411.01953125
12658,0.16312885284423828,1410.5390625
12659,0.20935797691345215,1408.578125
12660,0.16919374465942383,1410.12890625
12661,0.18344449996948242,1409.8984375
12662,0.19254159927368164,1409.8359375
12663,0.1675868034362793,1410.92578125
12664,0.1848921775817871,1412.07421875
12665,0.17566204071044922,1409.55859375
12666,0.18662261962890625,1409.6953125
12667,0.16303348541259766,1409.19921875
12668,0.12401390075683594,1410.16015625
12669,0.2096703052520752,1413.578125
12670,0.18343091011047363,1412.50390625
12671,0.2111043930053711,1412.57421875
12672,0.17145705223083496,1411.01953125
12673,0.18640351295471191,1412.1875
12674,0.16211175918579102,1411.9921875
12675,0.18662762641906738,1411.90625
12676,0.09744620323181152,1412.109375
12677,0.18051433563232422,1411.4609375
12678,0.17095327377319336,1410.6015625
12679,0.19280171394348145,1411.4921875
12680,0.20743227005004883,1411.3828125
12681,0.16525602340698242,1412.38671875
12682,0.18997764587402344,1410.84765625
12683,0.1858534812927246,1410.9921875
12684,0.19220232963562012,1411.9921875
12685,0.18195652961730957,1413.59375
12686,0.1869642734527588,1411.99609375
12687,0.09701657295227051,1412.15625
12688,0.14771509170532227,1412.5625
12689,0.20333361625671387,1414.6171875
12690,0.1676321029663086,1413.62109375
12691,0.17239022254943848,1412.9296875
12692,0.198455810546875,1413.91796875
12693,0.20451807975769043,1414.7421875
12694,0.19153141975402832,1412.26171875
12695,0.1797618865966797,1412.94140625
12696,0.15563011169433594,1412.76953125
12697,0.1794133186340332,1414.62890625
12698,0.19856524467468262,1412.375
12699,0.19449663162231445,1416.42578125
12700,0.17105340957641602,1413.83984375
12701,0.19243645668029785,1413.5
12702,0.13010859489440918,1413.0703125
12703,0.17241191864013672,1413.91796875
12704,0.17699050903320312,1413.953125
12705,0.21036410331726074,1414.89453125
12706,0.18552327156066895,1413.109375
12707,0.18660283088684082,1412.546875
12708,0.16404008865356445,1413.11328125
12709,0.12995457649230957,1414.53125
12710,0.19603657722473145,1415.109375
12711,0.1760997772216797,1414.6875
12712,0.17815351486206055,1415.98046875
12713,0.18216395378112793,1414.9765625
12714,0.1851184368133545,1414.96875
12715,0.16483402252197266,1414.09765625
12716,0.17619085311889648,1415.10546875
12717,0.17644977569580078,1414.609375
12718,0.20808959007263184,1413.98046875
12719,0.17850375175476074,1415.52734375
12720,0.14827489852905273,1416.7890625
12721,0.1721515655517578,1414.9609375
12722,0.15575122833251953,1415.33203125
12723,0.1802070140838623,1418.17578125
12724,0.13915252685546875,1415.7578125
12725,0.24497556686401367,1414.86328125
12726,0.23439860343933105,1416.99609375
12727,0.2038586139678955,1415.52734375
12728,0.19648289680480957,1416.49609375
12729,0.18380236625671387,1416.24609375
12730,0.2108745574951172,1415.72265625
12731,0.2120356559753418,1415.453125
12732,0.18621420860290527,1414.85546875
12733,0.11678671836853027,1412.96875
12734,0.20552945137023926,1415.7890625
12735,0.2086169719696045,1417.8046875
12736,0.2563462257385254,1416.9296875
12737,0.14492321014404297,1415.2265625
12738,0.2288661003112793,1416.390625
12739,0.24221372604370117,1416.83203125
12740,0.1655876636505127,1417.703125
12741,0.21403098106384277,1417.9375
12742,0.08379507064819336,1415.7109375
12743,0.21166229248046875,1417.42578125
12744,0.24490571022033691,1418.08203125
12745,0.19521212577819824,1419.61328125
12746,0.23935341835021973,1416.921875
12747,0.17331767082214355,1419.05078125
12748,0.21588706970214844,1418.02734375
12749,0.1992325782775879,1418.30078125
12750,0.23614144325256348,1418.75390625
12751,0.22819972038269043,1418.296875
12752,0.23742222785949707,1420.546875
12753,0.2132585048675537,1421.74609375
12754,0.19656920433044434,1419.3828125
12755,0.27073025703430176,1419.28125
12756,0.19979143142700195,1418.6796875
12757,0.1933276653289795,1420.03125
12758,0.22523713111877441,1420.95703125
12759,0.19661211967468262,1419.703125
12760,0.2071685791015625,1420.90234375
12761,0.22866034507751465,1421.54296875
12762,0.2998046875,1420.46875
12763,0.20853948593139648,1420.6875
12764,0.22313809394836426,1420.18359375
12765,0.18222880363464355,1421.08203125
12766,0.1768655776977539,1420.0
12767,0.20849108695983887,1421.26171875
12768,0.2141120433807373,1420.1640625
12769,0.15297842025756836,1418.0859375
12770,0.18602633476257324,1421.140625
12771,0.21700000762939453,1421.21875
12772,0.16044306755065918,1423.83203125
12773,0.16051673889160156,1421.97265625
12774,0.1104116439819336,1421.65625
12775,0.16383910179138184,1420.19140625
12776,0.18115925788879395,1421.0703125
12777,0.1974029541015625,1422.359375
12778,0.18151283264160156,1422.43359375
12779,0.1873483657836914,1421.5625
12780,0.22365951538085938,1423.1328125
12781,0.15503549575805664,1422.17578125
12782,0.19805121421813965,1423.8125
12783,0.19281315803527832,1424.3125
12784,0.1791839599609375,1423.6171875
12785,0.17957758903503418,1422.29296875
12786,0.21989893913269043,1422.64453125
12787,0.1664261817932129,1424.83984375
12788,0.2013392448425293,1426.96484375
12789,0.176591157913208,1425.52734375
12790,0.18089056015014648,1424.66796875
12791,0.19352507591247559,1424.97265625
12792,0.21153759956359863,1424.06640625
12793,0.16887640953063965,1424.1875
12794,0.19373464584350586,1425.81640625
12795,0.1824665069580078,1423.75
12796,0.16918659210205078,1425.41796875
12797,0.21663427352905273,1425.01953125
12798,0.21117711067199707,1425.47265625
12799,0.1264798641204834,1425.11328125
12800,0.1751844882965088,1425.734375
12801,0.21660614013671875,1422.86328125
12802,0.17181944847106934,1424.484375
12803,0.1452329158782959,1423.07421875
12804,0.17872953414916992,1424.1328125
12805,0.19601988792419434,1424.33984375
12806,0.1716611385345459,1425.96875
12807,0.09079575538635254,1423.92578125
12808,0.20052742958068848,1424.98828125
12809,0.19240927696228027,1426.33984375
12810,0.16690826416015625,1424.55859375
12811,0.22405004501342773,1425.4296875
12812,0.1805284023284912,1427.96875
12813,0.2033989429473877,1428.2890625
12814,0.18638968467712402,1424.421875
12815,0.14632511138916016,1425.60546875
12816,0.16263747215270996,1425.9140625
12817,0.19604158401489258,1424.66015625
12818,0.20055937767028809,1426.79296875
12819,0.18562793731689453,1425.94140625
12820,0.169907808303833,1426.3671875
12821,0.21145963668823242,1428.109375
12822,0.18079757690429688,1427.3125
12823,0.1537187099456787,1427.12890625
12824,0.2077169418334961,1427.24609375
12825,0.2137598991394043,1428.57421875
12826,0.18075871467590332,1428.671875
12827,0.2019634246826172,1427.51171875
12828,0.17740583419799805,1426.6953125
12829,0.16905641555786133,1429.00390625
12830,0.20173144340515137,1426.328125
12831,0.15383124351501465,1429.0234375
12832,0.17678594589233398,1428.328125
12833,0.18984293937683105,1427.8828125
12834,0.19143009185791016,1429.8359375
12835,0.20048093795776367,1427.453125
12836,0.10217142105102539,1428.24609375
12837,0.2240757942199707,1429.45703125
12838,0.17821717262268066,1428.73828125
12839,0.2242720127105713,1431.3828125
12840,0.11644601821899414,1428.3046875
12841,0.18225598335266113,1428.54296875
12842,0.17076849937438965,1430.484375
12843,0.18072104454040527,1427.96484375
12844,0.19350910186767578,1427.5
12845,0.17492198944091797,1428.15625
12846,0.1802527904510498,1428.88671875
12847,0.16034507751464844,1428.98046875
12848,0.18295764923095703,1428.91796875
12849,0.19224953651428223,1429.16796875
12850,0.14809226989746094,1428.13671875
12851,0.1571521759033203,1427.15234375
12852,0.17829632759094238,1428.2890625
12853,0.16037869453430176,1427.62890625
12854,0.16549468040466309,1428.921875
12855,0.16925454139709473,1428.08203125
12856,0.17817354202270508,1428.45703125
12857,0.14713239669799805,1429.828125
12858,0.20051908493041992,1428.9453125
12859,0.1456913948059082,1427.1953125
12860,0.25252532958984375,1430.80078125
12861,0.18548369407653809,1428.7890625
12862,0.14541316032409668,1430.390625
12863,0.20463943481445312,1428.40234375
12864,0.19315147399902344,1429.87890625
12865,0.1672196388244629,1428.91015625
12866,0.08748459815979004,1430.73046875
12867,0.19269871711730957,1427.39453125
12868,0.14522218704223633,1428.80859375
12869,0.11775016784667969,1428.1953125
12870,0.15947675704956055,1428.328125
12871,0.0895848274230957,1428.79296875
12872,0.07987618446350098,1429.82421875
12873,0.19239449501037598,1431.83984375
12874,0.09713888168334961,1429.5546875
12875,0.16478276252746582,1430.5859375
12876,0.1343400478363037,1428.84765625
12877,0.17885637283325195,1430.63671875
12878,0.11415648460388184,1430.73828125
12879,0.1986689567565918,1430.2265625
12880,0.1925976276397705,1428.734375
12881,0.15001535415649414,1431.16796875
12882,0.14634227752685547,1430.07421875
12883,0.17599010467529297,1430.04296875
12884,0.13408374786376953,1430.28125
12885,0.14757633209228516,1431.16796875
12886,0.19577383995056152,1430.171875
12887,0.16186857223510742,1431.05078125
12888,0.17680001258850098,1431.30859375
12889,0.12595343589782715,1432.546875
12890,0.15872430801391602,1433.0390625
12891,0.20918631553649902,1433.09765625
12892,0.1797475814819336,1432.015625
12893,0.1822662353515625,1433.48046875
12894,0.14900779724121094,1431.32421875
12895,0.1941380500793457,1433.0390625
12896,0.1851801872253418,1431.9921875
12897,0.18868637084960938,1433.08203125
12898,0.19174408912658691,1432.9453125
12899,0.18139004707336426,1432.65625
12900,0.1902601718902588,1435.21484375
12901,0.18287062644958496,1432.0078125
12902,0.15716910362243652,1432.7109375
12903,0.19684767723083496,1435.72265625
12904,0.1612703800201416,1433.58984375
12905,0.20173931121826172,1432.94921875
12906,0.15423274040222168,1434.26953125
12907,0.19090747833251953,1434.09375
12908,0.16965866088867188,1433.39453125
12909,0.14498543739318848,1434.15234375
12910,0.18133091926574707,1434.50390625
12911,0.17675042152404785,1433.80859375
12912,0.19892048835754395,1434.64453125
12913,0.17606544494628906,1435.0078125
12914,0.23564529418945312,1433.94921875
12915,0.18701791763305664,1433.515625
12916,0.19547152519226074,1435.52734375
12917,0.1826472282409668,1434.375
12918,0.2013988494873047,1435.25390625
12919,0.18033361434936523,1436.58984375
12920,0.21365070343017578,1438.6171875
12921,0.1829080581665039,1437.71484375
12922,0.2008380889892578,1438.5625
12923,0.23233985900878906,1439.0703125
12924,0.17255306243896484,1437.01953125
12925,0.1850755214691162,1438.22265625
12926,0.16922259330749512,1439.40234375
12927,0.14429855346679688,1438.671875
12928,0.1829545497894287,1439.11328125
12929,0.14865398406982422,1438.0234375
12930,0.21639251708984375,1438.34765625
12931,0.1848773956298828,1439.609375
12932,0.22338390350341797,1439.65234375
12933,0.14350032806396484,1438.86328125
12934,0.15202736854553223,1438.90625
12935,0.16028809547424316,1438.05078125
12936,0.13263916969299316,1437.66796875
12937,0.17440390586853027,1438.7734375
12938,0.1798079013824463,1437.0546875
12939,0.18117427825927734,1440.01171875
12940,0.20502209663391113,1436.96875
12941,0.1640925407409668,1441.125
12942,0.1491410732269287,1439.4375
12943,0.21973824501037598,1437.53125
12944,0.1226193904876709,1439.26953125
12945,0.18921756744384766,1438.3828125
12946,0.15739679336547852,1437.19921875
12947,0.16105079650878906,1438.1328125
12948,0.19194412231445312,1438.61328125
12949,0.17721009254455566,1442.25390625
12950,0.2149648666381836,1438.453125
12951,0.19065570831298828,1440.25390625
12952,0.17680907249450684,1441.01953125
12953,0.16051459312438965,1440.72265625
12954,0.15142178535461426,1442.5625
12955,0.20815753936767578,1439.47265625
12956,0.18090581893920898,1439.89453125
12957,0.1773226261138916,1441.95703125
12958,0.21384024620056152,1441.98828125
12959,0.22417783737182617,1441.37109375
12960,0.2237699031829834,1443.32421875
12961,0.20386004447937012,1442.27734375
12962,0.19869589805603027,1443.2109375
12963,0.1858997344970703,1443.9609375
12964,0.22682428359985352,1443.59375
12965,0.15764713287353516,1442.53125
12966,0.22024011611938477,1444.52734375
12967,0.21695280075073242,1444.46875
12968,0.15358424186706543,1445.6171875
12969,0.1483137607574463,1445.12890625
12970,0.09148740768432617,1445.24609375
12971,0.26002001762390137,1444.8125
12972,0.2600553035736084,1443.6015625
12973,0.17067718505859375,1445.2578125
12974,0.18867754936218262,1444.3671875
12975,0.22613286972045898,1446.10546875
12976,0.22202587127685547,1446.6171875
12977,0.21848630905151367,1444.70703125
12978,0.23841547966003418,1444.40234375
12979,0.17529582977294922,1445.30859375
12980,0.21565532684326172,1444.5703125
12981,0.20742058753967285,1446.51171875
12982,0.2949082851409912,1445.81640625
12983,0.20349502563476562,1444.19140625
12984,0.2147669792175293,1443.0625
12985,0.20217466354370117,1444.80859375
12986,0.21696710586547852,1444.58984375
12987,0.18524551391601562,1446.5859375
12988,0.20079970359802246,1445.11328125
12989,0.20031213760375977,1445.640625
12990,0.18662023544311523,1444.95703125
12991,0.18547892570495605,1446.02734375
12992,0.2535872459411621,1445.97265625
12993,0.22298693656921387,1445.5859375
12994,0.19799304008483887,1445.3046875
12995,0.18997907638549805,1446.359375
12996,0.2037653923034668,1446.09765625
12997,0.18364381790161133,1447.41796875
12998,0.24273228645324707,1446.9765625
12999,0.29511475563049316,1448.578125
13000,0.19875335693359375,1446.3984375
13001,0.2867710590362549,1447.2421875
13002,0.21187996864318848,1446.0078125
13003,0.21990609169006348,1446.203125
13004,0.23858189582824707,1447.26171875
13005,0.2201404571533203,1446.6171875
13006,0.20103144645690918,1446.1875
13007,0.17838692665100098,1447.6328125
13008,0.22454190254211426,1446.859375
13009,0.2549738883972168,1447.296875
13010,0.16582345962524414,1446.0703125
13011,0.2014787197113037,1448.32421875
13012,0.1923084259033203,1449.58203125
13013,0.2434229850769043,1446.6328125
13014,0.15628767013549805,1447.22265625
13015,0.19204926490783691,1448.5546875
13016,0.1312854290008545,1448.04296875
13017,0.18169212341308594,1449.3984375
13018,0.2078719139099121,1451.00390625
13019,0.18203473091125488,1449.1328125
13020,0.18277645111083984,1450.11328125
13021,0.16312098503112793,1448.66796875
13022,0.19249200820922852,1449.66796875
13023,0.18458008766174316,1447.734375
13024,0.16823840141296387,1448.99609375
13025,0.15547418594360352,1448.703125
13026,0.1666889190673828,1449.99609375
13027,0.19217681884765625,1450.8671875
13028,0.10760307312011719,1450.16796875
13029,0.20642781257629395,1449.0390625
13030,0.1516563892364502,1448.859375
13031,0.2447187900543213,1449.7421875
13032,0.17034578323364258,1450.59765625
13033,0.23010802268981934,1450.30859375
13034,0.2087268829345703,1451.2734375
13035,0.11313056945800781,1451.64453125
13036,0.20903348922729492,1450.8828125
13037,0.1747279167175293,1452.41015625
13038,0.1717233657836914,1452.05078125
13039,0.2035355567932129,1449.84375
13040,0.18232345581054688,1453.1171875
13041,0.1892411708831787,1452.453125
13042,0.1750328540802002,1452.97265625
13043,0.16477298736572266,1453.453125
13044,0.15248465538024902,1452.0703125
13045,0.22521066665649414,1451.72265625
13046,0.19678330421447754,1450.65234375
13047,0.1818864345550537,1450.1796875
13048,0.12104177474975586,1450.98828125
13049,0.11752057075500488,1451.6328125
13050,0.1910090446472168,1451.5390625
13051,0.17121338844299316,1451.69921875
13052,0.15235519409179688,1450.69921875
13053,0.1491079330444336,1451.54296875
13054,0.19406938552856445,1451.1875
13055,0.19202923774719238,1450.66015625
13056,0.16676950454711914,1450.296875
13057,0.16720223426818848,1453.92578125
13058,0.19252729415893555,1451.671875
13059,0.17090415954589844,1452.62109375
13060,0.17646074295043945,1454.37109375
13061,0.18735599517822266,1454.79296875
13062,0.19111895561218262,1454.0234375
13063,0.1393744945526123,1453.0234375
13064,0.13256549835205078,1454.23828125
13065,0.21305489540100098,1454.22265625
13066,0.16797137260437012,1452.6640625
13067,0.1785588264465332,1453.2109375
13068,0.20817136764526367,1453.9375
13069,0.1356668472290039,1453.875
13070,0.160109281539917,1454.2890625
13071,0.18650507926940918,1453.44921875
13072,0.21143579483032227,1453.84375
13073,0.17279624938964844,1453.80859375
13074,0.17079687118530273,1453.56640625
13075,0.18221616744995117,1453.37890625
13076,0.160966157913208,1454.87109375
13077,0.17804265022277832,1454.02734375
13078,0.14880156517028809,1453.90625
13079,0.19678854942321777,1455.23046875
13080,0.15422630310058594,1453.3203125
13081,0.13491010665893555,1456.44921875
13082,0.17672157287597656,1453.61328125
13083,0.18562054634094238,1455.20703125
13084,0.17876291275024414,1454.984375
13085,0.19240093231201172,1456.01171875
13086,0.18706059455871582,1454.92578125
13087,0.17572879791259766,1454.79296875
13088,0.11776924133300781,1454.9921875
13089,0.1947343349456787,1455.2265625
13090,0.1289060115814209,1455.453125
13091,0.16103911399841309,1455.09765625
13092,0.19639801979064941,1456.01171875
13093,0.18183112144470215,1454.33984375
13094,0.14827609062194824,1455.203125
13095,0.1145637035369873,1455.39453125
13096,0.15841293334960938,1455.50390625
13097,0.2265169620513916,1453.0078125
13098,0.1655871868133545,1455.74609375
13099,0.183380126953125,1454.93359375
13100,0.19299602508544922,1456.21484375
13101,0.1338186264038086,1456.80078125
13102,0.12901568412780762,1456.65625
13103,0.16289162635803223,1457.30078125
13104,0.16291475296020508,1456.21875
13105,0.22787165641784668,1456.5703125
13106,0.1847057342529297,1459.296875
13107,0.17597031593322754,1457.12109375
13108,0.17586660385131836,1457.7734375
13109,0.12626290321350098,1456.921875
13110,0.17127108573913574,1456.18359375
13111,0.14976072311401367,1456.61328125
13112,0.14297747611999512,1456.13671875
13113,0.17540764808654785,1456.1015625
13114,0.1321268081665039,1457.12109375
13115,0.17970633506774902,1457.00390625
13116,0.16827630996704102,1456.5234375
13117,0.10902261734008789,1457.4609375
13118,0.173814058303833,1458.3984375
13119,0.2032012939453125,1458.60546875
13120,0.21746039390563965,1457.1015625
13121,0.12908315658569336,1459.01953125
13122,0.16531062126159668,1457.171875
13123,0.16960930824279785,1456.3515625
13124,0.1782681941986084,1457.84765625
13125,0.15554547309875488,1458.16796875
13126,0.10223221778869629,1456.58203125
13127,0.16005659103393555,1459.73828125
13128,0.21548223495483398,1457.6796875
13129,0.19134855270385742,1460.171875
13130,0.17856717109680176,1456.36328125
13131,0.17091631889343262,1458.0078125
13132,0.1603837013244629,1457.76953125
13133,0.17687153816223145,1459.00390625
13134,0.14806199073791504,1459.953125
13135,0.15724396705627441,1458.015625
13136,0.14940333366394043,1460.2578125
13137,0.181182861328125,1459.87109375
13138,0.1967000961303711,1460.05859375
13139,0.13106155395507812,1460.58984375
13140,0.19164252281188965,1459.0625
13141,0.14459848403930664,1461.15625
13142,0.14431071281433105,1459.609375
13143,0.1930396556854248,1460.5390625
13144,0.1642751693725586,1460.7421875
13145,0.11435270309448242,1460.0859375
13146,0.1848587989807129,1459.59375
13147,0.11903858184814453,1459.859375
13148,0.19445276260375977,1461.78125
13149,0.1697852611541748,1461.96484375
13150,0.11365151405334473,1461.40625
13151,0.17412519454956055,1461.09765625
13152,0.1777176856994629,1459.765625
13153,0.19580841064453125,1462.21875
13154,0.17910504341125488,1461.859375
13155,0.16203546524047852,1461.6171875
13156,0.20706844329833984,1462.7265625
13157,0.20302414894104004,1461.96875
13158,0.2139742374420166,1461.921875
13159,0.24363923072814941,1461.63671875
13160,0.12126636505126953,1462.56640625
13161,0.1458272933959961,1463.3984375
13162,0.1999373435974121,1461.68359375
13163,0.1759645938873291,1462.8671875
13164,0.19170713424682617,1463.28125
13165,0.18246078491210938,1461.55078125
13166,0.16573143005371094,1461.15625
13167,0.1962566375732422,1462.609375
13168,0.11862945556640625,1463.37890625
13169,0.22759699821472168,1462.0390625
13170,0.21232199668884277,1463.42578125
13171,0.18807506561279297,1463.875
13172,0.1704573631286621,1462.8125
13173,0.08395671844482422,1465.515625
13174,0.16832900047302246,1465.625
13175,0.1832876205444336,1466.0625
13176,0.15787315368652344,1464.203125
13177,0.2096562385559082,1465.8203125
13178,0.18007802963256836,1464.7734375
13179,0.1757643222808838,1467.75
13180,0.15040016174316406,1464.53515625
13181,0.22749662399291992,1464.67578125
13182,0.20019936561584473,1467.51171875
13183,0.20819568634033203,1465.734375
13184,0.16033363342285156,1466.14453125
13185,0.19244813919067383,1467.23046875
13186,0.22941184043884277,1467.640625
13187,0.21107792854309082,1465.55859375
13188,0.1648249626159668,1465.8125
13189,0.19210314750671387,1468.06640625
13190,0.17718982696533203,1468.85546875
13191,0.19778060913085938,1467.07421875
13192,0.22173213958740234,1469.7734375
13193,0.16865038871765137,1467.41015625
13194,0.11320972442626953,1467.85546875
13195,0.19013381004333496,1467.90234375
13196,0.19493532180786133,1468.07421875
13197,0.17573809623718262,1467.921875
13198,0.19722652435302734,1466.9453125
13199,0.18184280395507812,1467.88671875
13200,0.14641022682189941,1469.45703125
13201,0.18367385864257812,1468.26171875
13202,0.1853013038635254,1468.015625
13203,0.1970052719116211,1468.4140625
13204,0.16990303993225098,1467.64453125
13205,0.17537665367126465,1470.02734375
13206,0.20850324630737305,1469.0
13207,0.19722843170166016,1469.30078125
13208,0.16063332557678223,1468.97265625
13209,0.2687690258026123,1468.078125
13210,0.15435385704040527,1470.44140625
13211,0.21731877326965332,1468.2421875
13212,0.18647193908691406,1470.1015625
13213,0.1769697666168213,1469.1484375
13214,0.19197511672973633,1467.40625
13215,0.15188193321228027,1469.0859375
13216,0.2094254493713379,1467.78125
13217,0.19207358360290527,1467.69921875
13218,0.2140190601348877,1469.29296875
13219,0.27024078369140625,1469.734375
13220,0.19780707359313965,1469.94140625
13221,0.23306012153625488,1469.5703125
13222,0.22440886497497559,1468.76953125
13223,0.1923074722290039,1467.94140625
13224,0.1804807186126709,1469.08984375
13225,0.23064064979553223,1469.73828125
13226,0.13344573974609375,1469.4296875
13227,0.20112395286560059,1470.671875
13228,0.17678380012512207,1470.90625
13229,0.1519787311553955,1470.2734375
13230,0.23845553398132324,1470.23046875
13231,0.20783233642578125,1470.40234375
13232,0.20770001411437988,1470.9453125
13233,0.21500277519226074,1472.5703125
13234,0.17922425270080566,1470.03515625
13235,0.19779062271118164,1470.56640625
13236,0.20433831214904785,1472.4375
13237,0.2048625946044922,1470.82421875
13238,0.20044803619384766,1472.296875
13239,0.21657061576843262,1471.25
13240,0.16688323020935059,1473.26171875
13241,0.19979429244995117,1470.33203125
13242,0.25090599060058594,1472.05859375
13243,0.1988375186920166,1473.79296875
13244,0.18365049362182617,1473.375
13245,0.20005202293395996,1472.87890625
13246,0.1982440948486328,1473.109375
13247,0.19279909133911133,1473.26953125
13248,0.20817279815673828,1474.8984375
13249,0.26352620124816895,1474.7421875
13250,0.18514323234558105,1474.02734375
13251,0.20607590675354004,1473.4609375
13252,0.2291581630706787,1475.16015625
13253,0.10987067222595215,1474.42578125
13254,0.2008509635925293,1474.6953125
13255,0.17908143997192383,1474.5703125
13256,0.20499324798583984,1474.6015625
13257,0.18233585357666016,1474.2890625
13258,0.205230712890625,1478.3203125
13259,0.16849613189697266,1474.703125
13260,0.20122671127319336,1475.87109375
13261,0.22951269149780273,1476.2265625
13262,0.13720059394836426,1476.00390625
13263,0.177901029586792,1475.79296875
13264,0.16042518615722656,1475.64453125
13265,0.15008044242858887,1476.9609375
13266,0.12877774238586426,1477.6796875
13267,0.1750800609588623,1477.0546875
13268,0.1595313549041748,1477.890625
13269,0.21021008491516113,1477.38671875
13270,0.20490288734436035,1478.45703125
13271,0.1755995750427246,1479.5234375
13272,0.16348958015441895,1476.75390625
13273,0.1932380199432373,1478.87109375
13274,0.1002957820892334,1477.02734375
13275,0.21121573448181152,1477.4453125
13276,0.21611523628234863,1477.87109375
13277,0.18158960342407227,1479.51171875
13278,0.18297791481018066,1478.140625
13279,0.19237518310546875,1478.171875
13280,0.1601119041442871,1478.0625
13281,0.21442389488220215,1474.66015625
13282,0.22285008430480957,1477.3046875
13283,0.14809727668762207,1477.8984375
13284,0.22898364067077637,1479.01953125
13285,0.23663640022277832,1478.078125
13286,0.10863065719604492,1478.01953125
13287,0.23842144012451172,1478.59765625
13288,0.18047094345092773,1477.5625
13289,0.21128177642822266,1478.1953125
13290,0.13834714889526367,1478.13671875
13291,0.1811962127685547,1477.6484375
13292,0.1804187297821045,1478.5078125
13293,0.20280146598815918,1479.29296875
13294,0.1770467758178711,1476.50390625
13295,0.22087907791137695,1476.75390625
13296,0.1721208095550537,1477.4453125
13297,0.17433810234069824,1478.44140625
13298,0.19618010520935059,1479.29296875
13299,0.1642615795135498,1476.83203125
13300,0.16054749488830566,1477.671875
13301,0.14300274848937988,1481.81640625
13302,0.18170809745788574,1479.40625
13303,0.18171358108520508,1479.9453125
13304,0.16268110275268555,1480.62109375
13305,0.18198251724243164,1479.23828125
13306,0.16785788536071777,1477.85546875
13307,0.19130182266235352,1480.43359375
13308,0.19510459899902344,1479.3515625
13309,0.18824243545532227,1479.125
13310,0.16114401817321777,1481.3359375
13311,0.18214797973632812,1479.25
13312,0.16126585006713867,1479.76953125
13313,0.14468789100646973,1479.890625
13314,0.15880894660949707,1480.9296875
13315,0.16852188110351562,1479.4140625
13316,0.17855000495910645,1479.38671875
13317,0.20766019821166992,1481.1796875
13318,0.17194366455078125,1481.36328125
13319,0.20671701431274414,1482.7890625
13320,0.15741586685180664,1480.75390625
13321,0.2036910057067871,1482.60546875
13322,0.16739678382873535,1482.33984375
13323,0.2032642364501953,1481.3359375
13324,0.14877986907958984,1483.2265625
13325,0.1750781536102295,1483.42578125
13326,0.16805291175842285,1481.41015625
13327,0.17648100852966309,1484.5625
13328,0.1759629249572754,1481.77734375
13329,0.2093181610107422,1483.4921875
13330,0.10313916206359863,1481.08984375
13331,0.17062592506408691,1482.55078125
13332,0.19154977798461914,1482.3203125
13333,0.16379380226135254,1482.2265625
13334,0.19251298904418945,1484.296875
13335,0.16468453407287598,1482.578125
13336,0.15351271629333496,1482.765625
13337,0.19905686378479004,1484.234375
13338,0.1911766529083252,1483.3515625
13339,0.18298745155334473,1483.13671875
13340,0.09231209754943848,1483.31640625
13341,0.16888856887817383,1484.69140625
13342,0.21265554428100586,1484.8203125
13343,0.2013530731201172,1485.15625
13344,0.17719459533691406,1485.31640625
13345,0.2077314853668213,1486.36328125
13346,0.19498968124389648,1485.640625
13347,0.1766064167022705,1485.64453125
13348,0.11581158638000488,1485.0625
13349,0.20783662796020508,1487.73828125
13350,0.20559310913085938,1486.51171875
13351,0.1896500587463379,1486.50390625
13352,0.1902155876159668,1483.91015625
13353,0.11613631248474121,1483.94921875
13354,0.15463829040527344,1487.21484375
13355,0.16020846366882324,1486.26171875
13356,0.2037334442138672,1485.8046875
13357,0.20118951797485352,1484.73828125
13358,0.21084928512573242,1486.4765625
13359,0.1819930076599121,1485.78125
13360,0.17578387260437012,1486.32421875
13361,0.23043417930603027,1485.06640625
13362,0.1811048984527588,1485.02734375
13363,0.2074131965637207,1485.96875
13364,0.16095733642578125,1485.77734375
13365,0.20371246337890625,1486.0625
13366,0.17680788040161133,1487.92578125
13367,0.19686293601989746,1487.0078125
13368,0.1998138427734375,1488.06640625
13369,0.19182896614074707,1486.984375
13370,0.24858784675598145,1486.765625
13371,0.19835209846496582,1487.62109375
13372,0.17780423164367676,1486.71875
13373,0.16091465950012207,1488.5390625
13374,0.2059314250946045,1488.4140625
13375,0.1697399616241455,1488.4296875
13376,0.19973278045654297,1488.0390625
13377,0.20022892951965332,1488.71875
13378,0.1805422306060791,1491.26171875
13379,0.19049429893493652,1488.94921875
13380,0.20669794082641602,1488.71875
13381,0.23130059242248535,1489.59375
13382,0.2008683681488037,1490.8203125
13383,0.18390560150146484,1489.18359375
13384,0.2192988395690918,1489.625
13385,0.14997386932373047,1488.3125
13386,0.22391557693481445,1488.15234375
13387,0.15279197692871094,1490.19140625
13388,0.11329388618469238,1489.046875
13389,0.18782401084899902,1490.265625
13390,0.16771912574768066,1488.52734375
13391,0.18645596504211426,1488.16015625
13392,0.16924667358398438,1488.671875
13393,0.12496447563171387,1489.21875
13394,0.1911303997039795,1490.15625
13395,0.12085127830505371,1489.33984375
13396,0.20913481712341309,1491.625
13397,0.17793965339660645,1489.796875
13398,0.19314932823181152,1489.4921875
13399,0.16472673416137695,1490.109375
13400,0.1887369155883789,1492.36328125
13401,0.16086578369140625,1490.21484375
13402,0.20759177207946777,1490.28515625
13403,0.2324521541595459,1489.40625
13404,0.18645143508911133,1490.42578125
13405,0.20010638236999512,1491.97265625
13406,0.17093443870544434,1488.8359375
13407,0.15982675552368164,1490.27734375
13408,0.20040035247802734,1490.09765625
13409,0.1771996021270752,1490.71875
13410,0.17793512344360352,1490.69140625
13411,0.20776700973510742,1491.40625
13412,0.1822342872619629,1489.64453125
13413,0.10626864433288574,1491.9453125
13414,0.14510822296142578,1492.34375
13415,0.18651461601257324,1491.828125
13416,0.1771833896636963,1491.71484375
13417,0.14641475677490234,1491.14453125
13418,0.16142559051513672,1492.83203125
13419,0.2150578498840332,1491.3828125
13420,0.20968842506408691,1490.8984375
13421,0.20758509635925293,1492.1171875
13422,0.21193480491638184,1490.74609375
13423,0.19193410873413086,1491.89453125
13424,0.225050687789917,1492.546875
13425,0.18403291702270508,1491.5390625
13426,0.19863486289978027,1492.421875
13427,0.1818692684173584,1491.85546875
13428,0.16968464851379395,1492.43359375
13429,0.24442362785339355,1492.109375
13430,0.18381047248840332,1493.00390625
13431,0.23366975784301758,1492.02734375
13432,0.18996691703796387,1493.6875
13433,0.22371339797973633,1494.01953125
13434,0.23667597770690918,1494.1015625
13435,0.2222459316253662,1492.2578125
13436,0.19956493377685547,1493.125
13437,0.08417224884033203,1491.375
13438,0.20589637756347656,1494.76953125
13439,0.2040553092956543,1495.0625
13440,0.1481330394744873,1495.09765625
13441,0.1833653450012207,1493.83984375
13442,0.18059611320495605,1495.06640625
13443,0.18724513053894043,1494.0390625
13444,0.26811838150024414,1494.875
13445,0.18799042701721191,1496.7265625
13446,0.22170233726501465,1495.94921875
13447,0.24825716018676758,1496.2734375
13448,0.21320343017578125,1498.66015625
13449,0.23812413215637207,1496.7265625
13450,0.1898510456085205,1495.6796875
13451,0.18607330322265625,1497.23046875
13452,0.22090530395507812,1497.5078125
13453,0.1973876953125,1499.22265625
13454,0.19238686561584473,1497.953125
13455,0.2119131088256836,1499.23046875
13456,0.16711163520812988,1496.97265625
13457,0.23987150192260742,1498.75390625
13458,0.14575910568237305,1500.40625
13459,0.19127392768859863,1499.94921875
13460,0.17294859886169434,1498.24609375
13461,0.1928853988647461,1498.875
13462,0.2123720645904541,1500.20703125
13463,0.25189757347106934,1499.15234375
13464,0.22414088249206543,1499.43359375
13465,0.22382354736328125,1500.08984375
13466,0.1963059902191162,1500.921875
13467,0.20981812477111816,1501.58203125
13468,0.22465205192565918,1499.60546875
13469,0.2683122158050537,1499.75390625
13470,0.20377779006958008,1500.4921875
13471,0.19658398628234863,1499.359375
13472,0.22445988655090332,1499.21875
13473,0.18489527702331543,1500.66015625
13474,0.19930219650268555,1498.19921875
13475,0.2095494270324707,1500.3671875
13476,0.1888270378112793,1499.53125
13477,0.17623639106750488,1499.85546875
13478,0.1768510341644287,1500.046875
13479,0.19618511199951172,1499.87890625
13480,0.12639355659484863,1499.63671875
13481,0.18528270721435547,1500.08203125
13482,0.1708056926727295,1498.96484375
13483,0.19637632369995117,1499.67578125
13484,0.17641782760620117,1502.796875
13485,0.1933586597442627,1501.38671875
13486,0.1623237133026123,1501.21875
13487,0.13343095779418945,1500.609375
13488,0.17453718185424805,1501.54296875
13489,0.1296846866607666,1498.53515625
13490,0.17041969299316406,1497.98046875
13491,0.1761322021484375,1501.0703125
13492,0.2094264030456543,1502.96875
13493,0.14954710006713867,1503.74609375
13494,0.18065857887268066,1501.7265625
13495,0.18908309936523438,1501.17578125
13496,0.15796947479248047,1502.58984375
13497,0.17673254013061523,1499.49609375
13498,0.18747401237487793,1504.171875
13499,0.16079235076904297,1502.8828125
13500,0.19244742393493652,1502.67578125
13501,0.16622209548950195,1502.7421875
13502,0.16192960739135742,1501.0546875
13503,0.18139100074768066,1502.38671875
13504,0.1509859561920166,1503.23046875
13505,0.1625063419342041,1502.73046875
13506,0.1499922275543213,1503.515625
13507,0.1945490837097168,1505.1953125
13508,0.08704662322998047,1501.90625
13509,0.16098403930664062,1502.16015625
13510,0.18049192428588867,1503.5703125
13511,0.16059589385986328,1503.8984375
13512,0.1608438491821289,1505.3671875
13513,0.19126033782958984,1505.65625
13514,0.1601417064666748,1505.78515625
13515,0.22809290885925293,1504.1796875
13516,0.16510868072509766,1505.2421875
13517,0.19188380241394043,1504.07421875
13518,0.18089962005615234,1505.27734375
13519,0.17273688316345215,1503.7734375
13520,0.09749317169189453,1504.79296875
13521,0.21232867240905762,1503.96484375
13522,0.23519349098205566,1505.3046875
13523,0.16588664054870605,1504.1953125
13524,0.16706085205078125,1504.1875
13525,0.193068265914917,1504.99609375
13526,0.18758034706115723,1505.4453125
13527,0.17166423797607422,1504.78515625
13528,0.14988017082214355,1504.40234375
13529,0.14834928512573242,1505.390625
13530,0.17099332809448242,1505.48046875
13531,0.2730991840362549,1505.296875
13532,0.16560935974121094,1504.953125
13533,0.18187856674194336,1507.34765625
13534,0.17681884765625,1505.796875
13535,0.2177426815032959,1507.93359375
13536,0.2120530605316162,1507.89453125
13537,0.2255110740661621,1507.69140625
13538,0.18424105644226074,1508.61328125
13539,0.18880987167358398,1507.43359375
13540,0.1640467643737793,1507.98046875
13541,0.1895740032196045,1507.73828125
13542,0.19058799743652344,1507.8984375
13543,0.1851799488067627,1508.53125
13544,0.21204543113708496,1507.59765625
13545,0.2317333221435547,1508.546875
13546,0.22020602226257324,1509.39453125
13547,0.16403484344482422,1509.26953125
13548,0.2278881072998047,1508.70703125
13549,0.17499709129333496,1508.65625
13550,0.2855069637298584,1508.28125
13551,0.1875922679901123,1507.71484375
13552,0.1797473430633545,1508.40234375
13553,0.1368241310119629,1508.23046875
13554,0.1604633331298828,1508.4609375
13555,0.19249582290649414,1508.01171875
13556,0.16347122192382812,1507.74609375
13557,0.15305876731872559,1508.77734375
13558,0.1881871223449707,1508.15234375
13559,0.16132330894470215,1508.828125
13560,0.18289828300476074,1508.42578125
13561,0.1855180263519287,1509.109375
13562,0.1916217803955078,1509.9140625
13563,0.1844174861907959,1508.65234375
13564,0.1495046615600586,1509.01171875
13565,0.17837834358215332,1509.23828125
13566,0.2115495204925537,1510.578125
13567,0.19459199905395508,1509.16796875
13568,0.15464115142822266,1509.81640625
13569,0.19794273376464844,1508.98046875
13570,0.17607831954956055,1508.32421875
13571,0.17611360549926758,1509.09375
13572,0.18188118934631348,1509.046875
13573,0.16791129112243652,1509.6640625
13574,0.15595054626464844,1509.69921875
13575,0.21647262573242188,1507.359375
13576,0.1874532699584961,1508.37109375
13577,0.18149757385253906,1510.9296875
13578,0.21833467483520508,1509.58203125
13579,0.20124173164367676,1509.56640625
13580,0.14472055435180664,1510.6953125
13581,0.14454889297485352,1511.42578125
13582,0.16341280937194824,1511.359375
13583,0.20708799362182617,1512.01953125
13584,0.21576595306396484,1509.77734375
13585,0.16021990776062012,1511.77734375
13586,0.17972564697265625,1510.76953125
13587,0.16890525817871094,1510.8203125
13588,0.17613458633422852,1510.6875
13589,0.09443140029907227,1511.109375
13590,0.17771148681640625,1513.6015625
13591,0.18917512893676758,1512.4453125
13592,0.16373276710510254,1510.53515625
13593,0.20954012870788574,1513.86328125
13594,0.2078864574432373,1513.0390625
13595,0.2108299732208252,1514.28125
13596,0.16144752502441406,1513.98828125
13597,0.2119884490966797,1513.140625
13598,0.21627545356750488,1515.2890625
13599,0.19829154014587402,1512.78515625
13600,0.18631482124328613,1514.078125
13601,0.16477346420288086,1513.74609375
13602,0.1801900863647461,1514.3046875
13603,0.20557165145874023,1514.421875
13604,0.1531696319580078,1515.328125
13605,0.19345617294311523,1514.79296875
13606,0.1980881690979004,1512.3046875
13607,0.11670279502868652,1514.6875
13608,0.17683792114257812,1513.76953125
13609,0.20782995223999023,1515.53515625
13610,0.22517156600952148,1514.84375
13611,0.17937350273132324,1514.28515625
13612,0.20441269874572754,1515.05078125
13613,0.1768631935119629,1515.37890625
13614,0.19196319580078125,1514.2578125
13615,0.2028040885925293,1515.54296875
13616,0.2018907070159912,1514.9609375
13617,0.18018484115600586,1515.42578125
13618,0.17752289772033691,1516.140625
13619,0.1855926513671875,1516.7578125
13620,0.18990230560302734,1513.8203125
13621,0.17882132530212402,1518.72265625
13622,0.1866624355316162,1516.1640625
13623,0.20266127586364746,1516.3046875
13624,0.1811070442199707,1518.55859375
13625,0.20766830444335938,1516.55078125
13626,0.15942025184631348,1516.3984375
13627,0.255662202835083,1517.2421875
13628,0.23346543312072754,1516.45703125
13629,0.1579418182373047,1521.015625
13630,0.18285608291625977,1519.625
13631,0.2090773582458496,1518.75
13632,0.20569896697998047,1517.46484375
13633,0.21535038948059082,1518.59375
13634,0.23677778244018555,1519.28125
13635,0.1945798397064209,1518.78515625
13636,0.21073246002197266,1518.12890625
13637,0.21546292304992676,1518.078125
13638,0.21291685104370117,1517.68359375
13639,0.1837632656097412,1517.0390625
13640,0.22644805908203125,1518.2890625
13641,0.19339251518249512,1520.44140625
13642,0.19247746467590332,1519.30859375
13643,0.1855630874633789,1518.40625
13644,0.23075294494628906,1519.15625
13645,0.22044754028320312,1518.953125
13646,0.22301077842712402,1519.56640625
13647,0.19283533096313477,1519.94140625
13648,0.17593646049499512,1519.8125
13649,0.20825934410095215,1518.62890625
13650,0.38654613494873047,1518.62890625
13651,0.12874698638916016,1520.80078125
13652,0.18380951881408691,1518.75
13653,0.22841835021972656,1518.9375
13654,0.20203542709350586,1521.37890625
13655,0.20205140113830566,1520.34765625
13656,0.2348647117614746,1520.11328125
13657,0.195814847946167,1519.87109375
13658,0.20107197761535645,1519.6953125
13659,0.20540881156921387,1522.46484375
13660,0.2150583267211914,1519.53515625
13661,0.23452115058898926,1520.44140625
13662,0.11229395866394043,1522.125
13663,0.21013164520263672,1519.8359375
13664,0.1764969825744629,1520.12109375
13665,0.18591547012329102,1521.296875
13666,0.18961715698242188,1521.1328125
13667,0.2248373031616211,1520.109375
13668,0.19249486923217773,1519.87109375
13669,0.15152478218078613,1521.8125
13670,0.20089292526245117,1521.97265625
13671,0.20245003700256348,1522.0859375
13672,0.22382688522338867,1521.66015625
13673,0.22276663780212402,1520.99609375
13674,0.22004270553588867,1522.7734375
13675,0.19644975662231445,1522.53515625
13676,0.2153613567352295,1524.7421875
13677,0.20865130424499512,1523.14453125
13678,0.20609188079833984,1523.765625
13679,0.24114274978637695,1523.109375
13680,0.2002711296081543,1522.6796875
13681,0.20489072799682617,1523.86328125
13682,0.17733383178710938,1523.56640625
13683,0.20070385932922363,1524.484375
13684,0.19550180435180664,1524.13671875
13685,0.24863958358764648,1525.25390625
13686,0.20456290245056152,1525.19921875
13687,0.1800706386566162,1525.3125
13688,0.13892149925231934,1525.89453125
13689,0.27524423599243164,1526.8828125
13690,0.1616203784942627,1526.39453125
13691,0.1944575309753418,1527.453125
13692,0.19174432754516602,1526.08984375
13693,0.2397291660308838,1527.80078125
13694,0.19733667373657227,1525.58984375
13695,0.17701315879821777,1526.6953125
13696,0.22418904304504395,1526.48828125
13697,0.2808103561401367,1527.03125
13698,0.1768660545349121,1526.046875
13699,0.2201557159423828,1525.59765625
13700,0.20230388641357422,1528.01953125
13701,0.17931818962097168,1525.4921875
13702,0.20523571968078613,1527.7421875
13703,0.25363588333129883,1530.9296875
13704,0.2188577651977539,1525.87890625
13705,0.11943817138671875,1526.95703125
13706,0.2532002925872803,1527.9296875
13707,0.22190380096435547,1526.375
13708,0.23349618911743164,1528.79296875
13709,0.20850276947021484,1529.18359375
13710,0.18854331970214844,1527.625
13711,0.19025874137878418,1527.0859375
13712,0.21305084228515625,1527.9609375
13713,0.22751426696777344,1530.09375
13714,0.21100378036499023,1529.3203125
13715,0.23460030555725098,1530.24609375
13716,0.23520541191101074,1530.40625
13717,0.1853325366973877,1528.75
13718,0.15311622619628906,1530.34375
13719,0.19312763214111328,1530.703125
13720,0.19977593421936035,1529.29296875
13721,0.21629881858825684,1531.3046875
13722,0.18281316757202148,1529.88671875
13723,0.14438700675964355,1529.6015625
13724,0.2456040382385254,1529.92578125
13725,0.1975550651550293,1529.6796875
13726,0.21277689933776855,1530.875
13727,0.14629006385803223,1529.796875
13728,0.23204803466796875,1529.7109375
13729,0.18552279472351074,1532.26171875
13730,0.22426319122314453,1530.29296875
13731,0.17216706275939941,1529.9765625
13732,0.1749429702758789,1530.4375
13733,0.23681187629699707,1530.171875
13734,0.1961379051208496,1530.02734375
13735,0.10415363311767578,1530.49609375
13736,0.22321796417236328,1531.828125
13737,0.20757842063903809,1531.5546875
13738,0.18584418296813965,1529.98046875
13739,0.185103178024292,1531.1875
13740,0.19164037704467773,1530.7578125
13741,0.13667631149291992,1530.21484375
13742,0.20571064949035645,1531.00390625
13743,0.1680307388305664,1531.1796875
13744,0.18899250030517578,1532.02734375
13745,0.12927794456481934,1531.62890625
13746,0.21686983108520508,1531.65625
13747,0.134385347366333,1531.6953125
13748,0.2077317237854004,1530.9375
13749,0.23966240882873535,1531.796875
13750,0.19679832458496094,1532.21875
13751,0.15972566604614258,1530.203125
13752,0.11853289604187012,1529.7421875
13753,0.09467005729675293,1530.8984375
13754,0.19287681579589844,1532.5
13755,0.20416975021362305,1531.28125
13756,0.19387245178222656,1533.5859375
13757,0.19446492195129395,1532.875
13758,0.17759132385253906,1533.83203125
13759,0.160508394241333,1532.3046875
13760,0.17359685897827148,1533.53125
13761,0.20316219329833984,1533.05859375
13762,0.14472293853759766,1533.2734375
13763,0.19245457649230957,1533.7265625
13764,0.23186087608337402,1533.234375
13765,0.20740008354187012,1534.09765625
13766,0.16151189804077148,1533.515625
13767,0.11461710929870605,1533.46484375
13768,0.17257022857666016,1534.140625
13769,0.1818077564239502,1535.31640625
13770,0.17637014389038086,1532.46484375
13771,0.19621753692626953,1533.1875
13772,0.23754239082336426,1532.5234375
13773,0.17885088920593262,1533.79296875
13774,0.21177268028259277,1534.8046875
13775,0.12000870704650879,1533.5703125
13776,0.15305280685424805,1533.5859375
13777,0.16592955589294434,1534.72265625
13778,0.2049698829650879,1534.296875
13779,0.12699627876281738,1534.515625
13780,0.18047642707824707,1532.49609375
13781,0.1635432243347168,1536.59765625
13782,0.16979598999023438,1533.41796875
13783,0.1287827491760254,1532.99609375
13784,0.17459988594055176,1533.21875
13785,0.1705787181854248,1534.97265625
13786,0.13437867164611816,1533.578125
13787,0.16326165199279785,1534.7421875
13788,0.24812960624694824,1535.046875
13789,0.17009949684143066,1534.1796875
13790,0.20334601402282715,1535.08203125
13791,0.18056559562683105,1536.57421875
13792,0.1811845302581787,1534.5390625
13793,0.14474940299987793,1535.734375
13794,0.20781183242797852,1535.56640625
13795,0.26845812797546387,1534.91015625
13796,0.1405956745147705,1535.18359375
13797,0.20151543617248535,1536.66796875
13798,0.18047881126403809,1535.18359375
13799,0.19370317459106445,1536.41796875
13800,0.17328238487243652,1536.26953125
13801,0.18373942375183105,1534.078125
13802,0.18019843101501465,1536.265625
13803,0.19401764869689941,1537.62890625
13804,0.15018391609191895,1539.6171875
13805,0.1513075828552246,1539.4375
13806,0.19778800010681152,1537.0546875
13807,0.19685697555541992,1537.265625
13808,0.16930794715881348,1537.16796875
13809,0.17853593826293945,1538.34765625
13810,0.17604970932006836,1538.0078125
13811,0.2131497859954834,1537.0078125
13812,0.13465595245361328,1538.0859375
13813,0.17173051834106445,1535.99609375
13814,0.22249364852905273,1537.15625
13815,0.211836576461792,1538.0546875
13816,0.14869332313537598,1538.40625
13817,0.19176864624023438,1538.87890625
13818,0.19919943809509277,1536.765625
13819,0.20733952522277832,1537.50390625
13820,0.12834453582763672,1536.78515625
13821,0.21354293823242188,1537.4765625
13822,0.16772794723510742,1540.1015625
13823,0.22838735580444336,1540.62109375
13824,0.23456811904907227,1539.81640625
13825,0.1858232021331787,1538.73046875
13826,0.14850592613220215,1540.3671875
13827,0.198974609375,1539.82421875
13828,0.17612266540527344,1540.0546875
13829,0.15995049476623535,1540.0
13830,0.08396100997924805,1538.69921875
13831,0.19799208641052246,1540.4609375
13832,0.15910601615905762,1538.84375
13833,0.16095423698425293,1538.96875
13834,0.16666555404663086,1539.63671875
13835,0.20647764205932617,1541.5625
13836,0.13118648529052734,1540.8359375
13837,0.13121533393859863,1541.15625
13838,0.20245742797851562,1539.06640625
13839,0.19232726097106934,1540.66796875
13840,0.18934965133666992,1539.5078125
13841,0.19968152046203613,1541.12890625
13842,0.18245148658752441,1540.37109375
13843,0.1556565761566162,1541.69140625
13844,0.20647454261779785,1539.77734375
13845,0.17671990394592285,1541.734375
13846,0.19960308074951172,1539.16796875
13847,0.20164036750793457,1540.80078125
13848,0.16951465606689453,1540.0625
13849,0.14738106727600098,1540.47265625
13850,0.2138078212738037,1540.51171875
13851,0.16784143447875977,1541.359375
13852,0.17998456954956055,1540.3984375
13853,0.1661384105682373,1541.99609375
13854,0.18095731735229492,1541.55859375
13855,0.1802358627319336,1541.23828125
13856,0.15801620483398438,1541.71875
13857,0.1711561679840088,1542.453125
13858,0.17400717735290527,1541.75
13859,0.18119168281555176,1544.1640625
13860,0.19664859771728516,1540.86328125
13861,0.20803356170654297,1541.6484375
13862,0.1793527603149414,1542.921875
13863,0.1985306739807129,1544.52734375
13864,0.2240126132965088,1542.60546875
13865,0.18738698959350586,1542.171875
13866,0.16388487815856934,1543.22265625
13867,0.17552971839904785,1544.1171875
13868,0.20650339126586914,1544.08984375
13869,0.13952302932739258,1543.35546875
13870,0.20812749862670898,1543.19921875
13871,0.1443159580230713,1543.46484375
13872,0.16035676002502441,1542.83203125
13873,0.1992635726928711,1542.58984375
13874,0.17588448524475098,1542.6953125
13875,0.15379834175109863,1542.8125
13876,0.1518418788909912,1542.37890625
13877,0.15985488891601562,1542.33984375
13878,0.1832265853881836,1543.4609375
13879,0.20350360870361328,1543.40234375
13880,0.1869373321533203,1544.24609375
13881,0.1759510040283203,1544.3203125
13882,0.126068115234375,1543.91796875
13883,0.1979532241821289,1544.34375
13884,0.24664664268493652,1543.59765625
13885,0.2006235122680664,1545.20703125
13886,0.17171907424926758,1543.09765625
13887,0.22298383712768555,1545.8125
13888,0.18305063247680664,1545.6484375
13889,0.1871044635772705,1547.24609375
13890,0.11358976364135742,1544.6640625
13891,0.17058658599853516,1544.73046875
13892,0.2079181671142578,1545.44921875
13893,0.20037484169006348,1547.29296875
13894,0.22777986526489258,1548.03125
13895,0.18284916877746582,1546.89453125
13896,0.2078540325164795,1547.6015625
13897,0.19773507118225098,1544.23828125
13898,0.1942133903503418,1548.10546875
13899,0.1839919090270996,1549.08203125
13900,0.19992876052856445,1547.41015625
13901,0.20014381408691406,1548.56640625
13902,0.1910266876220703,1548.51171875
13903,0.21044492721557617,1548.70703125
13904,0.21540236473083496,1549.078125
13905,0.19677066802978516,1548.09375
13906,0.21415925025939941,1550.30078125
13907,0.22301173210144043,1550.30859375
13908,0.23262333869934082,1548.8828125
13909,0.19893479347229004,1546.13671875
13910,0.22382283210754395,1549.328125
13911,0.20718812942504883,1552.30078125
13912,0.2074871063232422,1549.48046875
13913,0.1962895393371582,1549.23828125
13914,0.14783000946044922,1549.05078125
13915,0.22721505165100098,1550.17578125
13916,0.2275552749633789,1550.5234375
13917,0.1854405403137207,1552.45703125
13918,0.2273859977722168,1549.43359375
13919,0.23779964447021484,1551.33203125
13920,0.2128431797027588,1548.53515625
13921,0.16350865364074707,1549.05859375
13922,0.23382806777954102,1549.0234375
13923,0.14220404624938965,1550.35546875
13924,0.2499549388885498,1551.68359375
13925,0.19201326370239258,1551.3828125
13926,0.20857644081115723,1551.50390625
13927,0.2191016674041748,1550.65234375
13928,0.1811971664428711,1552.6484375
13929,0.09440135955810547,1550.4765625
13930,0.1511092185974121,1551.43359375
13931,0.1857609748840332,1550.19921875
13932,0.2140049934387207,1551.9375
13933,0.16036772727966309,1552.46875
13934,0.2239995002746582,1551.30078125
13935,0.22281956672668457,1551.9296875
13936,0.20542669296264648,1551.3359375
13937,0.1843581199645996,1550.66796875
13938,0.16986680030822754,1551.2734375
13939,0.19864296913146973,1551.7578125
13940,0.206223726272583,1550.859375
13941,0.1980905532836914,1551.08984375
13942,0.188279390335083,1554.1015625
13943,0.17580461502075195,1552.09765625
13944,0.1844954490661621,1553.30859375
13945,0.17209744453430176,1552.15625
13946,0.11452078819274902,1553.95703125
13947,0.14516830444335938,1554.640625
13948,0.16937875747680664,1554.2265625
13949,0.23686742782592773,1552.9453125
13950,0.1868588924407959,1553.8359375
13951,0.14430904388427734,1553.94140625
13952,0.1776590347290039,1554.98046875
13953,0.16759586334228516,1552.36328125
13954,0.21467876434326172,1552.40234375
13955,0.1796250343322754,1553.37109375
13956,0.1691122055053711,1551.52734375
13957,0.1429736614227295,1555.05078125
13958,0.1756126880645752,1553.94140625
13959,0.19759631156921387,1554.6796875
13960,0.21019721031188965,1553.9140625
13961,0.17448806762695312,1553.3125
13962,0.23121428489685059,1555.01171875
13963,0.19406652450561523,1554.34765625
13964,0.13088583946228027,1554.8984375
13965,0.1657571792602539,1554.77734375
13966,0.1798558235168457,1554.84765625
13967,0.16713547706604004,1556.31640625
13968,0.18602991104125977,1556.375
13969,0.17768645286560059,1555.30859375
13970,0.15288329124450684,1554.8671875
13971,0.17977428436279297,1557.59765625
13972,0.20785117149353027,1556.8671875
13973,0.21657276153564453,1558.0625
13974,0.2154073715209961,1557.54296875
13975,0.17906785011291504,1559.43359375
13976,0.1637284755706787,1557.98828125
13977,0.17656254768371582,1558.50390625
13978,0.20767879486083984,1558.62109375
13979,0.18523550033569336,1558.80078125
13980,0.1625816822052002,1560.9140625
13981,0.2019050121307373,1559.0234375
13982,0.1715402603149414,1559.79296875
13983,0.20814871788024902,1559.76953125
13984,0.1853196620941162,1559.76171875
13985,0.16525769233703613,1559.74609375
13986,0.16966962814331055,1561.59375
13987,0.12757349014282227,1561.265625
13988,0.19701814651489258,1560.90234375
13989,0.1828625202178955,1560.828125
13990,0.20944619178771973,1560.48828125
13991,0.18962645530700684,1560.55078125
13992,0.19176602363586426,1562.09375
13993,0.11419892311096191,1560.6640625
13994,0.17799735069274902,1560.95703125
13995,0.1819014549255371,1559.45703125
13996,0.19087529182434082,1562.140625
13997,0.1814281940460205,1559.91796875
13998,0.16872453689575195,1560.28515625
13999,0.11293196678161621,1561.8203125
14000,0.17555713653564453,1563.06640625
14001,0.18082380294799805,1560.54296875
14002,0.19815540313720703,1560.6171875
14003,0.18770551681518555,1562.35546875
14004,0.2082674503326416,1560.890625
14005,0.17935752868652344,1561.63671875
14006,0.19882893562316895,1560.62890625
14007,0.18142914772033691,1560.34765625
14008,0.20842504501342773,1561.6328125
14009,0.21017789840698242,1560.61328125
14010,0.17758917808532715,1562.10546875
14011,0.22698640823364258,1563.1171875
14012,0.21472454071044922,1561.75390625
14013,0.19042444229125977,1564.65234375
14014,0.1770617961883545,1562.75390625
14015,0.19265127182006836,1562.23046875
14016,0.1767899990081787,1561.296875
14017,0.16526341438293457,1563.3515625
14018,0.23228240013122559,1562.8671875
14019,0.16340994834899902,1563.05078125
14020,0.19188690185546875,1562.45703125
14021,0.29033946990966797,1561.75390625
14022,0.175734281539917,1564.1953125
14023,0.17651724815368652,1562.203125
14024,0.18554139137268066,1564.18359375
14025,0.25591111183166504,1562.515625
14026,0.20962262153625488,1562.296875
14027,0.1951465606689453,1561.46484375
14028,0.20805001258850098,1563.97265625
14029,0.17998337745666504,1563.99609375
14030,0.18190956115722656,1563.94921875
14031,0.19591856002807617,1564.39453125
14032,0.17574501037597656,1566.6640625
14033,0.2406001091003418,1565.47265625
14034,0.16715049743652344,1565.37109375
14035,0.20741009712219238,1564.7578125
14036,0.1602916717529297,1566.23828125
14037,0.21645092964172363,1565.5546875
14038,0.20700955390930176,1567.27734375
14039,0.16937518119812012,1563.49609375
14040,0.1700420379638672,1567.48828125
14041,0.17030692100524902,1565.04296875
14042,0.21427559852600098,1565.4921875
14043,0.13219094276428223,1563.27734375
14044,0.21354937553405762,1566.63671875
14045,0.21737957000732422,1564.8203125
14046,0.16553759574890137,1566.421875
14047,0.22343683242797852,1565.71875
14048,0.17373919486999512,1565.19921875
14049,0.2185077667236328,1564.65234375
14050,0.22658061981201172,1566.04296875
14051,0.18210053443908691,1565.25
14052,0.2722599506378174,1566.1484375
14053,0.2355966567993164,1565.25
14054,0.2815566062927246,1566.625
14055,0.2000408172607422,1565.80859375
14056,0.19744539260864258,1566.11328125
14057,0.20753812789916992,1566.0546875
14058,0.21027708053588867,1565.74609375
14059,0.23007869720458984,1564.07421875
14060,0.19633173942565918,1566.1796875
14061,0.15679430961608887,1567.29296875
14062,0.09517908096313477,1566.1796875
14063,0.19726133346557617,1567.94921875
14064,0.12307119369506836,1566.1875
14065,0.21276569366455078,1566.0546875
14066,0.13795900344848633,1568.1640625
14067,0.2282562255859375,1567.62890625
14068,0.1822202205657959,1566.453125
14069,0.19980669021606445,1567.91796875
14070,0.186415433883667,1567.5546875
14071,0.18760371208190918,1567.15234375
14072,0.19098234176635742,1566.65234375
14073,0.20442819595336914,1570.02734375
14074,0.20550823211669922,1568.79296875
14075,0.2131960391998291,1569.5625
14076,0.222398042678833,1568.85546875
14077,0.2507321834564209,1569.71484375
14078,0.2151796817779541,1569.71484375
14079,0.2289741039276123,1570.1796875
14080,0.2811572551727295,1568.42578125
14081,0.3237755298614502,1569.8125
14082,0.22890925407409668,1568.3515625
14083,0.2077500820159912,1570.91015625
14084,0.16448402404785156,1569.66015625
14085,0.225355863571167,1570.83203125
14086,0.2001338005065918,1570.234375
14087,0.18433284759521484,1569.88671875
14088,0.20798754692077637,1566.16015625
14089,0.1825563907623291,1569.47265625
14090,0.24184679985046387,1569.63671875
14091,0.21874523162841797,1568.94140625
14092,0.19712519645690918,1568.53515625
14093,0.22809696197509766,1569.67578125
14094,0.17227768898010254,1568.95703125
14095,0.18968605995178223,1570.84375
14096,0.21161460876464844,1570.94140625
14097,0.24459314346313477,1571.51953125
14098,0.1946277618408203,1570.3515625
14099,0.22823047637939453,1571.25390625
14100,0.26897668838500977,1572.17578125
14101,0.25673937797546387,1571.40625
14102,0.18580317497253418,1571.9296875
14103,0.25427961349487305,1571.56640625
14104,0.2107090950012207,1570.26171875
14105,0.26317548751831055,1572.41015625
14106,0.1715242862701416,1571.3203125
14107,0.22634124755859375,1571.65625
14108,0.0992896556854248,1574.25
14109,0.1814730167388916,1574.62109375
14110,0.2015087604522705,1572.06640625
14111,0.1964108943939209,1572.75
14112,0.2433300018310547,1572.69140625
14113,0.20624041557312012,1572.640625
14114,0.21575236320495605,1571.640625
14115,0.1845085620880127,1570.35546875
14116,0.12716984748840332,1569.80859375
14117,0.23067975044250488,1572.09765625
14118,0.17101430892944336,1571.3359375
14119,0.18692231178283691,1572.625
14120,0.20601224899291992,1572.7421875
14121,0.11438369750976562,1573.1796875
14122,0.18048095703125,1573.52734375
14123,0.16028666496276855,1575.57421875
14124,0.19887185096740723,1573.12109375
14125,0.1854410171508789,1572.39453125
14126,0.20614027976989746,1572.30859375
14127,0.21460485458374023,1574.49609375
14128,0.17890119552612305,1574.65234375
14129,0.21428847312927246,1573.46875
14130,0.19727778434753418,1575.34375
14131,0.2478935718536377,1573.6640625
14132,0.17769861221313477,1575.125
14133,0.21313881874084473,1573.03125
14134,0.2408592700958252,1574.90234375
14135,0.2112119197845459,1574.0390625
14136,0.21115970611572266,1574.22265625
14137,0.19929909706115723,1574.2734375
14138,0.22983264923095703,1575.47265625
14139,0.195267915725708,1576.7265625
14140,0.18384981155395508,1575.4140625
14141,0.19431757926940918,1577.1484375
14142,0.2565944194793701,1576.64453125
14143,0.15635919570922852,1575.1875
14144,0.1552121639251709,1576.9765625
14145,0.18355679512023926,1578.109375
14146,0.08617877960205078,1574.48828125
14147,0.13895869255065918,1575.1875
14148,0.17978858947753906,1578.16015625
14149,0.06488680839538574,1576.53515625
14150,0.16327214241027832,1577.09375
14151,0.18886089324951172,1576.51953125
14152,0.18236660957336426,1575.9921875
14153,0.20038866996765137,1577.90234375
14154,0.20638179779052734,1576.609375
14155,0.11411070823669434,1577.109375
14156,0.17461872100830078,1576.65625
14157,0.20186138153076172,1577.9375
14158,0.2198786735534668,1578.22265625
14159,0.20559048652648926,1577.97265625
14160,0.15860843658447266,1575.45703125
14161,0.18524551391601562,1575.96875
14162,0.1935436725616455,1575.578125
14163,0.15890741348266602,1575.55859375
14164,0.14893531799316406,1578.0234375
14165,0.24718904495239258,1575.8984375
14166,0.17665934562683105,1576.3359375
14167,0.14786458015441895,1579.45703125
14168,0.1616649627685547,1577.0
14169,0.18899750709533691,1576.8984375
14170,0.19019222259521484,1577.6640625
14171,0.14768552780151367,1578.34375
14172,0.08943057060241699,1578.0546875
14173,0.18094873428344727,1577.6875
14174,0.12257599830627441,1576.9453125
14175,0.20460295677185059,1577.51953125
14176,0.20233416557312012,1577.5859375
14177,0.20356106758117676,1577.44140625
14178,0.21132421493530273,1580.40625
14179,0.20607328414916992,1579.70703125
14180,0.1646878719329834,1577.94921875
14181,0.19916749000549316,1578.40234375
14182,0.19314789772033691,1579.9609375
14183,0.19140887260437012,1579.59375
14184,0.20471906661987305,1579.15625
14185,0.1789548397064209,1579.0703125
14186,0.19653749465942383,1581.1875
14187,0.19248127937316895,1579.8359375
14188,0.20867061614990234,1581.3203125
14189,0.2048814296722412,1581.66015625
14190,0.2079601287841797,1583.8671875
14191,0.2308952808380127,1582.6875
14192,0.21962690353393555,1582.30859375
14193,0.23057866096496582,1582.26171875
14194,0.2142024040222168,1580.046875
14195,0.20204854011535645,1583.5546875
14196,0.20654535293579102,1581.34375
14197,0.14945173263549805,1583.33984375
14198,0.1916196346282959,1582.58203125
14199,0.21543550491333008,1583.0703125
14200,0.2118678092956543,1583.625
14201,0.14406037330627441,1582.23046875
14202,0.17901992797851562,1581.03125
14203,0.19425320625305176,1582.6015625
14204,0.18161225318908691,1583.33984375
14205,0.14033269882202148,1582.53515625
14206,0.19286346435546875,1584.125
14207,0.22422122955322266,1583.64453125
14208,0.17724323272705078,1582.42578125
14209,0.17419171333312988,1582.109375
14210,0.13547801971435547,1584.01171875
14211,0.178863525390625,1583.0
14212,0.20705366134643555,1582.671875
14213,0.16228294372558594,1583.61328125
14214,0.16291546821594238,1584.34765625
14215,0.2262718677520752,1583.09375
14216,0.19394326210021973,1584.50390625
14217,0.20995283126831055,1584.85546875
14218,0.16728472709655762,1583.7890625
14219,0.20077967643737793,1586.25
14220,0.29638028144836426,1585.25
14221,0.2172718048095703,1582.9765625
14222,0.1770000457763672,1583.79296875
14223,0.22899627685546875,1585.26171875
14224,0.2060689926147461,1584.35546875
14225,0.1882631778717041,1583.6796875
14226,0.18415164947509766,1584.92578125
14227,0.18781709671020508,1584.27734375
14228,0.19099664688110352,1582.62109375
14229,0.1863079071044922,1583.6015625
14230,0.2251596450805664,1583.0546875
14231,0.19295620918273926,1585.91015625
14232,0.24161410331726074,1584.7421875
14233,0.1744098663330078,1585.5078125
14234,0.1577463150024414,1585.49609375
14235,0.141340970993042,1584.6484375
14236,0.22783565521240234,1584.2890625
14237,0.18735718727111816,1583.47265625
14238,0.14051079750061035,1583.89453125
14239,0.22083330154418945,1584.84765625
14240,0.2178516387939453,1587.140625
14241,0.16722583770751953,1584.14453125
14242,0.17757678031921387,1585.28125
14243,0.14417314529418945,1584.9921875
14244,0.21469759941101074,1585.63671875
14245,0.21015334129333496,1587.05078125
14246,0.18228888511657715,1586.20703125
14247,0.14764714241027832,1587.328125
14248,0.20877599716186523,1586.09765625
14249,0.20122599601745605,1588.5078125
14250,0.20952653884887695,1586.25390625
14251,0.17884278297424316,1586.99609375
14252,0.1631772518157959,1586.89453125
14253,0.22335433959960938,1586.57421875
14254,0.2403581142425537,1587.10546875
14255,0.21238136291503906,1586.9140625
14256,0.1516892910003662,1588.2578125
14257,0.4665374755859375,1587.1171875
14258,0.4611663818359375,1586.98828125
14259,0.18817925453186035,1587.37890625
14260,0.2944602966308594,1586.96875
14261,0.2534801959991455,1588.203125
14262,0.24668312072753906,1589.36328125
14263,0.20608162879943848,1588.7890625
14264,0.21254730224609375,1587.33203125
14265,0.1714024543762207,1588.1484375
14266,0.19955086708068848,1590.92578125
14267,0.20029520988464355,1590.2265625
14268,0.17897367477416992,1586.6953125
14269,0.19487905502319336,1590.66796875
14270,0.21933984756469727,1589.84375
14271,0.1937274932861328,1589.3203125
14272,0.1260054111480713,1590.6875
14273,0.22137188911437988,1591.1796875
14274,0.20762920379638672,1589.53125
14275,0.23315906524658203,1590.875
14276,0.17679405212402344,1590.515625
14277,0.19944286346435547,1591.21484375
14278,0.17763638496398926,1592.19140625
14279,0.19474434852600098,1591.1171875
14280,0.23574209213256836,1590.703125
14281,0.2535710334777832,1591.3046875
14282,0.24131083488464355,1591.25390625
14283,0.2162766456604004,1591.21484375
14284,0.17089152336120605,1593.22265625
14285,0.2002878189086914,1591.45703125
14286,0.19672083854675293,1593.359375
14287,0.16865015029907227,1592.44921875
14288,0.22977995872497559,1593.19921875
14289,0.11687469482421875,1592.57421875
14290,0.18447017669677734,1593.265625
14291,0.20342707633972168,1593.82421875
14292,0.16954278945922852,1594.375
14293,0.1745145320892334,1592.61328125
14294,0.25020813941955566,1594.3671875
14295,0.24607348442077637,1592.70703125
14296,0.18683910369873047,1594.03515625
14297,0.2166287899017334,1592.88671875
14298,0.21987700462341309,1592.83984375
14299,0.21188092231750488,1594.125
14300,0.2377758026123047,1593.171875
14301,0.2915925979614258,1591.765625
14302,0.21144914627075195,1594.86328125
14303,0.18595504760742188,1593.83203125
14304,0.2080843448638916,1594.22265625
14305,0.23430442810058594,1594.27734375
14306,0.15466904640197754,1592.94140625
14307,0.1854853630065918,1595.06640625
14308,0.1528797149658203,1593.56640625
14309,0.15323567390441895,1594.0546875
14310,0.21444368362426758,1593.26953125
14311,0.19219684600830078,1595.62109375
14312,0.20832586288452148,1594.53515625
14313,0.12134933471679688,1594.39453125
14314,0.16112446784973145,1592.73046875
14315,0.22729015350341797,1597.03515625
14316,0.21049237251281738,1594.69140625
14317,0.1855485439300537,1592.890625
14318,0.19541192054748535,1593.62109375
14319,0.22423267364501953,1592.9453125
14320,0.22046947479248047,1593.4921875
14321,0.1333916187286377,1593.453125
14322,0.1230158805847168,1592.796875
14323,0.14174342155456543,1593.28125
14324,0.1477651596069336,1592.9921875
14325,0.18231964111328125,1593.11328125
14326,0.19530582427978516,1592.96875
14327,0.2604851722717285,1592.375
14328,0.16761136054992676,1593.609375
14329,0.22916674613952637,1595.00390625
14330,0.1833493709564209,1592.8828125
14331,0.20952963829040527,1593.6953125
14332,0.1912238597869873,1595.01953125
14333,0.19362545013427734,1593.921875
14334,0.21419048309326172,1594.22265625
14335,0.3591902256011963,1595.81640625
14336,0.2960188388824463,1593.76171875
14337,0.2131483554840088,1594.4921875
14338,0.2111659049987793,1595.75390625
14339,0.18412399291992188,1595.43359375
14340,0.2494349479675293,1597.00390625
14341,0.19136404991149902,1596.78515625
14342,0.19086813926696777,1596.91015625
14343,0.193833589553833,1596.6640625
14344,0.16877412796020508,1596.20703125
14345,0.20492959022521973,1597.70703125
14346,0.08778810501098633,1596.7109375
14347,0.2236177921295166,1598.515625
14348,0.18610858917236328,1597.73046875
14349,0.21386027336120605,1597.14453125
14350,0.19528794288635254,1598.55859375
14351,0.17099857330322266,1598.4375
14352,0.21731853485107422,1598.50390625
14353,0.21045613288879395,1599.1875
14354,0.22090673446655273,1599.86328125
14355,0.24158287048339844,1598.3984375
14356,0.1757512092590332,1598.69921875
14357,0.21746039390563965,1599.65625
14358,0.17410731315612793,1599.421875
14359,0.2694406509399414,1598.5078125
14360,0.1432204246520996,1598.03515625
14361,0.19859743118286133,1598.71875
14362,0.19809460639953613,1598.296875
14363,0.12299704551696777,1599.71484375
14364,0.20189476013183594,1605.61328125
14365,0.20535063743591309,1599.99609375
14366,0.20244193077087402,1599.66015625
14367,0.1955125331878662,1600.05078125
14368,0.17084550857543945,1600.76171875
14369,0.21088004112243652,1600.79296875
14370,0.2000436782836914,1601.5625
14371,0.1640002727508545,1600.17578125
14372,0.2546992301940918,1600.6171875
14373,0.21179485321044922,1601.08203125
14374,0.1775989532470703,1602.57421875
14375,0.23293638229370117,1601.828125
14376,0.19256949424743652,1602.74609375
14377,0.25626230239868164,1601.734375
14378,0.16774892807006836,1603.03515625
14379,0.1569516658782959,1602.2890625
14380,0.295579195022583,1602.26171875
14381,0.1912691593170166,1602.76171875
14382,0.21860980987548828,1601.296875
14383,0.19002866744995117,1601.00390625
14384,0.2301163673400879,1601.7109375
14385,0.21775150299072266,1602.59765625
14386,0.24267959594726562,1602.32421875
14387,0.17058753967285156,1601.2734375
14388,0.24286890029907227,1602.13671875
14389,0.22878122329711914,1603.578125
14390,0.20981979370117188,1601.046875
14391,0.19294190406799316,1603.1640625
14392,0.1991124153137207,1603.9296875
14393,0.2552344799041748,1604.46875
14394,0.16231775283813477,1604.2734375
14395,0.1441662311553955,1603.453125
14396,0.1693711280822754,1603.60546875
14397,0.1992967128753662,1603.6328125
14398,0.19581174850463867,1603.21484375
14399,0.21470141410827637,1604.32421875
14400,0.20781970024108887,1603.80078125
14401,0.21422767639160156,1604.07421875
14402,0.15975022315979004,1603.5078125
14403,0.2158493995666504,1602.26171875
14404,0.08106565475463867,1602.96875
14405,0.0974276065826416,1603.17578125
14406,0.15884160995483398,1604.375
14407,0.2017974853515625,1604.1484375
14408,0.19325494766235352,1604.93359375
14409,0.14392971992492676,1603.8359375
14410,0.20662975311279297,1604.65625
14411,0.17578506469726562,1603.2890625
14412,0.20505070686340332,1606.89453125
14413,0.20636606216430664,1605.78515625
14414,0.18662428855895996,1604.19140625
14415,0.22015833854675293,1606.15625
14416,0.21345019340515137,1603.9296875
14417,0.1809084415435791,1605.984375
14418,0.17557740211486816,1604.8828125
14419,0.16221356391906738,1604.2578125
14420,0.17855429649353027,1605.45703125
14421,0.18723487854003906,1603.60546875
14422,0.18136000633239746,1603.79296875
14423,0.19254684448242188,1605.08984375
14424,0.18779253959655762,1605.78125
14425,0.15914368629455566,1606.6484375
14426,0.1817796230316162,1605.31640625
14427,0.20504975318908691,1604.66796875
14428,0.21017146110534668,1606.0546875
14429,0.21061301231384277,1605.0234375
14430,0.1930100917816162,1605.859375
14431,0.11875677108764648,1605.45703125
14432,0.16239714622497559,1604.32421875
14433,0.21834683418273926,1605.60546875
14434,0.2621283531188965,1602.28515625
14435,0.1252608299255371,1605.8125
14436,0.21219801902770996,1606.6875
14437,0.1676955223083496,1605.80078125
14438,0.18560361862182617,1605.84375
14439,0.34903907775878906,1607.73828125
14440,0.22098946571350098,1608.14453125
14441,0.17468881607055664,1608.58203125
14442,0.20392704010009766,1607.22265625
14443,0.21089529991149902,1607.0703125
14444,0.20419621467590332,1605.65625
14445,0.19863224029541016,1607.35546875
14446,0.19221210479736328,1606.65625
14447,0.14650273323059082,1605.93359375
14448,0.1928098201751709,1607.3203125
14449,0.18279290199279785,1608.484375
14450,0.15062451362609863,1608.25390625
14451,0.1736760139465332,1609.82421875
14452,0.2185204029083252,1608.48046875
14453,0.20589566230773926,1605.78125
14454,0.17540574073791504,1608.296875
14455,0.2074267864227295,1608.8359375
14456,0.14839887619018555,1607.85546875
14457,0.18598389625549316,1610.01171875
14458,0.24854373931884766,1609.58203125
14459,0.1900944709777832,1609.09375
14460,0.1337878704071045,1607.8359375
14461,0.17801213264465332,1610.3984375
14462,0.16273236274719238,1608.28515625
14463,0.1739041805267334,1608.77734375
14464,0.2042849063873291,1608.12109375
14465,0.21431660652160645,1607.6875
14466,0.19037747383117676,1608.81640625
14467,0.18193793296813965,1608.51953125
14468,0.21151137351989746,1607.28125
14469,0.18612933158874512,1608.28125
14470,0.19718551635742188,1610.08203125
14471,0.14405345916748047,1609.6953125
14472,0.17746186256408691,1608.7890625
14473,0.15147781372070312,1609.7578125
14474,0.09430980682373047,1608.37890625
14475,0.16039085388183594,1610.49609375
14476,0.2285923957824707,1608.1640625
14477,0.16520047187805176,1609.390625
14478,0.1601271629333496,1608.36328125
14479,0.17345833778381348,1610.3984375
14480,0.14421749114990234,1609.05859375
14481,0.20144081115722656,1608.78125
14482,0.1765291690826416,1609.57421875
14483,0.11125707626342773,1608.921875
14484,0.17775940895080566,1611.30859375
14485,0.2191779613494873,1609.796875
14486,0.18508052825927734,1611.8515625
14487,0.15283775329589844,1611.76171875
14488,0.19309329986572266,1611.70703125
14489,0.15006470680236816,1611.16015625
14490,0.19737696647644043,1611.7109375
14491,0.17536115646362305,1614.75390625
14492,0.17676258087158203,1613.484375
14493,0.20725560188293457,1614.9609375
14494,0.20497417449951172,1614.60546875
14495,0.12775492668151855,1615.140625
14496,0.1822042465209961,1612.546875
14497,0.13144564628601074,1612.1484375
14498,0.21078896522521973,1614.09765625
14499,0.17359256744384766,1614.609375
14500,0.20488572120666504,1614.4375
14501,0.09701800346374512,1614.90625
14502,0.1803421974182129,1614.078125
14503,0.18112421035766602,1615.8828125
14504,0.15548348426818848,1616.265625
14505,0.18886113166809082,1614.6171875
14506,0.15296578407287598,1616.69921875
14507,0.20388388633728027,1613.84765625
14508,0.16729474067687988,1614.19921875
14509,0.19263458251953125,1613.72265625
14510,0.1932539939880371,1616.5390625
14511,0.16150927543640137,1614.30078125
14512,0.18035197257995605,1614.734375
14513,0.17628741264343262,1615.1015625
14514,0.15902924537658691,1615.72265625
14515,0.16502618789672852,1614.60546875
14516,0.18266916275024414,1615.328125
14517,0.16447854042053223,1616.25
14518,0.3537428379058838,1615.1171875
14519,0.17308735847473145,1613.95703125
14520,0.13323545455932617,1613.890625
14521,0.1842648983001709,1615.71484375
14522,0.17356586456298828,1614.5703125
14523,0.17000460624694824,1614.7265625
14524,0.21164631843566895,1617.59375
14525,0.34620237350463867,1615.3984375
14526,0.20394229888916016,1617.25390625
14527,0.16990923881530762,1616.9140625
14528,0.16721367835998535,1616.41796875
14529,0.174360990524292,1616.56640625
14530,0.16443729400634766,1616.46875
14531,0.14562535285949707,1616.921875
14532,0.19362115859985352,1616.75390625
14533,0.17869305610656738,1616.5390625
14534,0.22588419914245605,1617.5078125
14535,0.19059252738952637,1618.2578125
14536,0.22062897682189941,1617.4375
14537,0.18583083152770996,1618.91796875
14538,0.2333366870880127,1617.1953125
14539,0.2822892665863037,1618.5859375
14540,0.17178702354431152,1617.6796875
14541,0.20217251777648926,1617.70703125
14542,0.20772790908813477,1619.75
14543,0.13835692405700684,1619.0390625
14544,0.20972394943237305,1617.9375
14545,0.1729717254638672,1620.21875
14546,0.11792540550231934,1617.58203125
14547,0.19670367240905762,1617.625
14548,0.14695191383361816,1618.859375
14549,0.19214200973510742,1619.1171875
14550,0.19219756126403809,1617.40234375
14551,0.20514869689941406,1618.6484375
14552,0.08610916137695312,1618.3515625
14553,0.1754283905029297,1619.5546875
14554,0.19550800323486328,1620.75
14555,0.11368536949157715,1619.77734375
14556,0.14373064041137695,1619.55859375
14557,0.18611669540405273,1619.68359375
14558,0.20494413375854492,1618.7890625
14559,0.1794297695159912,1618.3359375
14560,0.21199703216552734,1619.58203125
14561,0.18750381469726562,1618.78125
14562,0.1803741455078125,1619.48046875
14563,0.15630030632019043,1619.73828125
14564,0.19399642944335938,1619.43359375
14565,0.15478229522705078,1618.890625
14566,0.18407225608825684,1619.96484375
14567,0.19837331771850586,1620.55859375
14568,0.21646761894226074,1618.609375
14569,0.1741631031036377,1619.15234375
14570,0.16318702697753906,1618.93359375
14571,0.1457517147064209,1620.9609375
14572,0.17331981658935547,1620.09375
14573,0.20905661582946777,1620.09765625
14574,0.2054743766784668,1619.640625
14575,0.1434154510498047,1619.4765625
14576,0.17618393898010254,1619.5
14577,0.19347882270812988,1620.61328125
14578,0.18329071998596191,1621.94921875
14579,0.1802833080291748,1620.41015625
14580,0.181321382522583,1621.484375
14581,0.20237302780151367,1621.6015625
14582,0.14510798454284668,1624.3671875
14583,0.19164657592773438,1621.828125
14584,0.24463295936584473,1622.6015625
14585,0.22591376304626465,1622.25
14586,0.2101149559020996,1623.87109375
14587,0.18906307220458984,1625.09765625
14588,0.22796320915222168,1623.453125
14589,0.2024679183959961,1623.4453125
14590,0.1693568229675293,1623.1015625
14591,0.2264404296875,1625.8125
14592,0.18426156044006348,1627.34375
14593,0.22136569023132324,1626.6953125
14594,0.15521907806396484,1626.68359375
14595,0.17444920539855957,1625.390625
14596,0.23712396621704102,1627.0
14597,0.217573881149292,1628.91796875
14598,0.2383129596710205,1627.62109375
14599,0.20168399810791016,1625.9140625
14600,0.18266034126281738,1627.05859375
14601,0.21056056022644043,1627.07421875
14602,0.21674704551696777,1627.0390625
14603,0.18480467796325684,1626.51171875
14604,0.19319844245910645,1628.71875
14605,0.21379470825195312,1627.16015625
14606,0.19139313697814941,1627.421875
14607,0.18640851974487305,1628.4765625
14608,0.1511821746826172,1626.8515625
14609,0.1754453182220459,1626.9140625
14610,0.18417596817016602,1626.53515625
14611,0.09887313842773438,1629.16796875
14612,0.17263412475585938,1626.90234375
14613,0.1734001636505127,1628.24609375
14614,0.15901756286621094,1626.9375
14615,0.14864039421081543,1626.62890625
14616,0.21043133735656738,1625.96484375
14617,0.17435884475708008,1626.3125
14618,0.20464301109313965,1626.5859375
14619,0.13680458068847656,1627.94140625
14620,0.15602803230285645,1627.93359375
14621,0.21745991706848145,1625.765625
14622,0.18951010704040527,1628.76953125
14623,0.16840481758117676,1627.2890625
14624,0.15482735633850098,1627.75
14625,0.19352483749389648,1628.9765625
14626,0.16982555389404297,1629.02734375
14627,0.22075724601745605,1627.39453125
14628,0.16959285736083984,1628.5078125
14629,0.2005634307861328,1627.375
14630,0.23924016952514648,1628.05078125
14631,0.11468935012817383,1628.75
14632,0.18180465698242188,1628.64453125
14633,0.20000910758972168,1628.0859375
14634,0.16903209686279297,1626.48828125
14635,0.1423630714416504,1626.3359375
14636,0.20149946212768555,1630.4765625
14637,0.1711585521697998,1628.6640625
14638,0.21583175659179688,1627.88671875
14639,0.1955857276916504,1632.5859375
14640,0.1745593547821045,1628.21875
14641,0.18893074989318848,1628.390625
14642,0.15999436378479004,1628.671875
14643,0.20028138160705566,1629.94140625
14644,0.16211462020874023,1629.33203125
14645,0.1688251495361328,1628.65234375
14646,0.16878390312194824,1628.96484375
14647,0.2056734561920166,1629.01171875
14648,0.1652984619140625,1629.2734375
14649,0.18052387237548828,1630.703125
14650,0.18886566162109375,1629.63671875
14651,0.2077324390411377,1628.0625
14652,0.19428300857543945,1628.0
14653,0.1781933307647705,1629.0703125
14654,0.17764544486999512,1628.90234375
14655,0.16022610664367676,1628.8203125
14656,0.16619277000427246,1629.80859375
14657,0.21863889694213867,1630.8203125
14658,0.17693853378295898,1631.9921875
14659,0.17508506774902344,1632.015625
14660,0.16395020484924316,1632.9921875
14661,0.1511702537536621,1631.65625
14662,0.18844366073608398,1630.91015625
14663,0.19787836074829102,1632.4375
14664,0.259631872177124,1629.953125
14665,0.15478086471557617,1631.640625
14666,0.16154742240905762,1631.1796875
14667,0.13426923751831055,1631.1953125
14668,0.16441655158996582,1631.375
14669,0.0883028507232666,1630.0546875
14670,0.17345738410949707,1632.609375
14671,0.17632794380187988,1631.01171875
14672,0.18730902671813965,1630.671875
14673,0.14400744438171387,1633.203125
14674,0.13963818550109863,1633.10546875
14675,0.20873165130615234,1631.70703125
14676,0.17123055458068848,1632.68359375
14677,0.19466924667358398,1635.33984375
14678,0.1928997039794922,1633.078125
14679,0.19602155685424805,1632.78125
14680,0.14937853813171387,1634.078125
14681,0.16661953926086426,1633.27734375
14682,0.149491548538208,1632.94140625
14683,0.1485741138458252,1632.625
14684,0.17572808265686035,1635.734375
14685,0.17672085762023926,1632.35546875
14686,0.17984700202941895,1634.16015625
14687,0.1072998046875,1632.4140625
14688,0.18522143363952637,1631.7734375
14689,0.17211174964904785,1631.50390625
14690,0.186537504196167,1634.65625
14691,0.19915008544921875,1631.6640625
14692,0.16667771339416504,1632.390625
14693,0.17862272262573242,1632.078125
14694,0.1550612449645996,1633.14453125
14695,0.1514430046081543,1633.5234375
14696,0.17043781280517578,1633.46875
14697,0.17230534553527832,1632.60546875
14698,0.18958592414855957,1632.49609375
14699,0.20245099067687988,1633.640625
14700,0.18674778938293457,1636.84765625
14701,0.198655366897583,1635.31640625
14702,0.2085881233215332,1635.6015625
14703,0.13816046714782715,1636.06640625
14704,0.1726515293121338,1636.0703125
14705,0.18210768699645996,1636.0703125
14706,0.16241931915283203,1634.5703125
14707,0.1608264446258545,1635.3671875
14708,0.2140486240386963,1635.91015625
14709,0.17422699928283691,1635.359375
14710,0.17187118530273438,1636.1875
14711,0.15259456634521484,1637.35546875
14712,0.16782355308532715,1636.3125
14713,0.1784517765045166,1634.8828125
14714,0.11478829383850098,1635.921875
14715,0.21411705017089844,1636.9609375
14716,0.14704394340515137,1635.73046875
14717,0.19065380096435547,1637.0859375
14718,0.24673986434936523,1639.08203125
14719,0.1861710548400879,1636.44140625
14720,0.14719033241271973,1636.2734375
14721,0.19623827934265137,1635.88671875
14722,0.23407554626464844,1636.7109375
14723,0.2053055763244629,1637.3984375
14724,0.21399641036987305,1636.95703125
14725,0.14769577980041504,1636.05859375
14726,0.1735682487487793,1636.4296875
14727,0.14808249473571777,1636.4765625
14728,0.19145464897155762,1636.1640625
14729,0.1793992519378662,1638.11328125
14730,0.1457080841064453,1635.62109375
14731,0.13367486000061035,1637.82421875
14732,0.17529058456420898,1635.83984375
14733,0.15076017379760742,1636.0390625
14734,0.17062830924987793,1635.90625
14735,0.19838809967041016,1637.375
14736,0.1771552562713623,1636.95703125
14737,0.15682435035705566,1635.57421875
14738,0.13786816596984863,1637.859375
14739,0.2470536231994629,1638.5546875
14740,0.17391252517700195,1638.23828125
14741,0.1743335723876953,1637.53125
14742,0.1619424819946289,1637.46484375
14743,0.11893558502197266,1638.703125
14744,0.22120189666748047,1638.5078125
14745,0.15209627151489258,1640.55078125
14746,0.15956902503967285,1638.1484375
14747,0.16639018058776855,1638.296875
14748,0.15227174758911133,1638.40625
14749,0.1293199062347412,1640.25390625
14750,0.18194341659545898,1638.98046875
14751,0.21683335304260254,1638.625
14752,0.1666407585144043,1639.25390625
14753,0.086822509765625,1639.875
14754,0.17943572998046875,1638.97265625
14755,0.19092345237731934,1638.85546875
14756,0.163238525390625,1640.77734375
14757,0.17969083786010742,1639.04296875
14758,0.19258928298950195,1638.8828125
14759,0.15090370178222656,1639.10546875
14760,0.12865376472473145,1640.5546875
14761,0.15663743019104004,1641.26171875
14762,0.16652202606201172,1640.10546875
14763,0.2319786548614502,1640.18359375
14764,0.18525910377502441,1641.17578125
14765,0.14948749542236328,1638.6484375
14766,0.24730396270751953,1641.27734375
14767,0.15825343132019043,1641.8203125
14768,0.18553757667541504,1640.6953125
14769,0.14775466918945312,1643.5234375
14770,0.19193100929260254,1642.8984375
14771,0.2068185806274414,1640.3515625
14772,0.19428181648254395,1641.34765625
14773,0.16582155227661133,1641.27734375
14774,0.12752318382263184,1641.14453125
14775,0.20361781120300293,1643.41015625
14776,0.13075685501098633,1641.9609375
14777,0.16634678840637207,1641.1171875
14778,0.1069040298461914,1642.2734375
14779,0.16985392570495605,1643.56640625
14780,0.20064735412597656,1641.4453125
14781,0.21177887916564941,1642.9609375
14782,0.16913747787475586,1641.0234375
14783,0.14742541313171387,1643.97265625
14784,0.20890450477600098,1642.37109375
14785,0.16633033752441406,1642.8359375
14786,0.24736428260803223,1643.02734375
14787,0.13507866859436035,1643.9609375
14788,0.18640828132629395,1644.39453125
14789,0.1633319854736328,1642.796875
14790,0.14160585403442383,1642.94921875
14791,0.1780228614807129,1643.40625
14792,0.1838221549987793,1643.7890625
14793,0.16101551055908203,1642.1796875
14794,0.21036219596862793,1643.58984375
14795,0.14987635612487793,1643.91015625
14796,0.1804196834564209,1647.23828125
14797,0.20545458793640137,1644.08984375
14798,0.16785502433776855,1644.3671875
14799,0.1643352508544922,1643.3984375
14800,0.19234681129455566,1644.9453125
14801,0.14682483673095703,1644.59375
14802,0.1882009506225586,1644.41015625
14803,0.10510754585266113,1643.80859375
14804,0.1304779052734375,1645.05078125
14805,0.16999363899230957,1643.40625
14806,0.15798497200012207,1643.3671875
14807,0.18103480339050293,1644.54296875
14808,0.1514291763305664,1643.9375
14809,0.19826364517211914,1644.21484375
14810,0.16042804718017578,1646.15625
14811,0.14754199981689453,1643.38671875
14812,0.2067737579345703,1643.95703125
14813,0.18060827255249023,1645.23046875
14814,0.1949305534362793,1644.3203125
14815,0.16680073738098145,1645.4140625
14816,0.19156908988952637,1645.66796875
14817,0.15926861763000488,1645.4375
14818,0.09210324287414551,1645.44921875
14819,0.15525007247924805,1643.6953125
14820,0.13628578186035156,1645.078125
14821,0.11578607559204102,1647.28125
14822,0.18112659454345703,1646.31640625
14823,0.1733107566833496,1648.17578125
14824,0.16385793685913086,1646.82421875
14825,0.17325544357299805,1644.9921875
14826,0.17475271224975586,1646.234375
14827,0.08537435531616211,1646.39453125
14828,0.2153620719909668,1646.63671875
14829,0.17956280708312988,1646.625
14830,0.09150409698486328,1649.0078125
14831,0.18066048622131348,1646.95703125
14832,0.12151980400085449,1646.82421875
14833,0.17497014999389648,1644.609375
14834,0.18505191802978516,1643.48046875
14835,0.1952528953552246,1646.85546875
14836,0.12984466552734375,1648.43359375
14837,0.19448566436767578,1647.5625
14838,0.23930597305297852,1648.48046875
14839,0.18117666244506836,1648.8515625
14840,0.12990760803222656,1649.25
14841,0.18880391120910645,1651.20703125
14842,0.1872267723083496,1649.41015625
14843,0.18224334716796875,1647.97265625
14844,0.19653081893920898,1647.140625
14845,0.15936779975891113,1650.00390625
14846,0.19503045082092285,1647.97265625
14847,0.18023419380187988,1648.078125
14848,0.11795926094055176,1650.7734375
14849,0.1861402988433838,1647.203125
14850,0.13320422172546387,1648.6875
14851,0.1889500617980957,1648.62890625
14852,0.16403794288635254,1647.83984375
14853,0.16026735305786133,1648.25
14854,0.18853759765625,1648.19140625
14855,0.15252113342285156,1648.609375
14856,0.20618295669555664,1649.20703125
14857,0.19304847717285156,1650.16796875
14858,0.1132497787475586,1650.07421875
14859,0.16472959518432617,1650.46484375
14860,0.16982769966125488,1649.18359375
14861,0.16501402854919434,1649.19140625
14862,0.163743257522583,1649.32421875
14863,0.1931779384613037,1650.46875
14864,0.1935133934020996,1648.1484375
14865,0.16706204414367676,1650.20703125
14866,0.10099172592163086,1651.07421875
14867,0.14475607872009277,1650.5859375
14868,0.17812371253967285,1652.1796875
14869,0.18309760093688965,1652.1171875
14870,0.16637539863586426,1653.69140625
14871,0.22298145294189453,1651.8203125
14872,0.1550750732421875,1652.10546875
14873,0.15795421600341797,1652.33984375
14874,0.2010359764099121,1651.65234375
14875,0.22239041328430176,1651.421875
14876,0.12314915657043457,1653.13671875
14877,0.16027045249938965,1652.2890625
14878,0.1002354621887207,1651.91015625
14879,0.15549159049987793,1653.46875
14880,0.17521286010742188,1651.47265625
14881,0.1757054328918457,1652.05859375
14882,0.19632816314697266,1653.36328125
14883,0.19184613227844238,1651.40625
14884,0.19768714904785156,1652.5546875
14885,0.2056574821472168,1651.96875
14886,0.19971156120300293,1651.9375
14887,0.17062687873840332,1650.96484375
14888,0.18275833129882812,1653.1640625
14889,0.16678142547607422,1651.46875
14890,0.20520257949829102,1651.203125
14891,0.168212890625,1653.1953125
14892,0.18155241012573242,1653.3359375
14893,0.09866094589233398,1652.2265625
14894,0.17757940292358398,1651.5234375
14895,0.2014322280883789,1652.7421875
14896,0.12030410766601562,1654.0234375
14897,0.1878218650817871,1653.1640625
14898,0.22048425674438477,1652.34765625
14899,0.1683788299560547,1652.7734375
14900,0.20517730712890625,1653.48046875
14901,0.16827726364135742,1652.98046875
14902,0.20711350440979004,1652.5625
14903,0.17397069931030273,1652.796875
14904,0.14442682266235352,1655.3203125
14905,0.18729782104492188,1654.0859375
14906,0.12662839889526367,1653.69140625
14907,0.16747069358825684,1653.10546875
14908,0.17609333992004395,1654.19921875
14909,0.18331360816955566,1654.0234375
14910,0.1630415916442871,1654.19140625
14911,0.18811702728271484,1655.30078125
14912,0.17421293258666992,1658.55078125
14913,0.21002721786499023,1654.6796875
14914,0.18737101554870605,1652.8828125
14915,0.17655277252197266,1654.1796875
14916,0.16340112686157227,1653.1328125
14917,0.14693284034729004,1654.76953125
14918,0.17910981178283691,1655.4609375
14919,0.17098641395568848,1657.70703125
14920,0.19754981994628906,1659.00390625
14921,0.2014775276184082,1656.16796875
14922,0.18721318244934082,1658.73046875
14923,0.1713409423828125,1656.8828125
14924,0.1561298370361328,1657.69140625
14925,0.16228222846984863,1655.88671875
14926,0.173081636428833,1656.31640625
14927,0.10869741439819336,1657.20703125
14928,0.1561872959136963,1655.8515625
14929,0.1381523609161377,1655.76953125
14930,0.1441178321838379,1656.98828125
14931,0.20682811737060547,1656.19921875
14932,0.19830083847045898,1657.4765625
14933,0.20512938499450684,1656.17578125
14934,0.18114519119262695,1658.0703125
14935,0.21113801002502441,1659.26953125
14936,0.14812660217285156,1658.90625
14937,0.14929652214050293,1657.05859375
14938,0.1597146987915039,1659.49609375
14939,0.12804484367370605,1658.21484375
14940,0.2277367115020752,1659.078125
14941,0.20773649215698242,1658.41796875
14942,0.15068578720092773,1659.90234375
14943,0.23051738739013672,1658.08203125
14944,0.15848398208618164,1659.78515625
14945,0.12809395790100098,1658.98828125
14946,0.19298720359802246,1659.29296875
14947,0.20769262313842773,1662.046875
14948,0.16971373558044434,1660.96484375
14949,0.2207949161529541,1660.875
14950,0.10600543022155762,1659.05859375
14951,0.16228055953979492,1659.16796875
14952,0.20859336853027344,1661.1015625
14953,0.21148991584777832,1661.75390625
14954,0.1779172420501709,1660.1484375
14955,0.16267132759094238,1660.46484375
14956,0.19866204261779785,1659.70703125
14957,0.2216498851776123,1662.28125
14958,0.23912930488586426,1664.21875
14959,0.25728869438171387,1661.7578125
14960,0.15699243545532227,1659.44921875
14961,0.1685473918914795,1661.11328125
14962,0.22785210609436035,1659.79296875
14963,0.1586618423461914,1661.98828125
14964,0.1958634853363037,1661.39453125
14965,0.18030762672424316,1661.40234375
14966,0.18270397186279297,1661.1640625
14967,0.10613894462585449,1661.11328125
14968,0.1954047679901123,1662.94921875
14969,0.16788697242736816,1660.9375
14970,0.13613176345825195,1662.765625
14971,0.18024778366088867,1661.7421875
14972,0.17682218551635742,1661.77734375
14973,0.1631467342376709,1664.375
14974,0.16940927505493164,1667.51171875
14975,0.18106508255004883,1660.84765625
14976,0.11393928527832031,1661.73046875
14977,0.2023308277130127,1664.10546875
14978,0.15914511680603027,1662.12890625
14979,0.2216181755065918,1662.86328125
14980,0.19057035446166992,1661.41015625
14981,0.17367792129516602,1661.8515625
14982,0.23094463348388672,1661.6328125
14983,0.20757031440734863,1661.49609375
14984,0.15056991577148438,1662.94921875
14985,0.21057510375976562,1663.55078125
14986,0.17917203903198242,1663.8671875
14987,0.18218159675598145,1664.91796875
14988,0.19470548629760742,1663.53125
14989,0.19524621963500977,1663.72265625
14990,0.07124876976013184,1663.87109375
14991,0.2082808017730713,1663.40234375
14992,0.20659732818603516,1664.25390625
14993,0.2052597999572754,1663.77734375
14994,0.1997826099395752,1664.7578125
14995,0.16074132919311523,1664.87109375
14996,0.19162583351135254,1665.67578125
14997,0.204498291015625,1664.56640625
14998,0.19768095016479492,1664.94140625
14999,0.19719290733337402,1665.55078125
15000,0.11888980865478516,1664.57421875
15001,0.146589994430542,1666.75390625
15002,0.1510334014892578,1664.62109375
15003,0.16822052001953125,1665.7421875
15004,0.14691448211669922,1667.59375
15005,0.21704816818237305,1667.8515625
15006,0.21659231185913086,1665.62890625
15007,0.06503772735595703,1667.0546875
15008,0.13228154182434082,1666.63671875
15009,0.16620898246765137,1668.14453125
15010,0.15882349014282227,1667.8515625
15011,0.17866802215576172,1667.7578125
15012,0.1847231388092041,1667.0078125
15013,0.1869502067565918,1665.8125
15014,0.19318532943725586,1666.625
15015,0.19405245780944824,1666.90625
15016,0.14682817459106445,1666.1796875
15017,0.23183107376098633,1666.7578125
15018,0.2749748229980469,1665.93359375
15019,0.23298192024230957,1665.75
15020,0.19297146797180176,1665.73046875
15021,0.18017244338989258,1666.2109375
15022,0.18177175521850586,1666.05078125
15023,0.21019625663757324,1666.14453125
15024,0.10530447959899902,1666.72265625
15025,0.15229439735412598,1667.765625
15026,0.11849308013916016,1667.91796875
15027,0.14183354377746582,1669.33984375
15028,0.2830986976623535,1670.08203125
15029,0.16325640678405762,1668.87890625
15030,0.22227239608764648,1669.140625
15031,0.162186861038208,1668.75390625
15032,0.16516399383544922,1669.05078125
15033,0.2214958667755127,1668.5390625
15034,0.21491003036499023,1669.23828125
15035,0.12748336791992188,1671.43359375
15036,0.2015247344970703,1668.79296875
15037,0.2014164924621582,1670.9375
15038,0.20240521430969238,1670.4453125
15039,0.16347360610961914,1668.93359375
15040,0.15488100051879883,1669.546875
15041,0.20328974723815918,1671.78125
15042,0.18897271156311035,1670.3515625
15043,0.07394146919250488,1670.11328125
15044,0.27177906036376953,1669.2734375
15045,0.16892504692077637,1668.98046875
15046,0.2054591178894043,1669.90234375
15047,0.2192842960357666,1669.0
15048,0.16731810569763184,1670.453125
15049,0.15750718116760254,1669.109375
15050,0.1664566993713379,1670.8203125
15051,0.20511579513549805,1670.734375
15052,0.1901228427886963,1671.44921875
15053,0.11931538581848145,1671.6640625
15054,0.13494586944580078,1670.53125
15055,0.22955560684204102,1671.515625
15056,0.1615307331085205,1673.53125
15057,0.1561415195465088,1671.70703125
15058,0.17713332176208496,1672.9296875
15059,0.17263150215148926,1672.3125
15060,0.17612099647521973,1672.5390625
15061,0.19466567039489746,1672.25390625
15062,0.14752864837646484,1670.609375
15063,0.2063608169555664,1673.2265625
15064,0.11487102508544922,1673.1328125
15065,0.20586657524108887,1673.21484375
15066,0.2648463249206543,1673.16796875
15067,0.14488649368286133,1673.1875
15068,0.09717726707458496,1672.34375
15069,0.1857156753540039,1672.40234375
15070,0.17963123321533203,1673.09375
15071,0.1588437557220459,1673.13671875
15072,0.15628886222839355,1674.09375
15073,0.1705613136291504,1675.5703125
15074,0.1606307029724121,1673.51171875
15075,0.18906569480895996,1674.18359375
15076,0.11341524124145508,1672.00390625
15077,0.15726709365844727,1675.296875
15078,0.10239744186401367,1674.2734375
15079,0.1739363670349121,1673.98046875
15080,0.18600893020629883,1674.9140625
15081,0.1533207893371582,1674.76171875
15082,0.2204146385192871,1673.109375
15083,0.1678164005279541,1673.42578125
15084,0.21654725074768066,1673.8671875
15085,0.20822787284851074,1673.8046875
15086,0.1490015983581543,1673.88671875
15087,0.19668197631835938,1674.5546875
15088,0.30975937843322754,1674.76171875
15089,0.1932682991027832,1675.0546875
15090,0.16879796981811523,1673.98828125
15091,0.17158102989196777,1675.26953125
15092,0.18522334098815918,1676.6796875
15093,0.24498963356018066,1676.12890625
15094,0.17256617546081543,1676.3671875
15095,0.17105484008789062,1676.39453125
15096,0.19939303398132324,1675.75390625
15097,0.13767361640930176,1676.72265625
15098,0.16080570220947266,1676.58984375
15099,0.18108463287353516,1678.25390625
15100,0.22557711601257324,1676.86328125
15101,0.1358487606048584,1676.37890625
15102,0.16452264785766602,1676.5625
15103,0.2219235897064209,1677.0
15104,0.15228939056396484,1677.48046875
15105,0.16782045364379883,1678.30859375
15106,0.19281315803527832,1677.22265625
15107,0.15240859985351562,1677.359375
15108,0.10259675979614258,1678.37890625
15109,0.17926430702209473,1676.12109375
15110,0.19302916526794434,1678.59375
15111,0.23705601692199707,1677.140625
15112,0.21362662315368652,1676.9453125
15113,0.25340819358825684,1676.7578125
15114,0.17989706993103027,1678.43359375
15115,0.1575155258178711,1678.51953125
15116,0.24483990669250488,1678.5859375
15117,0.19420719146728516,1677.140625
15118,0.21532607078552246,1681.19140625
15119,0.18070745468139648,1679.25
15120,0.1582789421081543,1678.75390625
15121,0.1924607753753662,1679.75390625
15122,0.17496943473815918,1678.609375
15123,0.16224908828735352,1678.14453125
15124,0.18543338775634766,1681.734375
15125,0.20304036140441895,1680.62890625
15126,0.13857269287109375,1680.23046875
15127,0.17780566215515137,1681.515625
15128,0.15035367012023926,1681.6171875
15129,0.16417193412780762,1682.54296875
15130,0.18789052963256836,1680.4609375
15131,0.23982977867126465,1683.12890625
15132,0.12142133712768555,1680.16015625
15133,0.19381928443908691,1682.29296875
15134,0.18583369255065918,1682.2265625
15135,0.22618436813354492,1682.66796875
15136,0.14763903617858887,1681.91796875
15137,0.18239474296569824,1681.81640625
15138,0.1630840301513672,1683.52734375
15139,0.18562793731689453,1682.96484375
15140,0.21463418006896973,1685.1640625
15141,0.17663836479187012,1685.859375
15142,0.20049738883972168,1682.75390625
15143,0.2774183750152588,1684.41796875
15144,0.11178326606750488,1683.26171875
15145,0.16212773323059082,1684.46875
15146,0.19363117218017578,1685.6484375
15147,0.22932672500610352,1684.734375
15148,0.20406270027160645,1683.953125
15149,0.22433066368103027,1684.73828125
15150,0.1446833610534668,1683.47265625
15151,0.17578554153442383,1684.36328125
15152,0.20768380165100098,1684.3515625
15153,0.1644275188446045,1684.703125
15154,0.1737685203552246,1686.69140625
15155,0.1562504768371582,1685.08984375
15156,0.15671062469482422,1686.078125
15157,0.1441183090209961,1685.62109375
15158,0.13887906074523926,1684.9765625
15159,0.10123610496520996,1685.13671875
15160,0.23120832443237305,1685.36328125
15161,0.1856839656829834,1687.08203125
15162,0.1735832691192627,1686.4296875
15163,0.2172260284423828,1687.0234375
15164,0.1753981113433838,1688.03515625
15165,0.22066664695739746,1685.61328125
15166,0.13410305976867676,1686.44921875
15167,0.19616198539733887,1686.171875
15168,0.19753193855285645,1687.80078125
15169,0.21099352836608887,1688.25390625
15170,0.17792797088623047,1689.22265625
15171,0.19117093086242676,1688.13671875
15172,0.18679308891296387,1686.9453125
15173,0.21398305892944336,1689.44921875
15174,0.19509458541870117,1689.09375
15175,0.1884784698486328,1688.59765625
15176,0.23182225227355957,1687.90625
15177,0.17156004905700684,1690.42578125
15178,0.17130589485168457,1688.13671875
15179,0.15960383415222168,1689.12890625
15180,0.19359707832336426,1688.5859375
15181,0.19069194793701172,1689.3671875
15182,0.1957261562347412,1688.83203125
15183,0.2123100757598877,1692.1875
15184,0.10840845108032227,1689.3828125
15185,0.16132426261901855,1687.3828125
15186,0.19973111152648926,1691.515625
15187,0.21411776542663574,1690.875
15188,0.22850918769836426,1689.65625
15189,0.23541808128356934,1689.37109375
15190,0.19165825843811035,1688.60546875
15191,0.16960430145263672,1689.921875
15192,0.15576887130737305,1696.89453125
15193,0.097930908203125,1691.8359375
15194,0.16780710220336914,1690.0390625
15195,0.19372153282165527,1692.390625
15196,0.204193115234375,1693.2890625
15197,0.19753718376159668,1691.38671875
15198,0.17444658279418945,1692.96875
15199,0.2554147243499756,1690.54296875
15200,0.2045300006866455,1691.45703125
15201,0.20215272903442383,1691.58984375
15202,0.23434185981750488,1690.90625
15203,0.16045594215393066,1691.234375
15204,0.19434738159179688,1693.33984375
15205,0.17709708213806152,1692.78515625
15206,0.20254206657409668,1692.3203125
15207,0.18670916557312012,1692.62890625
15208,0.20869064331054688,1692.45703125
15209,0.17413902282714844,1692.5625
15210,0.20725202560424805,1692.734375
15211,0.17311763763427734,1693.09375
15212,0.18028903007507324,1694.09375
15213,0.2879159450531006,1692.30859375
15214,0.2118358612060547,1691.2578125
15215,0.19122815132141113,1694.5625
15216,0.19519686698913574,1691.85546875
15217,0.25290632247924805,1694.6796875
15218,0.17832517623901367,1695.4296875
15219,0.19196200370788574,1694.22265625
15220,0.18889474868774414,1696.37890625
15221,0.1594223976135254,1694.19140625
15222,0.21879935264587402,1695.0
15223,0.19957613945007324,1695.51953125
15224,0.18110108375549316,1697.5390625
15225,0.2060401439666748,1694.99609375
15226,0.1726207733154297,1695.0390625
15227,0.16679167747497559,1694.12890625
15228,0.18901753425598145,1696.5859375
15229,0.19219017028808594,1696.09375
15230,0.18969297409057617,1696.1796875
15231,0.1604616641998291,1696.171875
15232,0.17691779136657715,1697.55859375
15233,0.1798553466796875,1696.171875
15234,0.1970376968383789,1696.49609375
15235,0.15765142440795898,1696.61328125
15236,0.18340206146240234,1697.97265625
15237,0.1795344352722168,1699.0390625
15238,0.17580556869506836,1697.1015625
15239,0.1808147430419922,1698.1640625
15240,0.22136807441711426,1699.7890625
15241,0.18531227111816406,1697.15234375
15242,0.2478928565979004,1698.3828125
15243,0.19561338424682617,1697.91015625
15244,0.1864330768585205,1697.9375
15245,0.17635679244995117,1697.6875
15246,0.17258977890014648,1696.0625
15247,0.1931908130645752,1698.30078125
15248,0.22079825401306152,1698.5078125
15249,0.17410635948181152,1700.484375
15250,0.18964362144470215,1698.36328125
15251,0.19896149635314941,1699.58984375
15252,0.18304657936096191,1698.91015625
15253,0.21775078773498535,1699.04296875
15254,0.17820239067077637,1699.36328125
15255,0.17791986465454102,1699.4140625
15256,0.19304943084716797,1701.18359375
15257,0.21562719345092773,1700.78515625
15258,0.1861405372619629,1702.99609375
15259,0.1936502456665039,1699.421875
15260,0.18358874320983887,1699.625
15261,0.0581965446472168,1699.16015625
15262,0.18180608749389648,1700.0078125
15263,0.1790468692779541,1700.265625
15264,0.1821141242980957,1700.4140625
15265,0.21027636528015137,1698.5546875
15266,0.21471714973449707,1699.875
15267,0.22991180419921875,1699.09765625
15268,0.20102429389953613,1699.25
15269,0.2278299331665039,1701.2578125
15270,0.18346905708312988,1571.96875
15271,0.27106785774230957,1574.1328125
15272,0.20723938941955566,1572.046875
15273,0.20167875289916992,1572.91796875
15274,0.1760244369506836,1571.21875
15275,0.19182848930358887,1570.89453125
15276,0.19081425666809082,1570.09375
15277,0.144989013671875,1571.44140625
15278,0.21680736541748047,1572.6640625
15279,0.20975446701049805,1571.99609375
15280,0.11716008186340332,1571.52734375
15281,0.20562124252319336,1572.4609375
15282,0.13844585418701172,1572.7578125
15283,0.3661985397338867,1572.8671875
15284,0.22182202339172363,1572.875
15285,0.18213105201721191,1575.39453125
15286,0.18705105781555176,1575.0625
15287,0.19866037368774414,1573.9453125
15288,0.21221137046813965,1574.48046875
15289,0.19885921478271484,1575.2265625
15290,0.19124937057495117,1573.96484375
15291,0.16818594932556152,1574.13671875
15292,0.12145304679870605,1573.19921875
15293,0.16261529922485352,1576.34765625
15294,0.17769670486450195,1575.0078125
15295,0.2128443717956543,1574.69921875
15296,0.22660589218139648,1574.3203125
15297,0.19197416305541992,1572.90234375
15298,0.17796659469604492,1573.65234375
15299,0.1967926025390625,1575.62890625
15300,0.1634373664855957,1575.01953125
15301,0.15001201629638672,1574.16796875
15302,0.2586095333099365,1573.16796875
15303,0.1788804531097412,1576.4375
15304,0.25237250328063965,1576.59765625
15305,0.18366289138793945,1575.91796875
15306,0.20107388496398926,1576.71484375
15307,0.21155071258544922,1575.84375
15308,0.1949751377105713,1577.88671875
15309,0.21410775184631348,1577.78515625
15310,0.21086692810058594,1577.2109375
15311,0.20121121406555176,1577.0234375
15312,0.20840191841125488,1577.078125
15313,0.1504812240600586,1577.91796875
15314,0.20134282112121582,1580.4375
15315,0.18657422065734863,1578.01953125
15316,0.11393427848815918,1577.4140625
15317,0.1733722686767578,1577.12109375
15318,0.15297770500183105,1577.421875
15319,0.1709122657775879,1577.35546875
15320,0.267486572265625,1577.0859375
15321,0.20246148109436035,1578.21484375
15322,0.20490241050720215,1578.37890625
15323,0.15290331840515137,1577.4609375
15324,0.15706181526184082,1579.35546875
15325,0.19808745384216309,1577.59375
15326,0.16740989685058594,1577.48828125
15327,0.23582744598388672,1578.74609375
15328,0.16127967834472656,1578.6015625
15329,0.2407548427581787,1577.77734375
15330,0.16480636596679688,1578.9921875
15331,0.16532421112060547,1578.359375
15332,0.17730093002319336,1578.15625
15333,0.29865336418151855,1580.8515625
15334,0.20818805694580078,1579.5390625
15335,0.22111797332763672,1579.75390625
15336,0.21376252174377441,1579.671875
15337,0.2014625072479248,1579.81640625
15338,0.11161279678344727,1578.98828125
15339,0.15066075325012207,1578.71875
15340,0.18184161186218262,1579.7578125
15341,0.14372038841247559,1578.33203125
15342,0.22245526313781738,1581.2890625
15343,0.22066903114318848,1579.75
15344,0.20772027969360352,1582.28125
15345,0.1852879524230957,1580.03515625
15346,0.25240325927734375,1580.48828125
15347,0.18169403076171875,1580.3046875
15348,0.2504703998565674,1581.3671875
15349,0.25891876220703125,1580.015625
15350,0.20398378372192383,1579.6171875
15351,0.20639252662658691,1580.83984375
15352,0.16306734085083008,1579.55859375
15353,0.14284563064575195,1581.22265625
15354,0.1742570400238037,1581.5234375
15355,0.19266080856323242,1580.65625
15356,0.2422802448272705,1580.89453125
15357,0.19939255714416504,1581.8046875
15358,0.17674851417541504,1581.85546875
15359,0.10770773887634277,1580.84375
15360,0.1614360809326172,1581.3828125
15361,0.09387421607971191,1581.6015625
15362,0.17505931854248047,1580.21484375
15363,0.17896699905395508,1581.40625
15364,0.12264394760131836,1582.4296875
15365,0.17777681350708008,1578.9921875
15366,0.2085251808166504,1580.6015625
15367,0.21509075164794922,1581.82421875
15368,0.18425250053405762,1582.7109375
15369,0.2150278091430664,1581.0625
15370,0.16342520713806152,1580.69140625
15371,0.21413159370422363,1583.78515625
15372,0.2234199047088623,1583.01953125
15373,0.197767972946167,1579.64453125
15374,0.15801620483398438,1580.6796875
15375,0.1924302577972412,1583.046875
15376,0.15325140953063965,1580.82421875
15377,0.14142727851867676,1580.30078125
15378,0.16953802108764648,1580.31640625
15379,0.15192365646362305,1581.16796875
15380,0.17223787307739258,1583.10546875
15381,0.1822185516357422,1581.703125
15382,0.1962883472442627,1582.109375
15383,0.03826737403869629,1580.7578125
15384,0.1898939609527588,1585.390625
15385,0.19959688186645508,1584.8046875
15386,0.19005203247070312,1583.1640625
15387,0.11846685409545898,1582.27734375
15388,0.19527864456176758,1582.578125
15389,0.193084716796875,1583.45703125
15390,0.20966863632202148,1584.5703125
15391,0.21717381477355957,1583.39453125
15392,0.22270703315734863,1582.98828125
15393,0.20905423164367676,1585.21875
15394,0.1645488739013672,1582.63671875
15395,0.14484190940856934,1584.23828125
15396,0.198333740234375,1591.3203125
15397,0.19507527351379395,1585.23828125
15398,0.15524005889892578,1584.44140625
15399,0.18315982818603516,1585.5703125
15400,0.14727330207824707,1584.6953125
15401,0.16514825820922852,1585.01953125
15402,0.21146702766418457,1584.60546875
15403,0.20266342163085938,1584.5078125
15404,0.16148972511291504,1584.6875
15405,0.20890474319458008,1586.546875
15406,0.1870880126953125,1585.078125
15407,0.20801472663879395,1584.375
15408,0.1686398983001709,1587.03125
15409,0.26833677291870117,1584.26953125
15410,0.16698265075683594,1587.00390625
15411,0.2034921646118164,1585.75
15412,0.18776154518127441,1587.33984375
15413,0.17856192588806152,1587.0859375
15414,0.1960306167602539,1586.6484375
15415,0.17170262336730957,1587.7265625
15416,0.2022109031677246,1586.8515625
15417,0.14106392860412598,1586.1328125
15418,0.11653327941894531,1587.3671875
15419,0.22315216064453125,1587.16015625
15420,0.1600203514099121,1585.67578125
15421,0.27081799507141113,1586.5703125
15422,0.29095458984375,1588.046875
15423,0.1984848976135254,1586.7109375
15424,0.19257092475891113,1586.91796875
15425,0.1788957118988037,1590.51171875
15426,0.1792740821838379,1586.734375
15427,0.18269658088684082,1588.72265625
15428,0.23206639289855957,1589.1796875
15429,0.2131197452545166,1588.125
15430,0.2020854949951172,1587.1484375
15431,0.22091460227966309,1588.57421875
15432,0.1783769130706787,1591.53515625
15433,0.1685647964477539,1591.5859375
15434,0.22923493385314941,1589.5390625
15435,0.1637721061706543,1588.96875
15436,0.20867133140563965,1589.078125
15437,0.16488432884216309,1590.7890625
15438,0.19617724418640137,1590.1328125
15439,0.16458654403686523,1590.1953125
15440,0.20958662033081055,1589.65234375
15441,0.18725156784057617,1589.63671875
15442,0.17720913887023926,1587.9921875
15443,0.16601157188415527,1589.09375
15444,0.20546269416809082,1589.58984375
15445,0.1710801124572754,1590.01171875
15446,0.21989774703979492,1590.27734375
15447,0.1379084587097168,1589.9765625
15448,0.21217823028564453,1589.4140625
15449,0.15096330642700195,1590.54296875
15450,0.1723499298095703,1591.23046875
15451,0.16776800155639648,1591.63671875
15452,0.20928597450256348,1590.1796875
15453,0.16679787635803223,1589.8359375
15454,0.18567967414855957,1590.28515625
15455,0.17612624168395996,1590.90234375
15456,0.1807558536529541,1590.83203125
15457,0.17648839950561523,1589.97265625
15458,0.1656954288482666,1591.39453125
15459,0.22048234939575195,1592.328125
15460,0.16762304306030273,1592.17578125
15461,0.17281436920166016,1592.26953125
15462,0.17627954483032227,1593.23046875
15463,0.21732497215270996,1593.60546875
15464,0.17561960220336914,1593.078125
15465,0.15785455703735352,1593.1171875
15466,0.23181772232055664,1592.2265625
15467,0.1981806755065918,1594.42578125
15468,0.22432231903076172,1593.04296875
15469,0.18184566497802734,1592.8203125
15470,0.08525896072387695,1593.16015625
15471,0.1778409481048584,1594.59375
15472,0.17706918716430664,1593.16015625
15473,0.21766042709350586,1591.80078125
15474,0.23313665390014648,1593.609375
15475,0.2129809856414795,1593.546875
15476,0.2451467514038086,1594.28125
15477,0.19433379173278809,1594.53125
15478,0.19759607315063477,1593.59765625
15479,0.20100736618041992,1594.58984375
15480,0.1640021800994873,1594.94921875
15481,0.17891955375671387,1592.140625
15482,0.20046710968017578,1593.84375
15483,0.17635440826416016,1594.83984375
15484,0.18198871612548828,1592.68359375
15485,0.18049025535583496,1595.984375
15486,0.256394624710083,1595.35546875
15487,0.19269990921020508,1595.54296875
15488,0.2117629051208496,1595.7734375
15489,0.1948378086090088,1594.796875
15490,0.17963290214538574,1594.66796875
15491,0.2046504020690918,1595.8671875
15492,0.21638941764831543,1596.1953125
15493,0.16663575172424316,1595.66015625
15494,0.16512060165405273,1597.26171875
15495,0.21461868286132812,1597.36328125
15496,0.1615464687347412,1596.3828125
15497,0.14814257621765137,1594.91796875
15498,0.19472050666809082,1596.67578125
15499,0.15606427192687988,1597.09765625
15500,0.15676593780517578,1596.83203125
15501,0.23023509979248047,1596.46875
15502,0.17923998832702637,1596.56640625
15503,0.15875959396362305,1597.32421875
15504,0.15831708908081055,1597.62109375
15505,0.19928717613220215,1596.74609375
15506,0.19625473022460938,1597.59375
15507,0.19122791290283203,1596.58984375
15508,0.2180933952331543,1596.66796875
15509,0.1655580997467041,1596.640625
15510,0.18250250816345215,1597.21484375
15511,0.2123558521270752,1595.87890625
15512,0.18204927444458008,1596.8125
15513,0.18259501457214355,1596.2265625
15514,0.1476585865020752,1598.8203125
15515,0.13270783424377441,1597.85546875
15516,0.18711519241333008,1597.1015625
15517,0.19649577140808105,1595.48046875
15518,0.1810457706451416,1597.1171875
15519,0.1509706974029541,1596.6953125
15520,0.24431896209716797,1596.765625
15521,0.127610445022583,1596.21484375
15522,0.13698196411132812,1598.94140625
15523,0.16579914093017578,1597.0390625
15524,0.18506741523742676,1597.859375
15525,0.18601322174072266,1600.71875
15526,0.17837929725646973,1599.03515625
15527,0.1464369297027588,1598.54296875
15528,0.15228724479675293,1597.9765625
15529,0.1800856590270996,1600.99609375
15530,0.17411112785339355,1599.9453125
15531,0.20866894721984863,1600.70703125
15532,0.18462419509887695,1601.671875
15533,0.21807026863098145,1601.30859375
15534,0.133528470993042,1601.09375
15535,0.18359732627868652,1601.17578125
15536,0.1900794506072998,1601.3671875
15537,0.18956804275512695,1599.609375
15538,0.17050862312316895,1600.1875
15539,0.23147225379943848,1599.83984375
15540,0.19491314888000488,1600.08203125
15541,0.2272641658782959,1601.515625
15542,0.1656482219696045,1599.21875
15543,0.17585277557373047,1599.953125
15544,0.1542985439300537,1600.44140625
15545,0.12770509719848633,1601.44140625
15546,0.17417621612548828,1600.0546875
15547,0.16454792022705078,1601.0703125
15548,0.16305947303771973,1600.37890625
15549,0.18628692626953125,1601.43359375
15550,0.10513472557067871,1599.84375
15551,0.17345070838928223,1600.921875
15552,0.17923212051391602,1600.5078125
15553,0.11866331100463867,1600.0625
15554,0.16496777534484863,1599.8359375
15555,0.17010736465454102,1600.84375
15556,0.15500497817993164,1600.96875
15557,0.2313382625579834,1602.7890625
15558,0.15003681182861328,1601.1484375
15559,0.18493080139160156,1602.38671875
15560,0.16809916496276855,1602.203125
15561,0.20861339569091797,1602.51953125
15562,0.1888444423675537,1600.55859375
15563,0.12886691093444824,1602.3359375
15564,0.1359546184539795,1602.5859375
15565,0.27620553970336914,1601.82421875
15566,0.17920637130737305,1604.12109375
15567,0.1979236602783203,1600.3203125
15568,0.1926584243774414,1603.3125
15569,0.2612326145172119,1601.22265625
15570,0.15862131118774414,1603.59375
15571,0.15208029747009277,1601.8671875
15572,0.17597341537475586,1603.96875
15573,0.1762998104095459,1603.50390625
15574,0.21350598335266113,1602.65234375
15575,0.16225671768188477,1601.47265625
15576,0.1561899185180664,1602.91015625
15577,0.15004634857177734,1603.625
15578,0.20626068115234375,1603.02734375
15579,0.16211676597595215,1603.8359375
15580,0.16927742958068848,1604.0859375
15581,0.1604328155517578,1602.7578125
15582,0.1166083812713623,1604.59765625
15583,0.19539499282836914,1604.77734375
15584,0.16575074195861816,1606.828125
15585,0.19745373725891113,1604.08203125
15586,0.14395427703857422,1606.37109375
15587,0.1924731731414795,1605.125
15588,0.1526176929473877,1603.78515625
15589,0.15614581108093262,1605.984375
15590,0.18210625648498535,1603.81640625
15591,0.16236519813537598,1603.84375
15592,0.20063352584838867,1603.87890625
15593,0.16701793670654297,1603.22265625
15594,0.12846660614013672,1604.6015625
15595,0.20642352104187012,1604.6640625
15596,0.19035577774047852,1605.8828125
15597,0.1750478744506836,1604.171875
15598,0.2218780517578125,1606.328125
15599,0.12154245376586914,1605.96875
15600,0.20949435234069824,1605.27734375
15601,0.18422412872314453,1604.37890625
15602,0.19821429252624512,1606.95703125
15603,0.19008946418762207,1604.61328125
15604,0.18981480598449707,1605.5625
15605,0.24318766593933105,1604.43359375
15606,0.22757434844970703,1607.49609375
15607,0.21920418739318848,1605.87109375
15608,0.2446286678314209,1605.53515625
15609,0.1647510528564453,1608.40234375
15610,0.20347285270690918,1604.359375
15611,0.1742870807647705,1607.3359375
15612,0.1768476963043213,1607.43359375
15613,0.15237712860107422,1605.80859375
15614,0.16343140602111816,1606.46484375
15615,0.14710617065429688,1607.38671875
15616,0.17296814918518066,1606.91015625
15617,0.1613316535949707,1606.4609375
15618,0.24409151077270508,1607.12890625
15619,0.0883481502532959,1607.56640625
15620,0.1574382781982422,1607.765625
15621,0.16486716270446777,1609.15625
15622,0.16553258895874023,1605.97265625
15623,0.1653280258178711,1607.1484375
15624,0.1642897129058838,1607.14453125
15625,0.24422526359558105,1607.5625
15626,0.16929364204406738,1606.1796875
15627,0.17444849014282227,1607.40234375
15628,0.1593492031097412,1607.48828125
15629,0.16049981117248535,1606.87890625
15630,0.18620753288269043,1606.15234375
15631,0.2533223628997803,1608.1796875
15632,0.17413949966430664,1606.4921875
15633,0.23720860481262207,1607.5
15634,0.17992138862609863,1608.3515625
15635,0.11751866340637207,1608.2578125
15636,0.1602621078491211,1606.78515625
15637,0.24259543418884277,1607.7421875
15638,0.12139320373535156,1608.33984375
15639,0.21392059326171875,1608.5390625
15640,0.19411540031433105,1609.265625
15641,0.1765611171722412,1612.28515625
15642,0.14825034141540527,1611.8515625
15643,0.20509123802185059,1609.9765625
15644,0.18337702751159668,1609.68359375
15645,0.17653250694274902,1609.9375
15646,0.16351819038391113,1611.046875
15647,0.18210673332214355,1610.47265625
15648,0.20805907249450684,1612.2734375
15649,0.16417527198791504,1610.75
15650,0.19111180305480957,1610.02734375
15651,0.17576098442077637,1610.19140625
15652,0.1727156639099121,1611.1875
15653,0.1915750503540039,1614.55078125
15654,0.16415691375732422,1612.57421875
15655,0.1910402774810791,1612.35546875
15656,0.16336536407470703,1614.33984375
15657,0.23344206809997559,1612.55859375
15658,0.18959522247314453,1611.44921875
15659,0.18014740943908691,1612.5859375
15660,0.20256638526916504,1613.90234375
15661,0.15301251411437988,1615.28515625
15662,0.16286325454711914,1612.203125
15663,0.19447803497314453,1613.03515625
15664,0.19213128089904785,1613.515625
15665,0.14330816268920898,1613.2890625
15666,0.24149131774902344,1612.83203125
15667,0.17400431632995605,1613.15625
15668,0.14853429794311523,1613.0234375
15669,0.14941644668579102,1613.66015625
15670,0.18474960327148438,1612.8125
15671,0.12033963203430176,1614.16796875
15672,0.17716169357299805,1613.78515625
15673,0.1225590705871582,1612.234375
15674,0.21244263648986816,1612.01953125
15675,0.14559316635131836,1611.93359375
15676,0.1753852367401123,1612.83203125
15677,0.15012907981872559,1613.546875
15678,0.17644500732421875,1612.6328125
15679,0.19065284729003906,1616.20703125
15680,0.17331337928771973,1613.97265625
15681,0.21314597129821777,1614.78515625
15682,0.18040800094604492,1617.35546875
15683,0.2413032054901123,1614.90625
15684,0.2196502685546875,1615.0625
15685,0.11349940299987793,1614.3828125
15686,0.17946147918701172,1616.71875
15687,0.1793227195739746,1616.41015625
15688,0.2327418327331543,1616.2890625
15689,0.11446881294250488,1615.21875
15690,0.16105937957763672,1615.234375
15691,0.21503353118896484,1617.48046875
15692,0.1603238582611084,1615.4453125
15693,0.20696783065795898,1616.78515625
15694,0.19307518005371094,1616.1953125
15695,0.12704062461853027,1617.1953125
15696,0.15877890586853027,1617.91796875
15697,0.1446971893310547,1614.6953125
15698,0.18929433822631836,1616.03125
15699,0.16598200798034668,1616.0234375
15700,0.17331409454345703,1617.59375
15701,0.1779484748840332,1616.87109375
15702,0.20083880424499512,1615.234375
15703,0.16635704040527344,1615.2890625
15704,0.10567808151245117,1616.1015625
15705,0.18027067184448242,1617.30078125
15706,0.19357824325561523,1615.63671875
15707,0.2124161720275879,1615.77734375
15708,0.20463013648986816,1616.44140625
15709,0.17426300048828125,1615.66796875
15710,0.1435544490814209,1617.1171875
15711,0.1510605812072754,1618.5078125
15712,0.175093412399292,1618.00390625
15713,0.1664752960205078,1618.328125
15714,0.232421875,1618.5390625
15715,0.15389013290405273,1615.86328125
15716,0.23770475387573242,1618.14453125
15717,0.19671058654785156,1618.90625
15718,0.17383551597595215,1618.85546875
15719,0.18935036659240723,1617.91015625
15720,0.1498548984527588,1617.34765625
15721,0.19515609741210938,1618.4609375
15722,0.23305559158325195,1618.640625
15723,0.18001699447631836,1620.18359375
15724,0.21533942222595215,1619.65234375
15725,0.14740681648254395,1619.796875
15726,0.15926027297973633,1621.703125
15727,0.18090295791625977,1617.9453125
15728,0.13001418113708496,1619.515625
15729,0.2130131721496582,1620.23828125
15730,0.22666692733764648,1619.328125
15731,0.2355823516845703,1619.3515625
15732,0.21792221069335938,1618.90625
15733,0.19226408004760742,1620.359375
15734,0.1050405502319336,1619.24609375
15735,0.1906261444091797,1619.4765625
15736,0.16428136825561523,1619.265625
15737,0.17899322509765625,1619.078125
15738,0.1825854778289795,1620.24609375
15739,0.18683981895446777,1622.9609375
15740,0.1255500316619873,1621.125
15741,0.2071385383605957,1622.97265625
15742,0.22370338439941406,1620.1015625
15743,0.22566938400268555,1620.78125
15744,0.13292312622070312,1620.80078125
15745,0.17745018005371094,1621.671875
15746,0.1813523769378662,1622.8125
15747,0.20919370651245117,1621.359375
15748,0.16539406776428223,1622.51171875
15749,0.16588354110717773,1621.95703125
15750,0.18506956100463867,1623.9296875
15751,0.13090801239013672,1621.38671875
15752,0.16259765625,1623.8125
15753,0.19049072265625,1621.421875
15754,0.12241315841674805,1620.8359375
15755,0.12685728073120117,1622.98828125
15756,0.18517827987670898,1622.765625
15757,0.26215553283691406,1624.21875
15758,0.11290669441223145,1623.1484375
15759,0.19863605499267578,1623.5078125
15760,0.202772855758667,1624.09765625
15761,0.2558314800262451,1625.62109375
15762,0.20684432983398438,1624.51953125
15763,0.14322519302368164,1621.890625
15764,0.1846911907196045,1621.97265625
15765,0.18171358108520508,1622.90625
15766,0.20679569244384766,1624.30078125
15767,0.17724275588989258,1624.6484375
15768,0.1763143539428711,1623.2265625
15769,0.18407678604125977,1624.3046875
15770,0.1742992401123047,1626.171875
15771,0.16127967834472656,1621.03125
15772,0.19098281860351562,1625.13671875
15773,0.10468077659606934,1623.60546875
15774,0.18543767929077148,1626.40625
15775,0.15126824378967285,1622.078125
15776,0.18907976150512695,1623.02734375
15777,0.1872091293334961,1625.234375
15778,0.18352198600769043,1623.69921875
15779,0.11104488372802734,1625.93359375
15780,0.17919206619262695,1624.14453125
15781,0.16123628616333008,1625.296875
15782,0.17534947395324707,1625.02734375
15783,0.17718195915222168,1625.5
15784,0.11945104598999023,1623.30859375
15785,0.17833757400512695,1623.19140625
15786,0.16505813598632812,1625.15234375
15787,0.14549636840820312,1625.81640625
15788,0.1725611686706543,1626.98828125
15789,0.19044947624206543,1625.4765625
15790,0.18967056274414062,1627.23046875
15791,0.18858051300048828,1626.3828125
15792,0.18785762786865234,1627.28125
15793,0.13132905960083008,1628.375
15794,0.24683928489685059,1627.58203125
15795,0.23540425300598145,1627.37890625
15796,0.16660571098327637,1627.48046875
15797,0.23647618293762207,1626.828125
15798,0.09851384162902832,1628.140625
15799,0.17242860794067383,1628.56640625
15800,0.2306511402130127,1628.484375
15801,0.17273235321044922,1627.49609375
15802,0.10162949562072754,1626.734375
15803,0.16930818557739258,1627.33984375
15804,0.19486498832702637,1629.93359375
15805,0.1852262020111084,1629.02734375
15806,0.21966052055358887,1629.22265625
15807,0.18592333793640137,1628.8125
15808,0.20205974578857422,1629.76171875
15809,0.1584010124206543,1629.7265625
15810,0.20656037330627441,1629.45703125
15811,0.13223910331726074,1627.7734375
15812,0.19195342063903809,1628.7734375
15813,0.1948690414428711,1627.81640625
15814,0.16902804374694824,1628.75390625
15815,0.18574976921081543,1630.18359375
15816,0.16537141799926758,1629.19921875
15817,0.18015766143798828,1630.20703125
15818,0.1887979507446289,1629.16796875
15819,0.21227574348449707,1629.29296875
15820,0.15981316566467285,1630.40625
15821,0.1649181842803955,1631.8515625
15822,0.06136131286621094,1631.59375
15823,0.17836523056030273,1632.578125
15824,0.1988065242767334,1630.79296875
15825,0.1567997932434082,1631.859375
15826,0.19527268409729004,1630.73828125
15827,0.17428803443908691,1631.83984375
15828,0.19473743438720703,1633.171875
15829,0.1771988868713379,1631.078125
15830,0.22181010246276855,1633.359375
15831,0.16953349113464355,1631.39453125
15832,0.1278846263885498,1629.79296875
15833,0.1646277904510498,1630.484375
15834,0.1848917007446289,1632.3125
15835,0.16638946533203125,1632.703125
15836,0.20812416076660156,1632.0625
15837,0.2073194980621338,1631.24609375
15838,0.15317106246948242,1631.76953125
15839,0.17225146293640137,1632.078125
15840,0.1868453025817871,1631.93359375
15841,0.18839454650878906,1631.328125
15842,0.18226313591003418,1631.6484375
15843,0.14101386070251465,1631.23046875
15844,0.24147558212280273,1632.53125
15845,0.3088991641998291,1632.27734375
15846,0.32927823066711426,1632.140625
15847,0.2825276851654053,1632.91796875
15848,0.20908236503601074,1633.16796875
15849,0.22159385681152344,1633.078125
15850,0.18068623542785645,1631.21875
15851,0.19652533531188965,1632.25
15852,0.1780691146850586,1634.22265625
15853,0.21147823333740234,1633.7890625
15854,0.19585037231445312,1636.421875
15855,0.3129091262817383,1632.81640625
15856,0.1815190315246582,1632.66015625
15857,0.2153022289276123,1633.80078125
15858,0.17871928215026855,1634.51953125
15859,0.19997096061706543,1634.82421875
15860,0.14782953262329102,1636.3984375
15861,0.2151479721069336,1633.73828125
15862,0.15375614166259766,1633.046875
15863,0.19559001922607422,1633.76171875
15864,0.1603238582611084,1635.91015625
15865,0.1566605567932129,1636.28125
15866,0.14659714698791504,1634.25390625
15867,0.16070151329040527,1634.09375
15868,0.19579458236694336,1635.30078125
15869,0.17990469932556152,1634.34375
15870,0.22213077545166016,1635.078125
15871,0.1149592399597168,1636.6015625
15872,0.21665692329406738,1636.7890625
15873,0.17475318908691406,1635.02734375
15874,0.19495177268981934,1636.89453125
15875,0.17732834815979004,1634.8125
15876,0.11104917526245117,1636.7890625
15877,0.17042064666748047,1635.38671875
15878,0.2128281593322754,1636.78515625
15879,0.22314763069152832,1635.6953125
15880,0.19280314445495605,1635.94140625
15881,0.19019651412963867,1636.1015625
15882,0.17367124557495117,1636.703125
15883,0.16634249687194824,1636.125
15884,0.1286911964416504,1639.19921875
15885,0.2698540687561035,1638.796875
15886,0.17612242698669434,1635.625
15887,0.1470506191253662,1637.99609375
15888,0.20511364936828613,1636.7578125
15889,0.2390139102935791,1636.8671875
15890,0.1729283332824707,1641.28125
15891,0.16741299629211426,1639.6015625
15892,0.2518913745880127,1639.90234375
15893,0.16609621047973633,1640.078125
15894,0.20099282264709473,1639.60546875
15895,0.17421817779541016,1639.09765625
15896,0.19260787963867188,1638.75
15897,0.17579078674316406,1639.1015625
15898,0.14510250091552734,1639.1484375
15899,0.18442273139953613,1640.0703125
15900,0.17783069610595703,1638.6953125
15901,0.2376878261566162,1639.875
15902,0.08181047439575195,1637.93359375
15903,0.17992329597473145,1640.4921875
15904,0.23850035667419434,1639.33984375
15905,0.15666770935058594,1638.2734375
15906,0.12866544723510742,1639.54296875
15907,0.21560287475585938,1637.03125
15908,0.218153715133667,1641.25
15909,0.16488051414489746,1640.04296875
15910,0.18212080001831055,1640.890625
15911,0.20570158958435059,1641.1875
15912,0.19319891929626465,1639.46875
15913,0.14867377281188965,1642.15625
15914,0.15209341049194336,1638.703125
15915,0.2191159725189209,1639.98046875
15916,0.15877819061279297,1640.01953125
15917,0.1824796199798584,1641.4140625
15918,0.14730620384216309,1641.12890625
15919,0.1898200511932373,1642.9296875
15920,0.18387365341186523,1639.66796875
15921,0.1779918670654297,1639.1328125
15922,0.18120098114013672,1641.2890625
15923,0.16955113410949707,1639.953125
15924,0.17060470581054688,1640.37109375
15925,0.19048595428466797,1640.51953125
15926,0.19944143295288086,1641.05078125
15927,0.1759021282196045,1639.91015625
15928,0.23872590065002441,1641.6953125
15929,0.11644196510314941,1641.48046875
15930,0.1993577480316162,1645.69140625
15931,0.20294785499572754,1642.875
15932,0.22797060012817383,1642.4765625
15933,0.1530311107635498,1641.37890625
15934,0.14682674407958984,1642.3203125
15935,0.2057347297668457,1642.421875
15936,0.18808913230895996,1644.91015625
15937,0.13841009140014648,1644.42578125
15938,0.19786858558654785,1641.6484375
15939,0.12947630882263184,1642.79296875
15940,0.2389061450958252,1645.05078125
15941,0.24087953567504883,1644.55859375
15942,0.22436213493347168,1642.140625
15943,0.1886742115020752,1646.20703125
15944,0.18602991104125977,1644.48046875
15945,0.17984485626220703,1645.65234375
15946,0.18809056282043457,1644.7734375
15947,0.07900238037109375,1644.48828125
15948,0.2284848690032959,1644.10546875
15949,0.1977858543395996,1643.8984375
15950,0.22671103477478027,1643.89453125
15951,0.19974160194396973,1643.5078125
15952,0.18794608116149902,1644.2890625
15953,0.10606026649475098,1644.1328125
15954,0.20157790184020996,1646.6796875
15955,0.1939246654510498,1644.453125
15956,0.21218156814575195,1644.1953125
15957,0.24768543243408203,1644.25390625
15958,0.13258004188537598,1648.7578125
15959,0.2001044750213623,1421.37890625
15960,0.19799590110778809,1421.2734375
15961,0.18958473205566406,1421.640625
15962,0.18776798248291016,1421.1015625
15963,0.20530962944030762,1420.01953125
15964,0.21666836738586426,1419.61328125
15965,0.2455756664276123,1421.3046875
15966,0.19213628768920898,1421.69921875
15967,0.2469959259033203,1418.796875
15968,0.12763381004333496,1423.97265625
15969,0.17423796653747559,1420.234375
15970,0.2574911117553711,1422.3046875
15971,0.2122030258178711,1422.31640625
15972,0.18051362037658691,1424.2890625
15973,0.23232102394104004,1419.359375
15974,0.17247223854064941,1422.2265625
15975,0.1427011489868164,1419.5625
15976,0.2078690528869629,1421.05078125
15977,0.15891528129577637,1420.36328125
15978,0.1849052906036377,1425.26171875
15979,0.14229893684387207,1421.1484375
15980,0.1427764892578125,1421.32421875
15981,0.1885385513305664,1421.8828125
15982,0.15169978141784668,1420.8125
15983,0.18329477310180664,1425.3828125
15984,0.18413043022155762,1423.3125
15985,0.17612028121948242,1422.42578125
15986,0.19418597221374512,1423.23046875
15987,0.1762402057647705,1422.7265625
15988,0.13979101181030273,1424.08203125
15989,0.17605876922607422,1423.578125
15990,0.21479487419128418,1422.7265625
15991,0.17351269721984863,1422.84765625
15992,0.19597816467285156,1424.265625
15993,0.19585919380187988,1423.296875
15994,0.13627982139587402,1424.32421875
15995,0.17676353454589844,1422.78515625
15996,0.23493719100952148,1424.73828125
15997,0.16457748413085938,1423.6328125
15998,0.17092251777648926,1425.09765625
15999,0.1842806339263916,1424.3828125
16000,0.15601396560668945,1425.01953125
16001,0.21017742156982422,1424.29296875
16002,0.13062667846679688,1426.05078125
16003,0.2470717430114746,1426.23828125
16004,0.09520196914672852,1425.41796875
16005,0.19229769706726074,1425.39453125
16006,0.17200827598571777,1426.5390625
16007,0.19808626174926758,1425.37109375
16008,0.21224474906921387,1428.9609375
16009,0.1578526496887207,1424.609375
16010,0.20624780654907227,1428.88671875
16011,0.16155004501342773,1425.515625
16012,0.2216496467590332,1426.18359375
16013,0.176987886428833,1426.69921875
16014,0.20265507698059082,1428.203125
16015,0.22438669204711914,1426.32421875
16016,0.18343615531921387,1427.5859375
16017,0.18433761596679688,1426.2890625
16018,0.19869327545166016,1427.51953125
16019,0.15732383728027344,1428.77734375
16020,0.19246459007263184,1429.54296875
16021,0.15287232398986816,1428.7578125
16022,0.18825984001159668,1427.4375
16023,0.16461825370788574,1430.77734375
16024,0.155745267868042,1429.09765625
16025,0.23897027969360352,1428.07421875
16026,0.21209216117858887,1428.09765625
16027,0.20460033416748047,1430.9453125
16028,0.19179844856262207,1430.08203125
16029,0.21196508407592773,1430.328125
16030,0.13965129852294922,1429.78515625
16031,0.17217230796813965,1431.0234375
16032,0.18646740913391113,1430.2421875
16033,0.23165464401245117,1429.25390625
16034,0.19878530502319336,1429.390625
16035,0.15276646614074707,1429.46875
16036,0.14490079879760742,1430.41796875
16037,0.1611642837524414,1428.98046875
16038,0.1761760711669922,1428.33984375
16039,0.21574640274047852,1432.578125
16040,0.21056628227233887,1430.7265625
16041,0.18486952781677246,1431.03515625
16042,0.1674032211303711,1432.54296875
16043,0.20635747909545898,1432.01171875
16044,0.19287490844726562,1431.27734375
16045,0.17161798477172852,1432.3671875
16046,0.19409823417663574,1433.28125
16047,0.14720964431762695,1434.171875
16048,0.24454450607299805,1433.75
16049,0.2295832633972168,1432.2578125
16050,0.20908880233764648,1433.52734375
16051,0.21192240715026855,1433.8671875
16052,0.26005053520202637,1433.65625
16053,0.10391020774841309,1433.84765625
16054,0.17443323135375977,1435.1484375
16055,0.23839831352233887,1432.58984375
16056,0.1237950325012207,1434.8828125
16057,0.1200718879699707,1433.46484375
16058,0.2218334674835205,1434.14453125
16059,0.18648695945739746,1433.734375
16060,0.18114161491394043,1433.81640625
16061,0.14921164512634277,1432.97265625
16062,0.12862563133239746,1433.51171875
16063,0.17526841163635254,1433.63671875
16064,0.1932213306427002,1436.34765625
16065,0.18231487274169922,1435.1640625
16066,0.20246672630310059,1436.08203125
16067,0.20191025733947754,1434.11328125
16068,0.1840822696685791,1437.58984375
16069,0.17082643508911133,1431.66015625
16070,0.2349245548248291,1433.8515625
16071,0.21033215522766113,1434.75390625
16072,0.20688843727111816,1435.17578125
16073,0.19072651863098145,1436.421875
16074,0.20999622344970703,1434.421875
16075,0.16709423065185547,1436.24609375
16076,0.14582037925720215,1434.84765625
16077,0.17570281028747559,1434.5078125
16078,0.1652076244354248,1436.51953125
16079,0.17651653289794922,1436.48828125
16080,0.21124768257141113,1438.08203125
16081,0.17684292793273926,1435.73828125
16082,0.16246461868286133,1435.1796875
16083,0.1765885353088379,1435.37890625
16084,0.20769929885864258,1437.51171875
16085,0.2143871784210205,1434.13671875
16086,0.20238399505615234,1438.10546875
16087,0.16449284553527832,1435.33203125
16088,0.10136699676513672,1435.29296875
16089,0.23248577117919922,1436.4375
16090,0.18829107284545898,1438.29296875
16091,0.18893218040466309,1437.20703125
16092,0.1779470443725586,1436.60546875
16093,0.18647551536560059,1438.296875
16094,0.21789312362670898,1437.93359375
16095,0.18393540382385254,1437.97265625
16096,0.1105966567993164,1439.16796875
16097,0.12177228927612305,1441.06640625
16098,0.21433448791503906,1437.97265625
16099,0.20722365379333496,1439.21484375
16100,0.20464110374450684,1437.37109375
16101,0.193497896194458,1438.78515625
16102,0.17657208442687988,1438.31640625
16103,0.21995306015014648,1438.1875
16104,0.14041566848754883,1438.9453125
16105,0.16549181938171387,1437.984375
16106,0.18395042419433594,1437.04296875
16107,0.17270803451538086,1438.10546875
16108,0.14516592025756836,1440.3671875
16109,0.22804760932922363,1439.4375
16110,0.20690369606018066,1438.5078125
16111,0.20310568809509277,1438.2109375
16112,0.1964244842529297,1438.671875
16113,0.18418049812316895,1439.109375
16114,0.21806764602661133,1439.33203125
16115,0.18341994285583496,1441.6328125
16116,0.18428683280944824,1440.3046875
16117,0.1949625015258789,1441.703125
16118,0.1969132423400879,1441.859375
16119,0.19048666954040527,1442.05859375
16120,0.16439318656921387,1442.69140625
16121,0.16499567031860352,1442.4296875
16122,0.16854572296142578,1441.49609375
16123,0.14993715286254883,1440.30859375
16124,0.20842504501342773,1440.49609375
16125,0.19528555870056152,1440.1484375
16126,0.21625614166259766,1440.07421875
16127,0.15625309944152832,1440.48828125
16128,0.05379772186279297,1440.74609375
16129,0.18451952934265137,1444.26953125
16130,0.11879944801330566,1440.578125
16131,0.18726420402526855,1439.94921875
16132,0.17150378227233887,1443.72265625
16133,0.16104912757873535,1440.7421875
16134,0.16521930694580078,1441.95703125
16135,0.17856216430664062,1442.6015625
16136,0.2108445167541504,1441.11328125
16137,0.15480780601501465,1441.375
16138,0.1777360439300537,1441.58984375
16139,0.19902467727661133,1441.125
16140,0.14388346672058105,1441.4609375
16141,0.14063382148742676,1443.40625
16142,0.18486952781677246,1443.05859375
16143,0.20069289207458496,1440.49609375
16144,0.18004465103149414,1441.20703125
16145,0.18027353286743164,1443.26953125
16146,0.19605708122253418,1442.71484375
16147,0.25227975845336914,1442.23828125
16148,0.21659421920776367,1445.265625
16149,0.14829063415527344,1442.15625
16150,0.17821860313415527,1444.55078125
16151,0.14817404747009277,1444.58203125
16152,0.18752622604370117,1444.3515625
16153,0.1442716121673584,1444.70703125
16154,0.18364906311035156,1444.6171875
16155,0.15966320037841797,1444.9375
16156,0.1956031322479248,1445.6015625
16157,0.15981149673461914,1445.45703125
16158,0.16837573051452637,1445.6640625
16159,0.1615300178527832,1441.55859375
16160,0.12687420845031738,1443.7734375
16161,0.2696971893310547,1444.12109375
16162,0.16621971130371094,1444.6953125
16163,0.19178152084350586,1443.359375
16164,0.1856245994567871,1444.43359375
16165,0.16323471069335938,1445.8984375
16166,0.20663762092590332,1444.38671875
16167,0.16492080688476562,1442.98046875
16168,0.300980806350708,1445.44140625
16169,0.1930835247039795,1445.546875
16170,0.17940425872802734,1445.18359375
16171,0.1952075958251953,1445.38671875
16172,0.19629406929016113,1445.18359375
16173,0.23844265937805176,1446.078125
16174,0.2335526943206787,1442.921875
16175,0.1962285041809082,1444.8359375
16176,0.19226789474487305,1443.6171875
16177,0.14195823669433594,1444.8984375
16178,0.2107245922088623,1445.8359375
16179,0.1976926326751709,1445.21875
16180,0.24228858947753906,1446.81640625
16181,0.18727779388427734,1446.28125
16182,0.13452386856079102,1445.2890625
16183,0.2028799057006836,1445.3828125
16184,0.2161884307861328,1447.18359375
16185,0.12979340553283691,1444.4453125
16186,0.17065691947937012,1445.484375
16187,0.21781706809997559,1445.97265625
16188,0.1984562873840332,1447.65625
16189,0.18884754180908203,1445.78515625
16190,0.21118736267089844,1445.24609375
16191,0.220123291015625,1444.58203125
16192,0.20532941818237305,1447.17578125
16193,0.20499467849731445,1446.72265625
16194,0.20161652565002441,1446.90234375
16195,0.19389700889587402,1446.0
16196,0.21944499015808105,1446.0
16197,0.2317209243774414,1448.2265625
16198,0.23500752449035645,1446.65234375
16199,0.23470449447631836,1446.55078125
16200,0.22467494010925293,1446.796875
16201,0.2012946605682373,1446.0703125
16202,0.19004607200622559,1447.7734375
16203,0.2267770767211914,1447.76953125
16204,0.22669363021850586,1447.63671875
16205,0.19997644424438477,1447.01171875
16206,0.10470056533813477,1447.4296875
16207,0.22919964790344238,1449.0390625
16208,0.18776512145996094,1448.48046875
16209,0.21618008613586426,1448.6484375
16210,0.23997187614440918,1446.7109375
16211,0.2660346031188965,1447.9140625
16212,0.15786147117614746,1447.46484375
16213,0.21790552139282227,1448.30859375
16214,0.17846941947937012,1448.296875
16215,0.11001276969909668,1447.08984375
16216,0.1766068935394287,1447.52734375
16217,0.197007417678833,1447.47265625
16218,0.18486475944519043,1453.05859375
16219,0.23485350608825684,1448.04296875
16220,0.241194486618042,1448.55859375
16221,0.20383501052856445,1448.06640625
16222,0.20012474060058594,1448.7890625
16223,0.21663308143615723,1448.11328125
16224,0.17646360397338867,1449.11328125
16225,0.17633056640625,1449.77734375
16226,0.18438148498535156,1450.4921875
16227,0.1908884048461914,1449.42578125
16228,0.20984196662902832,1450.34765625
16229,0.208634614944458,1450.265625
16230,0.20878982543945312,1451.99609375
16231,0.2324080467224121,1452.7890625
16232,0.1938161849975586,1452.73046875
16233,0.15340065956115723,1452.83984375
16234,0.19498109817504883,1453.00390625
16235,0.19319510459899902,1453.58203125
16236,0.1277296543121338,1453.0703125
16237,0.16906213760375977,1451.62109375
16238,0.19487309455871582,1453.24609375
16239,0.1818094253540039,1452.90234375
16240,0.2251436710357666,1453.4375
16241,0.22439908981323242,1454.703125
16242,0.09818434715270996,1454.734375
16243,0.18851256370544434,1453.90625
16244,0.21404576301574707,1455.4375
16245,0.18924474716186523,1455.91015625
16246,0.11863374710083008,1454.64453125
16247,0.30030369758605957,1454.7109375
16248,0.24610614776611328,1455.296875
16249,0.17638516426086426,1455.82421875
16250,0.25216031074523926,1454.28515625
16251,0.1782703399658203,1457.83203125
16252,0.2209484577178955,1456.33203125
16253,0.1748654842376709,1456.41796875
16254,0.1863110065460205,1455.51953125
16255,0.22570252418518066,1455.765625
16256,0.11629319190979004,1456.44140625
16257,0.17632412910461426,1457.46484375
16258,0.22057700157165527,1455.87109375
16259,0.20853495597839355,1455.703125
16260,0.19476842880249023,1456.61328125
16261,0.21146726608276367,1456.73046875
16262,0.22562932968139648,1458.29296875
16263,0.23466062545776367,1458.5
16264,0.14391016960144043,1458.484375
16265,0.17667078971862793,1458.26171875
16266,0.22234821319580078,1458.19140625
16267,0.20658516883850098,1457.69921875
16268,0.21571111679077148,1458.5078125
16269,0.19152593612670898,1459.4140625
16270,0.19948649406433105,1460.64453125
16271,0.18285179138183594,1459.1953125
16272,0.2252063751220703,1459.2578125
16273,0.18702363967895508,1460.96484375
16274,0.20757317543029785,1459.7734375
16275,0.16715168952941895,1459.44921875
16276,0.1789567470550537,1459.02734375
16277,0.19828224182128906,1459.23046875
16278,0.14320707321166992,1462.25
16279,0.18151521682739258,1460.5703125
16280,0.1880931854248047,1460.36328125
16281,0.19331836700439453,1458.79296875
16282,0.16246914863586426,1459.10546875
16283,0.2527585029602051,1460.421875
16284,0.21253418922424316,1460.87890625
16285,0.18830394744873047,1459.7890625
16286,0.18955349922180176,1459.4296875
16287,0.20684528350830078,1460.4765625
16288,0.19844913482666016,1458.25
16289,0.2998085021972656,1460.87890625
16290,0.17545819282531738,1459.07421875
16291,0.18518424034118652,1459.265625
16292,0.17731285095214844,1461.5390625
16293,0.18784642219543457,1460.234375
16294,0.2523765563964844,1462.29296875
16295,0.2081892490386963,1462.09375
16296,0.16210103034973145,1462.3515625
16297,0.15492486953735352,1461.5390625
16298,0.24547505378723145,1462.265625
16299,0.21498632431030273,1463.9296875
16300,0.1564188003540039,1464.0390625
16301,0.24480485916137695,1462.8359375
16302,0.2567000389099121,1463.96484375
16303,0.09041213989257812,1462.78125
16304,0.13369131088256836,1465.13671875
16305,0.2500803470611572,1464.046875
16306,0.2039964199066162,1464.63671875
16307,0.17292404174804688,1463.40234375
16308,0.2491455078125,1462.9140625
16309,0.13523411750793457,1461.328125
16310,0.1941823959350586,1464.86328125
16311,0.16503000259399414,1461.86328125
16312,0.14743256568908691,1461.2421875
16313,0.19725584983825684,1463.11328125
16314,0.20708990097045898,1463.13671875
16315,0.1893770694732666,1462.546875
16316,0.20476770401000977,1464.296875
16317,0.1846456527709961,1463.14453125
16318,0.19240307807922363,1463.453125
16319,0.21465086936950684,1463.109375
16320,0.2591085433959961,1464.26953125
16321,0.22847509384155273,1464.71875
16322,0.11410093307495117,1463.6328125
16323,0.18754887580871582,1463.75
16324,0.19733858108520508,1463.47265625
16325,0.20143771171569824,1462.46875
16326,0.19228601455688477,1464.25390625
16327,0.19859886169433594,1463.578125
16328,0.17398524284362793,1464.2890625
16329,0.19252228736877441,1463.2109375
16330,0.10316252708435059,1463.71484375
16331,0.1418132781982422,1463.31640625
16332,0.1222078800201416,1464.19921875
16333,0.14229941368103027,1465.08203125
16334,0.18530726432800293,1463.3046875
16335,0.1808309555053711,1466.01953125
16336,0.2204599380493164,1465.15625
16337,0.22714471817016602,1465.5859375
16338,0.19981145858764648,1464.08203125
16339,0.19434905052185059,1465.5859375
16340,0.19889187812805176,1465.8984375
16341,0.19287371635437012,1464.65234375
16342,0.1810595989227295,1466.21875
16343,0.2179698944091797,1466.05859375
16344,0.17934966087341309,1466.95703125
16345,0.19318222999572754,1465.52734375
16346,0.12293529510498047,1465.22265625
16347,0.23855376243591309,1465.453125
16348,0.3008239269256592,1465.8125
16349,0.17682719230651855,1466.52734375
16350,0.16184067726135254,1466.32421875
16351,0.24447369575500488,1466.5859375
16352,0.1987922191619873,1468.97265625
16353,0.23235130310058594,1467.734375
16354,0.20717763900756836,1468.125
16355,0.19178009033203125,1467.5078125
16356,0.21404814720153809,1468.02734375
16357,0.15867400169372559,1469.12109375
16358,0.2109999656677246,1467.625
16359,0.24125957489013672,1467.91796875
16360,0.1589672565460205,1468.16015625
16361,0.2775380611419678,1468.49609375
16362,0.22495603561401367,1470.00390625
16363,0.1975393295288086,1470.93359375
16364,0.19106602668762207,1469.44921875
16365,0.18219757080078125,1469.25390625
16366,0.22946453094482422,1470.63671875
16367,0.1714780330657959,1471.26171875
16368,0.21313834190368652,1470.63671875
16369,0.19129705429077148,1469.8203125
16370,0.1900005340576172,1470.72265625
16371,0.23032760620117188,1469.94140625
16372,0.09991097450256348,1470.26953125
16373,0.2466719150543213,1470.33984375
16374,0.2070927619934082,1471.0078125
16375,0.2119276523590088,1471.5234375
16376,0.19354820251464844,1471.8359375
16377,0.19272303581237793,1470.58984375
16378,0.1680436134338379,1472.265625
16379,0.19417190551757812,1471.7734375
16380,0.1933283805847168,1471.36328125
16381,0.1812608242034912,1470.64453125
16382,0.21120429039001465,1470.546875
16383,0.23110318183898926,1470.29296875
16384,0.21236252784729004,1471.26953125
16385,0.16126275062561035,1472.62890625
16386,0.1632833480834961,1471.1171875
16387,0.14844822883605957,1472.05078125
16388,0.22567987442016602,1472.22265625
16389,0.16406798362731934,1471.4296875
16390,0.2014007568359375,1471.58984375
16391,0.2966737747192383,1473.7578125
16392,0.22076797485351562,1472.45703125
16393,0.1830747127532959,1472.7421875
16394,0.19688892364501953,1473.1640625
16395,0.17554450035095215,1472.40234375
16396,0.1578197479248047,1469.75
16397,0.20152807235717773,1470.3203125
16398,0.2046506404876709,1470.625
16399,0.18578171730041504,1471.73046875
16400,0.2523643970489502,1472.4375
16401,0.19992876052856445,1471.8828125
16402,0.19236421585083008,1471.53515625
16403,0.22099971771240234,1473.23046875
16404,0.1844785213470459,1472.73828125
16405,0.21533560752868652,1473.1171875
16406,0.2534010410308838,1473.15234375
16407,0.19426488876342773,1472.015625
16408,0.24221324920654297,1474.5
16409,0.11949396133422852,1471.83984375
16410,0.248504638671875,1474.8828125
16411,0.20732641220092773,1473.42578125
16412,0.26917171478271484,1473.47265625
16413,0.22018218040466309,1473.046875
16414,0.25403380393981934,1475.765625
16415,0.22253966331481934,1472.609375
16416,0.20731234550476074,1472.98046875
16417,0.18177509307861328,1471.046875
16418,0.19688010215759277,1471.7890625
16419,0.18120265007019043,1473.79296875
16420,0.19024920463562012,1470.86328125
16421,0.17880010604858398,1472.7265625
16422,0.2316570281982422,1473.890625
16423,0.24468278884887695,1472.34375
16424,0.2160499095916748,1472.66796875
16425,0.18687105178833008,1473.3984375
16426,0.19776487350463867,1473.40234375
16427,0.22274518013000488,1472.4921875
16428,0.26467156410217285,1474.0234375
16429,0.2169971466064453,1473.1875
16430,0.1957378387451172,1475.203125
16431,0.2169356346130371,1474.984375
16432,0.22947025299072266,1473.74609375
16433,0.23453569412231445,1476.62890625
16434,0.21015000343322754,1476.91796875
16435,0.23865795135498047,1477.06640625
16436,0.2060554027557373,1476.03515625
16437,0.24454331398010254,1476.41796875
16438,0.19013357162475586,1477.921875
16439,0.2959728240966797,1476.97265625
16440,0.18981456756591797,1477.85546875
16441,0.1834278106689453,1478.82421875
16442,0.21795415878295898,1476.828125
16443,0.09714078903198242,1476.9609375
16444,0.1992781162261963,1476.97265625
16445,0.13996410369873047,1476.5390625
16446,0.13895392417907715,1477.625
16447,0.21686840057373047,1479.33203125
16448,0.18317627906799316,1476.5625
16449,0.2025613784790039,1476.09765625
16450,0.22725272178649902,1476.875
16451,0.22051215171813965,1478.1015625
16452,0.16243553161621094,1476.7734375
16453,0.14211583137512207,1478.33984375
16454,0.19864964485168457,1478.69921875
16455,0.1799485683441162,1479.09375
16456,0.24092602729797363,1480.34375
16457,0.31232333183288574,1479.26953125
16458,0.26548314094543457,1477.13671875
16459,0.2585599422454834,1480.0625
16460,0.2366042137145996,1481.3671875
16461,0.19840025901794434,1481.0859375
16462,0.18787407875061035,1481.40234375
16463,0.23108220100402832,1480.765625
16464,0.20700979232788086,1481.9296875
16465,0.18967723846435547,1480.29296875
16466,0.206801176071167,1481.0
16467,0.16114592552185059,1480.55859375
16468,0.16034507751464844,1481.30078125
16469,0.2497084140777588,1481.20703125
16470,0.19916176795959473,1481.54296875
16471,0.21770524978637695,1481.97265625
16472,0.19216108322143555,1480.71484375
16473,0.24774479866027832,1482.65234375
16474,0.1419053077697754,1482.3125
16475,0.14812254905700684,1483.21875
16476,0.17248940467834473,1482.59375
16477,0.22698163986206055,1482.51171875
16478,0.2394542694091797,1481.171875
16479,0.23993325233459473,1483.62109375
16480,0.12897396087646484,1482.87109375
16481,0.20639896392822266,1483.6328125
16482,0.20734906196594238,1484.15234375
16483,0.2174997329711914,1484.3828125
16484,0.21541523933410645,1486.5859375
16485,0.15322494506835938,1484.66796875
16486,0.16289997100830078,1486.04296875
16487,0.21024584770202637,1484.84375
16488,0.23044729232788086,1484.96484375
16489,0.20311760902404785,1486.87890625
16490,0.21059417724609375,1487.6640625
16491,0.208601713180542,1485.67578125
16492,0.18784022331237793,1485.8984375
16493,0.22375059127807617,1487.13671875
16494,0.22477459907531738,1487.2109375
16495,0.14693903923034668,1486.640625
16496,0.16538214683532715,1486.359375
16497,0.1480717658996582,1486.359375
16498,0.2069096565246582,1487.69140625
16499,0.21368145942687988,1489.63671875
16500,0.16660499572753906,1486.921875
16501,0.24344992637634277,1487.25390625
16502,0.23758339881896973,1486.03515625
16503,0.16975998878479004,1485.76171875
16504,0.1939530372619629,1486.65625
16505,0.2002696990966797,1488.70703125
16506,0.26577281951904297,1487.07421875
16507,0.21538639068603516,1486.12890625
16508,0.18564248085021973,1484.796875
16509,0.18590450286865234,1487.53515625
16510,0.22000718116760254,1487.71484375
16511,0.12944269180297852,1486.85546875
16512,0.20623111724853516,1486.2734375
16513,0.21971917152404785,1487.46875
16514,0.2428295612335205,1488.99609375
16515,0.21190905570983887,1487.25
16516,0.1795961856842041,1489.71875
16517,0.15915179252624512,1486.703125
16518,0.2307112216949463,1489.77734375
16519,0.29586315155029297,1489.671875
16520,0.18798422813415527,1490.48046875
16521,0.21597933769226074,1489.203125
16522,0.13059735298156738,1488.47265625
16523,0.21391034126281738,1488.68359375
16524,0.21463346481323242,1490.05078125
16525,0.19915127754211426,1489.4609375
16526,0.2322998046875,1491.11328125
16527,0.22365164756774902,1489.2265625
16528,0.20395255088806152,1491.08984375
16529,0.24497532844543457,1490.015625
16530,0.19071078300476074,1488.90625
16531,0.17525768280029297,1491.453125
16532,0.22182106971740723,1490.453125
16533,0.19392085075378418,1491.97265625
16534,0.26845598220825195,1490.7890625
16535,0.22447443008422852,1490.83984375
16536,0.2276601791381836,1489.98046875
16537,0.18040156364440918,1492.70703125
16538,0.21922850608825684,1491.66015625
16539,0.2431488037109375,1491.28125
16540,0.20068073272705078,1490.30078125
16541,0.2235701084136963,1493.19921875
16542,0.20272207260131836,1491.890625
16543,0.19907832145690918,1490.73828125
16544,0.2020397186279297,1492.65234375
16545,0.2707993984222412,1492.60546875
16546,0.21215200424194336,1490.9921875
16547,0.1817307472229004,1491.81640625
16548,0.2271413803100586,1492.28125
16549,0.17993378639221191,1492.26953125
16550,0.2006828784942627,1491.921875
16551,0.2620539665222168,1492.5234375
16552,0.19378256797790527,1493.6328125
16553,0.2208549976348877,1493.28515625
16554,0.1879110336303711,1489.8125
16555,0.2166767120361328,1491.79296875
16556,0.22626614570617676,1494.0234375
16557,0.16462254524230957,1494.1328125
16558,0.2189319133758545,1495.0625
16559,0.2322545051574707,1492.59765625
16560,0.2334580421447754,1496.0546875
16561,0.18253636360168457,1495.234375
16562,0.18267560005187988,1493.0859375
16563,0.22489380836486816,1493.5078125
16564,0.20465755462646484,1496.28515625
16565,0.22241520881652832,1493.97265625
16566,0.18020153045654297,1495.0625
16567,0.19929766654968262,1494.109375
16568,0.14337778091430664,1494.51171875
16569,0.18950700759887695,1494.234375
16570,0.18449974060058594,1493.90625
16571,0.19470453262329102,1493.90625
16572,0.17160558700561523,1494.109375
16573,0.18434858322143555,1493.515625
16574,0.23206210136413574,1494.48046875
16575,0.21085309982299805,1494.05078125
16576,0.23836994171142578,1494.9609375
16577,0.12420368194580078,1496.23828125
16578,0.18755698204040527,1496.578125
16579,0.21643853187561035,1494.70703125
16580,0.2757406234741211,1496.828125
16581,0.2798748016357422,1494.30859375
16582,0.2122352123260498,1494.7109375
16583,0.18922042846679688,1494.26171875
16584,0.2046675682067871,1496.41796875
16585,0.2065448760986328,1495.890625
16586,0.20777297019958496,1496.11328125
16587,0.1752181053161621,1494.44921875
16588,0.2235109806060791,1496.359375
16589,0.1772756576538086,1495.67578125
16590,0.20947766304016113,1496.1875
16591,0.2185831069946289,1497.16015625
16592,0.24202203750610352,1497.47265625
16593,0.1548480987548828,1496.578125
16594,0.22191596031188965,1498.5859375
16595,0.2690098285675049,1496.28125
16596,0.16308951377868652,1495.6875
16597,0.22606396675109863,1497.4453125
16598,0.17745113372802734,1496.34765625
16599,0.2053971290588379,1493.6953125
16600,0.23900532722473145,1497.6796875
16601,0.22207403182983398,1498.1328125
16602,0.15267372131347656,1497.42578125
16603,0.1739189624786377,1498.31640625
16604,0.26509881019592285,1499.62109375
16605,0.16680121421813965,1498.80078125
16606,0.22534942626953125,1500.15625
16607,0.18852448463439941,1500.47265625
16608,0.2293686866760254,1499.26171875
16609,0.23250436782836914,1498.9609375
16610,0.21348357200622559,1499.75390625
16611,0.21371030807495117,1498.47265625
16612,0.18462181091308594,1498.5703125
16613,0.17429518699645996,1498.12109375
16614,0.18863463401794434,1498.4453125
16615,0.19023466110229492,1497.81640625
16616,0.19072675704956055,1498.8359375
16617,0.24617886543273926,1499.3984375
16618,0.20746707916259766,1499.0078125
16619,0.22826647758483887,1499.41015625
16620,0.2407073974609375,1500.0703125
16621,0.21858596801757812,1498.4375
16622,0.2556624412536621,1501.6328125
16623,0.25958919525146484,1499.88671875
16624,0.2041919231414795,1501.03515625
16625,0.16996335983276367,1499.6171875
16626,0.1961510181427002,1499.8984375
16627,0.2373032569885254,1501.46875
16628,0.16719388961791992,1500.08984375
16629,0.22388100624084473,1500.30859375
16630,0.21165037155151367,1499.75390625
16631,0.14501237869262695,1500.6328125
16632,0.1796114444732666,1498.2890625
16633,0.21450400352478027,1501.40234375
16634,0.2373652458190918,1502.39453125
16635,0.22194194793701172,1498.73046875
16636,0.1909477710723877,1499.0234375
16637,0.22404146194458008,1499.9296875
16638,0.14371109008789062,1500.47265625
16639,0.2505910396575928,1501.5390625
16640,0.2223069667816162,1498.94140625
16641,0.2246229648590088,1499.4140625
16642,0.17824387550354004,1502.02734375
16643,0.2333977222442627,1500.1640625
16644,0.15175127983093262,1500.4375
16645,0.1757829189300537,1500.765625
16646,0.23142123222351074,1501.48046875
16647,0.22015738487243652,1500.109375
16648,0.2540159225463867,1499.29296875
16649,0.2160482406616211,1501.546875
16650,0.24216032028198242,1499.46875
16651,0.22488117218017578,1502.1875
16652,0.2100048065185547,1501.76953125
16653,0.2604217529296875,1504.5625
16654,0.2500913143157959,1500.3671875
16655,0.2783176898956299,1502.484375
16656,0.2284832000732422,1503.265625
16657,0.23290371894836426,1502.70703125
16658,0.17136931419372559,1504.4609375
16659,0.2523531913757324,1503.44140625
16660,0.20754671096801758,1503.796875
16661,0.19828557968139648,1505.8203125
16662,0.1708238124847412,1503.3515625
16663,0.1669480800628662,1503.546875
16664,0.2140192985534668,1503.04296875
16665,0.12536239624023438,1504.21484375
16666,0.2334764003753662,1503.56640625
16667,0.2269272804260254,1506.5859375
16668,0.20800423622131348,1505.87109375
16669,0.2234785556793213,1504.24609375
16670,0.206925630569458,1505.6171875
16671,0.23090314865112305,1503.26953125
16672,0.27202796936035156,1504.47265625
16673,0.19764471054077148,1503.43359375
16674,0.23250818252563477,1503.55078125
16675,0.2153794765472412,1502.328125
16676,0.18932843208312988,1503.94921875
16677,0.23407912254333496,1502.8359375
16678,0.21523547172546387,1502.02734375
16679,0.21316051483154297,1504.21875
16680,0.214857816696167,1503.25390625
16681,0.1820969581604004,1503.28515625
16682,0.15140414237976074,1503.55078125
16683,0.25661158561706543,1504.390625
16684,0.21813607215881348,1505.2734375
16685,0.18199682235717773,1505.2578125
16686,0.16778326034545898,1503.5859375
16687,0.15032291412353516,1505.88671875
16688,0.20508742332458496,1503.546875
16689,0.21892380714416504,1503.7890625
16690,0.18149614334106445,1504.109375
16691,0.22800421714782715,1503.6640625
16692,0.214097261428833,1504.12890625
16693,0.1996018886566162,1504.40234375
16694,0.24885940551757812,1504.58203125
16695,0.19843173027038574,1504.78125
16696,0.18029403686523438,1504.109375
16697,0.18505072593688965,1504.8828125
16698,0.19780349731445312,1503.80078125
16699,0.18335914611816406,1505.7265625
16700,0.19120359420776367,1505.48046875
16701,0.18807530403137207,1504.6875
16702,0.22068238258361816,1505.62109375
16703,0.21909689903259277,1504.70703125
16704,0.1383376121520996,1505.484375
16705,0.18022990226745605,1507.6875
16706,0.19520950317382812,1507.23828125
16707,0.19488787651062012,1506.02734375
16708,0.17373323440551758,1505.70703125
16709,0.12913823127746582,1505.30859375
16710,0.14740681648254395,1505.421875
16711,0.19297409057617188,1506.5703125
16712,0.2049732208251953,1505.28515625
16713,0.17368364334106445,1504.6328125
16714,0.1851794719696045,1505.546875
16715,0.181260347366333,1506.8125
16716,0.18944954872131348,1505.1875
16717,0.18077826499938965,1505.0
16718,0.21107101440429688,1506.89453125
16719,0.20717358589172363,1506.07421875
16720,0.1974964141845703,1506.859375
16721,0.11032843589782715,1506.7890625
16722,0.16797494888305664,1502.75390625
16723,0.13234281539916992,1507.6953125
16724,0.27441835403442383,1508.8046875
16725,0.19236350059509277,1509.59765625
16726,0.1440732479095459,1508.6875
16727,0.11977887153625488,1507.17578125
16728,0.18917369842529297,1509.80078125
16729,0.1924457550048828,1506.50390625
16730,0.18828630447387695,1508.68359375
16731,0.19550466537475586,1511.04296875
16732,0.23334717750549316,1510.8671875
16733,0.1889491081237793,1509.73046875
16734,0.21513795852661133,1511.54296875
16735,0.19511032104492188,1509.86328125
16736,0.20124220848083496,1511.328125
16737,0.1761021614074707,1510.2421875
16738,0.1987466812133789,1510.578125
16739,0.18030238151550293,1511.3203125
16740,0.2204899787902832,1511.08984375
16741,0.17028450965881348,1511.73828125
16742,0.20912384986877441,1512.90234375
16743,0.22895503044128418,1513.06640625
16744,0.19190526008605957,1514.1796875
16745,0.20347380638122559,1514.01953125
16746,0.22350263595581055,1512.8515625
16747,0.1495964527130127,1511.21875
16748,0.1865406036376953,1512.4140625
16749,0.20277118682861328,1512.953125
16750,0.19693779945373535,1513.94921875
16751,0.2002854347229004,1514.72265625
16752,0.18709015846252441,1513.4921875
16753,0.21243023872375488,1511.75
16754,0.20244789123535156,1509.90234375
16755,0.21334576606750488,1513.625
16756,0.16019725799560547,1512.70703125
16757,0.20021271705627441,1513.171875
16758,0.2080821990966797,1515.87890625
16759,0.27361607551574707,1510.9609375
16760,0.23011040687561035,1514.62890625
16761,0.1636207103729248,1514.15234375
16762,0.2132267951965332,1513.54296875
16763,0.19125032424926758,1514.95703125
16764,0.16625261306762695,1514.94140625
16765,0.2008206844329834,1515.75390625
16766,0.19661664962768555,1515.10546875
16767,0.16028976440429688,1515.4140625
16768,0.2246243953704834,1514.4140625
16769,0.2097163200378418,1517.24609375
16770,0.2154219150543213,1514.24609375
16771,0.21545171737670898,1513.9140625
16772,0.18334197998046875,1515.95703125
16773,0.3119168281555176,1514.4453125
16774,0.1966385841369629,1517.1875
16775,0.13245511054992676,1515.890625
16776,0.18357396125793457,1513.9375
16777,0.21284055709838867,1514.2109375
16778,0.22475481033325195,1516.1328125
16779,0.1840362548828125,1515.15625
16780,0.17921853065490723,1516.27734375
16781,0.22466492652893066,1515.8125
16782,0.26293468475341797,1515.59765625
16783,0.208024263381958,1516.46875
16784,0.18889069557189941,1515.33984375
16785,0.20127630233764648,1514.4140625
16786,0.21918964385986328,1514.17578125
16787,0.24776697158813477,1517.99609375
16788,0.23121380805969238,1515.2421875
16789,0.15174412727355957,1516.25
16790,0.26055264472961426,1515.1640625
16791,0.2886838912963867,1516.31640625
16792,0.17332792282104492,1515.32421875
16793,0.2080063819885254,1517.234375
16794,0.08713793754577637,1515.3046875
16795,0.20247197151184082,1515.9453125
16796,0.2159721851348877,1516.73046875
16797,0.20314550399780273,1515.87890625
16798,0.13366317749023438,1515.04296875
16799,0.24974656105041504,1516.73828125
16800,0.174224853515625,1516.4140625
16801,0.11370086669921875,1515.30859375
16802,0.22979354858398438,1516.62109375
16803,0.1890254020690918,1516.609375
16804,0.21897196769714355,1516.80078125
16805,0.22212696075439453,1517.96875
16806,0.2153768539428711,1518.66796875
16807,0.12985968589782715,1515.8828125
16808,0.13599205017089844,1517.421875
16809,0.2647702693939209,1517.4609375
16810,0.21023058891296387,1516.625
16811,0.20229697227478027,1516.8671875
16812,0.17874598503112793,1516.03125
16813,0.21292519569396973,1517.0703125
16814,0.15401577949523926,1516.98828125
16815,0.19512176513671875,1517.609375
16816,0.20125627517700195,1517.3984375
16817,0.19992709159851074,1517.37109375
16818,0.23500442504882812,1518.68359375
16819,0.14954352378845215,1518.7890625
16820,0.20469379425048828,1519.41015625
16821,0.20597624778747559,1518.48828125
16822,0.20384883880615234,1517.3125
16823,0.2240281105041504,1517.1953125
16824,0.18803095817565918,1517.4140625
16825,0.19048285484313965,1517.54296875
16826,0.19879770278930664,1518.4609375
16827,0.21837496757507324,1518.76171875
16828,0.2585899829864502,1518.73046875
16829,0.20401310920715332,1520.3828125
16830,0.15194106101989746,1519.57421875
16831,0.24767756462097168,1517.83984375
16832,0.14982938766479492,1517.71484375
16833,0.21550989151000977,1518.34765625
16834,0.24607253074645996,1520.41796875
16835,0.2172093391418457,1520.55859375
16836,0.1842958927154541,1520.38671875
16837,0.20166492462158203,1517.859375
16838,0.1390705108642578,1518.28125
16839,0.1801433563232422,1520.01953125
16840,0.11673617362976074,1519.94140625
16841,0.24372363090515137,1523.55859375
16842,0.22766447067260742,1519.62109375
16843,0.18711113929748535,1521.10546875
16844,0.24728798866271973,1522.53125
16845,0.16777515411376953,1521.42578125
16846,0.21081781387329102,1519.89453125
16847,0.2030773162841797,1519.58984375
16848,0.18308424949645996,1520.7109375
16849,0.20049643516540527,1521.8125
16850,0.1904435157775879,1521.640625
16851,0.20523762702941895,1520.01171875
16852,0.18262147903442383,1522.14453125
16853,0.12453103065490723,1522.5078125
16854,0.18587446212768555,1522.734375
16855,0.18832755088806152,1522.21484375
16856,0.17529582977294922,1523.3515625
16857,0.20518994331359863,1520.38671875
16858,0.27564430236816406,1522.078125
16859,0.19706249237060547,1522.2109375
16860,0.20108962059020996,1523.28515625
16861,0.18022799491882324,1523.12109375
16862,0.21280145645141602,1522.85546875
16863,0.1481318473815918,1522.375
16864,0.1429445743560791,1523.828125
16865,0.18041086196899414,1522.72265625
16866,0.21575117111206055,1524.31640625
16867,0.08702373504638672,1523.20703125
16868,0.2834620475769043,1522.8203125
16869,0.1945209503173828,1522.07421875
16870,0.19207453727722168,1522.2890625
16871,0.19640469551086426,1522.86328125
16872,0.17799639701843262,1522.86328125
16873,0.2160930633544922,1522.62109375
16874,0.19005918502807617,1524.5390625
16875,0.1224663257598877,1524.46875
16876,0.16304802894592285,1525.390625
16877,0.19107937812805176,1522.78515625
16878,0.1886301040649414,1523.3125
16879,0.19989299774169922,1523.51953125
16880,0.1476438045501709,1525.17578125
16881,0.08083701133728027,1524.58984375
16882,0.1968536376953125,1524.984375
16883,0.20875287055969238,1526.22265625
16884,0.22177577018737793,1523.97265625
16885,0.18227005004882812,1524.51171875
16886,0.16467928886413574,1523.99609375
16887,0.23738479614257812,1526.01171875
16888,0.20880722999572754,1525.44140625
16889,0.16693401336669922,1526.328125
16890,0.2232990264892578,1527.03125
16891,0.18875360488891602,1525.37890625
16892,0.16594696044921875,1525.8359375
16893,0.1943809986114502,1525.37109375
16894,0.20170307159423828,1525.18359375
16895,0.16465377807617188,1525.81640625
16896,0.18997669219970703,1526.7421875
16897,0.2088003158569336,1523.97265625
16898,0.19809865951538086,1525.2109375
16899,0.17497515678405762,1525.3359375
16900,0.19253849983215332,1524.46484375
16901,0.1240386962890625,1526.3359375
16902,0.1286778450012207,1526.6640625
16903,0.16817569732666016,1524.49609375
16904,0.17331504821777344,1526.18359375
16905,0.18192338943481445,1526.4609375
16906,0.1754450798034668,1525.46484375
16907,0.20647621154785156,1527.328125
16908,0.1934220790863037,1525.47265625
16909,0.1579601764678955,1528.53515625
16910,0.18044734001159668,1529.9296875
16911,0.2179248332977295,1527.05859375
16912,0.1996290683746338,1528.78125
16913,0.21452808380126953,1528.91796875
16914,0.23247742652893066,1530.02734375
16915,0.1686713695526123,1531.87109375
16916,0.15844988822937012,1528.8203125
16917,0.16028165817260742,1532.46875
16918,0.3128631114959717,1530.1953125
16919,0.19852900505065918,1529.06640625
16920,0.22473669052124023,1528.94140625
16921,0.19329833984375,1531.93359375
16922,0.1000525951385498,1529.2890625
16923,0.17542648315429688,1529.921875
16924,0.19941163063049316,1530.15625
16925,0.22225379943847656,1528.81640625
16926,0.16864585876464844,1527.9921875
16927,0.1856985092163086,1529.640625
16928,0.21194219589233398,1530.66796875
16929,0.19635486602783203,1529.25
16930,0.17121267318725586,1529.41796875
16931,0.17203950881958008,1529.4921875
16932,0.21063780784606934,1530.265625
16933,0.18009018898010254,1528.41796875
16934,0.19401025772094727,1529.53125
16935,0.18004655838012695,1530.05859375
16936,0.14672613143920898,1530.2890625
16937,0.24274349212646484,1532.08203125
16938,0.16588115692138672,1530.13671875
16939,0.19495916366577148,1530.3828125
16940,0.2826657295227051,1528.890625
16941,0.1786327362060547,1530.04296875
16942,0.16463351249694824,1531.94921875
16943,0.22478842735290527,1531.859375
16944,0.19758224487304688,1533.07421875
16945,0.18002724647521973,1532.078125
16946,0.17927765846252441,1529.52734375
16947,0.16887331008911133,1529.84765625
16948,0.17559552192687988,1532.33984375
16949,0.08228111267089844,1532.484375
16950,0.18987607955932617,1532.00390625
16951,0.16867661476135254,1531.78125
16952,0.16688895225524902,1532.1328125
16953,0.17620062828063965,1532.2109375
16954,0.1466224193572998,1532.92578125
16955,0.21312522888183594,1532.98828125
16956,0.18312406539916992,1533.28515625
16957,0.1825101375579834,1532.95703125
16958,0.21584677696228027,1533.3984375
16959,0.1442430019378662,1535.44921875
16960,0.18197846412658691,1531.59765625
16961,0.1746509075164795,1534.1328125
16962,0.16843676567077637,1534.09765625
16963,0.20771217346191406,1533.58984375
16964,0.2140035629272461,1531.30078125
16965,0.23063087463378906,1533.75390625
16966,0.2294139862060547,1532.2890625
16967,0.21357131004333496,1532.8203125
16968,0.16766667366027832,1534.140625
16969,0.1786785125732422,1533.13671875
16970,0.16952824592590332,1532.85546875
16971,0.14551949501037598,1535.74609375
16972,0.19001507759094238,1534.85546875
16973,0.1787405014038086,1535.3359375
16974,0.20905184745788574,1538.671875
16975,0.18338990211486816,1536.109375
16976,0.21355962753295898,1535.74609375
16977,0.17291045188903809,1534.9453125
16978,0.18131160736083984,1536.3125
16979,0.13271093368530273,1535.9765625
16980,0.2124485969543457,1535.69921875
16981,0.19577813148498535,1537.65234375
16982,0.261777400970459,1535.51953125
16983,0.17514729499816895,1536.78515625
16984,0.1770787239074707,1537.38671875
16985,0.2030630111694336,1535.46875
16986,0.16850757598876953,1535.67578125
16987,0.1763913631439209,1538.8046875
16988,0.1818380355834961,1536.6796875
16989,0.20865845680236816,1537.79296875
16990,0.22164344787597656,1537.3671875
16991,0.14556336402893066,1535.62109375
16992,0.16979098320007324,1538.26953125
16993,0.13744568824768066,1538.640625
16994,0.21240663528442383,1537.5703125
16995,0.1965796947479248,1535.8828125
16996,0.16479134559631348,1537.07421875
16997,0.1308882236480713,1536.5234375
16998,0.13219261169433594,1535.8515625
16999,0.20356273651123047,1537.1484375
17000,0.17466974258422852,1535.02734375
17001,0.1990342140197754,1539.453125
17002,0.17644190788269043,1535.66796875
17003,0.17770624160766602,1536.90234375
17004,0.18059873580932617,1537.640625
17005,0.13614583015441895,1536.3046875
17006,0.18011188507080078,1534.83984375
17007,0.19498443603515625,1536.85546875
17008,0.23639822006225586,1537.0390625
17009,0.14484381675720215,1536.28515625
17010,0.14823102951049805,1536.8984375
17011,0.14771580696105957,1538.8125
17012,0.18019914627075195,1538.42578125
17013,0.23995757102966309,1538.39453125
17014,0.1916487216949463,1537.79296875
17015,0.2156059741973877,1540.20703125
17016,0.17855000495910645,1538.66015625
17017,0.1764373779296875,1537.2890625
17018,0.0698709487915039,1536.734375
17019,0.21169424057006836,1540.0546875
17020,0.23717093467712402,1539.78125
17021,0.15704894065856934,1542.2265625
17022,0.08381009101867676,1537.68359375
17023,0.12100505828857422,1540.375
17024,0.21285796165466309,1541.9296875
17025,0.21102619171142578,1538.86328125
17026,0.19135785102844238,1540.16015625
17027,0.19913172721862793,1541.65234375
17028,0.1759178638458252,1539.828125
17029,0.18239784240722656,1539.0390625
17030,0.22952818870544434,1542.20703125
17031,0.18590593338012695,1540.60546875
17032,0.21236920356750488,1541.45703125
17033,0.20641303062438965,1540.25
17034,0.1960310935974121,1541.8125
17035,0.10143566131591797,1542.3671875
17036,0.17368102073669434,1541.8515625
17037,0.21526527404785156,1541.6875
17038,0.21448135375976562,1540.43359375
17039,0.1982712745666504,1540.27734375
17040,0.24727916717529297,1541.34375
17041,0.2454230785369873,1541.6171875
17042,0.1653306484222412,1541.30859375
17043,0.2390916347503662,1542.24609375
17044,0.23169541358947754,1543.12109375
17045,0.1893467903137207,1540.94140625
17046,0.24569082260131836,1542.59765625
17047,0.21290969848632812,1541.359375
17048,0.19812774658203125,1539.86328125
17049,0.22354936599731445,1540.75
17050,0.18170714378356934,1542.578125
17051,0.1616380214691162,1541.44140625
17052,0.2397172451019287,1540.62890625
17053,0.24292421340942383,1542.8359375
17054,0.19391894340515137,1540.5390625
17055,0.23651909828186035,1541.20703125
17056,0.16637706756591797,1542.734375
17057,0.28012728691101074,1543.234375
17058,0.21963262557983398,1543.16796875
17059,0.19600844383239746,1542.99609375
17060,0.22762441635131836,1542.60546875
17061,0.16898536682128906,1542.34765625
17062,0.23253273963928223,1543.9296875
17063,0.2377471923828125,1545.59765625
17064,0.2017660140991211,1545.84765625
17065,0.2486100196838379,1544.890625
17066,0.07716703414916992,1544.44140625
17067,0.20843982696533203,1544.80859375
17068,0.22838568687438965,1543.90625
17069,0.21195316314697266,1545.92578125
17070,0.22046875953674316,1545.51171875
17071,0.21944260597229004,1544.29296875
17072,0.2176220417022705,1544.4921875
17073,0.21933650970458984,1545.3828125
17074,0.19014620780944824,1545.42578125
17075,0.2807590961456299,1544.78125
17076,0.19950509071350098,1546.5390625
17077,0.2026689052581787,1545.18359375
17078,0.1007380485534668,1545.26953125
17079,0.18905138969421387,1545.48828125
17080,0.22971343994140625,1545.9140625
17081,0.2554643154144287,1546.0859375
17082,0.13889741897583008,1545.17578125
17083,0.1986703872680664,1544.8359375
17084,0.3011479377746582,1546.421875
17085,0.19260191917419434,1548.7890625
17086,0.16243767738342285,1546.30859375
17087,0.22803497314453125,1546.390625
17088,0.26091694831848145,1545.7265625
17089,0.17258572578430176,1546.98828125
17090,0.17143654823303223,1545.4296875
17091,0.1962909698486328,1547.234375
17092,0.18142127990722656,1545.5078125
17093,0.1669902801513672,1546.14453125
17094,0.2538614273071289,1545.87890625
17095,0.22739171981811523,1547.59765625
17096,0.1614513397216797,1546.65234375
17097,0.17457795143127441,1548.28515625
17098,0.21528267860412598,1547.859375
17099,0.17172956466674805,1548.62890625
17100,0.20250606536865234,1548.97265625
17101,0.18062067031860352,1549.30078125
17102,0.1782670021057129,1548.24609375
17103,0.15946531295776367,1548.16796875
17104,0.2014319896697998,1549.671875
17105,0.1828937530517578,1550.08984375
17106,0.19517731666564941,1549.58203125
17107,0.25575971603393555,1549.515625
17108,0.19060611724853516,1549.37890625
17109,0.16304779052734375,1550.7734375
17110,0.20398187637329102,1551.83984375
17111,0.1788463592529297,1549.5234375
17112,0.14110374450683594,1549.17578125
17113,0.23142743110656738,1550.09375
17114,0.18242645263671875,1550.74609375
17115,0.17297029495239258,1549.67578125
17116,0.19209647178649902,1551.390625
17117,0.22860121726989746,1550.74609375
17118,0.14145278930664062,1551.1796875
17119,0.1467609405517578,1549.421875
17120,0.1444089412689209,1550.7265625
17121,0.1786947250366211,1550.87109375
17122,0.1816248893737793,1551.0234375
17123,0.19110631942749023,1549.6640625
17124,0.17650556564331055,1549.0234375
17125,0.16049432754516602,1549.453125
17126,0.16509246826171875,1550.0703125
17127,0.1313157081604004,1550.44921875
17128,0.2058265209197998,1551.34375
17129,0.1488049030303955,1550.515625
17130,0.1405491828918457,1551.1171875
17131,0.24814462661743164,1551.6171875
17132,0.14149904251098633,1550.140625
17133,0.19506072998046875,1552.99609375
17134,0.20603609085083008,1551.99609375
17135,0.18322372436523438,1554.80859375
17136,0.1968069076538086,1551.58203125
17137,0.19464969635009766,1553.56640625
17138,0.2756776809692383,1552.81640625
17139,0.19957923889160156,1551.234375
17140,0.1801908016204834,1553.6328125
17141,0.1958324909210205,1553.2734375
17142,0.22910761833190918,1551.609375
17143,0.1785435676574707,1551.6796875
17144,0.21296977996826172,1551.84375
17145,0.16367316246032715,1551.8125
17146,0.1543114185333252,1553.8984375
17147,0.18514728546142578,1553.0
17148,0.1637563705444336,1553.453125
17149,0.1537940502166748,1554.43359375
17150,0.19510340690612793,1551.65234375
17151,0.1912553310394287,1552.734375
17152,0.08183431625366211,1551.75390625
17153,0.1750168800354004,1552.375
17154,0.21779727935791016,1551.12890625
17155,0.1757068634033203,1552.421875
17156,0.19617104530334473,1554.24609375
17157,0.1932375431060791,1552.26171875
17158,0.18896842002868652,1552.56640625
17159,0.20567679405212402,1553.61328125
17160,0.24102234840393066,1552.58984375
17161,0.18306660652160645,1551.76953125
17162,0.17428159713745117,1552.94921875
17163,0.1872236728668213,1552.6015625
17164,0.21149277687072754,1554.1015625
17165,0.09857606887817383,1554.046875
17166,0.19916963577270508,1553.46875
17167,0.16029143333435059,1554.69140625
17168,0.18089771270751953,1554.63671875
17169,0.1801302433013916,1553.64453125
17170,0.17430520057678223,1555.921875
17171,0.1777355670928955,1554.78515625
17172,0.1773972511291504,1554.87109375
17173,0.21524810791015625,1555.15234375
17174,0.19725513458251953,1555.80078125
17175,0.17434287071228027,1554.73046875
17176,0.19690847396850586,1554.03515625
17177,0.17786407470703125,1556.14453125
17178,0.21639037132263184,1555.69140625
17179,0.1507716178894043,1555.97265625
17180,0.2052440643310547,1555.91015625
17181,0.10999369621276855,1554.1640625
17182,0.20150232315063477,1557.9375
17183,0.21230578422546387,1556.0
17184,0.23054838180541992,1556.390625
17185,0.1936485767364502,1556.5859375
17186,0.16509127616882324,1558.97265625
17187,0.1905064582824707,1555.8515625
17188,0.19535398483276367,1556.12109375
17189,0.20706796646118164,1556.421875
17190,0.10846829414367676,1557.37109375
17191,0.13552117347717285,1558.0625
17192,0.20537066459655762,1557.33203125
17193,0.18216538429260254,1556.32421875
17194,0.15012383460998535,1558.77734375
17195,0.19871091842651367,1559.55078125
17196,0.17925691604614258,1559.59375
17197,0.194688081741333,1558.078125
17198,0.25011301040649414,1560.14453125
17199,0.19976329803466797,1559.38671875
17200,0.14803385734558105,1558.45703125
17201,0.23093032836914062,1559.44921875
17202,0.18415045738220215,1559.2578125
17203,0.16752171516418457,1560.99609375
17204,0.18519926071166992,1561.75390625
17205,0.23381710052490234,1562.3984375
17206,0.1891622543334961,1560.5234375
17207,0.184889554977417,1561.08984375
17208,0.19090533256530762,1562.3046875
17209,0.151336669921875,1561.1640625
17210,0.1675577163696289,1560.515625
17211,0.22459149360656738,1560.125
17212,0.19658470153808594,1560.73828125
17213,0.1705644130706787,1561.2421875
17214,0.24841022491455078,1561.55078125
17215,0.16962981224060059,1561.09765625
17216,0.2271728515625,1562.53515625
17217,0.14932465553283691,1562.83984375
17218,0.19190764427185059,1561.19921875
17219,0.2971456050872803,1560.84765625
17220,0.1612544059753418,1562.4375
17221,0.21132898330688477,1563.0703125
17222,0.23203349113464355,1561.73828125
17223,0.167039155960083,1563.5390625
17224,0.3028829097747803,1562.5
17225,0.2086646556854248,1563.203125
17226,0.1635904312133789,1563.45703125
17227,0.16097354888916016,1564.15234375
17228,0.18714165687561035,1563.90625
17229,0.18104791641235352,1563.2890625
17230,0.17006874084472656,1565.78515625
17231,0.17782950401306152,1563.55078125
17232,0.17970967292785645,1566.5625
17233,0.17856287956237793,1565.5
17234,0.2064502239227295,1565.8671875
17235,0.19184160232543945,1565.45703125
17236,0.15186238288879395,1564.0234375
17237,0.1792755126953125,1565.734375
17238,0.18041300773620605,1564.33203125
17239,0.14635753631591797,1564.0078125
17240,0.16297125816345215,1564.765625
17241,0.2066361904144287,1565.77734375
17242,0.22099041938781738,1564.6640625
17243,0.23921442031860352,1566.578125
17244,0.21639490127563477,1566.37890625
17245,0.2560286521911621,1566.296875
17246,0.2567615509033203,1565.6171875
17247,0.13571906089782715,1565.96875
17248,0.21030640602111816,1565.71484375
17249,0.19126391410827637,1564.234375
17250,0.17194318771362305,1565.93359375
17251,0.21700716018676758,1565.9453125
17252,0.16814279556274414,1566.63671875
17253,0.18005943298339844,1565.125
17254,0.16527128219604492,1565.39453125
17255,0.19441509246826172,1564.47265625
17256,0.2460622787475586,1566.34765625
17257,0.2081143856048584,1567.2421875
17258,0.17553210258483887,1564.44921875
17259,0.1733388900756836,1568.125
17260,0.1582784652709961,1567.53515625
17261,0.18334746360778809,1564.4140625
17262,0.16968083381652832,1567.23828125
17263,0.1975538730621338,1567.61328125
17264,0.2126147747039795,1569.0625
17265,0.23771166801452637,1567.72265625
17266,0.14623212814331055,1568.57421875
17267,0.20972585678100586,1569.1484375
17268,0.19477057456970215,1568.046875
17269,0.19761872291564941,1567.96875
17270,0.18444585800170898,1567.0625
17271,0.21669888496398926,1567.7421875
17272,0.17940115928649902,1570.7890625
17273,0.2138054370880127,1568.7265625
17274,0.18189573287963867,1569.1171875
17275,0.20031023025512695,1566.34765625
17276,0.19894742965698242,1569.68359375
17277,0.14182734489440918,1568.4140625
17278,0.21127605438232422,1569.30078125
17279,0.17555952072143555,1570.4140625
17280,0.21582674980163574,1567.40625
17281,0.2565732002258301,1568.6171875
17282,0.2390742301940918,1568.73828125
17283,0.1990966796875,1567.60546875
17284,0.1846787929534912,1570.12109375
17285,0.2821831703186035,1569.6171875
17286,0.24021100997924805,1570.1328125
17287,0.25209498405456543,1570.1015625
17288,0.20865583419799805,1570.20703125
17289,0.23329877853393555,1568.87890625
17290,0.22817349433898926,1570.79296875
17291,0.2000429630279541,1570.45703125
17292,0.2818014621734619,1570.5703125
17293,0.1204080581665039,1570.22265625
17294,0.20923137664794922,1570.35546875
17295,0.2429523468017578,1569.61328125
17296,0.20430612564086914,1571.48046875
17297,0.11553239822387695,1570.734375
17298,0.17186665534973145,1570.81640625
17299,0.2258281707763672,1571.71875
17300,0.21250605583190918,1570.1328125
17301,0.235673189163208,1570.63671875
17302,0.1814136505126953,1569.53515625
17303,0.2163524627685547,1570.05859375
17304,0.17450714111328125,1571.24609375
17305,0.23682951927185059,1574.51171875
17306,0.19891357421875,1573.18359375
17307,0.20214509963989258,1572.33984375
17308,0.20208191871643066,1573.3828125
17309,0.26003050804138184,1573.88671875
17310,0.21341633796691895,1572.16796875
17311,0.2317972183227539,1573.00390625
17312,0.14884543418884277,1573.7265625
17313,0.21904325485229492,1573.28515625
17314,0.3341712951660156,1571.625
17315,0.20472431182861328,1572.01953125
17316,0.22055983543395996,1573.3828125
17317,0.21184754371643066,1573.7890625
17318,0.11434531211853027,1573.01953125
17319,0.2223055362701416,1571.93359375
17320,0.14558076858520508,1573.80078125
17321,0.20652556419372559,1574.19921875
17322,0.19402194023132324,1574.33984375
17323,0.1645982265472412,1573.9921875
17324,0.2247331142425537,1573.77734375
17325,0.19355511665344238,1574.84765625
17326,0.23527288436889648,1574.53125
17327,0.18659329414367676,1576.32421875
17328,0.20501208305358887,1574.45703125
17329,0.17212486267089844,1574.5703125
17330,0.1951146125793457,1575.0703125
17331,0.14478182792663574,1576.95703125
17332,0.18728137016296387,1575.23828125
17333,0.0749354362487793,1574.515625
17334,0.17634034156799316,1573.359375
17335,0.19279885292053223,1574.23828125
17336,0.15028119087219238,1575.26171875
17337,0.21309566497802734,1574.3046875
17338,0.1452493667602539,1576.4296875
17339,0.19505691528320312,1575.953125
17340,0.26180553436279297,1575.1953125
17341,0.2219085693359375,1575.6015625
17342,0.2047111988067627,1575.9140625
17343,0.09557437896728516,1575.5625
17344,0.24188971519470215,1575.96875
17345,0.17943239212036133,1575.859375
17346,0.24477052688598633,1577.37109375
17347,0.2492671012878418,1576.28515625
17348,0.15710091590881348,1575.53515625
17349,0.19731402397155762,1576.4609375
17350,0.1272118091583252,1577.82421875
17351,0.1701500415802002,1576.484375
17352,0.25705385208129883,1576.62890625
17353,0.2851293087005615,1315.55859375
17354,0.2404651641845703,1316.953125
17355,0.18784785270690918,1316.66796875
17356,0.2097015380859375,1315.609375
17357,0.18287205696105957,1316.6171875
17358,0.3367800712585449,1316.34765625
17359,0.20630764961242676,1317.42578125
17360,0.2587296962738037,1318.56640625
17361,0.17047929763793945,1317.55859375
17362,0.24673748016357422,1317.203125
17363,0.23404359817504883,1318.48828125
17364,0.19827747344970703,1317.2265625
17365,0.1822342872619629,1317.9375
17366,0.20181941986083984,1317.05078125
17367,0.1996171474456787,1319.84765625
17368,0.15695548057556152,1317.08203125
17369,0.15903925895690918,1318.3828125
17370,0.19861531257629395,1317.828125
17371,0.22493362426757812,1319.08984375
17372,0.20272111892700195,1318.0546875
17373,0.2067265510559082,1317.86328125
17374,0.17577338218688965,1317.3671875
17375,0.14739632606506348,1316.60546875
17376,0.2950477600097656,1321.16015625
17377,0.22254371643066406,1317.8671875
17378,0.20606565475463867,1318.76171875
17379,0.18444204330444336,1319.984375
17380,0.14971446990966797,1318.73046875
17381,0.18168997764587402,1318.125
17382,0.26299142837524414,1318.93359375
17383,0.246964693069458,1319.33203125
17384,0.1264021396636963,1319.5546875
17385,0.20640826225280762,1320.41015625
17386,0.16523003578186035,1319.73828125
17387,0.22377490997314453,1320.65625
17388,0.21092486381530762,1320.14453125
17389,0.19294118881225586,1319.7109375
17390,0.15029335021972656,1320.43359375
17391,0.1768357753753662,1320.671875
17392,0.16565418243408203,1320.109375
17393,0.11772584915161133,1320.4296875
17394,0.21436476707458496,1322.4296875
17395,0.20611238479614258,1320.02734375
17396,0.2195296287536621,1320.52734375
17397,0.2517814636230469,1320.87109375
17398,0.19959759712219238,1320.28125
17399,0.1484367847442627,1321.97265625
17400,0.21977663040161133,1321.28515625
17401,0.1826310157775879,1322.484375
17402,0.15160417556762695,1320.56640625
17403,0.18436503410339355,1321.640625
17404,0.15026593208312988,1321.98828125
17405,0.17258834838867188,1321.44921875
17406,0.25160670280456543,1320.84765625
17407,0.12558460235595703,1322.0078125
17408,0.20568203926086426,1321.57421875
17409,0.1734156608581543,1321.03125
17410,0.1684870719909668,1320.58203125
17411,0.23093843460083008,1322.69921875
17412,0.21438193321228027,1320.375
17413,0.24243521690368652,1320.70703125
17414,0.12816309928894043,1321.53125
17415,0.17211484909057617,1322.8828125
17416,0.1361074447631836,1323.5234375
17417,0.22098684310913086,1323.19140625
17418,0.2646973133087158,1321.58203125
17419,0.19960927963256836,1322.6875
17420,0.2262732982635498,1322.703125
17421,0.1791391372680664,1322.80859375
17422,0.23200249671936035,1322.76171875
17423,0.15285682678222656,1321.7109375
17424,0.26079869270324707,1323.34375
17425,0.1715984344482422,1324.62109375
17426,0.18929409980773926,1321.37890625
17427,0.16012096405029297,1326.08984375
17428,0.20519375801086426,1324.45703125
17429,0.17552590370178223,1322.015625
17430,0.2163074016571045,1324.19921875
17431,0.16968035697937012,1323.65625
17432,0.1340646743774414,1323.0625
17433,0.1581881046295166,1323.94140625
17434,0.22820281982421875,1323.25
17435,0.16269636154174805,1324.66796875
17436,0.1898353099822998,1323.21484375
17437,0.156325101852417,1324.02734375
17438,0.22551465034484863,1323.05078125
17439,0.20647048950195312,1324.77734375
17440,0.22295165061950684,1323.61328125
17441,0.1600360870361328,1325.05859375
17442,0.1754908561706543,1326.04296875
17443,0.18937277793884277,1328.0625
17444,0.18430399894714355,1324.6171875
17445,0.16908502578735352,1326.359375
17446,0.2775914669036865,1325.9296875
17447,0.1809859275817871,1324.4140625
17448,0.19483566284179688,1325.25
17449,0.21845173835754395,1325.8125
17450,0.21944308280944824,1325.9765625
17451,0.23639917373657227,1325.421875
17452,0.18404722213745117,1326.00390625
17453,0.17116594314575195,1327.12890625
17454,0.1722261905670166,1327.3046875
17455,0.18054914474487305,1327.8125
17456,0.16010642051696777,1326.6171875
17457,0.17645502090454102,1327.81640625
17458,0.18481826782226562,1329.64453125
17459,0.19309759140014648,1327.7890625
17460,0.2135930061340332,1327.93359375
17461,0.15748023986816406,1329.60546875
17462,0.2619938850402832,1326.04296875
17463,0.19337701797485352,1329.12109375
17464,0.1936478614807129,1327.19140625
17465,0.20467543601989746,1327.734375
17466,0.18489289283752441,1328.015625
17467,0.17220211029052734,1326.88671875
17468,0.16964507102966309,1327.58203125
17469,0.16016912460327148,1328.296875
17470,0.1809234619140625,1330.1015625
17471,0.13441681861877441,1328.66796875
17472,0.11229848861694336,1328.55078125
17473,0.18809986114501953,1328.72265625
17474,0.2080245018005371,1328.37890625
17475,0.13354706764221191,1328.234375
17476,0.2281501293182373,1329.80078125
17477,0.17152643203735352,1330.73828125
17478,0.23967289924621582,1327.44921875
17479,0.1691577434539795,1328.33984375
17480,0.20794272422790527,1328.2421875
17481,0.1961376667022705,1329.890625
17482,0.15186500549316406,1329.91796875
17483,0.1755380630493164,1333.28515625
17484,0.19499683380126953,1330.96875
17485,0.17692184448242188,1329.3046875
17486,0.24336647987365723,1333.24609375
17487,0.08465409278869629,1330.30859375
17488,0.2311856746673584,1330.25
17489,0.19272589683532715,1332.015625
17490,0.16696619987487793,1331.51953125
17491,0.12323498725891113,1331.80859375
17492,0.21025991439819336,1330.234375
17493,0.20050406455993652,1331.37109375
17494,0.2410900592803955,1330.77734375
17495,0.11242127418518066,1332.92578125
17496,0.17902350425720215,1330.8046875
17497,0.21728992462158203,1331.73828125
17498,0.19693875312805176,1330.78125
17499,0.18427562713623047,1332.0703125
17500,0.12786006927490234,1331.5546875
17501,0.21414399147033691,1330.9765625
17502,0.2412562370300293,1331.0
17503,0.16926956176757812,1331.19140625
17504,0.1531972885131836,1332.3671875
17505,0.14687705039978027,1332.43359375
17506,0.14580583572387695,1333.1484375
17507,0.1574993133544922,1333.46484375
17508,0.18879222869873047,1332.55859375
17509,0.19743061065673828,1332.77734375
17510,0.19390368461608887,1333.3828125
17511,0.16232824325561523,1333.71484375
17512,0.23276591300964355,1332.60546875
17513,0.19655275344848633,1334.03125
17514,0.185791015625,1334.0703125
17515,0.20232343673706055,1330.87109375
17516,0.19051241874694824,1333.4921875
17517,0.20645880699157715,1333.86328125
17518,0.1601724624633789,1332.8359375
17519,0.16365313529968262,1332.6953125
17520,0.22649574279785156,1334.71875
17521,0.24360179901123047,1334.0859375
17522,0.19748258590698242,1334.99609375
17523,0.22412109375,1334.8515625
17524,0.19795894622802734,1334.84375
17525,0.18628406524658203,1334.8046875
17526,0.18310308456420898,1336.44921875
17527,0.19580912590026855,1334.78515625
17528,0.0879509449005127,1332.828125
17529,0.192826509475708,1332.83984375
17530,0.1613328456878662,1332.9296875
17531,0.1690959930419922,1333.57421875
17532,0.1701946258544922,1335.07421875
17533,0.21698784828186035,1334.5859375
17534,0.1300063133239746,1335.625
17535,0.21136069297790527,1336.1171875
17536,0.21213412284851074,1335.828125
17537,0.19960522651672363,1336.91015625
17538,0.15982508659362793,1338.16015625
17539,0.19499659538269043,1333.38671875
17540,0.17683053016662598,1339.0078125
17541,0.17677903175354004,1337.09375
17542,0.20885396003723145,1337.1953125
17543,0.23225164413452148,1336.6640625
17544,0.14676523208618164,1337.61328125
17545,0.15579771995544434,1338.25390625
17546,0.15690279006958008,1337.34765625
17547,0.16675877571105957,1337.98828125
17548,0.2792484760284424,1338.46875
17549,0.1754913330078125,1338.7265625
17550,0.17093229293823242,1338.96875
17551,0.18539786338806152,1337.30859375
17552,0.1907351016998291,1338.60546875
17553,0.18899893760681152,1336.5078125
17554,0.18749666213989258,1337.3046875
17555,0.13542580604553223,1338.64453125
17556,0.19065237045288086,1337.99609375
17557,0.21093964576721191,1338.4765625
17558,0.16830801963806152,1338.80078125
17559,0.194105863571167,1341.3984375
17560,0.227097749710083,1338.859375
17561,0.23299407958984375,1340.29296875
17562,0.20242929458618164,1338.58984375
17563,0.20935535430908203,1339.24609375
17564,0.20935797691345215,1338.37890625
17565,0.20634245872497559,1340.06640625
17566,0.18233156204223633,1340.3828125
17567,0.19458484649658203,1339.7109375
17568,0.22267436981201172,1339.80078125
17569,0.25463438034057617,1341.484375
17570,0.1850125789642334,1340.2734375
17571,0.2102358341217041,1340.60546875
17572,0.2119579315185547,1340.9375
17573,0.24132680892944336,1341.50390625
17574,0.20462441444396973,1341.359375
17575,0.19485878944396973,1341.8125
17576,0.22553229331970215,1342.35546875
17577,0.2631101608276367,1341.64453125
17578,0.28033947944641113,1343.37890625
17579,0.31036925315856934,1341.83984375
17580,0.21239757537841797,1342.2734375
17581,0.24049091339111328,1341.7578125
17582,0.21318411827087402,1340.01953125
17583,0.16992640495300293,1342.1953125
17584,0.22064638137817383,1340.796875
17585,0.23471498489379883,1341.02734375
17586,0.2214643955230713,1341.19140625
17587,0.19498777389526367,1341.46875
17588,0.18756961822509766,1343.33203125
17589,0.20453310012817383,1342.4609375
17590,0.18782615661621094,1342.8515625
17591,0.24574661254882812,1341.62890625
17592,0.2910432815551758,1342.15625
17593,0.18356895446777344,1341.05859375
17594,0.22420740127563477,1343.328125
17595,0.2615966796875,1342.73046875
17596,0.21944904327392578,1342.47265625
17597,0.195908784866333,1343.18359375
17598,0.18614506721496582,1343.890625
17599,0.2602360248565674,1346.9921875
17600,0.1937563419342041,1343.84375
17601,0.18857550621032715,1345.2109375
17602,0.2076735496520996,1344.2890625
17603,0.23390984535217285,1344.28125
17604,0.17080354690551758,1343.91015625
17605,0.2028489112854004,1344.70703125
17606,0.24022507667541504,1343.8828125
17607,0.24785470962524414,1345.87890625
17608,0.1702418327331543,1344.890625
17609,0.21455621719360352,1345.453125
17610,0.11872315406799316,1345.5390625
17611,0.19511961936950684,1345.86328125
17612,0.20183730125427246,1344.28125
17613,0.20423388481140137,1346.30859375
17614,0.20627880096435547,1346.234375
17615,0.27408456802368164,1348.9765625
17616,0.19751358032226562,1344.921875
17617,0.18064594268798828,1346.1796875
17618,0.15465116500854492,1344.99609375
17619,0.17618846893310547,1351.40234375
17620,0.15008902549743652,1347.75390625
17621,0.17991232872009277,1346.296875
17622,0.20660877227783203,1350.43359375
17623,0.21960926055908203,1346.11328125
17624,0.20559358596801758,1346.1796875
17625,0.2669229507446289,1348.71484375
17626,0.16064000129699707,1348.66015625
17627,0.17134594917297363,1347.73046875
17628,0.17034029960632324,1349.03125
17629,0.17367839813232422,1347.4765625
17630,0.19407105445861816,1348.94140625
17631,0.22743511199951172,1348.8984375
17632,0.16446971893310547,1350.01953125
17633,0.1829359531402588,1348.7265625
17634,0.16852664947509766,1348.33984375
17635,0.10531210899353027,1347.55078125
17636,0.2299330234527588,1349.69921875
17637,0.18008661270141602,1347.73046875
17638,0.16980671882629395,1347.921875
17639,0.1516273021697998,1349.17578125
17640,0.19150781631469727,1348.6171875
17641,0.17618155479431152,1350.171875
17642,0.1497335433959961,1347.6640625
17643,0.18847918510437012,1348.73828125
17644,0.18451476097106934,1348.71875
17645,0.2239389419555664,1350.09375
17646,0.2236185073852539,1348.9765625
17647,0.1732034683227539,1350.265625
17648,0.20288395881652832,1348.921875
17649,0.20146536827087402,1352.53125
17650,0.18309712409973145,1348.4609375
17651,0.20764946937561035,1349.83203125
17652,0.21261382102966309,1349.359375
17653,0.154832124710083,1349.0078125
17654,0.1731879711151123,1350.5859375
17655,0.19773268699645996,1351.91015625
17656,0.22632503509521484,1350.8125
17657,0.1643533706665039,1350.1484375
17658,0.22027850151062012,1351.3515625
17659,0.1818702220916748,1351.44140625
17660,0.20473814010620117,1349.69921875
17661,0.13776731491088867,1351.94921875
17662,0.18169307708740234,1351.109375
17663,0.18003582954406738,1349.87890625
17664,0.2669045925140381,1348.69921875
17665,0.23389863967895508,1350.1953125
17666,0.19169974327087402,1351.57421875
17667,0.21498966217041016,1350.87109375
17668,0.16996216773986816,1350.45703125
17669,0.22864317893981934,1350.33984375
17670,0.1451568603515625,1351.421875
17671,0.11818218231201172,1351.140625
17672,0.26149439811706543,1354.08984375
17673,0.2146604061126709,1354.62109375
17674,0.17015480995178223,1354.4609375
17675,0.19766545295715332,1353.42578125
17676,0.17690205574035645,1353.1875
17677,0.17592644691467285,1354.80078125
17678,0.18866491317749023,1354.671875
17679,0.29215383529663086,1356.7421875
17680,0.2116107940673828,1354.23828125
17681,0.2129228115081787,1355.1875
17682,0.24359655380249023,1356.26171875
17683,0.23917174339294434,1355.0703125
17684,0.26722145080566406,1356.92578125
17685,0.18863821029663086,1356.40234375
17686,0.20907235145568848,1356.37109375
17687,0.22976255416870117,1357.07421875
17688,0.2448444366455078,1357.0625
17689,0.1939096450805664,1356.90625
17690,0.19617581367492676,1356.30078125
17691,0.2142319679260254,1355.95703125
17692,0.19064855575561523,1358.296875
17693,0.15975213050842285,1355.58203125
17694,0.178267240524292,1355.70703125
17695,0.20561933517456055,1357.91796875
17696,0.19401121139526367,1356.0703125
17697,0.22788643836975098,1355.265625
17698,0.2726783752441406,1357.2265625
17699,0.16762399673461914,1358.28125
17700,0.21196317672729492,1357.34375
17701,0.162825345993042,1357.578125
17702,0.18229055404663086,1357.95703125
17703,0.17700457572937012,1356.6640625
17704,0.1844651699066162,1357.66796875
17705,0.16396307945251465,1359.171875
17706,0.1562032699584961,1357.3046875
17707,0.18243646621704102,1357.09375
17708,0.18079590797424316,1358.4140625
17709,0.18321537971496582,1357.4921875
17710,0.09699892997741699,1358.92578125
17711,0.1980609893798828,1358.984375
17712,0.2843301296234131,1359.7265625
17713,0.17841815948486328,1357.60546875
17714,0.1659250259399414,1357.27734375
17715,0.1689755916595459,1357.98046875
17716,0.17059063911437988,1359.1015625
17717,0.19393277168273926,1356.69921875
17718,0.24735522270202637,1359.14453125
17719,0.24221205711364746,1358.875
17720,0.16685247421264648,1358.7578125
17721,0.17498230934143066,1358.1171875
17722,0.14088153839111328,1359.09765625
17723,0.19499778747558594,1357.89453125
17724,0.1704120635986328,1358.44140625
17725,0.22191452980041504,1358.49609375
17726,0.20036888122558594,1359.015625
17727,0.20472955703735352,1357.55859375
17728,0.20883917808532715,1359.8515625
17729,0.14482736587524414,1358.88671875
17730,0.17970514297485352,1359.2890625
17731,0.18189334869384766,1359.5078125
17732,0.1851820945739746,1360.8046875
17733,0.20261383056640625,1359.28125
17734,0.18558239936828613,1360.33203125
17735,0.20017504692077637,1361.29296875
17736,0.1778888702392578,1362.48046875
17737,0.19548869132995605,1362.359375
17738,0.19195318222045898,1362.98046875
17739,0.1712627410888672,1362.4140625
17740,0.1983788013458252,1363.62890625
17741,0.20247840881347656,1362.60546875
17742,0.21635866165161133,1362.50390625
17743,0.1835486888885498,1363.58984375
17744,0.21085453033447266,1361.96875
17745,0.17240047454833984,1362.93359375
17746,0.22877812385559082,1362.14453125
17747,0.18921875953674316,1365.0078125
17748,0.19658517837524414,1362.046875
17749,0.1893303394317627,1365.8359375
17750,0.18269824981689453,1360.84765625
17751,0.1641848087310791,1359.30859375
17752,0.16608786582946777,1363.69921875
17753,0.1790623664855957,1363.22265625
17754,0.13247275352478027,1361.47265625
17755,0.15837812423706055,1361.98046875
17756,0.2682170867919922,1362.94140625
17757,0.20633244514465332,1363.0625
17758,0.19421029090881348,1362.359375
17759,0.17259597778320312,1362.73828125
17760,0.13308405876159668,1362.43359375
17761,0.15976953506469727,1361.73046875
17762,0.14519810676574707,1362.48046875
17763,0.151320219039917,1364.42578125
17764,0.19069218635559082,1365.1015625
17765,0.11260032653808594,1364.30078125
17766,0.19383764266967773,1363.3125
17767,0.1725177764892578,1363.3515625
17768,0.218156099319458,1362.484375
17769,0.1983661651611328,1363.40234375
17770,0.1963977813720703,1362.875
17771,0.11329460144042969,1362.9453125
17772,0.22158098220825195,1364.7421875
17773,0.18733668327331543,1364.6484375
17774,0.12106513977050781,1364.61328125
17775,0.17022204399108887,1363.80078125
17776,0.1707444190979004,1364.6953125
17777,0.173079252243042,1364.8125
17778,0.17126989364624023,1365.74609375
17779,0.16186261177062988,1363.71875
17780,0.16275572776794434,1365.50390625
17781,0.16207289695739746,1364.46875
17782,0.1800074577331543,1363.625
17783,0.17641711235046387,1365.109375
17784,0.206434965133667,1364.73828125
17785,0.2046506404876709,1366.40625
17786,0.20169615745544434,1366.5
17787,0.205352783203125,1364.1875
17788,0.215728759765625,1365.37890625
17789,0.26171875,1365.7890625
17790,0.24604272842407227,1365.8828125
17791,0.23211073875427246,1364.89453125
17792,0.22855663299560547,1367.11328125
17793,0.26427626609802246,1366.4765625
17794,0.23657703399658203,1367.26171875
17795,0.24866938591003418,1366.5703125
17796,0.17912578582763672,1367.59765625
17797,0.19817471504211426,1366.9609375
17798,0.1883995532989502,1368.3125
17799,0.29077935218811035,1368.37109375
17800,0.18471693992614746,1369.96484375
17801,0.26868557929992676,1368.61328125
17802,0.20979809761047363,1369.64453125
17803,0.22277188301086426,1369.71875
17804,0.17757582664489746,1369.34375
17805,0.20029067993164062,1368.5390625
17806,0.15406465530395508,1369.6640625
17807,0.2528533935546875,1369.328125
17808,0.11970376968383789,1369.33984375
17809,0.1588735580444336,1368.47265625
17810,0.2091693878173828,1370.9921875
17811,0.2083437442779541,1369.8828125
17812,0.19308257102966309,1369.4140625
17813,0.20941781997680664,1373.09375
17814,0.2147963047027588,1371.2109375
17815,0.23323607444763184,1371.671875
17816,0.18172693252563477,1371.9921875
17817,0.2602546215057373,1370.359375
17818,0.22994399070739746,1371.61328125
17819,0.3292503356933594,1370.64453125
17820,0.23579931259155273,1371.234375
17821,0.34114909172058105,1370.7421875
17822,0.24778294563293457,1371.75
17823,0.2141587734222412,1371.89453125
17824,0.25087475776672363,1373.625
17825,0.26985859870910645,1373.8671875
17826,0.23727822303771973,1372.8203125
17827,0.20712852478027344,1373.2421875
17828,0.2111830711364746,1372.09375
17829,0.18520283699035645,1372.5859375
17830,0.17841887474060059,1375.5
17831,0.19582605361938477,1372.16796875
17832,0.23874807357788086,1373.91015625
17833,0.19118404388427734,1371.140625
17834,0.20212960243225098,1372.37109375
17835,0.17324519157409668,1373.75
17836,0.19848370552062988,1374.43359375
17837,0.19626975059509277,1374.609375
17838,0.16434001922607422,1374.4140625
17839,0.19525599479675293,1373.62890625
17840,0.16591715812683105,1374.42578125
17841,0.21849584579467773,1374.32421875
17842,0.22724294662475586,1374.30078125
17843,0.20010781288146973,1374.90625
17844,0.22896790504455566,1376.0078125
17845,0.17718768119812012,1375.125
17846,0.18185067176818848,1374.47265625
17847,0.2472381591796875,1376.9921875
17848,0.25519609451293945,1375.8515625
17849,0.1705000400543213,1375.18359375
17850,0.23895740509033203,1376.17578125
17851,0.20082426071166992,1375.93359375
17852,0.21849584579467773,1375.76171875
17853,0.21135473251342773,1375.578125
17854,0.18291163444519043,1375.6640625
17855,0.21453404426574707,1378.65234375
17856,0.2500746250152588,1376.43359375
17857,0.18191218376159668,1377.03125
17858,0.18899965286254883,1377.90234375
17859,0.18272876739501953,1377.55078125
17860,0.21598601341247559,1376.421875
17861,0.20847225189208984,1377.70703125
17862,0.20865607261657715,1379.1484375
17863,0.23502731323242188,1379.69921875
17864,0.19129180908203125,1379.51171875
17865,0.18731331825256348,1378.90234375
17866,0.1906604766845703,1378.69140625
17867,0.23770761489868164,1380.15234375
17868,0.14092421531677246,1378.0703125
17869,0.17792081832885742,1379.64453125
17870,0.19210100173950195,1380.55859375
17871,0.2116231918334961,1380.4140625
17872,0.19639825820922852,1379.97265625
17873,0.19501686096191406,1381.0390625
17874,0.26690173149108887,1379.98828125
17875,0.20866656303405762,1378.78125
17876,0.1821897029876709,1379.05859375
17877,0.22731304168701172,1379.5546875
17878,0.23276233673095703,1380.48828125
17879,0.19942069053649902,1380.5546875
17880,0.19487881660461426,1379.75390625
17881,0.25253725051879883,1380.33203125
17882,0.21350622177124023,1379.91796875
17883,0.2643148899078369,1382.9140625
17884,0.19417834281921387,1379.87109375
17885,0.20869064331054688,1381.46875
17886,0.20925331115722656,1381.1875
17887,0.19970250129699707,1383.12109375
17888,0.22337794303894043,1380.77734375
17889,0.20679998397827148,1382.2578125
17890,0.1971430778503418,1385.2578125
17891,0.21939897537231445,1379.58984375
17892,0.21780705451965332,1383.125
17893,0.18858838081359863,1379.88671875
17894,0.20894789695739746,1382.44140625
17895,0.1991870403289795,1382.484375
17896,0.22023773193359375,1381.0703125
17897,0.23297524452209473,1380.0078125
17898,0.1567211151123047,1378.17578125
17899,0.2306373119354248,1380.6875
17900,0.16401195526123047,1379.78125
17901,0.192244291305542,1381.7734375
17902,0.2382831573486328,1380.6953125
17903,0.20166563987731934,1381.609375
17904,0.23340535163879395,1379.5390625
17905,0.22294092178344727,1381.58203125
17906,0.20081567764282227,1382.44921875
17907,0.1612074375152588,1380.9609375
17908,0.19765305519104004,1380.6953125
17909,0.15679574012756348,1381.97265625
17910,0.2832670211791992,1381.08984375
17911,0.22477960586547852,1381.578125
17912,0.17219233512878418,1384.38671875
17913,0.20733428001403809,1381.10546875
17914,0.22466683387756348,1385.23046875
17915,0.20670700073242188,1383.94921875
17916,0.21355533599853516,1383.53515625
17917,0.20329880714416504,1383.68359375
17918,0.24377942085266113,1384.0234375
17919,0.19292974472045898,1381.90234375
17920,0.2303941249847412,1383.44140625
17921,0.20064997673034668,1383.24609375
17922,0.19530487060546875,1381.97265625
17923,0.1830277442932129,1384.60546875
17924,0.21177196502685547,1384.515625
17925,0.21414685249328613,1384.5625
17926,0.17949366569519043,1383.3828125
17927,0.222700834274292,1384.2421875
17928,0.14960169792175293,1383.47265625
17929,0.20651507377624512,1384.91015625
17930,0.29941821098327637,1385.57421875
17931,0.19260334968566895,1384.48046875
17932,0.21276521682739258,1387.578125
17933,0.12818622589111328,1384.92578125
17934,0.22734832763671875,1383.38671875
17935,0.21006059646606445,1385.63671875
17936,0.19233489036560059,1386.90234375
17937,0.2373664379119873,1386.59765625
17938,0.20656251907348633,1386.7734375
17939,0.1980443000793457,1387.23828125
17940,0.1888868808746338,1387.40234375
17941,0.18379616737365723,1385.26171875
17942,0.19502687454223633,1387.51171875
17943,0.178436279296875,1386.71875
17944,0.21680712699890137,1388.85546875
17945,0.16499781608581543,1387.2421875
17946,0.21464824676513672,1385.82421875
17947,0.20444345474243164,1389.40625
17948,0.20970368385314941,1387.30078125
17949,0.21457743644714355,1388.5703125
17950,0.19048476219177246,1387.78515625
17951,0.1862962245941162,1387.01171875
17952,0.217451810836792,1387.94140625
17953,0.2577946186065674,1388.1171875
17954,0.26271939277648926,1388.85546875
17955,0.1829538345336914,1387.84765625
17956,0.1929912567138672,1388.78515625
17957,0.18073487281799316,1388.76171875
17958,0.2080535888671875,1389.67578125
17959,0.2481706142425537,1388.453125
17960,0.20843744277954102,1391.06640625
17961,0.2432105541229248,1390.2578125
17962,0.23749589920043945,1389.7265625
17963,0.2714400291442871,1390.1953125
17964,0.19700026512145996,1389.7109375
17965,0.2191941738128662,1390.66015625
17966,0.18335175514221191,1389.4296875
17967,0.11559891700744629,1390.109375
17968,0.18749713897705078,1390.8984375
17969,0.20635294914245605,1391.64453125
17970,0.2349410057067871,1389.84375
17971,0.23794126510620117,1389.37890625
17972,0.15605378150939941,1391.0625
17973,0.20595026016235352,1388.9296875
17974,0.26238465309143066,1390.8203125
17975,0.18202733993530273,1389.2890625
17976,0.17008686065673828,1389.109375
17977,0.18542218208312988,1388.484375
17978,0.1987931728363037,1389.26953125
17979,0.22228169441223145,1390.33984375
17980,0.2124025821685791,1392.1328125
17981,0.2380988597869873,1390.0
17982,0.18527579307556152,1390.97265625
17983,0.20000457763671875,1390.50390625
17984,0.14101958274841309,1390.13671875
17985,0.2062366008758545,1390.94140625
17986,0.18335843086242676,1389.5078125
17987,0.15038132667541504,1390.40234375
17988,0.1739821434020996,1389.6328125
17989,0.1806352138519287,1390.77734375
17990,0.19500184059143066,1391.19140625
17991,0.14163780212402344,1388.92578125
17992,0.2105541229248047,1390.08203125
17993,0.18340802192687988,1390.69921875
17994,0.18798184394836426,1391.08984375
17995,0.16373562812805176,1389.7890625
17996,0.14504098892211914,1390.77734375
17997,0.21894407272338867,1390.23828125
17998,0.12746453285217285,1390.3671875
17999,0.2270822525024414,1390.296875
18000,0.1741466522216797,1391.71484375
18001,0.19524407386779785,1390.5859375
18002,0.2141706943511963,1390.41796875
18003,0.21381664276123047,1390.58984375
18004,0.18808746337890625,1391.0546875
18005,0.20817208290100098,1390.625
18006,0.1910250186920166,1392.9609375
18007,0.2795436382293701,1392.78515625
18008,0.19348883628845215,1392.97265625
18009,0.19753527641296387,1395.09375
18010,0.23634743690490723,1392.99609375
18011,0.2373337745666504,1393.41015625
18012,0.2301499843597412,1392.2109375
18013,0.21394562721252441,1393.09375
18014,0.18434810638427734,1393.390625
18015,0.1920788288116455,1393.48828125
18016,0.18095898628234863,1394.67578125
18017,0.25051307678222656,1394.38671875
18018,0.2401268482208252,1394.46484375
18019,0.2513241767883301,1394.62890625
18020,0.24547910690307617,1396.15625
18021,0.17896652221679688,1394.61328125
18022,0.25088977813720703,1393.640625
18023,0.20987272262573242,1393.71875
18024,0.23511481285095215,1393.58984375
18025,0.25803709030151367,1393.34375
18026,0.2068006992340088,1394.1875
18027,0.22183513641357422,1392.7109375
18028,0.19081926345825195,1392.01171875
18029,0.20820856094360352,1394.08984375
18030,0.17957830429077148,1394.58984375
18031,0.2627103328704834,1394.0546875
18032,0.19520306587219238,1395.33984375
18033,0.2246997356414795,1393.296875
18034,0.21381354331970215,1391.3046875
18035,0.1918632984161377,1394.8125
18036,0.24165678024291992,1394.44140625
18037,0.30983424186706543,1394.45703125
18038,0.20966291427612305,1398.8203125
18039,0.26856303215026855,1397.45703125
18040,0.21559572219848633,1397.80078125
18041,0.205186128616333,1398.06640625
18042,0.20797061920166016,1398.01953125
18043,0.22547554969787598,1396.40234375
18044,0.15671801567077637,1398.5078125
18045,0.2512686252593994,1398.58984375
18046,0.19704461097717285,1397.85546875
18047,0.16530752182006836,1396.82421875
18048,0.1812608242034912,1396.05078125
18049,0.19261479377746582,1396.45703125
18050,0.18977975845336914,1397.5390625
18051,0.2119450569152832,1398.0078125
18052,0.23689746856689453,1399.71484375
18053,0.21480512619018555,1399.87109375
18054,0.2585453987121582,1400.77734375
18055,0.19695138931274414,1400.1171875
18056,0.21228480339050293,1399.984375
18057,0.1916370391845703,1400.06640625
18058,0.18932628631591797,1400.34375
18059,0.20756196975708008,1400.06640625
18060,0.24965882301330566,1401.7890625
18061,0.22194981575012207,1400.55859375
18062,0.18421411514282227,1400.5
18063,0.15495514869689941,1402.09375
18064,0.24164247512817383,1401.45703125
18065,0.19165682792663574,1401.96484375
18066,0.2130730152130127,1401.4765625
18067,0.21918964385986328,1402.609375
18068,0.2145838737487793,1401.8984375
18069,0.17749428749084473,1400.73046875
18070,0.18560290336608887,1401.84765625
18071,0.22632718086242676,1402.58984375
18072,0.2636690139770508,1402.92578125
18073,0.16661930084228516,1403.96484375
18074,0.19511032104492188,1402.1328125
18075,0.2043931484222412,1402.98828125
18076,0.21261239051818848,1403.38671875
18077,0.1772749423980713,1403.21484375
18078,0.19189715385437012,1403.265625
18079,0.18351316452026367,1404.4296875
18080,0.18464994430541992,1404.6875
18081,0.1969740390777588,1402.359375
18082,0.19610929489135742,1404.44921875
18083,0.2992725372314453,1400.64453125
18084,0.23585271835327148,1403.62109375
18085,0.22258234024047852,1402.890625
18086,0.21918034553527832,1406.0
18087,0.1755969524383545,1403.37890625
18088,0.22074031829833984,1403.73828125
18089,0.18210887908935547,1403.2421875
18090,0.23206424713134766,1404.625
18091,0.22284746170043945,1402.46484375
18092,0.20474886894226074,1402.76171875
18093,0.29658961296081543,1403.31640625
18094,0.19936656951904297,1405.83203125
18095,0.2005481719970703,1404.8046875
18096,0.23175501823425293,1404.60546875
18097,0.19505047798156738,1404.65234375
18098,0.18478107452392578,1404.73046875
18099,0.2204601764678955,1406.14453125
18100,0.19378352165222168,1404.4921875
18101,0.21247625350952148,1404.48828125
18102,0.20252156257629395,1404.4453125
18103,0.2228221893310547,1405.19140625
18104,0.21740150451660156,1405.30859375
18105,0.1744077205657959,1405.67578125
18106,0.2125391960144043,1405.296875
18107,0.22744369506835938,1408.1484375
18108,0.19110488891601562,1405.98046875
18109,0.22863411903381348,1406.34375
18110,0.19237589836120605,1407.70703125
18111,0.2271585464477539,1407.5078125
18112,0.19657325744628906,1407.88671875
18113,0.20462679862976074,1404.9609375
18114,0.20352649688720703,1405.9140625
18115,0.1889326572418213,1404.40625
18116,0.21366310119628906,1405.90625
18117,0.2168271541595459,1407.5390625
18118,0.20810508728027344,1405.76953125
18119,0.12452554702758789,1408.125
18120,0.2655446529388428,1407.40234375
18121,0.21760106086730957,1406.15625
18122,0.1635298728942871,1407.4921875
18123,0.21167612075805664,1408.5859375
18124,0.19884562492370605,1407.72265625
18125,0.1852426528930664,1407.8671875
18126,0.15845298767089844,1409.83203125
18127,0.17485666275024414,1407.12109375
18128,0.1968376636505127,1410.7265625
18129,0.17735552787780762,1407.7734375
18130,0.12854576110839844,1407.47265625
18131,0.19722294807434082,1409.078125
18132,0.1724104881286621,1407.609375
18133,0.18352031707763672,1407.96484375
18134,0.23276591300964355,1409.9140625
18135,0.19726324081420898,1410.71875
18136,0.10336947441101074,1408.77734375
18137,0.17544245719909668,1409.59375
18138,0.1990351676940918,1409.42578125
18139,0.24444127082824707,1409.64453125
18140,0.20624804496765137,1408.67578125
18141,0.2208547592163086,1409.27734375
18142,0.17664146423339844,1411.828125
18143,0.24494361877441406,1408.91796875
18144,0.21587300300598145,1410.94140625
18145,0.23689723014831543,1411.1484375
18146,0.23805904388427734,1412.34765625
18147,0.2048957347869873,1410.625
18148,0.23505592346191406,1412.57421875
18149,0.20443272590637207,1410.91796875
18150,0.15692448616027832,1411.93359375
18151,0.19929766654968262,1412.4609375
18152,0.21352529525756836,1413.74609375
18153,0.17410826683044434,1412.1171875
18154,0.1800236701965332,1412.61328125
18155,0.203291654586792,1411.5859375
18156,0.223341703414917,1413.95703125
18157,0.2243661880493164,1412.58984375
18158,0.1469132900238037,1411.76171875
18159,0.18213987350463867,1412.890625
18160,0.22322797775268555,1412.37890625
18161,0.22452855110168457,1413.98046875
18162,0.2266983985900879,1414.24609375
18163,0.17514395713806152,1412.62890625
18164,0.2526819705963135,1412.5859375
18165,0.19608592987060547,1412.40625
18166,0.21507859230041504,1411.83984375
18167,0.20710349082946777,1412.52734375
18168,0.11846566200256348,1412.87890625
18169,0.17444849014282227,1412.45703125
18170,0.19516539573669434,1411.4921875
18171,0.19600510597229004,1413.1640625
18172,0.17809724807739258,1412.3125
18173,0.2121427059173584,1413.8984375
18174,0.2170426845550537,1411.2578125
18175,0.19867587089538574,1410.90234375
18176,0.11686444282531738,1413.5234375
18177,0.1736133098602295,1413.59765625
18178,0.19187688827514648,1413.0390625
18179,0.1997826099395752,1415.4140625
18180,0.12408947944641113,1413.24609375
18181,0.17734503746032715,1414.109375
18182,0.2262566089630127,1414.078125
18183,0.23465466499328613,1414.90625
18184,0.21265769004821777,1414.59375
18185,0.2076706886291504,1413.6875
18186,0.19911980628967285,1414.98828125
18187,0.1889197826385498,1414.70703125
18188,0.18711137771606445,1413.44921875
18189,0.2116539478302002,1416.19921875
18190,0.18044781684875488,1415.88671875
18191,0.17964792251586914,1414.421875
18192,0.12557411193847656,1417.3203125
18193,0.17836976051330566,1415.3515625
18194,0.22109603881835938,1415.703125
18195,0.20293951034545898,1414.44140625
18196,0.17709589004516602,1414.4921875
18197,0.17683148384094238,1416.640625
18198,0.17803049087524414,1416.83203125
18199,0.19718027114868164,1415.52734375
18200,0.18000316619873047,1416.0859375
18201,0.1614847183227539,1415.60546875
18202,0.20813536643981934,1415.8515625
18203,0.24680614471435547,1413.43359375
18204,0.19973540306091309,1416.19140625
18205,0.23393464088439941,1419.17578125
18206,0.1919875144958496,1416.55078125
18207,0.1655564308166504,1417.25
18208,0.18140649795532227,1417.96875
18209,0.2457742691040039,1418.625
18210,0.1724071502685547,1417.44921875
18211,0.12076640129089355,1419.51171875
18212,0.2538797855377197,1418.12109375
18213,0.21698594093322754,1421.1015625
18214,0.20985698699951172,1419.0390625
18215,0.18874835968017578,1417.55078125
18216,0.16443085670471191,1417.71484375
18217,0.14423704147338867,1416.3203125
18218,0.31406188011169434,1419.359375
18219,0.21111249923706055,1418.38671875
18220,0.18185019493103027,1418.38671875
18221,0.14678573608398438,1417.72265625
18222,0.14850068092346191,1419.08984375
18223,0.249528169631958,1418.0546875
18224,0.21074748039245605,1422.28515625
18225,0.23627471923828125,1420.62109375
18226,0.20476317405700684,1420.26953125
18227,0.1936342716217041,1421.203125
18228,0.22997260093688965,1422.35546875
18229,0.22145915031433105,1422.0625
18230,0.2451000213623047,1421.80078125
18231,0.21994662284851074,1423.140625
18232,0.24224233627319336,1422.6328125
18233,0.29573678970336914,1422.26953125
18234,0.07159423828125,1421.94140625
18235,0.2568199634552002,1422.625
18236,0.25487232208251953,1422.9296875
18237,0.18425202369689941,1422.12109375
18238,0.27376365661621094,1423.984375
18239,0.14417099952697754,1424.8359375
18240,0.23910260200500488,1424.9921875
18241,0.25156188011169434,1421.69921875
18242,0.2370891571044922,1422.55859375
18243,0.22920870780944824,1421.87890625
18244,0.1973578929901123,1423.23046875
18245,0.21565485000610352,1422.84765625
18246,0.19418621063232422,1422.87109375
18247,0.22161269187927246,1422.9140625
18248,0.19333171844482422,1422.9453125
18249,0.1493825912475586,1422.71875
18250,0.24700140953063965,1422.2734375
18251,0.21607375144958496,1421.51953125
18252,0.25649118423461914,1423.28125
18253,0.2031543254852295,1423.2734375
18254,0.20253515243530273,1423.40234375
18255,0.27929258346557617,1422.28125
18256,0.3192753791809082,1422.62109375
18257,0.20058059692382812,1421.8203125
18258,0.17882084846496582,1423.265625
18259,0.27591967582702637,1423.4140625
18260,0.13695335388183594,1423.34375
18261,0.24015283584594727,1422.82421875
18262,0.24840211868286133,1407.6484375
18263,0.1986696720123291,1406.96875
18264,0.22004914283752441,1407.0390625
18265,0.27479124069213867,1407.61328125
18266,0.18983721733093262,1407.5546875
18267,0.2364814281463623,1408.9765625
18268,0.2165820598602295,1407.296875
18269,0.22095942497253418,1410.015625
18270,0.1974492073059082,1408.8984375
18271,0.20549464225769043,1410.4453125
18272,0.20118403434753418,1409.78125
18273,0.20705151557922363,1408.9453125
18274,0.12837481498718262,1409.2265625
18275,0.19858312606811523,1409.26953125
18276,0.27401208877563477,1409.92578125
18277,0.19258880615234375,1408.71875
18278,0.16310620307922363,1408.96484375
18279,0.20307207107543945,1411.4765625
18280,0.22875142097473145,1409.65625
18281,0.22989368438720703,1410.21484375
18282,0.22413277626037598,1409.859375
18283,0.207794189453125,1410.46484375
18284,0.19653010368347168,1411.13671875
18285,0.18453097343444824,1409.7265625
18286,0.2004706859588623,1411.9921875
18287,0.16837334632873535,1411.703125
18288,0.14882659912109375,1411.30859375
18289,0.20551252365112305,1411.6953125
18290,0.22884416580200195,1411.453125
18291,0.2232823371887207,1411.015625
18292,0.23022723197937012,1410.68359375
18293,0.19684958457946777,1410.30078125
18294,0.252138614654541,1410.72265625
18295,0.23827409744262695,1410.66796875
18296,0.14099383354187012,1410.52734375
18297,0.18258881568908691,1410.4296875
18298,0.1725482940673828,1411.40625
18299,0.2013535499572754,1410.80859375
18300,0.1875617504119873,1412.875
18301,0.16267752647399902,1411.8203125
18302,0.26575732231140137,1413.01171875
18303,0.212172269821167,1412.296875
18304,0.15031123161315918,1412.47265625
18305,0.24907827377319336,1412.7890625
18306,0.21377968788146973,1411.8046875
18307,0.19890236854553223,1411.16015625
18308,0.2171461582183838,1413.4609375
18309,0.19700956344604492,1412.93359375
18310,0.1857471466064453,1412.3828125
18311,0.18536949157714844,1413.3203125
18312,0.23733258247375488,1412.42578125
18313,0.1761608123779297,1412.56640625
18314,0.18088364601135254,1412.90234375
18315,0.24369430541992188,1413.015625
18316,0.24384737014770508,1413.046875
18317,0.19265055656433105,1413.52734375
18318,0.19953703880310059,1414.78125
18319,0.2235734462738037,1415.40234375
18320,0.2121131420135498,1413.6875
18321,0.12882375717163086,1415.12109375
18322,0.20770978927612305,1414.44921875
18323,0.1804485321044922,1414.71875
18324,0.1626441478729248,1414.0
18325,0.22690653800964355,1415.40234375
18326,0.18854141235351562,1413.79296875
18327,0.1880207061767578,1415.71484375
18328,0.26404523849487305,1418.01171875
18329,0.17334818840026855,1415.34765625
18330,0.26320624351501465,1416.3671875
18331,0.2130565643310547,1415.20703125
18332,0.21917963027954102,1416.609375
18333,0.13683247566223145,1415.203125
18334,0.18856239318847656,1414.0234375
18335,0.23645687103271484,1415.1875
18336,0.20462656021118164,1416.37109375
18337,0.20305514335632324,1414.9140625
18338,0.27957987785339355,1417.08203125
18339,0.23200392723083496,1416.27734375
18340,0.17905616760253906,1415.83984375
18341,0.21652555465698242,1417.2265625
18342,0.2225782871246338,1419.78125
18343,0.23083138465881348,1416.3203125
18344,0.2121124267578125,1417.62109375
18345,0.21253657341003418,1415.71484375
18346,0.2038276195526123,1416.60546875
18347,0.2153470516204834,1415.4140625
18348,0.20924162864685059,1416.80859375
18349,0.163743257522583,1416.59375
18350,0.11846804618835449,1416.19140625
18351,0.23171019554138184,1417.875
18352,0.18763041496276855,1417.2421875
18353,0.21988773345947266,1417.6875
18354,0.20144248008728027,1419.203125
18355,0.21805930137634277,1418.51953125
18356,0.19931411743164062,1418.27734375
18357,0.21519064903259277,1418.6640625
18358,0.24642658233642578,1416.68359375
18359,0.18969416618347168,1417.25390625
18360,0.20827364921569824,1417.30078125
18361,0.20573115348815918,1418.7421875
18362,0.24040818214416504,1417.27734375
18363,0.20635128021240234,1417.15625
18364,0.18355798721313477,1416.61328125
18365,0.19940423965454102,1418.08203125
18366,0.17259526252746582,1418.09375
18367,0.15054988861083984,1417.6484375
18368,0.19226503372192383,1417.140625
18369,0.20015478134155273,1416.73046875
18370,0.19727301597595215,1419.6484375
18371,0.18445515632629395,1419.0234375
18372,0.17322802543640137,1417.93359375
18373,0.20961308479309082,1417.9296875
18374,0.17754125595092773,1417.8984375
18375,0.17517566680908203,1418.78125
18376,0.20459747314453125,1420.078125
18377,0.2133185863494873,1419.75390625
18378,0.30118370056152344,1417.62109375
18379,0.19676685333251953,1417.90234375
18380,0.11965298652648926,1417.82421875
18381,0.167130708694458,1418.05859375
18382,0.21405506134033203,1418.3359375
18383,0.1944103240966797,1418.35546875
18384,0.1730823516845703,1418.046875
18385,0.17673683166503906,1418.40625
18386,0.18111801147460938,1417.47265625
18387,0.18320345878601074,1419.1484375
18388,0.21734023094177246,1418.94921875
18389,0.20044660568237305,1418.82421875
18390,0.1353292465209961,1421.19921875
18391,0.17630648612976074,1420.51953125
18392,0.21246576309204102,1420.65234375
18393,0.21077299118041992,1418.9921875
18394,0.20253610610961914,1420.8828125
18395,0.1956954002380371,1422.79296875
18396,0.2013707160949707,1423.0390625
18397,0.2303922176361084,1420.87890625
18398,0.19335508346557617,1420.4453125
18399,0.19455862045288086,1422.78515625
18400,0.1792135238647461,1420.51171875
18401,0.19382429122924805,1421.7734375
18402,0.21172285079956055,1421.71484375
18403,0.17470264434814453,1420.34765625
18404,0.14637374877929688,1421.92578125
18405,0.2126750946044922,1422.12890625
18406,0.22687339782714844,1421.60546875
18407,0.16456031799316406,1421.12890625
18408,0.21267914772033691,1422.453125
18409,0.16859769821166992,1421.97265625
18410,0.16445541381835938,1421.1328125
18411,0.20869064331054688,1423.09765625
18412,0.15961384773254395,1420.1796875
18413,0.1563882827758789,1422.2265625
18414,0.22336101531982422,1422.09765625
18415,0.16472458839416504,1420.59375
18416,0.16227436065673828,1421.390625
18417,0.21695351600646973,1421.42578125
18418,0.23775506019592285,1421.34375
18419,0.16021037101745605,1423.46875
18420,0.1635739803314209,1422.9765625
18421,0.09544706344604492,1421.51171875
18422,0.16618990898132324,1421.90625
18423,0.18399310111999512,1423.0859375
18424,0.2322859764099121,1422.90234375
18425,0.19565582275390625,1425.15625
18426,0.18178009986877441,1422.96484375
18427,0.17142581939697266,1422.1640625
18428,0.1948380470275879,1421.41796875
18429,0.19005060195922852,1421.109375
18430,0.09882640838623047,1422.7578125
18431,0.13674712181091309,1422.796875
18432,0.16691946983337402,1422.9765625
18433,0.2284393310546875,1422.58203125
18434,0.17980408668518066,1422.8046875
18435,0.1934964656829834,1424.4375
18436,0.1430041790008545,1425.72265625
18437,0.23149490356445312,1424.6875
18438,0.2129065990447998,1424.6640625
18439,0.24430251121520996,1425.50390625
18440,0.16260623931884766,1424.4765625
18441,0.1035912036895752,1423.11328125
18442,0.2523674964904785,1425.0546875
18443,0.19155478477478027,1424.45703125
18444,0.1632537841796875,1425.5078125
18445,0.21388983726501465,1425.38671875
18446,0.21250653266906738,1425.4609375
18447,0.21520066261291504,1426.2734375
18448,0.1286606788635254,1424.46484375
18449,0.23207664489746094,1425.00390625
18450,0.17053627967834473,1425.43359375
18451,0.2618372440338135,1426.4609375
18452,0.19034290313720703,1426.1171875
18453,0.29799461364746094,1425.46484375
18454,0.2664070129394531,1426.4921875
18455,0.1647024154663086,1431.27734375
18456,0.15891313552856445,1427.1875
18457,0.2205650806427002,1427.484375
18458,0.21479177474975586,1426.1484375
18459,0.19954943656921387,1427.859375
18460,0.21852874755859375,1428.1875
18461,0.16603350639343262,1426.45703125
18462,0.26893115043640137,1427.16796875
18463,0.25688838958740234,1426.78515625
18464,0.19083952903747559,1428.70703125
18465,0.19117522239685059,1428.4140625
18466,0.20770883560180664,1428.703125
18467,0.21592378616333008,1427.4296875
18468,0.2007124423980713,1428.26171875
18469,0.31581544876098633,1426.41015625
18470,0.20264291763305664,1429.01171875
18471,0.21215081214904785,1428.39453125
18472,0.2121415138244629,1427.25390625
18473,0.2502152919769287,1428.2265625
18474,0.16906452178955078,1427.765625
18475,0.21993279457092285,1429.171875
18476,0.23525285720825195,1429.3828125
18477,0.16907238960266113,1428.5703125
18478,0.23638534545898438,1427.76953125
18479,0.2138988971710205,1429.875
18480,0.24039530754089355,1430.10546875
18481,0.2158827781677246,1428.08203125
18482,0.1707744598388672,1429.94921875
18483,0.20598506927490234,1429.70703125
18484,0.2679622173309326,1430.265625
18485,0.23578691482543945,1429.11328125
18486,0.249556303024292,1430.8203125
18487,0.2049572467803955,1429.25
18488,0.1980419158935547,1429.20703125
18489,0.26269984245300293,1429.7109375
18490,0.16726136207580566,1431.15234375
18491,0.11554622650146484,1429.5859375
18492,0.2371368408203125,1429.79296875
18493,0.2661459445953369,1431.2109375
18494,0.17845463752746582,1430.625
18495,0.17294073104858398,1430.890625
18496,0.19231224060058594,1431.98046875
18497,0.2086327075958252,1431.34375
18498,0.1419379711151123,1430.078125
18499,0.19065308570861816,1431.9375
18500,0.18613314628601074,1432.4609375
18501,0.16745400428771973,1432.69140625
18502,0.18054986000061035,1430.90625
18503,0.17709636688232422,1430.49609375
18504,0.12679719924926758,1430.00390625
18505,0.17604780197143555,1433.07421875
18506,0.177565336227417,1433.453125
18507,0.16022467613220215,1431.12109375
18508,0.21683597564697266,1430.2421875
18509,0.11691737174987793,1432.43359375
18510,0.20219159126281738,1431.14453125
18511,0.21641755104064941,1433.06640625
18512,0.17566919326782227,1431.80078125
18513,0.19109869003295898,1429.9453125
18514,0.18744754791259766,1433.56640625
18515,0.19730281829833984,1433.0234375
18516,0.16482877731323242,1432.38671875
18517,0.21888995170593262,1432.4140625
18518,0.1902940273284912,1432.05078125
18519,0.20020055770874023,1432.75
18520,0.14697623252868652,1433.37890625
18521,0.2727224826812744,1433.2578125
18522,0.19915080070495605,1433.3671875
18523,0.2042222023010254,1434.17578125
18524,0.1564803123474121,1433.8671875
18525,0.17573785781860352,1433.5859375
18526,0.1896359920501709,1433.2734375
18527,0.19092345237731934,1435.09375
18528,0.21141743659973145,1432.94921875
18529,0.16226458549499512,1434.26953125
18530,0.1474292278289795,1434.4765625
18531,0.1804511547088623,1433.671875
18532,0.14049530029296875,1433.62109375
18533,0.14456558227539062,1434.35546875
18534,0.19190096855163574,1433.49609375
18535,0.20990896224975586,1433.234375
18536,0.18167996406555176,1434.34375
18537,0.17820239067077637,1432.765625
18538,0.17070579528808594,1434.80859375
18539,0.14985203742980957,1434.62890625
18540,0.20049166679382324,1435.0546875
18541,0.2279520034790039,1432.9296875
18542,0.1677250862121582,1436.55078125
18543,0.1877892017364502,1437.33203125
18544,0.21832776069641113,1435.50390625
18545,0.16975760459899902,1435.875
18546,0.2104477882385254,1436.015625
18547,0.2620279788970947,1437.359375
18548,0.21448421478271484,1436.6015625
18549,0.17397165298461914,1435.6484375
18550,0.24597978591918945,1436.6484375
18551,0.15801286697387695,1436.640625
18552,0.21453428268432617,1435.85546875
18553,0.1522512435913086,1434.55078125
18554,0.14403152465820312,1435.703125
18555,0.22220158576965332,1440.0078125
18556,0.09734845161437988,1436.16796875
18557,0.14861822128295898,1436.17578125
18558,0.21124863624572754,1435.90625
18559,0.14404582977294922,1437.05859375
18560,0.19746756553649902,1437.4921875
18561,0.22426676750183105,1437.51171875
18562,0.13564586639404297,1438.12890625
18563,0.19663453102111816,1437.06640625
18564,0.1689910888671875,1437.30859375
18565,0.19809579849243164,1436.23046875
18566,0.17612648010253906,1436.5859375
18567,0.18652057647705078,1436.8515625
18568,0.25345706939697266,1436.0703125
18569,0.18978428840637207,1436.328125
18570,0.1622791290283203,1439.19140625
18571,0.18440032005310059,1438.328125
18572,0.12361717224121094,1439.51953125
18573,0.22705912590026855,1437.82421875
18574,0.1921088695526123,1438.25390625
18575,0.20918774604797363,1438.78125
18576,0.1334526538848877,1438.6484375
18577,0.15988612174987793,1438.14453125
18578,0.22140741348266602,1439.8515625
18579,0.2190418243408203,1439.03515625
18580,0.21918225288391113,1439.55078125
18581,0.22568583488464355,1441.78125
18582,0.2082045078277588,1439.4609375
18583,0.14349746704101562,1439.3984375
18584,0.1880195140838623,1440.23046875
18585,0.1913752555847168,1440.3515625
18586,0.17347311973571777,1441.19140625
18587,0.21259355545043945,1442.171875
18588,0.19134235382080078,1443.97265625
18589,0.16825580596923828,1439.76953125
18590,0.25583410263061523,1441.6171875
18591,0.15596890449523926,1441.40625
18592,0.21625900268554688,1439.796875
18593,0.16577768325805664,1438.08203125
18594,0.21320652961730957,1439.6328125
18595,0.18012070655822754,1438.97265625
18596,0.14591646194458008,1440.65625
18597,0.19391870498657227,1440.40234375
18598,0.19981884956359863,1442.4453125
18599,0.23641133308410645,1440.46484375
18600,0.19772744178771973,1442.19921875
18601,0.09547042846679688,1441.24609375
18602,0.1913304328918457,1440.46875
18603,0.22760653495788574,1440.16796875
18604,0.17685723304748535,1439.63671875
18605,0.21538519859313965,1440.60546875
18606,0.19744133949279785,1439.140625
18607,0.14739441871643066,1439.7578125
18608,0.21355891227722168,1440.3515625
18609,0.22771239280700684,1442.4296875
18610,0.18969297409057617,1440.515625
18611,0.19412803649902344,1443.15625
18612,0.19449329376220703,1440.73046875
18613,0.1379528045654297,1442.6015625
18614,0.15752243995666504,1444.14453125
18615,0.24318671226501465,1443.88671875
18616,0.15767788887023926,1444.0703125
18617,0.16946625709533691,1444.9140625
18618,0.2057034969329834,1445.2734375
18619,0.192291259765625,1446.09765625
18620,0.1601722240447998,1445.77734375
18621,0.15078973770141602,1446.26953125
18622,0.19979214668273926,1446.4296875
18623,0.22422361373901367,1447.859375
18624,0.15680217742919922,1446.8203125
18625,0.21514487266540527,1447.734375
18626,0.2017514705657959,1448.17578125
18627,0.19947338104248047,1446.1171875
18628,0.20727276802062988,1447.796875
18629,0.21873974800109863,1447.65234375
18630,0.17392826080322266,1446.015625
18631,0.17520856857299805,1446.9140625
18632,0.21263456344604492,1447.37109375
18633,0.22109532356262207,1448.015625
18634,0.2107372283935547,1449.109375
18635,0.1497330665588379,1446.3359375
18636,0.19437575340270996,1446.29296875
18637,0.08809757232666016,1446.046875
18638,0.16689634323120117,1447.28515625
18639,0.19958710670471191,1446.421875
18640,0.17777347564697266,1448.16796875
18641,0.16545534133911133,1446.9921875
18642,0.1577603816986084,1448.11328125
18643,0.226912260055542,1446.42578125
18644,0.19921302795410156,1446.84765625
18645,0.20975446701049805,1447.4375
18646,0.1298680305480957,1446.3984375
18647,0.13855361938476562,1445.54296875
18648,0.10306763648986816,1445.95703125
18649,0.18251895904541016,1447.6015625
18650,0.20907807350158691,1446.10546875
18651,0.20421934127807617,1446.62890625
18652,0.2023935317993164,1447.21875
18653,0.23902344703674316,1446.29296875
18654,0.20415425300598145,1447.18359375
18655,0.17730069160461426,1447.48828125
18656,0.16045022010803223,1447.63671875
18657,0.23230433464050293,1446.19921875
18658,0.11289572715759277,1447.9375
18659,0.2113046646118164,1446.89453125
18660,0.1932525634765625,1445.48828125
18661,0.15078377723693848,1448.5625
18662,0.24373626708984375,1449.828125
18663,0.1875772476196289,1449.6328125
18664,0.24800324440002441,1448.1875
18665,0.22735595703125,1448.7265625
18666,0.24219393730163574,1448.33203125
18667,0.19569182395935059,1448.24609375
18668,0.19647765159606934,1449.0546875
18669,0.13389134407043457,1449.296875
18670,0.11151719093322754,1449.5
18671,0.1750638484954834,1449.390625
18672,0.1660785675048828,1452.1484375
18673,0.15578222274780273,1448.04296875
18674,0.17645955085754395,1450.6875
18675,0.2407376766204834,1451.296875
18676,0.1636033058166504,1448.78515625
18677,0.1550157070159912,1447.34375
18678,0.24419403076171875,1448.95703125
18679,0.11445832252502441,1450.4609375
18680,0.20352959632873535,1451.015625
18681,0.18395662307739258,1450.58984375
18682,0.22409987449645996,1449.94921875
18683,0.21114182472229004,1453.609375
18684,0.1582653522491455,1451.8828125
18685,0.18693089485168457,1451.6953125
18686,0.20927953720092773,1451.94140625
18687,0.20594120025634766,1449.32421875
18688,0.1753067970275879,1450.8828125
18689,0.219191312789917,1450.89453125
18690,0.27943897247314453,1450.41015625
18691,0.20477986335754395,1450.87890625
18692,0.27579498291015625,1450.92578125
18693,0.17653775215148926,1450.78125
18694,0.18495416641235352,1451.9296875
18695,0.21450257301330566,1452.21875
18696,0.2143723964691162,1453.18359375
18697,0.17579245567321777,1451.578125
18698,0.1848757266998291,1452.890625
18699,0.2577822208404541,1453.58203125
18700,0.2010035514831543,1453.1875
18701,0.12235307693481445,1452.66796875
18702,0.19569087028503418,1452.3671875
18703,0.20155739784240723,1452.125
18704,0.21915221214294434,1452.20703125
18705,0.1611948013305664,1451.35546875
18706,0.11947345733642578,1452.21875
18707,0.19188737869262695,1453.76953125
18708,0.2478315830230713,1454.546875
18709,0.1996781826019287,1453.53515625
18710,0.23964643478393555,1451.09765625
18711,0.2387542724609375,1453.69140625
18712,0.2510967254638672,1452.765625
18713,0.2512495517730713,1453.5234375
18714,0.2029578685760498,1451.2578125
18715,0.16663908958435059,1455.796875
18716,0.21074414253234863,1454.703125
18717,0.21479415893554688,1454.57421875
18718,0.12995076179504395,1454.99609375
18719,0.27794957160949707,1453.78515625
18720,0.22654151916503906,1455.82421875
18721,0.19724178314208984,1455.0546875
18722,0.22761893272399902,1453.9921875
18723,0.21565794944763184,1456.05078125
18724,0.18502473831176758,1455.81640625
18725,0.1581575870513916,1455.33203125
18726,0.21106863021850586,1455.4765625
18727,0.2348020076751709,1453.5234375
18728,0.21128034591674805,1454.1015625
18729,0.21448874473571777,1453.96484375
18730,0.19663119316101074,1454.43359375
18731,0.21906471252441406,1456.57421875
18732,0.19318366050720215,1453.671875
18733,0.1974785327911377,1454.3671875
18734,0.1820991039276123,1455.58203125
18735,0.19232177734375,1454.98046875
18736,0.21618008613586426,1453.10546875
18737,0.09738945960998535,1454.015625
18738,0.18256497383117676,1456.2734375
18739,0.09553670883178711,1452.77734375
18740,0.25341129302978516,1454.00390625
18741,0.08737659454345703,1454.4765625
18742,0.17043066024780273,1454.09765625
18743,0.17660069465637207,1455.31640625
18744,0.20700621604919434,1456.23046875
18745,0.20287537574768066,1455.88671875
18746,0.2395789623260498,1458.15234375
18747,0.21993088722229004,1454.96484375
18748,0.1576676368713379,1455.7734375
18749,0.25402021408081055,1456.8515625
18750,0.22632050514221191,1456.4140625
18751,0.14244389533996582,1460.515625
18752,0.19316315650939941,1457.58203125
18753,0.19580292701721191,1458.546875
18754,0.21596384048461914,1457.6796875
18755,0.2206430435180664,1457.89453125
18756,0.21362996101379395,1456.6328125
18757,0.19719314575195312,1458.4453125
18758,0.2700979709625244,1458.8359375
18759,0.12958669662475586,1459.390625
18760,0.19588422775268555,1456.90234375
18761,0.1581707000732422,1460.453125
18762,0.19133663177490234,1458.94140625
18763,0.16121840476989746,1460.21875
18764,0.17714309692382812,1459.84375
18765,0.09785819053649902,1460.35546875
18766,0.1036980152130127,1460.04296875
18767,0.23325490951538086,1459.39453125
18768,0.21367669105529785,1462.05859375
18769,0.14440083503723145,1458.57421875
18770,0.20052289962768555,1459.7109375
18771,0.15978288650512695,1462.27734375
18772,0.19234085083007812,1460.37109375
18773,0.22296977043151855,1460.02734375
18774,0.19700026512145996,1460.55078125
18775,0.1671450138092041,1461.453125
18776,0.2570068836212158,1459.24609375
18777,0.1883230209350586,1460.203125
18778,0.21585464477539062,1460.61328125
18779,0.22708654403686523,1459.953125
18780,0.1960592269897461,1460.41015625
18781,0.24890804290771484,1459.94921875
18782,0.18135285377502441,1461.77734375
18783,0.08853268623352051,1462.21875
18784,0.13431286811828613,1461.296875
18785,0.16446542739868164,1462.8671875
18786,0.18898487091064453,1463.18359375
18787,0.19394850730895996,1463.265625
18788,0.20093035697937012,1463.83984375
18789,0.27199769020080566,1461.765625
18790,0.20458483695983887,1461.47265625
18791,0.19542694091796875,1461.0859375
18792,0.2516212463378906,1462.83984375
18793,0.16098380088806152,1463.3359375
18794,0.16534686088562012,1463.3359375
18795,0.18748974800109863,1461.60546875
18796,0.18732833862304688,1464.0390625
18797,0.21245455741882324,1464.47265625
18798,0.20743608474731445,1463.48828125
18799,0.2100234031677246,1462.625
18800,0.21223950386047363,1461.9140625
18801,0.2446134090423584,1463.74609375
18802,0.22390055656433105,1463.19140625
18803,0.13547754287719727,1462.921875
18804,0.11868405342102051,1464.375
18805,0.17636346817016602,1465.34375
18806,0.25285816192626953,1465.69921875
18807,0.14252853393554688,1465.4375
18808,0.18409156799316406,1465.265625
18809,0.17689061164855957,1469.1484375
18810,0.19130253791809082,1467.1328125
18811,0.21160507202148438,1465.234375
18812,0.24361395835876465,1465.08984375
18813,0.1900031566619873,1463.6953125
18814,0.1963200569152832,1466.37890625
18815,0.2144770622253418,1468.16015625
18816,0.15658307075500488,1468.08984375
18817,0.20866990089416504,1467.9765625
18818,0.18977022171020508,1467.90625
18819,0.2125260829925537,1468.44921875
18820,0.16430377960205078,1468.609375
18821,0.21594643592834473,1469.67578125
18822,0.17448043823242188,1468.28515625
18823,0.26465916633605957,1465.359375
18824,0.19252300262451172,1465.78515625
18825,0.20459437370300293,1466.1484375
18826,0.1698133945465088,1465.69921875
18827,0.17122387886047363,1465.3046875
18828,0.16168999671936035,1465.49609375
18829,0.19850659370422363,1467.0078125
18830,0.22564053535461426,1467.21875
18831,0.16589999198913574,1466.90625
18832,0.19852137565612793,1467.234375
18833,0.23753786087036133,1466.8515625
18834,0.3375706672668457,1465.62109375
18835,0.18166041374206543,1467.81640625
18836,0.07796287536621094,1467.390625
18837,0.20613408088684082,1467.3828125
18838,0.1977226734161377,1466.87109375
18839,0.1395866870880127,1468.640625
18840,0.1876528263092041,1466.78515625
18841,0.158660888671875,1468.69921875
18842,0.19566655158996582,1468.10546875
18843,0.22024202346801758,1466.640625
18844,0.1934058666229248,1466.68359375
18845,0.1941227912902832,1468.23046875
18846,0.19664978981018066,1467.79296875
18847,0.1809401512145996,1468.0234375
18848,0.16457033157348633,1468.625
18849,0.16243338584899902,1468.375
18850,0.1654658317565918,1469.79296875
18851,0.12054562568664551,1468.3203125
18852,0.17584490776062012,1470.1640625
18853,0.2230219841003418,1470.08984375
18854,0.09817934036254883,1469.60546875
18855,0.20200419425964355,1472.13671875
18856,0.19726777076721191,1468.546875
18857,0.22222614288330078,1468.10546875
18858,0.20923566818237305,1469.07421875
18859,0.10104060173034668,1469.6328125
18860,0.19681239128112793,1468.57421875
18861,0.16524243354797363,1470.1328125
18862,0.20401453971862793,1468.16015625
18863,0.17321109771728516,1470.37890625
18864,0.16370081901550293,1471.85546875
18865,0.15494036674499512,1470.35546875
18866,0.16490888595581055,1470.1875
18867,0.20645880699157715,1471.375
18868,0.19643664360046387,1471.40625
18869,0.27816200256347656,1470.75
18870,0.200913667678833,1473.015625
18871,0.22408366203308105,1471.0625
18872,0.19046711921691895,1470.46484375
18873,0.19688677787780762,1470.4453125
18874,0.1809382438659668,1472.65234375
18875,0.13524556159973145,1472.828125
18876,0.190903902053833,1472.54296875
18877,0.28289103507995605,1471.859375
18878,0.1303083896636963,1473.078125
18879,0.2000417709350586,1470.68359375
18880,0.1786198616027832,1472.5703125
18881,0.23257231712341309,1470.34375
18882,0.08464741706848145,1470.83203125
18883,0.1902775764465332,1471.1484375
18884,0.20515227317810059,1471.89453125
18885,0.17336583137512207,1470.9765625
18886,0.17534875869750977,1473.1171875
18887,0.18240690231323242,1474.8203125
18888,0.20763254165649414,1473.0390625
18889,0.22577476501464844,1473.88671875
18890,0.18206357955932617,1475.2734375
18891,0.2178490161895752,1474.7734375
18892,0.19915223121643066,1472.8359375
18893,0.16045188903808594,1474.30859375
18894,0.21044492721557617,1471.8125
18895,0.1412947177886963,1474.83203125
18896,0.1784677505493164,1473.8671875
18897,0.18611955642700195,1474.1015625
18898,0.19572997093200684,1477.0234375
18899,0.23749113082885742,1475.26171875
18900,0.15376830101013184,1474.453125
18901,0.16320443153381348,1475.58203125
18902,0.11929559707641602,1475.3515625
18903,0.19611239433288574,1473.9765625
18904,0.1863410472869873,1474.46484375
18905,0.21692728996276855,1474.65234375
18906,0.17728924751281738,1474.11328125
18907,0.1835014820098877,1475.5
18908,0.21121644973754883,1474.3359375
18909,0.15845227241516113,1476.328125
18910,0.14460253715515137,1475.3125
18911,0.19308853149414062,1473.84375
18912,0.19419169425964355,1476.546875
18913,0.2205195426940918,1475.28125
18914,0.1881089210510254,1475.0234375
18915,0.20180344581604004,1474.81640625
18916,0.2755904197692871,1474.2265625
18917,0.21412944793701172,1477.2109375
18918,0.11099600791931152,1476.7109375
18919,0.16474485397338867,1474.6875
18920,0.28983068466186523,1476.2265625
18921,0.28124547004699707,1476.0703125
18922,0.31760382652282715,1475.37890625
18923,0.2611534595489502,1476.0625
18924,0.2596886157989502,1475.56640625
18925,0.19973111152648926,1476.4921875
18926,0.14612555503845215,1475.37890625
18927,0.1761934757232666,1478.5546875
18928,0.19370508193969727,1478.4609375
18929,0.24989604949951172,1479.609375
18930,0.22182321548461914,1476.34375
18931,0.24295306205749512,1476.1171875
18932,0.26726341247558594,1476.203125
18933,0.2270984649658203,1478.015625
18934,0.23774027824401855,1476.31640625
18935,0.12333893775939941,1478.41796875
18936,0.22214984893798828,1477.921875
18937,0.17724013328552246,1479.1875
18938,0.2371363639831543,1480.34765625
18939,0.2453007698059082,1478.015625
18940,0.20311427116394043,1478.6328125
18941,0.2439587116241455,1479.58203125
18942,0.16341400146484375,1481.72265625
18943,0.1932392120361328,1481.53515625
18944,0.19410014152526855,1481.3125
18945,0.2263658046722412,1479.2734375
18946,0.18535947799682617,1483.359375
18947,0.21318817138671875,1481.65234375
18948,0.15158629417419434,1483.34765625
18949,0.3107414245605469,1481.70703125
18950,0.2944653034210205,1483.12109375
18951,0.20620298385620117,1481.52734375
18952,0.23246383666992188,1484.546875
18953,0.2192833423614502,1483.046875
18954,0.18097877502441406,1481.8359375
18955,0.286895751953125,1481.91015625
18956,0.21012139320373535,1482.328125
18957,0.20363330841064453,1484.078125
18958,0.22856974601745605,1481.81640625
18959,0.19226837158203125,1482.8125
18960,0.21507596969604492,1483.078125
18961,0.23329925537109375,1483.6015625
18962,0.19089055061340332,1482.296875
18963,0.1404266357421875,1482.01171875
18964,0.21334004402160645,1482.48828125
18965,0.24544072151184082,1482.19921875
18966,0.20732355117797852,1481.50390625
18967,0.159454345703125,1484.234375
18968,0.18118691444396973,1481.6171875
18969,0.20010066032409668,1482.33203125
18970,0.18880796432495117,1481.7265625
18971,0.18137025833129883,1482.69140625
18972,0.16468286514282227,1481.1953125
18973,0.21241378784179688,1484.109375
18974,0.1665506362915039,1483.56640625
18975,0.23599672317504883,1482.82421875
18976,0.22632622718811035,1483.7421875
18977,0.18282699584960938,1483.34765625
18978,0.144744873046875,1482.23828125
18979,0.2167055606842041,1483.1640625
18980,0.22550106048583984,1482.3046875
18981,0.21948504447937012,1484.83984375
18982,0.19182825088500977,1482.74609375
18983,0.20978760719299316,1484.5546875
18984,0.18292689323425293,1483.55859375
18985,0.14224815368652344,1484.375
18986,0.1662001609802246,1485.94921875
18987,0.18250107765197754,1483.7890625
18988,0.17096877098083496,1484.51171875
18989,0.21314072608947754,1485.203125
18990,0.20554399490356445,1485.4453125
18991,0.2948873043060303,1484.3203125
18992,0.19189739227294922,1485.640625
18993,0.2630295753479004,1483.87109375
18994,0.22266650199890137,1483.24609375
18995,0.21546554565429688,1485.359375
18996,0.24181270599365234,1485.015625
18997,0.11026453971862793,1484.6328125
18998,0.16303277015686035,1486.68359375
18999,0.23884797096252441,1484.58984375
19000,0.28870201110839844,1484.82421875
19001,0.20243334770202637,1484.67578125
19002,0.1502070426940918,1487.89453125
19003,0.20732569694519043,1487.4296875
19004,0.10002994537353516,1486.8671875
19005,0.21474289894104004,1487.79296875
19006,0.11045384407043457,1486.80859375
19007,0.19638371467590332,1485.796875
19008,0.21642494201660156,1486.47265625
19009,0.2630348205566406,1486.91015625
19010,0.2108767032623291,1488.453125
19011,0.26410651206970215,1487.03515625
19012,0.18021869659423828,1487.1171875
19013,0.22809600830078125,1487.296875
19014,0.16986083984375,1486.83203125
19015,0.1933283805847168,1487.875
19016,0.20784711837768555,1488.18359375
19017,0.2186756134033203,1487.8984375
19018,0.22663474082946777,1490.41015625
19019,0.21846771240234375,1487.45703125
19020,0.12657833099365234,1488.3984375
19021,0.2876601219177246,1487.2890625
19022,0.21466493606567383,1487.28515625
19023,0.2080831527709961,1488.84375
19024,0.27303314208984375,1488.36328125
19025,0.2102525234222412,1486.8515625
19026,0.09939384460449219,1489.7109375
19027,0.2514665126800537,1489.8125
19028,0.09047508239746094,1489.32421875
19029,0.16562128067016602,1488.29296875
19030,0.12086653709411621,1489.06640625
19031,0.23607420921325684,1488.359375
19032,0.20368480682373047,1489.48046875
19033,0.2173161506652832,1490.359375
19034,0.11301684379577637,1488.9609375
19035,0.15586280822753906,1489.9921875
19036,0.22893548011779785,1490.015625
19037,0.16911959648132324,1491.765625
19038,0.24071884155273438,1489.9375
19039,0.20974087715148926,1489.90625
19040,0.1667189598083496,1490.2734375
19041,0.15540361404418945,1491.9140625
19042,0.23941397666931152,1486.6484375
19043,0.19690752029418945,1488.87890625
19044,0.14872360229492188,1489.796875
19045,0.15538311004638672,1491.328125
19046,0.186661958694458,1491.84375
19047,0.19274139404296875,1490.62109375
19048,0.21242046356201172,1490.95703125
19049,0.21116876602172852,1490.1875
19050,0.17873811721801758,1490.93359375
19051,0.23856425285339355,1492.828125
19052,0.2013537883758545,1491.32421875
19053,0.2107529640197754,1491.640625
19054,0.232527494430542,1492.4140625
19055,0.24825358390808105,1491.04296875
19056,0.14786434173583984,1492.12890625
19057,0.2633097171783447,1490.49609375
19058,0.17254424095153809,1493.1796875
19059,0.12702608108520508,1492.59375
19060,0.20414328575134277,1491.03125
19061,0.19233989715576172,1493.6796875
19062,0.12371110916137695,1492.46875
19063,0.2710874080657959,1492.1328125
19064,0.20524382591247559,1493.375
19065,0.19382715225219727,1492.2890625
19066,0.23260140419006348,1491.5703125
19067,0.18183135986328125,1492.4375
19068,0.1958327293395996,1493.2578125
19069,0.20926618576049805,1490.30078125
19070,0.19823884963989258,1491.87890625
19071,0.14659667015075684,1494.77734375
19072,0.16030406951904297,1494.7890625
19073,0.19709491729736328,1495.03515625
19074,0.15230083465576172,1493.26953125
19075,0.27667689323425293,1492.76171875
19076,0.22953152656555176,1492.07421875
19077,0.08405208587646484,1493.39453125
19078,0.17688226699829102,1493.44921875
19079,0.17808222770690918,1493.08984375
19080,0.17855548858642578,1493.375
19081,0.21543431282043457,1494.37109375
19082,0.16828203201293945,1493.01171875
19083,0.18002796173095703,1494.05078125
19084,0.23136186599731445,1492.30859375
19085,0.21091365814208984,1493.9296875
19086,0.20592617988586426,1492.62109375
19087,0.1904001235961914,1493.109375
19088,0.27450037002563477,1493.5078125
19089,0.13802790641784668,1496.53125
19090,0.2310349941253662,1496.2734375
19091,0.21334528923034668,1497.84765625
19092,0.12865519523620605,1496.59765625
19093,0.22708511352539062,1496.9765625
19094,0.18708372116088867,1496.35546875
19095,0.21120810508728027,1497.2421875
19096,0.11291146278381348,1495.90234375
19097,0.11130690574645996,1497.62109375
19098,0.15282344818115234,1496.953125
19099,0.13879752159118652,1496.890625
19100,0.22814607620239258,1497.6796875
19101,0.19354605674743652,1497.43359375
19102,0.23805904388427734,1499.6875
19103,0.19056129455566406,1496.86328125
19104,0.20388317108154297,1495.92578125
19105,0.22424936294555664,1497.90234375
19106,0.09580612182617188,1496.71875
19107,0.17356252670288086,1497.07421875
19108,0.1946277618408203,1497.1640625
19109,0.08705258369445801,1496.02734375
19110,0.22023439407348633,1496.41015625
19111,0.20415949821472168,1497.12890625
19112,0.19882512092590332,1496.51171875
19113,0.21654510498046875,1498.3984375
19114,0.1641395092010498,1497.3984375
19115,0.24378705024719238,1499.140625
19116,0.2555532455444336,1497.15234375
19117,0.18196678161621094,1496.62109375
19118,0.20059704780578613,1497.05859375
19119,0.2469801902770996,1495.65234375
19120,0.1734447479248047,1499.28125
19121,0.16681814193725586,1497.47265625
19122,0.22292447090148926,1499.03125
19123,0.19432425498962402,1500.91015625
19124,0.20885825157165527,1496.6953125
19125,0.15107488632202148,1501.04296875
19126,0.20735454559326172,1500.48828125
19127,0.20780229568481445,1499.73046875
19128,0.17773103713989258,1498.625
19129,0.23131513595581055,1497.92578125
19130,0.21226239204406738,1499.83984375
19131,0.21820926666259766,1498.54296875
19132,0.19338250160217285,1499.4375
19133,0.1897287368774414,1499.984375
19134,0.1980266571044922,1498.109375
19135,0.18460416793823242,1498.34765625
19136,0.16924142837524414,1499.1875
19137,0.20633268356323242,1498.27734375
19138,0.21157169342041016,1500.76953125
19139,0.1956949234008789,1500.6953125
19140,0.24111604690551758,1499.47265625
19141,0.21812033653259277,1503.484375
19142,0.1905984878540039,1501.5546875
19143,0.18886590003967285,1499.1796875
19144,0.12842559814453125,1503.2734375
19145,0.16803264617919922,1503.29296875
19146,0.13269281387329102,1502.57421875
19147,0.14417743682861328,1504.1015625
19148,0.17144083976745605,1503.92578125
19149,0.23386812210083008,1504.98046875
19150,0.19663619995117188,1503.30078125
19151,0.20226287841796875,1505.59375
19152,0.2081756591796875,1503.58203125
19153,0.21302342414855957,1503.4296875
19154,0.2461545467376709,1505.390625
19155,0.25612926483154297,1505.61328125
19156,0.09866595268249512,1504.171875
19157,0.1955718994140625,1503.1171875
19158,0.2465503215789795,1504.04296875
19159,0.20273518562316895,1506.91796875
19160,0.22790741920471191,1504.875
19161,0.17403697967529297,1504.16796875
19162,0.2224581241607666,1506.9375
19163,0.2620975971221924,1505.4765625
19164,0.20758461952209473,1504.40625
19165,0.19697332382202148,1505.7578125
19166,0.2449350357055664,1506.265625
19167,0.24215364456176758,1504.1484375
19168,0.21210384368896484,1505.4375
19169,0.2204279899597168,1505.5
19170,0.25295066833496094,1507.43359375
19171,0.2833232879638672,1505.6875
19172,0.20205211639404297,1506.3671875
19173,0.2474062442779541,1504.57421875
19174,0.2622249126434326,1504.734375
19175,0.19589996337890625,1504.87890625
19176,0.15163254737854004,1503.26953125
19177,0.19050359725952148,1504.6171875
19178,0.20499634742736816,1504.35546875
19179,0.22729992866516113,1506.734375
19180,0.12877678871154785,1505.43359375
19181,0.24291229248046875,1505.6953125
19182,0.18398666381835938,1505.02734375
19183,0.21570634841918945,1508.125
19184,0.2415478229522705,1506.33203125
19185,0.18081307411193848,1505.46484375
19186,0.2404494285583496,1505.33203125
19187,0.23473501205444336,1504.26953125
19188,0.1607367992401123,1506.55078125
19189,0.2597944736480713,1507.625
19190,0.18404293060302734,1505.6171875
19191,0.2438797950744629,1509.26171875
19192,0.15615010261535645,1507.58203125
19193,0.16646265983581543,1506.00390625
19194,0.17877793312072754,1506.72265625
19195,0.08088231086730957,1507.58984375
19196,0.22530102729797363,1507.40234375
19197,0.21469926834106445,1508.9296875
19198,0.19151830673217773,1507.31640625
19199,0.1422562599182129,1508.46875
19200,0.2168104648590088,1506.84765625
19201,0.23622465133666992,1508.203125
19202,0.1664726734161377,1507.44921875
19203,0.18859362602233887,1508.046875
19204,0.19614100456237793,1507.67578125
19205,0.22679591178894043,1508.48046875
19206,0.18230938911437988,1508.01953125
19207,0.26247215270996094,1508.19921875
19208,0.204268217086792,1507.66796875
19209,0.11253547668457031,1508.546875
19210,0.2194979190826416,1507.30078125
19211,0.1637101173400879,1508.30859375
19212,0.14928221702575684,1506.8671875
19213,0.1964426040649414,1506.9453125
19214,0.1742253303527832,1509.9921875
19215,0.22633028030395508,1510.328125
19216,0.21184635162353516,1510.09375
19217,0.15374422073364258,1508.8359375
19218,0.12180471420288086,1508.47265625
19219,0.23899292945861816,1511.44140625
19220,0.10321903228759766,1509.69921875
19221,0.23726439476013184,1510.58203125
19222,0.2446122169494629,1511.2265625
19223,0.2222585678100586,1510.51171875
19224,0.20968031883239746,1511.16015625
19225,0.220261812210083,1512.0390625
19226,0.19420909881591797,1510.78515625
19227,0.17797636985778809,1510.5078125
19228,0.17369580268859863,1510.859375
19229,0.17174053192138672,1514.19921875
19230,0.18442702293395996,1511.55078125
19231,0.20960450172424316,1512.8046875
19232,0.18038439750671387,1512.2421875
19233,0.16681504249572754,1512.03125
19234,0.19669294357299805,1513.0
19235,0.16310596466064453,1512.4453125
19236,0.1904590129852295,1513.015625
19237,0.15981292724609375,1513.80078125
19238,0.17482328414916992,1512.640625
19239,0.24880576133728027,1515.16796875
19240,0.10629868507385254,1512.33984375
19241,0.21077990531921387,1514.18359375
19242,0.26570940017700195,1515.41796875
19243,0.25424861907958984,1514.22265625
19244,0.17220044136047363,1514.16015625
19245,0.20368528366088867,1512.8203125
19246,0.18837499618530273,1513.99609375
19247,0.19528818130493164,1514.82421875
19248,0.2616405487060547,1514.265625
19249,0.16522812843322754,1513.34375
19250,0.19342446327209473,1513.5703125
19251,0.20940709114074707,1512.39453125
19252,0.25861620903015137,1512.328125
19253,0.24779844284057617,1512.6015625
19254,0.16828608512878418,1513.14453125
19255,0.16011524200439453,1513.23046875
19256,0.16012120246887207,1514.109375
19257,0.2182626724243164,1512.09765625
19258,0.21060681343078613,1510.96484375
19259,0.1996469497680664,1513.0546875
19260,0.1583876609802246,1516.8046875
19261,0.18171095848083496,1514.87109375
19262,0.20518112182617188,1515.73828125
19263,0.17773842811584473,1517.4921875
19264,0.209686279296875,1516.46875
19265,0.22316694259643555,1516.0234375
19266,0.12595558166503906,1515.6953125
19267,0.11451911926269531,1514.58984375
19268,0.15842890739440918,1518.3203125
19269,0.17627787590026855,1517.6328125
19270,0.1962573528289795,1515.84765625
19271,0.23775267601013184,1516.9375
19272,0.282245397567749,1517.5625
19273,0.20920515060424805,1513.38671875
19274,0.19698071479797363,1516.68359375
19275,0.17974114418029785,1516.61328125
19276,0.23718523979187012,1516.46484375
19277,0.15906119346618652,1517.1328125
19278,0.246293306350708,1517.015625
19279,0.20275259017944336,1517.00390625
19280,0.21220636367797852,1518.28515625
19281,0.22946953773498535,1517.14453125
19282,0.22562646865844727,1516.29296875
19283,0.14152312278747559,1519.23828125
19284,0.1738278865814209,1519.08984375
19285,0.14455580711364746,1517.49609375
19286,0.23006868362426758,1518.734375
19287,0.1499629020690918,1518.05078125
19288,0.22803592681884766,1518.5703125
19289,0.19347381591796875,1518.51953125
19290,0.27373170852661133,1519.171875
19291,0.2727339267730713,1519.8046875
19292,0.18434810638427734,1520.05859375
19293,0.1961672306060791,1521.0234375
19294,0.12670159339904785,1518.87109375
19295,0.20665836334228516,1521.15625
19296,0.17706990242004395,1521.6953125
19297,0.21069765090942383,1520.7734375
19298,0.18657660484313965,1519.703125
19299,0.15183758735656738,1519.7265625
19300,0.17423105239868164,1522.00390625
19301,0.23888587951660156,1521.8671875
19302,0.2053530216217041,1520.296875
19303,0.21736764907836914,1521.55078125
19304,0.25763678550720215,1520.40625
19305,0.21193861961364746,1519.78515625
19306,0.20930862426757812,1519.91015625
19307,0.20376920700073242,1520.58984375
19308,0.17602252960205078,1520.02734375
19309,0.21958661079406738,1521.0703125
19310,0.18760466575622559,1519.01953125
19311,0.14825963973999023,1520.90625
19312,0.1958303451538086,1522.01953125
19313,0.17794275283813477,1521.9453125
19314,0.179426908493042,1522.5859375
19315,0.14557290077209473,1522.6484375
19316,0.16278362274169922,1521.76171875
19317,0.17147040367126465,1521.6171875
19318,0.16671967506408691,1522.4921875
19319,0.15697288513183594,1522.51953125
19320,0.1998753547668457,1522.89453125
19321,0.21130657196044922,1523.30078125
19322,0.12850522994995117,1523.9921875
19323,0.16249632835388184,1524.26171875
19324,0.24798941612243652,1522.65625
19325,0.20089316368103027,1521.57421875
19326,0.1662604808807373,1522.58203125
19327,0.20879054069519043,1523.94921875
19328,0.2004985809326172,1524.19921875
19329,0.1877758502960205,1521.30078125
19330,0.16978716850280762,1522.859375
19331,0.17959356307983398,1523.84375
19332,0.16236138343811035,1523.5625
19333,0.19259071350097656,1522.140625
19334,0.14633440971374512,1522.2890625
19335,0.20920562744140625,1524.80859375
19336,0.13272309303283691,1524.80078125
19337,0.16091346740722656,1526.91015625
19338,0.2708420753479004,1526.30859375
19339,0.14179420471191406,1524.66796875
19340,0.1480238437652588,1528.7421875
19341,0.19737648963928223,1526.04296875
19342,0.19896602630615234,1525.703125
19343,0.14538288116455078,1524.66015625
19344,0.2049546241760254,1523.98046875
19345,0.18780040740966797,1525.62109375
19346,0.1606893539428711,1527.72265625
19347,0.19210505485534668,1525.7890625
19348,0.18742680549621582,1525.0078125
19349,0.18848204612731934,1526.66015625
19350,0.18550729751586914,1527.36328125
19351,0.24143028259277344,1528.109375
19352,0.23329973220825195,1528.14453125
19353,0.20023298263549805,1527.7890625
19354,0.1707444190979004,1526.71484375
19355,0.191375732421875,1526.9140625
19356,0.20405912399291992,1526.84765625
19357,0.22600221633911133,1527.546875
19358,0.16025805473327637,1528.359375
19359,0.19777798652648926,1530.12109375
19360,0.23191618919372559,1528.14453125
19361,0.19242024421691895,1527.77734375
19362,0.2569570541381836,1527.85546875
19363,0.1801438331604004,1527.2734375
19364,0.13336992263793945,1528.1640625
19365,0.22217106819152832,1527.7265625
19366,0.2080826759338379,1528.6953125
19367,0.22280454635620117,1527.72265625
19368,0.14615845680236816,1526.36328125
19369,0.11019539833068848,1525.5546875
19370,0.13778281211853027,1526.7109375
19371,0.17460036277770996,1526.84375
19372,0.16983604431152344,1526.7890625
19373,0.16064453125,1526.3046875
19374,0.12601828575134277,1528.34375
19375,0.1768784523010254,1527.5625
19376,0.17181158065795898,1526.95703125
19377,0.20537137985229492,1529.68359375
19378,0.19550156593322754,1527.82421875
19379,0.19409751892089844,1529.20703125
19380,0.1738128662109375,1527.41015625
19381,0.19720745086669922,1527.48046875
19382,0.24717378616333008,1528.26171875
19383,0.2099442481994629,1528.1015625
19384,0.18763041496276855,1527.0390625
19385,0.24112462997436523,1528.83984375
19386,0.21757769584655762,1530.15625
19387,0.21904563903808594,1529.30859375
19388,0.1770169734954834,1526.76171875
19389,0.2067410945892334,1527.33984375
19390,0.1909029483795166,1529.546875
19391,0.262178897857666,1530.0234375
19392,0.22797536849975586,1528.90234375
19393,0.22660183906555176,1528.4921875
19394,0.22209548950195312,1528.578125
19395,0.18574857711791992,1530.546875
19396,0.21338200569152832,1530.75390625
19397,0.21338367462158203,1530.12890625
19398,0.20467615127563477,1531.51171875
19399,0.2414872646331787,1530.01171875
19400,0.20136451721191406,1528.7734375
19401,0.19645404815673828,1529.36328125
19402,0.25550222396850586,1530.69921875
19403,0.3202791213989258,1529.77734375
19404,0.21519875526428223,1529.08984375
19405,0.15693187713623047,1530.6171875
19406,0.19647693634033203,1530.30859375
19407,0.20874571800231934,1529.515625
19408,0.12087559700012207,1528.73046875
19409,0.1920468807220459,1531.28515625
19410,0.2540905475616455,1531.2421875
19411,0.19743561744689941,1530.55859375
19412,0.24059176445007324,1529.8125
19413,0.1934213638305664,1532.04296875
19414,0.21891999244689941,1529.64453125
19415,0.18596434593200684,1531.3203125
19416,0.22847962379455566,1530.54296875
19417,0.16098952293395996,1530.546875
19418,0.217698335647583,1530.8515625
19419,0.18303823471069336,1532.625
19420,0.2085123062133789,1530.3515625
19421,0.22797775268554688,1532.15625
19422,0.20333576202392578,1531.13671875
19423,0.16547894477844238,1534.1796875
19424,0.1159060001373291,1533.2578125
19425,0.09554028511047363,1534.4140625
19426,0.23637080192565918,1533.828125
19427,0.2263798713684082,1533.4140625
19428,0.22472429275512695,1534.6875
19429,0.21795296669006348,1532.43359375
19430,0.14663076400756836,1534.42578125
19431,0.1580333709716797,1536.265625
19432,0.08672142028808594,1533.47265625
19433,0.16025805473327637,1533.76171875
19434,0.1260089874267578,1536.4921875
19435,0.17780351638793945,1533.6015625
19436,0.14679551124572754,1533.37890625
19437,0.2285327911376953,1536.2890625
19438,0.18718242645263672,1536.2890625
19439,0.16132283210754395,1534.8984375
19440,0.21904253959655762,1534.5703125
19441,0.18770933151245117,1535.41796875
19442,0.20564913749694824,1534.80859375
19443,0.19602131843566895,1536.0625
19444,0.1497514247894287,1534.04296875
19445,0.20835161209106445,1534.453125
19446,0.20542407035827637,1535.98046875
19447,0.21529912948608398,1535.3046875
19448,0.14595437049865723,1535.70703125
19449,0.20608186721801758,1536.7734375
19450,0.17479634284973145,1535.60546875
19451,0.23326349258422852,1535.35546875
19452,0.20045924186706543,1535.45703125
19453,0.21442198753356934,1535.6328125
19454,0.12980389595031738,1536.29296875
19455,0.19698166847229004,1536.44921875
19456,0.14188671112060547,1537.41015625
19457,0.14756536483764648,1537.3984375
19458,0.21918725967407227,1538.84765625
19459,0.2341313362121582,1538.75
19460,0.2346806526184082,1538.0390625
19461,0.14845037460327148,1537.359375
19462,0.20513224601745605,1537.7890625
19463,0.16455841064453125,1538.79296875
19464,0.17829084396362305,1538.375
19465,0.21943426132202148,1538.53125
19466,0.2233586311340332,1540.546875
19467,0.1772308349609375,1538.0
19468,0.2199077606201172,1540.7421875
19469,0.19249343872070312,1538.68359375
19470,0.2303926944732666,1538.25
19471,0.18319463729858398,1534.578125
19472,0.21979975700378418,1538.578125
19473,0.18488311767578125,1539.01953125
19474,0.21374058723449707,1538.92578125
19475,0.2605578899383545,1539.1640625
19476,0.17039704322814941,1539.65234375
19477,0.19391584396362305,1539.2890625
19478,0.182420015335083,1537.35546875
19479,0.2377314567565918,1537.4296875
19480,0.23915576934814453,1538.203125
19481,0.19498229026794434,1537.3125
19482,0.19686651229858398,1539.01953125
19483,0.21553516387939453,1538.9453125
19484,0.16628670692443848,1537.203125
19485,0.2086937427520752,1540.0
19486,0.1329960823059082,1540.1015625
19487,0.19794178009033203,1539.58984375
19488,0.18494153022766113,1539.953125
19489,0.2599925994873047,1541.11328125
19490,0.21418452262878418,1541.55859375
19491,0.20402789115905762,1542.79296875
19492,0.07502484321594238,1539.20703125
19493,0.19600439071655273,1541.08203125
19494,0.22320318222045898,1541.57421875
19495,0.16225790977478027,1539.8671875
19496,0.2616419792175293,1543.31640625
19497,0.17453598976135254,1539.7734375
19498,0.11131525039672852,1540.7109375
19499,0.20754599571228027,1541.71484375
19500,0.21253204345703125,1540.67578125
19501,0.14432406425476074,1541.125
19502,0.22573065757751465,1542.37109375
19503,0.17621445655822754,1543.296875
19504,0.244431734085083,1542.94140625
19505,0.19501948356628418,1541.42578125
19506,0.19012713432312012,1543.25
19507,0.20647978782653809,1544.05078125
19508,0.19198226928710938,1542.31640625
19509,0.13142037391662598,1543.0703125
19510,0.16496729850769043,1542.05078125
19511,0.16954612731933594,1544.0703125
19512,0.10160398483276367,1541.82421875
19513,0.13234472274780273,1544.21875
19514,0.19335198402404785,1544.140625
19515,0.1795215606689453,1544.14453125
19516,0.2367267608642578,1542.48046875
19517,0.16144585609436035,1544.79296875
19518,0.1800837516784668,1544.5390625
19519,0.18278765678405762,1545.8828125
19520,0.21708130836486816,1545.6171875
19521,0.1317121982574463,1545.48828125
19522,0.2444295883178711,1544.2890625
19523,0.20050525665283203,1544.12109375
19524,0.1941850185394287,1544.1484375
19525,0.19768047332763672,1544.2578125
19526,0.23660778999328613,1547.2734375
19527,0.16971302032470703,1545.5546875
19528,0.1755058765411377,1544.91796875
19529,0.16546344757080078,1546.11328125
19530,0.19790124893188477,1544.9609375
19531,0.20965790748596191,1543.45703125
19532,0.21302175521850586,1545.5859375
19533,0.20926117897033691,1544.7265625
19534,0.14931249618530273,1547.86328125
19535,0.18761444091796875,1545.38671875
19536,0.18029332160949707,1546.30078125
19537,0.10642623901367188,1544.41796875
19538,0.16141176223754883,1547.4609375
19539,0.17515039443969727,1545.203125
19540,0.07814407348632812,1546.125
19541,0.17751097679138184,1546.0859375
19542,0.17251300811767578,1546.1875
19543,0.1947178840637207,1545.95703125
19544,0.20021724700927734,1546.3359375
19545,0.22730207443237305,1545.80078125
19546,0.21611356735229492,1543.55859375
19547,0.19509601593017578,1546.6171875
19548,0.21725201606750488,1545.40625
19549,0.14598488807678223,1547.65234375
19550,0.17450928688049316,1546.97265625
19551,0.18884491920471191,1546.15625
19552,0.20818448066711426,1546.8203125
19553,0.20221781730651855,1545.99609375
19554,0.17532086372375488,1547.6875
19555,0.19688630104064941,1545.42578125
19556,0.1798255443572998,1547.09765625
19557,0.16975998878479004,1545.95703125
19558,0.1715691089630127,1545.41796875
19559,0.25624966621398926,1547.2265625
19560,0.19904541969299316,1548.37890625
19561,0.16055011749267578,1546.65625
19562,0.2198936939239502,1550.0390625
19563,0.1826918125152588,1550.828125
19564,0.13585352897644043,1548.7421875
19565,0.16042184829711914,1549.875
19566,0.20264220237731934,1551.17578125
19567,0.25211024284362793,1550.84765625
19568,0.22182393074035645,1550.20703125
19569,0.16139745712280273,1549.64453125
19570,0.1688077449798584,1552.03125
19571,0.20547175407409668,1550.60546875
19572,0.20384430885314941,1550.796875
19573,0.22654938697814941,1550.22265625
19574,0.2186446189880371,1550.83203125
19575,0.11369013786315918,1550.81640625
19576,0.20199370384216309,1552.51171875
19577,0.16357827186584473,1551.109375
19578,0.1920607089996338,1552.328125
19579,0.16865968704223633,1550.48828125
19580,0.11812138557434082,1550.3203125
19581,0.2149064540863037,1550.47265625
19582,0.19226431846618652,1552.3203125
19583,0.22785711288452148,1551.96484375
19584,0.20996475219726562,1550.78515625
19585,0.22537565231323242,1551.3125
19586,0.18088912963867188,1550.81640625
19587,0.21440505981445312,1551.3203125
19588,0.19558310508728027,1551.609375
19589,0.2395613193511963,1551.0234375
19590,0.20453381538391113,1551.23828125
19591,0.13567090034484863,1551.77734375
19592,0.18303847312927246,1552.6875
19593,0.14441490173339844,1550.3984375
19594,0.16493821144104004,1551.4296875
19595,0.1786665916442871,1551.6953125
19596,0.17648673057556152,1551.4921875
19597,0.19510841369628906,1550.9375
19598,0.12611746788024902,1550.765625
19599,0.11774969100952148,1551.89453125
19600,0.10405540466308594,1553.1796875
19601,0.17653727531433105,1551.14453125
19602,0.22858858108520508,1551.95703125
19603,0.13908100128173828,1551.1015625
19604,0.15453100204467773,1550.71875
19605,0.18617606163024902,1552.37109375
19606,0.19221830368041992,1553.23046875
19607,0.16666817665100098,1554.7734375
19608,0.21844911575317383,1553.15625
19609,0.14159417152404785,1552.5546875
19610,0.16301536560058594,1550.96484375
19611,0.2113969326019287,1551.546875
19612,0.2819023132324219,1548.8984375
19613,0.22825336456298828,1551.3515625
19614,0.23529601097106934,1552.4296875
19615,0.2723546028137207,1553.26171875
19616,0.2309551239013672,1553.19140625
19617,0.19829583168029785,1552.49609375
19618,0.2270059585571289,1551.2109375
19619,0.237105131149292,1553.23828125
19620,0.26467370986938477,1552.79296875
19621,0.2767612934112549,1553.8125
19622,0.22155499458312988,1551.84765625
19623,0.18348932266235352,1553.58203125
19624,0.17936468124389648,1555.80078125
19625,0.21079087257385254,1556.38671875
19626,0.31661105155944824,1558.7109375
19627,0.242095947265625,1559.2890625
19628,0.21839451789855957,1557.25390625
19629,0.306133508682251,1559.046875
19630,0.2513437271118164,1558.390625
19631,0.23990154266357422,1557.671875
19632,0.19862627983093262,1558.6015625
19633,0.24201273918151855,1556.6875
19634,0.24646711349487305,1557.703125
19635,0.23002290725708008,1556.92578125
19636,0.192152738571167,1557.4609375
19637,0.22268366813659668,1559.47265625
19638,0.21023774147033691,1560.10546875
19639,0.26004838943481445,1558.58984375
19640,0.25682544708251953,1558.04296875
19641,0.2572500705718994,1558.33203125
19642,0.24372386932373047,1559.5625
19643,0.2142047882080078,1558.3046875
19644,0.2559542655944824,1557.50390625
19645,0.22444462776184082,1559.8828125
19646,0.23851394653320312,1558.1171875
19647,0.27919793128967285,1557.7109375
19648,0.20150160789489746,1557.64453125
19649,0.2453784942626953,1557.7109375
19650,0.30269527435302734,1556.5546875
19651,0.2724926471710205,1558.734375
19652,0.20110273361206055,1559.140625
19653,0.1957242488861084,1557.94921875
19654,0.12494516372680664,1557.15234375
19655,0.16718673706054688,1555.81640625
19656,0.18665528297424316,1556.73828125
19657,0.20691561698913574,1557.05859375
19658,0.25049424171447754,1558.50390625
19659,0.1541287899017334,1558.29296875
19660,0.22119450569152832,1557.390625
19661,0.2223646640777588,1557.6640625
19662,0.1784195899963379,1558.234375
19663,0.2324817180633545,1557.37890625
19664,0.2072594165802002,1560.3203125
19665,0.16296672821044922,1557.7265625
19666,0.20131230354309082,1558.6640625
19667,0.19634246826171875,1556.84765625
19668,0.20496606826782227,1558.7421875
19669,0.19466948509216309,1557.4453125
19670,0.16340041160583496,1557.59765625
19671,0.2301349639892578,1559.546875
19672,0.17890429496765137,1557.06640625
19673,0.20079350471496582,1557.66015625
19674,0.1735384464263916,1557.7421875
19675,0.23862791061401367,1557.56640625
19676,0.19740509986877441,1558.34765625
19677,0.20835447311401367,1558.53125
19678,0.15671372413635254,1560.83203125
19679,0.2338423728942871,1560.8515625
19680,0.21628165245056152,1560.703125
19681,0.2149949073791504,1560.94921875
19682,0.15068531036376953,1561.68359375
19683,0.2270643711090088,1561.83984375
19684,0.12329483032226562,1561.3359375
19685,0.20769023895263672,1561.5625
19686,0.14118313789367676,1562.51953125
19687,0.22285747528076172,1561.01953125
19688,0.16406846046447754,1563.58203125
19689,0.1488947868347168,1561.55859375
19690,0.23567891120910645,1561.3515625
19691,0.19567060470581055,1561.390625
19692,0.1953599452972412,1561.7109375
19693,0.212083101272583,1561.0625
19694,0.23979830741882324,1560.84765625
19695,0.22230124473571777,1563.3984375
19696,0.21514201164245605,1561.08984375
19697,0.180772066116333,1563.30859375
19698,0.19210338592529297,1562.13671875
19699,0.20499181747436523,1562.06640625
19700,0.21403813362121582,1562.984375
19701,0.2116544246673584,1564.4453125
19702,0.18887710571289062,1563.75390625
19703,0.24448180198669434,1563.1875
19704,0.14689421653747559,1563.25
19705,0.21005845069885254,1565.21875
19706,0.12025737762451172,1564.84375
19707,0.1752161979675293,1564.66015625
19708,0.14842557907104492,1564.4609375
19709,0.22533535957336426,1564.671875
19710,0.19663333892822266,1565.5078125
19711,0.18106698989868164,1563.8671875
19712,0.22734928131103516,1565.79296875
19713,0.23601984977722168,1565.5234375
19714,0.2405087947845459,1565.7265625
19715,0.20517301559448242,1565.7578125
19716,0.11949920654296875,1564.390625
19717,0.28006577491760254,1568.671875
19718,0.17992377281188965,1565.92578125
19719,0.19182157516479492,1565.37890625
19720,0.24016213417053223,1566.7578125
19721,0.19661784172058105,1566.16015625
19722,0.22016119956970215,1567.7421875
19723,0.15151166915893555,1565.12890625
19724,0.18051600456237793,1566.78125
19725,0.197479248046875,1568.6015625
19726,0.18039703369140625,1566.37890625
19727,0.15868616104125977,1568.01171875
19728,0.2123100757598877,1569.984375
19729,0.1387343406677246,1568.78515625
19730,0.16545510292053223,1568.77734375
19731,0.22859549522399902,1568.40625
19732,0.1933305263519287,1567.58984375
19733,0.19573402404785156,1568.2578125
19734,0.17180871963500977,1568.4140625
19735,0.13217902183532715,1567.64453125
19736,0.17775392532348633,1568.9296875
19737,0.20934629440307617,1569.45703125
19738,0.2069873809814453,1568.06640625
19739,0.17788386344909668,1567.625
19740,0.16549253463745117,1568.77734375
19741,0.20091938972473145,1567.984375
19742,0.1802361011505127,1569.08984375
19743,0.14374256134033203,1567.5625
19744,0.22905325889587402,1569.9375
19745,0.21645259857177734,1570.0390625
19746,0.15940046310424805,1568.0
19747,0.16161298751831055,1569.1484375
19748,0.2298598289489746,1570.08984375
19749,0.17448067665100098,1568.40625
19750,0.2676212787628174,1571.6953125
19751,0.19044780731201172,1570.515625
19752,0.12575054168701172,1571.578125
19753,0.18747520446777344,1570.90625
19754,0.15022659301757812,1570.7734375
19755,0.14896035194396973,1574.078125
19756,0.18524456024169922,1571.12890625
19757,0.19182825088500977,1571.3828125
19758,0.1346445083618164,1571.45703125
19759,0.21252179145812988,1571.90234375
19760,0.1868419647216797,1570.84375
19761,0.14094948768615723,1571.16796875
19762,0.16440296173095703,1570.85546875
19763,0.1537928581237793,1571.47265625
19764,0.22234129905700684,1574.6015625
19765,0.18824052810668945,1570.55078125
19766,0.19035053253173828,1572.546875
19767,0.2086625099182129,1572.609375
19768,0.2124474048614502,1573.38671875
19769,0.1931746006011963,1571.6171875
19770,0.22891592979431152,1572.73046875
19771,0.24335527420043945,1572.984375
19772,0.20160365104675293,1573.2265625
19773,0.22454047203063965,1573.1640625
19774,0.17506718635559082,1573.375
19775,0.20988178253173828,1573.29296875
19776,0.22808504104614258,1572.19140625
19777,0.2033076286315918,1575.50390625
19778,0.18528389930725098,1570.68359375
19779,0.17878174781799316,1573.49609375
19780,0.17484211921691895,1574.0859375
19781,0.2335655689239502,1575.2890625
19782,0.18662333488464355,1573.78515625
19783,0.15660619735717773,1576.8203125
19784,0.22507667541503906,1575.625
19785,0.17658567428588867,1576.171875
19786,0.2128901481628418,1575.859375
19787,0.15208077430725098,1577.41015625
19788,0.10936141014099121,1576.76953125
19789,0.15582919120788574,1575.22265625
19790,0.2215135097503662,1575.3515625
19791,0.2025909423828125,1577.20703125
19792,0.17647004127502441,1575.6875
19793,0.1654677391052246,1576.92578125
19794,0.2246696949005127,1576.99609375
19795,0.18537211418151855,1577.20703125
19796,0.17306876182556152,1579.22265625
19797,0.21103262901306152,1576.9140625
19798,0.17780709266662598,1576.8828125
19799,0.17429709434509277,1577.984375
19800,0.22269010543823242,1577.5546875
19801,0.1721203327178955,1576.55859375
19802,0.1805286407470703,1573.84375
19803,0.20895051956176758,1576.875
19804,0.2557942867279053,1578.69140625
19805,0.20637965202331543,1578.703125
19806,0.2079319953918457,1578.80078125
19807,0.26331067085266113,1580.13671875
19808,0.25438451766967773,1579.76171875
19809,0.23795151710510254,1580.71484375
19810,0.17714619636535645,1579.26953125
19811,0.19055724143981934,1579.41015625
19812,0.20425939559936523,1582.08203125
19813,0.25325822830200195,1581.7578125
19814,0.22279882431030273,1581.73046875
19815,0.22399568557739258,1582.08984375
19816,0.16057920455932617,1580.30859375
19817,0.1408858299255371,1582.21484375
19818,0.11019015312194824,1580.59375
19819,0.1810610294342041,1582.078125
19820,0.14287400245666504,1581.89453125
19821,0.22509407997131348,1582.56640625
19822,0.19317889213562012,1582.04296875
19823,0.20093202590942383,1581.88671875
19824,0.19434881210327148,1582.2890625
19825,0.17439675331115723,1583.60546875
19826,0.22172808647155762,1583.6484375
19827,0.2157905101776123,1580.796875
19828,0.19549155235290527,1582.7109375
19829,0.14651894569396973,1582.08203125
19830,0.22639012336730957,1583.01953125
19831,0.22494268417358398,1583.5390625
19832,0.19002580642700195,1582.1484375
19833,0.19347262382507324,1584.44921875
19834,0.24853181838989258,1583.66796875
19835,0.14750146865844727,1584.15625
19836,0.19858860969543457,1584.14453125
19837,0.23519563674926758,1584.23828125
19838,0.22194457054138184,1583.1328125
19839,0.20482921600341797,1584.11328125
19840,0.2519528865814209,1584.1953125
19841,0.22868967056274414,1584.71875
19842,0.264754056930542,1584.1875
19843,0.24958157539367676,1585.6640625
19844,0.19830799102783203,1586.48828125
19845,0.2608170509338379,1585.9375
19846,0.2677609920501709,1586.16796875
19847,0.1505110263824463,1585.58203125
19848,0.25406455993652344,1585.4453125
19849,0.2214064598083496,1584.80078125
19850,0.23223185539245605,1584.0390625
19851,0.25769495964050293,1585.30859375
19852,0.2180781364440918,1584.5546875
19853,0.2540912628173828,1585.66015625
19854,0.17418527603149414,1584.97265625
19855,0.25659871101379395,1586.09765625
19856,0.2347409725189209,1586.26171875
19857,0.24445438385009766,1585.05078125
19858,0.1799023151397705,1585.30078125
19859,0.21841073036193848,1586.53515625
19860,0.21633648872375488,1584.2890625
19861,0.21921920776367188,1586.3984375
19862,0.23916912078857422,1585.60546875
19863,0.21605801582336426,1586.578125
19864,0.23969221115112305,1586.68359375
19865,0.24583029747009277,1586.9609375
19866,0.24465608596801758,1588.55859375
19867,0.2310798168182373,1587.22265625
19868,0.2270219326019287,1586.21875
19869,0.12972307205200195,1587.94140625
19870,0.22291898727416992,1586.08984375
19871,0.24692511558532715,1585.63671875
19872,0.23980116844177246,1585.1171875
19873,0.2559700012207031,1586.8515625
19874,0.3657660484313965,1586.0
19875,0.24219870567321777,1587.16015625
19876,0.21683812141418457,1586.9609375
19877,0.23772931098937988,1589.2265625
19878,0.14912056922912598,1589.29296875
19879,0.23822498321533203,1588.2265625
19880,0.20200443267822266,1589.21484375
19881,0.301464319229126,1589.88671875
19882,0.22034120559692383,1590.25390625
19883,0.16801047325134277,1589.25390625
19884,0.1850414276123047,1587.34765625
19885,0.23833584785461426,1587.10546875
19886,0.20982146263122559,1589.31640625
19887,0.17641282081604004,1588.94921875
19888,0.2636699676513672,1591.4140625
19889,0.21096420288085938,1588.28125
19890,0.09405159950256348,1586.91796875
19891,0.19179177284240723,1591.78515625
19892,0.1955270767211914,1590.6015625
19893,0.1769099235534668,1589.90625
19894,0.2179865837097168,1590.04296875
19895,0.20421433448791504,1589.80859375
19896,0.17771291732788086,1588.91015625
19897,0.19183850288391113,1589.484375
19898,0.2004249095916748,1591.69140625
19899,0.1697094440460205,1587.53515625
19900,0.20284318923950195,1590.66796875
19901,0.22092962265014648,1590.9375
19902,0.16701006889343262,1591.94140625
19903,0.16925954818725586,1590.671875
19904,0.18879461288452148,1591.3984375
19905,0.19663739204406738,1593.265625
19906,0.24557733535766602,1592.38671875
19907,0.17411112785339355,1590.58984375
19908,0.206007719039917,1591.49609375
19909,0.23402047157287598,1593.22265625
19910,0.22650575637817383,1590.28515625
19911,0.21465039253234863,1591.46484375
19912,0.1900310516357422,1593.18359375
19913,0.1887056827545166,1592.7265625
19914,0.21329188346862793,1591.6171875
19915,0.2243056297302246,1591.99609375
19916,0.15008258819580078,1592.22265625
19917,0.18478989601135254,1593.16796875
19918,0.21137309074401855,1591.26953125
19919,0.21337270736694336,1591.05078125
19920,0.19362258911132812,1592.4453125
19921,0.20392727851867676,1594.15234375
19922,0.19717049598693848,1592.9296875
19923,0.17359566688537598,1591.08203125
19924,0.19879722595214844,1592.109375
19925,0.2167983055114746,1590.86328125
19926,0.14611601829528809,1591.78515625
19927,0.22221589088439941,1593.1953125
19928,0.21951746940612793,1592.55078125
19929,0.2364025115966797,1592.28515625
19930,0.18366765975952148,1595.12109375
19931,0.167189359664917,1594.328125
19932,0.23089385032653809,1594.8359375
19933,0.17833757400512695,1593.1015625
19934,0.1999340057373047,1593.33203125
19935,0.17744040489196777,1594.48828125
19936,0.21188807487487793,1594.70703125
19937,0.18265581130981445,1592.6171875
19938,0.15250778198242188,1594.8671875
19939,0.23964452743530273,1593.703125
19940,0.17946600914001465,1594.52734375
19941,0.19546055793762207,1595.38671875
19942,0.17543673515319824,1594.96875
19943,0.21370244026184082,1595.7265625
19944,0.1778268814086914,1593.40625
19945,0.20025944709777832,1595.06640625
19946,0.26331090927124023,1593.91796875
19947,0.20348834991455078,1595.4296875
19948,0.18950486183166504,1595.859375
19949,0.17481613159179688,1595.12890625
19950,0.11971449851989746,1596.04296875
19951,0.22388219833374023,1597.76953125
19952,0.22663497924804688,1597.1875
19953,0.20849275588989258,1596.62890625
19954,0.25855588912963867,1596.140625
19955,0.21277070045471191,1595.05078125
19956,0.255206823348999,1595.84375
19957,0.1762073040008545,1597.0625
19958,0.11195826530456543,1596.09375
19959,0.1349351406097412,1597.61328125
19960,0.22682476043701172,1596.77734375
19961,0.20878958702087402,1597.88671875
19962,0.1712627410888672,1594.01953125
19963,0.20856404304504395,1597.9375
19964,0.2000260353088379,1599.515625
19965,0.20243167877197266,1596.84765625
19966,0.0919945240020752,1596.83984375
19967,0.08635997772216797,1596.5625
19968,0.24176859855651855,1597.00390625
19969,0.23129987716674805,1598.5234375
19970,0.19304180145263672,1597.78125
19971,0.10144782066345215,1597.41796875
19972,0.19600558280944824,1597.03125
19973,0.21068525314331055,1599.23046875
19974,0.20784211158752441,1597.27734375
19975,0.2308361530303955,1596.95703125
19976,0.2272026538848877,1599.15625
19977,0.234755277633667,1600.1015625
19978,0.27390003204345703,1598.75390625
19979,0.2518165111541748,1599.67578125
19980,0.24651288986206055,1599.28515625
19981,0.27547335624694824,1600.5859375
19982,0.25714993476867676,1597.82421875
19983,0.1614551544189453,1602.1953125
19984,0.2271127700805664,1600.37890625
19985,0.1818408966064453,1599.6640625
19986,0.20890069007873535,1599.7265625
19987,0.2182300090789795,1598.57421875
19988,0.20173025131225586,1600.90625
19989,0.19513201713562012,1599.12109375
19990,0.18426799774169922,1599.8046875
19991,0.22707080841064453,1599.2578125
19992,0.21370172500610352,1601.3984375
19993,0.20463061332702637,1600.06640625
19994,0.15355825424194336,1600.4453125
19995,0.19185161590576172,1600.6796875
19996,0.19220566749572754,1601.046875
19997,0.16997385025024414,1599.9921875
19998,0.22565531730651855,1601.80078125
19999,0.21125316619873047,1600.80859375
20000,0.22724199295043945,1601.1015625
20001,0.22663259506225586,1602.66015625
20002,0.25377464294433594,1602.7265625
20003,0.28101420402526855,1601.0546875
20004,0.20392513275146484,1601.41015625
20005,0.22657227516174316,1602.0
20006,0.21971344947814941,1601.98046875
20007,0.11348605155944824,1602.65234375
20008,0.22386693954467773,1602.28515625
20009,0.23175668716430664,1602.16015625
20010,0.20827126502990723,1601.2265625
20011,0.16963768005371094,1602.828125
20012,0.24505329132080078,1602.56640625
20013,0.1659986972808838,1601.84375
20014,0.22728610038757324,1602.6171875
20015,0.23423027992248535,1601.91015625
20016,0.1905515193939209,1602.58984375
20017,0.12267589569091797,1602.80078125
20018,0.15178728103637695,1603.44140625
20019,0.20589089393615723,1602.31640625
20020,0.2246720790863037,1603.671875
20021,0.2600440979003906,1603.1328125
20022,0.2047281265258789,1602.984375
20023,0.19512081146240234,1601.86328125
20024,0.1912541389465332,1603.69140625
20025,0.17753314971923828,1604.34375
20026,0.2299351692199707,1603.62109375
20027,0.21016526222229004,1603.515625
20028,0.2092123031616211,1603.46484375
20029,0.18924331665039062,1602.65234375
20030,0.2258455753326416,1605.89453125
20031,0.22237348556518555,1604.125
20032,0.2013087272644043,1604.79296875
20033,0.19183111190795898,1604.90625
20034,0.17214345932006836,1604.44140625
20035,0.16756319999694824,1604.46484375
20036,0.18929839134216309,1603.01953125
20037,0.2004086971282959,1605.13671875
20038,0.20521831512451172,1605.24609375
20039,0.18043208122253418,1602.8828125
20040,0.196760892868042,1603.19921875
20041,0.18053269386291504,1604.4375
20042,0.2295546531677246,1604.55859375
20043,0.23140215873718262,1605.12109375
20044,0.22554492950439453,1603.62109375
20045,0.23346614837646484,1605.8203125
20046,0.20029592514038086,1605.4140625
20047,0.2205517292022705,1605.0
20048,0.2576172351837158,1605.0703125
20049,0.14529204368591309,1603.98828125
20050,0.22381329536437988,1605.95703125
20051,0.20951604843139648,1608.25
20052,0.21525263786315918,1606.7890625
20053,0.3863809108734131,1606.8125
20054,0.27188611030578613,1599.07421875
20055,0.1915602684020996,1599.11328125
20056,0.16934442520141602,1597.265625
20057,0.18062949180603027,1597.984375
20058,0.21224546432495117,1599.9609375
20059,0.22329187393188477,1599.03125
20060,0.15777063369750977,1600.296875
20061,0.25396156311035156,1599.640625
20062,0.16196465492248535,1597.14453125
20063,0.17332172393798828,1597.80859375
20064,0.16885900497436523,1597.4765625
20065,0.22932744026184082,1598.30078125
20066,0.17673087120056152,1598.328125
20067,0.14440345764160156,1599.9765625
20068,0.22187113761901855,1601.10546875
20069,0.22459650039672852,1601.65625
20070,0.15002918243408203,1600.83984375
20071,0.2523958683013916,1600.14453125
20072,0.1245870590209961,1599.5859375
20073,0.23090434074401855,1600.70703125
20074,0.16614246368408203,1599.00390625
20075,0.16721677780151367,1598.90234375
20076,0.18779373168945312,1598.84375
20077,0.20433902740478516,1598.96875
20078,0.1778888702392578,1599.83984375
20079,0.21408343315124512,1601.36328125
20080,0.2091968059539795,1599.84765625
20081,0.2710297107696533,1601.80078125
20082,0.19188880920410156,1601.06640625
20083,0.17534255981445312,1599.86328125
20084,0.18593430519104004,1597.91796875
20085,0.2046220302581787,1600.6875
20086,0.2791745662689209,1601.78125
20087,0.21521520614624023,1603.5625
20088,0.21886444091796875,1602.94140625
20089,0.21824073791503906,1602.25
20090,0.19330739974975586,1603.54296875
20091,0.26303577423095703,1603.16796875
20092,0.20293641090393066,1603.44921875
20093,0.2220439910888672,1605.33984375
20094,0.23149466514587402,1604.04296875
20095,0.2077500820159912,1605.86328125
20096,0.2473299503326416,1605.5390625
20097,0.1936018466949463,1605.74609375
20098,0.21464323997497559,1604.6015625
20099,0.20562338829040527,1606.88671875
20100,0.24579429626464844,1606.35546875
20101,0.23989176750183105,1606.9296875
20102,0.19507050514221191,1605.94140625
20103,0.22826862335205078,1605.26953125
20104,0.16997122764587402,1605.4375
20105,0.20462703704833984,1605.97265625
20106,0.15193819999694824,1604.98828125
20107,0.22235560417175293,1605.640625
20108,0.24069762229919434,1604.6796875
20109,0.1879873275756836,1605.578125
20110,0.1829833984375,1605.8203125
20111,0.1970529556274414,1604.54296875
20112,0.24245190620422363,1606.53515625
20113,0.24491381645202637,1606.76171875
20114,0.23383545875549316,1607.2578125
20115,0.21632790565490723,1605.6796875
20116,0.18844008445739746,1607.59375
20117,0.20810222625732422,1607.41796875
20118,0.1092371940612793,1606.984375
20119,0.23682427406311035,1605.5546875
20120,0.20804166793823242,1607.56640625
20121,0.23639917373657227,1607.5546875
20122,0.21934866905212402,1606.58203125
20123,0.19571709632873535,1607.02734375
20124,0.21402764320373535,1607.2890625
20125,0.19289708137512207,1607.46484375
20126,0.19428491592407227,1607.29296875
20127,0.18462204933166504,1608.4765625
20128,0.17159628868103027,1608.83984375
20129,0.1913304328918457,1608.56640625
20130,0.20847129821777344,1606.86328125
20131,0.21798920631408691,1605.86328125
20132,0.24011707305908203,1607.3671875
20133,0.19954156875610352,1608.12109375
20134,0.13207387924194336,1606.51171875
20135,0.2307441234588623,1607.56640625
20136,0.12937664985656738,1607.1953125
20137,0.17932581901550293,1606.72265625
20138,0.2278428077697754,1609.98828125
20139,0.21712827682495117,1610.359375
20140,0.22249579429626465,1606.203125
20141,0.20664024353027344,1607.75390625
20142,0.2074282169342041,1608.5625
20143,0.19183039665222168,1608.34375
20144,0.1968827247619629,1610.109375
20145,0.1900038719177246,1609.296875
20146,0.20662426948547363,1609.69140625
20147,0.2206428050994873,1608.85546875
20148,0.11676335334777832,1608.1015625
20149,0.2353806495666504,1609.68359375
20150,0.22257566452026367,1610.51171875
20151,0.19948792457580566,1611.0390625
20152,0.17940807342529297,1608.26953125
20153,0.1979982852935791,1611.7421875
20154,0.22582387924194336,1610.90234375
20155,0.21054983139038086,1609.75
20156,0.3167715072631836,1610.953125
20157,0.1802523136138916,1609.69140625
20158,0.22061371803283691,1609.65625
20159,0.1879594326019287,1611.83203125
20160,0.19652152061462402,1610.328125
20161,0.15578651428222656,1609.4140625
20162,0.16322922706604004,1609.03515625
20163,0.202362060546875,1611.18359375
20164,0.24488234519958496,1610.3828125
20165,0.16749835014343262,1609.7265625
20166,0.17554378509521484,1610.09375
20167,0.2440183162689209,1611.42578125
20168,0.13693976402282715,1610.61328125
20169,0.21237611770629883,1611.92578125
20170,0.21152830123901367,1608.6953125
20171,0.1661088466644287,1609.54296875
20172,0.22560334205627441,1612.4296875
20173,0.23700618743896484,1610.328125
20174,0.1733076572418213,1609.94140625
20175,0.20717406272888184,1612.20703125
20176,0.23107361793518066,1611.6171875
20177,0.1932063102722168,1612.4609375
20178,0.18168902397155762,1612.88671875
20179,0.19128632545471191,1614.34375
20180,0.2003161907196045,1613.5546875
20181,0.21083950996398926,1613.89453125
20182,0.2158827781677246,1615.3984375
20183,0.19537854194641113,1614.51171875
20184,0.09917616844177246,1613.7421875
20185,0.1876988410949707,1615.33984375
20186,0.25211668014526367,1615.12109375
20187,0.1847400665283203,1614.58984375
20188,0.16972780227661133,1614.92578125
20189,0.16030097007751465,1616.40625
20190,0.20524024963378906,1614.94921875
20191,0.21906709671020508,1615.65234375
20192,0.21220803260803223,1616.01953125
20193,0.27561497688293457,1614.7890625
20194,0.24929189682006836,1614.56640625
20195,0.25837254524230957,1614.58984375
20196,0.17811083793640137,1615.31640625
20197,0.2672574520111084,1614.57421875
20198,0.2190711498260498,1615.4609375
20199,0.22196364402770996,1617.3125
20200,0.26827263832092285,1616.2109375
20201,0.28194689750671387,1617.62890625
20202,0.2310962677001953,1615.875
20203,0.20463895797729492,1618.0546875
20204,0.20970439910888672,1618.21875
20205,0.2114260196685791,1616.01171875
20206,0.24181389808654785,1615.36328125
20207,0.23775100708007812,1616.5625
20208,0.2713022232055664,1619.40234375
20209,0.22343111038208008,1616.0703125
20210,0.2702360153198242,1616.3984375
20211,0.29666686058044434,1619.40625
20212,0.1669771671295166,1616.53515625
20213,0.2254960536956787,1618.046875
20214,0.17789888381958008,1616.74609375
20215,0.23843622207641602,1616.10546875
20216,0.30924463272094727,1617.9765625
20217,0.21219897270202637,1618.5859375
20218,0.22545695304870605,1617.76953125
20219,0.2251584529876709,1619.71484375
20220,0.2112565040588379,1619.99609375
20221,0.21926116943359375,1617.07421875
20222,0.30156683921813965,1618.14453125
20223,0.19945693016052246,1618.296875
20224,0.27095842361450195,1617.82421875
20225,0.26818156242370605,1618.1640625
20226,0.26015377044677734,1619.5546875
20227,0.20553922653198242,1617.72265625
20228,0.297182559967041,1619.0390625
20229,0.254913330078125,1618.01953125
20230,0.20583438873291016,1617.2578125
20231,0.18553972244262695,1618.23046875
20232,0.24845266342163086,1619.77734375
20233,0.19990992546081543,1620.0625
20234,0.2385849952697754,1619.6015625
20235,0.2603034973144531,1618.53515625
20236,0.23414993286132812,1621.5703125
20237,0.17493963241577148,1621.140625
20238,0.2787501811981201,1620.6171875
20239,0.17624568939208984,1621.2109375
20240,0.21823906898498535,1619.6328125
20241,0.2033700942993164,1621.796875
20242,0.1191568374633789,1620.58984375
20243,0.22319316864013672,1621.3359375
20244,0.22440338134765625,1621.94140625
20245,0.21777749061584473,1621.75
20246,0.19670915603637695,1621.73046875
20247,0.14429259300231934,1621.6875
20248,0.21903657913208008,1621.80078125
20249,0.19250941276550293,1623.078125
20250,0.20637178421020508,1620.69921875
20251,0.19223761558532715,1621.046875
20252,0.20152926445007324,1621.328125
20253,0.19048810005187988,1622.84375
20254,0.17620587348937988,1622.04296875
20255,0.1885080337524414,1622.25390625
20256,0.2249279022216797,1621.2890625
20257,0.20575737953186035,1622.5546875
20258,0.19466590881347656,1622.734375
20259,0.2162332534790039,1621.33984375
20260,0.22013306617736816,1623.00390625
20261,0.22479510307312012,1623.578125
20262,0.2107865810394287,1622.33203125
20263,0.21423053741455078,1622.58984375
20264,0.16954326629638672,1622.5078125
20265,0.24244952201843262,1622.83984375
20266,0.19708657264709473,1623.046875
20267,0.18961358070373535,1623.26953125
20268,0.22127389907836914,1622.03125
20269,0.17743277549743652,1622.6640625
20270,0.15997719764709473,1621.953125
20271,0.1786024570465088,1624.18359375
20272,0.19180631637573242,1624.1953125
20273,0.24792695045471191,1624.9765625
20274,0.20610713958740234,1624.48046875
20275,0.19093942642211914,1623.56640625
20276,0.21340489387512207,1624.4375
20277,0.19670796394348145,1625.21875
20278,0.2602119445800781,1623.734375
20279,0.21190834045410156,1622.8515625
20280,0.19700336456298828,1624.625
20281,0.2032458782196045,1624.86328125
20282,0.18893742561340332,1623.35546875
20283,0.17380380630493164,1625.6171875
20284,0.20084810256958008,1625.05859375
20285,0.2251415252685547,1625.421875
20286,0.2028672695159912,1623.58203125
20287,0.22916054725646973,1625.11328125
20288,0.16226553916931152,1624.1015625
20289,0.22036480903625488,1624.5078125
20290,0.18079400062561035,1626.12890625
20291,0.21436691284179688,1624.04296875
20292,0.16303563117980957,1624.64453125
20293,0.16550850868225098,1625.1953125
20294,0.18761515617370605,1624.4765625
20295,0.23639321327209473,1626.0625
20296,0.17232251167297363,1624.6328125
20297,0.13133573532104492,1626.484375
20298,0.195143461227417,1627.42578125
20299,0.22665953636169434,1627.1328125
20300,0.20077037811279297,1627.35546875
20301,0.15057897567749023,1626.3515625
20302,0.19026494026184082,1626.90625
20303,0.16887521743774414,1626.24609375
20304,0.1727902889251709,1626.48046875
20305,0.19806313514709473,1626.8046875
20306,0.17667269706726074,1626.5078125
20307,0.13070368766784668,1627.953125
20308,0.16346406936645508,1626.4609375
20309,0.2276599407196045,1626.2421875
20310,0.13338041305541992,1625.80859375
20311,0.17433810234069824,1626.47265625
20312,0.2692275047302246,1627.70703125
20313,0.2338716983795166,1629.92578125
20314,0.18846988677978516,1627.765625
20315,0.1784195899963379,1627.859375
20316,0.24645137786865234,1629.46875
20317,0.22305703163146973,1629.12109375
20318,0.20392322540283203,1630.3125
20319,0.18377327919006348,1631.11328125
20320,0.19083070755004883,1629.78125
20321,0.17433810234069824,1631.24609375
20322,0.19525766372680664,1628.45703125
20323,0.21962857246398926,1630.078125
20324,0.2149815559387207,1630.90234375
20325,0.21135449409484863,1631.8046875
20326,0.17542791366577148,1630.21484375
20327,0.20291996002197266,1631.109375
20328,0.19765901565551758,1630.953125
20329,0.2702910900115967,1630.61328125
20330,0.25754880905151367,1630.8984375
20331,0.2129809856414795,1629.51171875
20332,0.16389250755310059,1630.75
20333,0.15850353240966797,1631.09765625
20334,0.18682098388671875,1629.81640625
20335,0.2388617992401123,1634.0859375
20336,0.2124497890472412,1632.32421875
20337,0.19447588920593262,1630.12890625
20338,0.22488784790039062,1631.9765625
20339,0.27344298362731934,1632.82421875
20340,0.2588157653808594,1633.9609375
20341,0.18055129051208496,1633.16015625
20342,0.1650707721710205,1632.58984375
20343,0.21852540969848633,1631.81640625
20344,0.1924607753753662,1634.11328125
20345,0.22443604469299316,1635.83203125
20346,0.27919650077819824,1634.109375
20347,0.2635917663574219,1633.953125
20348,0.2727527618408203,1633.39453125
20349,0.22045183181762695,1634.36328125
20350,0.22284317016601562,1633.6328125
20351,0.14377522468566895,1633.08984375
20352,0.14499282836914062,1635.234375
20353,0.21599173545837402,1632.37109375
20354,0.24501276016235352,1635.86328125
20355,0.20791363716125488,1636.390625
20356,0.2509427070617676,1634.171875
20357,0.26159214973449707,1636.68359375
20358,0.22386693954467773,1637.20703125
20359,0.20933890342712402,1636.80859375
20360,0.25872206687927246,1635.125
20361,0.32518768310546875,1634.76953125
20362,0.2615358829498291,1635.2265625
20363,0.26352453231811523,1635.7265625
20364,0.22769427299499512,1637.12109375
20365,0.19715189933776855,1635.59765625
20366,0.25121235847473145,1637.5
20367,0.24092841148376465,1637.046875
20368,0.25255322456359863,1636.93359375
20369,0.26961398124694824,1635.93359375
20370,0.19073987007141113,1637.13671875
20371,0.27622222900390625,1638.10546875
20372,0.14163851737976074,1638.046875
20373,0.22222232818603516,1637.6015625
20374,0.215590238571167,1637.58984375
20375,0.3047950267791748,1637.35546875
20376,0.20946574211120605,1637.58203125
20377,0.2675778865814209,1637.16015625
20378,0.23284125328063965,1637.6328125
20379,0.23948431015014648,1638.92578125
20380,0.28417396545410156,1636.2578125
20381,0.2287278175354004,1637.72265625
20382,0.1779630184173584,1636.83203125
20383,0.11479902267456055,1635.69140625
20384,0.12235236167907715,1636.91796875
20385,0.16193318367004395,1634.6640625
20386,0.28252720832824707,1637.89453125
20387,0.2625465393066406,1639.28515625
20388,0.17483782768249512,1637.07421875
20389,0.2647736072540283,1638.234375
20390,0.2695024013519287,1637.13671875
20391,0.2342994213104248,1638.98828125
20392,0.26518821716308594,1639.40234375
20393,0.3283207416534424,1638.1171875
20394,0.2169051170349121,1637.80859375
20395,0.24614477157592773,1638.59375
20396,0.26004958152770996,1640.56640625
20397,0.1396784782409668,1638.375
20398,0.23627233505249023,1641.5859375
20399,0.22105932235717773,1640.80078125
20400,0.234299898147583,1639.5390625
20401,0.2642374038696289,1640.46484375
20402,0.20701336860656738,1639.2109375
20403,0.23755240440368652,1639.4765625
20404,0.19814586639404297,1640.0859375
20405,0.212571382522583,1639.5
20406,0.20468974113464355,1637.89453125
20407,0.21079492568969727,1639.12890625
20408,0.23847198486328125,1639.71875
20409,0.20848989486694336,1639.2734375
20410,0.2114863395690918,1640.2578125
20411,0.22435379028320312,1641.2890625
20412,0.2210099697113037,1642.9453125
20413,0.21489644050598145,1642.828125
20414,0.2654564380645752,1640.953125
20415,0.2546083927154541,1640.4296875
20416,0.18933987617492676,1641.28125
20417,0.17218399047851562,1641.6953125
20418,0.1329200267791748,1640.63671875
20419,0.18774676322937012,1643.02734375
20420,0.2261216640472412,1639.72265625
20421,0.19823408126831055,1641.36328125
20422,0.26808762550354004,1642.5546875
20423,0.14157772064208984,1641.671875
20424,0.22133207321166992,1643.44140625
20425,0.1652839183807373,1640.6171875
20426,0.21259093284606934,1643.0625
20427,0.2282698154449463,1642.62890625
20428,0.11336302757263184,1640.8203125
20429,0.09812426567077637,1640.6796875
20430,0.23125100135803223,1641.12890625
20431,0.22814464569091797,1642.3671875
20432,0.22086405754089355,1641.4453125
20433,0.18871188163757324,1641.25
20434,0.2300107479095459,1642.44140625
20435,0.2156360149383545,1644.03515625
20436,0.20255470275878906,1642.14453125
20437,0.22858929634094238,1642.58203125
20438,0.18576431274414062,1641.20703125
20439,0.24010705947875977,1642.58984375
20440,0.21213126182556152,1642.28515625
20441,0.23292851448059082,1642.81640625
20442,0.17395281791687012,1642.75
20443,0.23988556861877441,1643.5078125
20444,0.26241397857666016,1642.9921875
20445,0.22095441818237305,1642.828125
20446,0.21589255332946777,1644.08203125
20447,0.28656649589538574,1645.45703125
20448,0.12660765647888184,1643.3671875
20449,0.202131986618042,1644.328125
20450,0.19050836563110352,1644.296875
20451,0.22529268264770508,1644.828125
20452,0.19850778579711914,1644.06640625
20453,0.23276829719543457,1645.16796875
20454,0.20692873001098633,1646.55078125
20455,0.2221074104309082,1646.95703125
20456,0.24103641510009766,1647.28515625
20457,0.25137758255004883,1645.87890625
20458,0.24403071403503418,1645.734375
20459,0.23613929748535156,1646.00390625
20460,0.25706934928894043,1646.53125
20461,0.23949122428894043,1647.28515625
20462,0.24815011024475098,1645.9296875
20463,0.18002033233642578,1646.9609375
20464,0.19851970672607422,1645.38671875
20465,0.24270319938659668,1647.3359375
20466,0.16559410095214844,1648.1875
20467,0.22022700309753418,1646.91796875
20468,0.19572806358337402,1646.23046875
20469,0.17630314826965332,1646.5078125
20470,0.2280740737915039,1646.1328125
20471,0.19742083549499512,1647.08203125
20472,0.12951302528381348,1646.19140625
20473,0.26096272468566895,1647.796875
20474,0.24683904647827148,1648.0625
20475,0.20019173622131348,1648.0625
20476,0.15927886962890625,1648.62109375
20477,0.21268987655639648,1647.4296875
20478,0.11912941932678223,1648.0546875
20479,0.20722699165344238,1650.05859375
20480,0.24494409561157227,1647.06640625
20481,0.15054583549499512,1648.78515625
20482,0.1482105255126953,1647.08203125
20483,0.23270916938781738,1648.41796875
20484,0.22293615341186523,1649.26171875
20485,0.1956162452697754,1647.34375
20486,0.21057391166687012,1650.30078125
20487,0.18105506896972656,1649.1953125
20488,0.2125988006591797,1648.390625
20489,0.11672186851501465,1648.984375
20490,0.23929071426391602,1649.26953125
20491,0.19309115409851074,1651.171875
20492,0.19341826438903809,1649.203125
20493,0.259655237197876,1649.36328125
20494,0.13530516624450684,1650.2890625
20495,0.17296147346496582,1651.83984375
20496,0.22166180610656738,1649.8515625
20497,0.22250795364379883,1650.1875
20498,0.23946452140808105,1649.1875
20499,0.2578542232513428,1650.16796875
20500,0.1796114444732666,1650.87109375
20501,0.1922616958618164,1651.42578125
20502,0.15750598907470703,1651.484375
20503,0.2289590835571289,1650.92578125
20504,0.22670602798461914,1649.59765625
20505,0.248457670211792,1649.96484375
20506,0.21820354461669922,1651.8671875
20507,0.27688097953796387,1651.80859375
20508,0.19982671737670898,1652.04296875
20509,0.2230360507965088,1652.609375
20510,0.19331622123718262,1653.23046875
20511,0.1894068717956543,1651.19140625
20512,0.20195865631103516,1651.6015625
20513,0.2418222427368164,1652.6328125
20514,0.21319198608398438,1651.7734375
20515,0.24842381477355957,1652.3125
20516,0.20761871337890625,1651.85546875
20517,0.19908547401428223,1651.3515625
20518,0.20801377296447754,1651.9609375
20519,0.17755913734436035,1652.3671875
20520,0.20102143287658691,1651.05078125
20521,0.12521791458129883,1651.796875
20522,0.16834712028503418,1654.46484375
20523,0.2614786624908447,1652.4609375
20524,0.26208949089050293,1652.83984375
20525,0.1708967685699463,1654.2109375
20526,0.24102330207824707,1652.71484375
20527,0.20317769050598145,1652.1015625
20528,0.2582967281341553,1652.98828125
20529,0.18880891799926758,1651.9921875
20530,0.2753469944000244,1653.87109375
20531,0.17641949653625488,1652.9453125
20532,0.24994182586669922,1656.5234375
20533,0.18833184242248535,1653.28125
20534,0.18698692321777344,1653.91015625
20535,0.23326897621154785,1653.8828125
20536,0.19661593437194824,1655.58984375
20537,0.20974040031433105,1655.58203125
20538,0.2185354232788086,1656.265625
20539,0.22063755989074707,1656.15625
20540,0.20949220657348633,1655.3125
20541,0.12792015075683594,1654.87109375
20542,0.2361774444580078,1655.140625
20543,0.16501760482788086,1655.66796875
20544,0.1572272777557373,1656.2421875
20545,0.20743513107299805,1655.0234375
20546,0.1880037784576416,1654.07421875
20547,0.1740717887878418,1653.89453125
20548,0.23618364334106445,1656.5390625
20549,0.22532963752746582,1656.5078125
20550,0.18650150299072266,1655.57421875
20551,0.22147059440612793,1655.984375
20552,0.20405840873718262,1655.94140625
20553,0.19281411170959473,1656.34375
20554,0.09927105903625488,1656.9375
20555,0.2135331630706787,1655.12890625
20556,0.1935734748840332,1657.15234375
20557,0.1827714443206787,1656.65234375
20558,0.19240999221801758,1655.4765625
20559,0.2623441219329834,1657.0546875
20560,0.2177140712738037,1656.58203125
20561,0.212050199508667,1658.9140625
20562,0.21562910079956055,1657.625
20563,0.23711299896240234,1658.64453125
20564,0.24756193161010742,1657.97265625
20565,0.1183006763458252,1658.14453125
20566,0.2464292049407959,1659.1328125
20567,0.17711377143859863,1658.41015625
20568,0.21153712272644043,1659.21875
20569,0.19198393821716309,1659.41015625
20570,0.22598648071289062,1657.8125
20571,0.21399450302124023,1656.421875
20572,0.19106197357177734,1658.40625
20573,0.20346617698669434,1658.8125
20574,0.21958518028259277,1660.2734375
20575,0.18869233131408691,1657.5703125
20576,0.20577216148376465,1658.21875
20577,0.28810977935791016,1658.140625
20578,0.24022579193115234,1659.09765625
20579,0.21132159233093262,1658.78125
20580,0.17613530158996582,1658.5546875
20581,0.18019509315490723,1659.51171875
20582,0.2606625556945801,1659.828125
20583,0.3273913860321045,1658.26171875
20584,0.13524317741394043,1658.91015625
20585,0.3083171844482422,1661.109375
20586,0.20401525497436523,1660.02734375
20587,0.2313532829284668,1659.8125
20588,0.277388334274292,1660.3515625
20589,0.22368288040161133,1659.7421875
20590,0.2390608787536621,1657.625
20591,0.19368553161621094,1659.62890625
20592,0.24941062927246094,1659.61328125
20593,0.21886205673217773,1659.87890625
20594,0.25029897689819336,1659.3359375
20595,0.22546815872192383,1660.83984375
20596,0.1480097770690918,1660.3125
20597,0.21819138526916504,1661.84765625
20598,0.20982670783996582,1659.7734375
20599,0.18297266960144043,1660.76953125
20600,0.259082555770874,1659.7109375
20601,0.19930291175842285,1660.07421875
20602,0.26436305046081543,1661.55078125
20603,0.2589123249053955,1663.4609375
20604,0.2490062713623047,1662.22265625
20605,0.24277210235595703,1662.26953125
20606,0.2541542053222656,1662.23046875
20607,0.18317151069641113,1660.76171875
20608,0.28932857513427734,1661.875
20609,0.25124692916870117,1662.2578125
20610,0.3033757209777832,1662.8984375
20611,0.2165849208831787,1663.421875
20612,0.2823801040649414,1663.015625
20613,0.1567685604095459,1661.6171875
20614,0.23236489295959473,1662.03125
20615,0.29040098190307617,1661.9453125
20616,0.20654726028442383,1661.96875
20617,0.22650647163391113,1664.0625
20618,0.21813631057739258,1663.5859375
20619,0.19487571716308594,1664.65625
20620,0.21519136428833008,1666.15234375
20621,0.2188558578491211,1662.26953125
20622,0.1946735382080078,1663.45703125
20623,0.21493172645568848,1662.76953125
20624,0.2288827896118164,1662.984375
20625,0.17842721939086914,1664.4609375
20626,0.22040653228759766,1663.18359375
20627,0.20393133163452148,1664.4296875
20628,0.15725469589233398,1664.40234375
20629,0.2178199291229248,1664.30859375
20630,0.19270658493041992,1664.29296875
20631,0.18047142028808594,1666.078125
20632,0.2236793041229248,1663.6875
20633,0.2336869239807129,1665.6484375
20634,0.20316219329833984,1663.56640625
20635,0.20775389671325684,1663.125
20636,0.1919996738433838,1663.79296875
20637,0.18871068954467773,1663.94921875
20638,0.21601247787475586,1664.8359375
20639,0.23810935020446777,1665.5625
20640,0.21553325653076172,1666.54296875
20641,0.19233417510986328,1666.6171875
20642,0.20793581008911133,1667.33984375
20643,0.20333099365234375,1664.1015625
20644,0.24566364288330078,1665.64453125
20645,0.18981289863586426,1667.12890625
20646,0.2294139862060547,1666.5390625
20647,0.17310309410095215,1665.8046875
20648,0.18124794960021973,1666.29296875
20649,0.23067235946655273,1666.7265625
20650,0.21750473976135254,1668.65234375
20651,0.2238016128540039,1668.6796875
20652,0.18278765678405762,1667.1015625
20653,0.19310331344604492,1666.03125
20654,0.2633399963378906,1668.25
20655,0.20616602897644043,1665.81640625
20656,0.18485021591186523,1667.18359375
20657,0.26439929008483887,1668.40625
20658,0.3387160301208496,1666.95703125
20659,0.15728139877319336,1667.50390625
20660,0.19999432563781738,1666.78125
20661,0.14170074462890625,1667.55859375
20662,0.2187366485595703,1668.97265625
20663,0.24445700645446777,1670.625
20664,0.19980168342590332,1668.609375
20665,0.23906660079956055,1668.01953125
20666,0.1891322135925293,1669.0703125
20667,0.20036697387695312,1668.97265625
20668,0.2369384765625,1669.0625
20669,0.22326278686523438,1670.48046875
20670,0.1873021125793457,1671.51953125
20671,0.24014592170715332,1669.44140625
20672,0.17634153366088867,1673.07421875
20673,0.2174210548400879,1671.390625
20674,0.2297530174255371,1670.828125
20675,0.20508027076721191,1673.34375
20676,0.22554469108581543,1672.15625
20677,0.27385497093200684,1671.5390625
20678,0.19219470024108887,1672.47265625
20679,0.2205665111541748,1672.9921875
20680,0.24086761474609375,1672.984375
20681,0.19806694984436035,1672.0546875
20682,0.1168060302734375,1673.0859375
20683,0.21070218086242676,1673.71875
20684,0.22319960594177246,1673.17578125
20685,0.205488920211792,1673.51953125
20686,0.19826436042785645,1674.0625
20687,0.23719215393066406,1673.734375
20688,0.1845874786376953,1673.72265625
20689,0.2226254940032959,1675.296875
20690,0.17348670959472656,1673.1484375
20691,0.1957719326019287,1673.0234375
20692,0.14007973670959473,1673.6484375
20693,0.21457505226135254,1674.09765625
20694,0.22936344146728516,1673.7578125
20695,0.17438793182373047,1674.5078125
20696,0.2590639591217041,1674.63671875
20697,0.2159125804901123,1674.265625
20698,0.10067152976989746,1674.1953125
20699,0.18180179595947266,1674.5234375
20700,0.2403719425201416,1675.52734375
20701,0.2036728858947754,1675.125
20702,0.24500226974487305,1674.53515625
20703,0.21889209747314453,1673.765625
20704,0.2268228530883789,1675.25390625
20705,0.19175171852111816,1675.671875
20706,0.14531373977661133,1674.4375
20707,0.1447768211364746,1675.40625
20708,0.2169938087463379,1675.890625
20709,0.20428705215454102,1673.9765625
20710,0.29421329498291016,1675.234375
20711,0.2264864444732666,1675.6796875
20712,0.2562870979309082,1675.328125
20713,0.16750431060791016,1674.890625
20714,0.260455846786499,1676.05859375
20715,0.21113300323486328,1676.2265625
20716,0.20385384559631348,1675.75390625
20717,0.19513416290283203,1677.66796875
20718,0.22412419319152832,1675.11328125
20719,0.2169649600982666,1676.84375
20720,0.24565839767456055,1675.8203125
20721,0.2526993751525879,1678.49609375
20722,0.1917409896850586,1675.265625
20723,0.13936257362365723,1677.21875
20724,0.2143862247467041,1680.45703125
20725,0.18275761604309082,1676.2734375
20726,0.25217700004577637,1677.5546875
20727,0.2607994079589844,1676.6328125
20728,0.22474431991577148,1676.9609375
20729,0.2805211544036865,1678.16015625
20730,0.22114324569702148,1679.62109375
20731,0.22691583633422852,1680.4140625
20732,0.21038436889648438,1676.98828125
20733,0.2328777313232422,1677.9765625
20734,0.20992779731750488,1679.015625
20735,0.2618532180786133,1678.27734375
20736,0.208510160446167,1680.10546875
20737,0.2973198890686035,1678.26171875
20738,0.22315001487731934,1678.7265625
20739,0.2567410469055176,1678.296875
20740,0.1820225715637207,1679.87109375
20741,0.19205570220947266,1679.83203125
20742,0.22618532180786133,1678.7421875
20743,0.22641301155090332,1680.859375
20744,0.19542312622070312,1677.13671875
20745,0.21387934684753418,1676.83984375
20746,0.19902420043945312,1680.11328125
20747,0.21364402770996094,1677.4375
20748,0.15848588943481445,1678.41796875
20749,0.1777019500732422,1677.328125
20750,0.22985482215881348,1679.046875
20751,0.1438617706298828,1678.6171875
20752,0.19788479804992676,1679.05859375
20753,0.1494293212890625,1679.21875
20754,0.15874242782592773,1678.48046875
20755,0.17264366149902344,1679.07421875
20756,0.17467904090881348,1678.0859375
20757,0.2562706470489502,1677.64453125
20758,0.16763997077941895,1678.55078125
20759,0.1893770694732666,1679.58984375
20760,0.15473580360412598,1679.2890625
20761,0.2044966220855713,1680.08203125
20762,0.23348259925842285,1679.421875
20763,0.20796966552734375,1679.5625
20764,0.25612306594848633,1679.7734375
20765,0.29091405868530273,1679.58203125
20766,0.2577526569366455,1683.01953125
20767,0.2175607681274414,1682.7578125
20768,0.25243139266967773,1680.00390625
20769,0.21697664260864258,1680.9765625
20770,0.19480538368225098,1680.3203125
20771,0.22960710525512695,1681.78125
20772,0.2048938274383545,1680.91015625
20773,0.20166516304016113,1682.4140625
20774,0.24500274658203125,1683.19921875
20775,0.20331287384033203,1680.73046875
20776,0.2235863208770752,1681.13671875
20777,0.18853425979614258,1683.1953125
20778,0.2272040843963623,1681.46875
20779,0.2378683090209961,1681.40234375
20780,0.18527460098266602,1683.44921875
20781,0.20839500427246094,1683.78515625
20782,0.18305730819702148,1682.4609375
20783,0.2319045066833496,1683.07421875
20784,0.2249617576599121,1681.609375
20785,0.19638299942016602,1681.55859375
20786,0.13036441802978516,1683.15625
20787,0.21043920516967773,1684.05078125
20788,0.2068936824798584,1683.3828125
20789,0.20233416557312012,1684.1796875
20790,0.2037980556488037,1684.0234375
20791,0.27507519721984863,1683.48046875
20792,0.20306110382080078,1683.5234375
20793,0.251126766204834,1684.375
20794,0.23373818397521973,1682.6328125
20795,0.19529151916503906,1685.3359375
20796,0.23476862907409668,1684.64453125
20797,0.2623927593231201,1683.9609375
20798,0.2775850296020508,1683.15234375
20799,0.25972747802734375,1684.54296875
20800,0.2094130516052246,1683.75
20801,0.2584068775177002,1683.46484375
20802,0.18164420127868652,1681.32421875
20803,0.26290369033813477,1683.6484375
20804,0.21852350234985352,1683.828125
20805,0.25606393814086914,1685.12890625
20806,0.2283008098602295,1684.1640625
20807,0.28995800018310547,1683.80859375
20808,0.12936115264892578,1685.7578125
20809,0.21692323684692383,1685.04296875
20810,0.18108153343200684,1683.0546875
20811,0.18630099296569824,1684.7890625
20812,0.287456750869751,1685.109375
20813,0.26871824264526367,1685.40625
20814,0.17753005027770996,1682.328125
20815,0.23191332817077637,1684.96875
20816,0.24273920059204102,1685.8515625
20817,0.22422456741333008,1684.18359375
20818,0.24109578132629395,1684.0390625
20819,0.23233556747436523,1687.171875
20820,0.26862406730651855,1686.47265625
20821,0.23705363273620605,1687.9921875
20822,0.24034523963928223,1685.9453125
20823,0.27745485305786133,1686.109375
20824,0.22063469886779785,1688.109375
20825,0.2116537094116211,1686.359375
20826,0.24230265617370605,1686.4296875
20827,0.27063488960266113,1689.546875
20828,0.28595924377441406,1686.15625
20829,0.24637293815612793,1686.48828125
20830,0.26064133644104004,1688.828125
20831,0.24584627151489258,1687.59765625
20832,0.18745803833007812,1686.99609375
20833,0.22641444206237793,1685.84375
20834,0.18442058563232422,1687.265625
20835,0.215179443359375,1688.24609375
20836,0.20585393905639648,1687.9140625
20837,0.11671829223632812,1688.265625
20838,0.24869847297668457,1688.1875
20839,0.18537473678588867,1686.3515625
20840,0.22748923301696777,1688.69921875
20841,0.19968199729919434,1690.20703125
20842,0.2405247688293457,1687.52734375
20843,0.16389703750610352,1688.57421875
20844,0.2494640350341797,1691.3359375
20845,0.20005345344543457,1687.61328125
20846,0.19130921363830566,1689.4375
20847,0.25301146507263184,1689.84375
20848,0.21114659309387207,1691.671875
20849,0.20561695098876953,1688.4453125
20850,0.21399378776550293,1689.3984375
20851,0.22635293006896973,1691.03515625
20852,0.1869344711303711,1690.1640625
20853,0.2157423496246338,1691.078125
20854,0.14422321319580078,1689.9453125
20855,0.20276331901550293,1689.65234375
20856,0.19160795211791992,1689.71484375
20857,0.2592735290527344,1690.0078125
20858,0.13460397720336914,1690.33203125
20859,0.25913310050964355,1691.68359375
20860,0.24350690841674805,1692.12109375
20861,0.1984729766845703,1691.37890625
20862,0.26993417739868164,1691.84765625
20863,0.23564982414245605,1692.08984375
20864,0.22872138023376465,1691.98046875
20865,0.2044816017150879,1691.703125
20866,0.21117091178894043,1691.25
20867,0.19575047492980957,1692.5859375
20868,0.19537663459777832,1693.03515625
20869,0.2482602596282959,1693.2421875
20870,0.22179269790649414,1693.80859375
20871,0.17598915100097656,1691.5390625
20872,0.20577335357666016,1692.796875
20873,0.19510769844055176,1692.94140625
20874,0.2495887279510498,1693.16796875
20875,0.19379210472106934,1692.921875
20876,0.2532157897949219,1692.6953125
20877,0.19030547142028809,1691.91015625
20878,0.2237093448638916,1692.72265625
20879,0.23113608360290527,1690.95703125
20880,0.23836827278137207,1693.734375
20881,0.2501797676086426,1693.3828125
20882,0.21140336990356445,1693.84375
20883,0.22416424751281738,1694.890625
20884,0.2701702117919922,1693.3359375
20885,0.1889820098876953,1693.4296875
20886,0.243513822555542,1695.58984375
20887,0.21458220481872559,1693.9296875
20888,0.2372598648071289,1694.4453125
20889,0.21162986755371094,1694.4453125
20890,0.23155450820922852,1694.0390625
20891,0.21325373649597168,1696.41796875
20892,0.24049663543701172,1697.30859375
20893,0.21898889541625977,1694.0
20894,0.13509345054626465,1694.22265625
20895,0.23856496810913086,1695.9765625
20896,0.1863996982574463,1696.26171875
20897,0.21065807342529297,1695.64453125
20898,0.2152385711669922,1697.51953125
20899,0.20708107948303223,1694.4765625
20900,0.2664153575897217,1695.53125
20901,0.2282407283782959,1696.50390625
20902,0.25508713722229004,1695.95703125
20903,0.17361140251159668,1695.69140625
20904,0.24959731101989746,1695.29296875
20905,0.3408470153808594,1697.15234375
20906,0.24140191078186035,1695.11328125
20907,0.22067642211914062,1697.30078125
20908,0.23480606079101562,1695.76953125
20909,0.10341930389404297,1695.41796875
20910,0.18588471412658691,1695.80859375
20911,0.22676944732666016,1695.59765625
20912,0.192277193069458,1696.2734375
20913,0.23537278175354004,1697.5234375
20914,0.1603240966796875,1696.7421875
20915,0.2557976245880127,1695.75
20916,0.23614954948425293,1696.8515625
20917,0.24454975128173828,1694.83984375
20918,0.18088221549987793,1695.11328125
20919,0.3067588806152344,1696.04296875
20920,0.25179457664489746,1696.02734375
20921,0.20247197151184082,1696.3359375
20922,0.22507977485656738,1696.05078125
20923,0.2023022174835205,1695.82421875
20924,0.12545561790466309,1697.08984375
20925,0.1921234130859375,1695.9921875
20926,0.24376988410949707,1699.41015625
20927,0.21196413040161133,1697.75390625
20928,0.25984930992126465,1696.984375
20929,0.26441526412963867,1697.9765625
20930,0.26173973083496094,1697.828125
20931,0.2564198970794678,1698.04296875
20932,0.10104036331176758,1698.2421875
20933,0.25183773040771484,1699.9296875
20934,0.21001219749450684,1698.125
20935,0.16454625129699707,1698.87890625
20936,0.19611763954162598,1698.6328125
20937,0.14290428161621094,1699.54296875
20938,0.1838676929473877,1698.3046875
20939,0.18578243255615234,1698.88671875
20940,0.12648606300354004,1698.80859375
20941,0.22448396682739258,1699.25
20942,0.22767424583435059,1699.9453125
20943,0.23179411888122559,1698.2734375
20944,0.20613956451416016,1699.89453125
20945,0.14966917037963867,1699.65625
20946,0.21663331985473633,1699.4765625
20947,0.17195510864257812,1698.6640625
20948,0.22073769569396973,1699.7734375
20949,0.14493799209594727,1700.3046875
20950,0.18760180473327637,1700.41015625
20951,0.2524566650390625,1700.2578125
20952,0.18834257125854492,1700.62890625
20953,0.18027114868164062,1701.5078125
20954,0.25698018074035645,1699.578125
20955,0.24797677993774414,1700.00390625
20956,0.17791986465454102,1700.8671875
20957,0.18231415748596191,1700.03125
20958,0.21153903007507324,1701.46484375
20959,0.16294407844543457,1700.6875
20960,0.24013757705688477,1701.24609375
20961,0.20692706108093262,1703.6875
20962,0.23455071449279785,1702.52734375
20963,0.23414015769958496,1700.51171875
20964,0.25803041458129883,1704.67578125
20965,0.14549970626831055,1701.296875
20966,0.18574929237365723,1701.203125
20967,0.19680070877075195,1703.4453125
20968,0.19220662117004395,1702.52734375
20969,0.10719776153564453,1702.640625
20970,0.25832033157348633,1702.91796875
20971,0.18911170959472656,1702.98046875
20972,0.2356572151184082,1702.78125
20973,0.2259693145751953,1703.24609375
20974,0.1979665756225586,1702.109375
20975,0.20720672607421875,1704.8828125
20976,0.25590944290161133,1702.6640625
20977,0.19074392318725586,1702.06640625
20978,0.17265558242797852,1700.76171875
20979,0.20307087898254395,1703.390625
20980,0.11899304389953613,1702.484375
20981,0.19010639190673828,1701.1484375
20982,0.19268155097961426,1702.6640625
20983,0.21750879287719727,1702.7578125
20984,0.11291694641113281,1704.27734375
20985,0.17734193801879883,1705.609375
20986,0.21816110610961914,1702.8359375
20987,0.20049571990966797,1703.265625
20988,0.21455860137939453,1703.33984375
20989,0.21327590942382812,1704.765625
20990,0.19932961463928223,1703.12890625
20991,0.2680361270904541,1705.171875
20992,0.18386125564575195,1705.6640625
20993,0.19794225692749023,1703.19921875
20994,0.21223092079162598,1703.92578125
20995,0.19681715965270996,1703.4765625
20996,0.18866181373596191,1706.625
20997,0.21158885955810547,1705.30078125
20998,0.19626784324645996,1703.12890625
20999,0.2629354000091553,1704.078125
21000,0.19772672653198242,1703.05859375
21001,0.16744208335876465,1705.25
21002,0.2796473503112793,1706.4453125
21003,0.23765945434570312,1705.92578125
21004,0.24896502494812012,1702.90234375
21005,0.2467341423034668,1705.34765625
21006,0.2770211696624756,1703.9140625
21007,0.19443655014038086,1706.71875
21008,0.22729873657226562,1705.49609375
21009,0.2204728126525879,1706.53515625
21010,0.2744102478027344,1705.4296875
21011,0.14658546447753906,1706.7421875
21012,0.2768220901489258,1705.953125
21013,0.2258138656616211,1706.47265625
21014,0.2323615550994873,1705.43359375
21015,0.21955323219299316,1705.50390625
21016,0.20058417320251465,1706.08984375
21017,0.2064800262451172,1706.58984375
21018,0.21315860748291016,1707.4765625
21019,0.277740478515625,1706.65234375
21020,0.20547032356262207,1706.8046875
21021,0.19637155532836914,1704.14453125
21022,0.21235322952270508,1706.234375
21023,0.2561686038970947,1707.19921875
21024,0.19056248664855957,1706.1171875
21025,0.246809720993042,1706.82421875
21026,0.210249662399292,1709.80859375
21027,0.3199436664581299,1707.7890625
21028,0.24734759330749512,1707.55859375
21029,0.2144012451171875,1709.33203125
21030,0.2154407501220703,1706.8671875
21031,0.24159932136535645,1709.56640625
21032,0.22306513786315918,1710.12890625
21033,0.2668733596801758,1709.96484375
21034,0.21540188789367676,1708.03515625
21035,0.2274031639099121,1709.125
21036,0.20505952835083008,1708.7265625
21037,0.1941821575164795,1709.3125
21038,0.2672398090362549,1708.7578125
21039,0.25907182693481445,1709.1953125
21040,0.19345927238464355,1711.15234375
21041,0.2268538475036621,1710.85546875
21042,0.18475127220153809,1709.98046875
21043,0.1966860294342041,1707.9765625
21044,0.2416858673095703,1711.46484375
21045,0.14588522911071777,1709.72265625
21046,0.20690226554870605,1711.18359375
21047,0.1812763214111328,1711.13671875
21048,0.2093183994293213,1711.13671875
21049,0.2219223976135254,1710.81640625
21050,0.18180561065673828,1711.76171875
21051,0.19990944862365723,1712.25
21052,0.2264244556427002,1711.7109375
21053,0.16066932678222656,1711.66796875
21054,0.23327279090881348,1712.609375
21055,0.19777131080627441,1713.66015625
21056,0.22533249855041504,1711.796875
21057,0.19717931747436523,1713.7578125
21058,0.22374749183654785,1712.55078125
21059,0.22891545295715332,1713.87109375
21060,0.23028063774108887,1713.6875
21061,0.2567145824432373,1715.140625
21062,0.21273589134216309,1715.27734375
21063,0.21453857421875,1714.359375
21064,0.2285175323486328,1716.953125
21065,0.2872023582458496,1714.08203125
21066,0.23697185516357422,1714.34765625
21067,0.18386483192443848,1715.00390625
21068,0.23174595832824707,1716.42578125
21069,0.18857169151306152,1714.6796875
21070,0.25971102714538574,1715.72265625
21071,0.21127772331237793,1715.66796875
21072,0.19402384757995605,1715.6484375
21073,0.22423005104064941,1714.26953125
21074,0.2468125820159912,1715.15234375
21075,0.32356739044189453,1717.3515625
21076,0.2254953384399414,1716.62890625
21077,0.20061659812927246,1716.2578125
21078,0.2508409023284912,1718.48046875
21079,0.23995685577392578,1716.703125
21080,0.19264602661132812,1716.90234375
21081,0.2542002201080322,1715.34765625
21082,0.1952056884765625,1715.84375
21083,0.27266383171081543,1718.9609375
21084,0.209763765335083,1717.8671875
21085,0.23034334182739258,1719.57421875
21086,0.23705220222473145,1718.7890625
21087,0.2055509090423584,1718.28515625
21088,0.20987606048583984,1719.31640625
21089,0.23478960990905762,1718.2578125
21090,0.17221474647521973,1718.48046875
21091,0.21297597885131836,1718.640625
21092,0.2602121829986572,1718.64453125
21093,0.2808539867401123,1719.48828125
21094,0.19857430458068848,1720.03515625
21095,0.1919548511505127,1719.296875
21096,0.24484014511108398,1720.4296875
21097,0.14481353759765625,1719.25
21098,0.14272594451904297,1718.79296875
21099,0.21485114097595215,1719.25390625
21100,0.2370445728302002,1719.109375
21101,0.2513916492462158,1719.30859375
21102,0.26070284843444824,1719.34765625
21103,0.20801258087158203,1720.34765625
21104,0.14790105819702148,1720.9921875
21105,0.19066190719604492,1721.48046875
21106,0.20014667510986328,1720.50390625
21107,0.22910666465759277,1722.71484375
21108,0.22524094581604004,1720.4140625
21109,0.2304401397705078,1721.33203125
21110,0.2307727336883545,1721.54296875
21111,0.22435951232910156,1719.90625
21112,0.25138282775878906,1719.34375
21113,0.2266075611114502,1720.16796875
21114,0.14731597900390625,1721.94921875
21115,0.295748233795166,1720.90234375
21116,0.2289571762084961,1720.84765625
21117,0.21687817573547363,1720.69921875
21118,0.23490047454833984,1721.078125
21119,0.2239522933959961,1720.59765625
21120,0.23870062828063965,1721.9453125
21121,0.1995406150817871,1721.890625
21122,0.21210479736328125,1721.27734375
21123,0.300201416015625,1721.21484375
21124,0.2935795783996582,1722.02734375
21125,0.2510397434234619,1720.28125
21126,0.20268774032592773,1721.70703125
21127,0.2581465244293213,1723.109375
21128,0.20829200744628906,1722.046875
21129,0.21236586570739746,1721.89453125
21130,0.2237396240234375,1722.46484375
21131,0.20469284057617188,1722.125
21132,0.21185684204101562,1721.61328125
21133,0.24880766868591309,1722.82421875
21134,0.25639915466308594,1724.08203125
21135,0.2027745246887207,1724.109375
21136,0.20898032188415527,1725.9921875
21137,0.2448275089263916,1725.4921875
21138,0.25265932083129883,1725.40625
21139,0.25093770027160645,1726.484375
21140,0.23908495903015137,1726.5703125
21141,0.23908305168151855,1725.4921875
21142,0.2781844139099121,1724.9765625
21143,0.22930598258972168,1725.25
21144,0.20258235931396484,1726.234375
21145,0.21138548851013184,1725.3515625
21146,0.22296857833862305,1726.5078125
21147,0.18413877487182617,1724.9609375
21148,0.2343769073486328,1725.78515625
21149,0.1949930191040039,1725.67578125
21150,0.2544057369232178,1723.7890625
21151,0.2689402103424072,1726.67578125
21152,0.24755239486694336,1727.15234375
21153,0.23871970176696777,1727.22265625
21154,0.23651480674743652,1726.65234375
21155,0.25484204292297363,1726.81640625
21156,0.24899673461914062,1727.05078125
21157,0.28484201431274414,1727.96875
21158,0.26031017303466797,1730.0390625
21159,0.22528719902038574,1729.96484375
21160,0.16570520401000977,1729.03125
21161,0.23218488693237305,1729.62109375
21162,0.2434368133544922,1729.640625
21163,0.20833969116210938,1730.43359375
21164,0.25121235847473145,1729.5078125
21165,0.222947359085083,1728.76171875
21166,0.2327277660369873,1728.9921875
21167,0.2889077663421631,1728.23046875
21168,0.19949555397033691,1728.87109375
21169,0.2890160083770752,1729.99609375
21170,0.25574183464050293,1729.14453125
21171,0.23642301559448242,1730.6328125
21172,0.26401591300964355,1728.44921875
21173,0.28574061393737793,1729.28125
21174,0.14162898063659668,1728.10546875
21175,0.2520565986633301,1730.09375
21176,0.2523066997528076,1728.73046875
21177,0.22024059295654297,1728.953125
21178,0.228348970413208,1727.51953125
21179,0.2562994956970215,1729.39453125
21180,0.21569013595581055,1730.5
21181,0.1936335563659668,1731.12890625
21182,0.2107241153717041,1729.69921875
21183,0.24817132949829102,1733.09765625
21184,0.21219873428344727,1729.75
21185,0.22466683387756348,1731.16796875
21186,0.22692227363586426,1731.40625
21187,0.2643613815307617,1731.21875
21188,0.20000028610229492,1730.21875
21189,0.23672175407409668,1731.0625
21190,0.2286674976348877,1731.3671875
21191,0.26206302642822266,1729.375
21192,0.2375624179840088,1730.703125
21193,0.2473289966583252,1729.44140625
21194,0.23178982734680176,1730.88671875
21195,0.22263550758361816,1730.96484375
21196,0.1953868865966797,1731.35546875
21197,0.17855358123779297,1730.4375
21198,0.2612283229827881,1729.80078125
21199,0.20881199836730957,1729.79296875
21200,0.1985015869140625,1728.94921875
21201,0.21234369277954102,1729.71875
21202,0.18955326080322266,1730.3984375
21203,0.26209378242492676,1732.06640625
21204,0.2962653636932373,1731.80859375
21205,0.2713034152984619,1732.56640625
21206,0.20882081985473633,1736.64453125
21207,0.06345868110656738,1732.71484375
21208,0.25411391258239746,1731.96875
21209,0.2260746955871582,1732.63671875
21210,0.29019808769226074,1732.02734375
21211,0.2685558795928955,1735.10546875
21212,0.31920862197875977,1733.32421875
21213,0.2700612545013428,1735.26171875
21214,0.2625887393951416,1733.765625
21215,0.20848608016967773,1733.3828125
21216,0.26471829414367676,1733.45703125
21217,0.24886369705200195,1733.70703125
21218,0.25811100006103516,1735.60546875
21219,0.2400357723236084,1733.04296875
21220,0.28236865997314453,1733.62109375
21221,0.2252810001373291,1733.859375
21222,0.2219867706298828,1734.6015625
21223,0.19642233848571777,1735.00390625
21224,0.23108243942260742,1735.50390625
21225,0.27013301849365234,1735.60546875
21226,0.26267528533935547,1734.87109375
21227,0.14383959770202637,1734.65234375
21228,0.2823793888092041,1734.69921875
21229,0.2461860179901123,1737.25390625
21230,0.2392292022705078,1734.6015625
21231,0.24329495429992676,1734.28515625
21232,0.27008843421936035,1737.43359375
21233,0.25749897956848145,1735.734375
21234,0.23338007926940918,1736.46484375
21235,0.2016465663909912,1735.44921875
21236,0.24529480934143066,1736.8125
21237,0.28394269943237305,1736.37890625
21238,0.24908900260925293,1740.16796875
21239,0.2677268981933594,1736.66796875
21240,0.22699427604675293,1736.65234375
21241,0.26110029220581055,1737.15625
21242,0.22670459747314453,1737.5390625
21243,0.21694302558898926,1737.1171875
21244,0.24331068992614746,1738.40625
21245,0.23607540130615234,1737.7265625
21246,0.24715065956115723,1737.421875
21247,0.23929238319396973,1737.171875
21248,0.2229752540588379,1737.72265625
21249,0.2306673526763916,1739.06640625
21250,0.22341227531433105,1739.32421875
21251,0.2068347930908203,1737.49609375
21252,0.22854280471801758,1738.91015625
21253,0.2463080883026123,1738.1328125
21254,0.243255615234375,1736.67578125
21255,0.19209599494934082,1736.08984375
21256,0.2553372383117676,1737.34765625
21257,0.2762479782104492,1738.78515625
21258,0.22479629516601562,1736.70703125
21259,0.255903959274292,1738.03515625
21260,0.2539210319519043,1737.44140625
21261,0.20641016960144043,1736.8125
21262,0.24300813674926758,1739.0859375
21263,0.1979680061340332,1737.6953125
21264,0.2238013744354248,1738.5234375
21265,0.2279205322265625,1738.26171875
21266,0.21558046340942383,1739.37109375
21267,0.2134552001953125,1738.87890625
21268,0.22301506996154785,1740.42578125
21269,0.28995347023010254,1738.1328125
21270,0.15193390846252441,1738.2578125
21271,0.13325929641723633,1738.7890625
21272,0.25300121307373047,1737.8984375
21273,0.20980429649353027,1738.98828125
21274,0.22568416595458984,1737.04296875
21275,0.3262619972229004,1738.8515625
21276,0.2788991928100586,1739.6171875
21277,0.22963428497314453,1739.390625
21278,0.2582230567932129,1737.29296875
21279,0.21571016311645508,1740.33203125
21280,0.19494342803955078,1741.44921875
21281,0.2265644073486328,1739.8984375
21282,0.20418882369995117,1740.1015625
21283,0.20347309112548828,1740.35546875
21284,0.20595455169677734,1740.109375
21285,0.17320680618286133,1739.9453125
21286,0.19650554656982422,1739.92578125
21287,0.23138880729675293,1741.31640625
21288,0.26867175102233887,1740.86328125
21289,0.21440553665161133,1742.09375
21290,0.157609224319458,1740.6171875
21291,0.23739409446716309,1742.1875
21292,0.23752307891845703,1742.5703125
21293,0.16084957122802734,1741.51171875
21294,0.19782686233520508,1740.38671875
21295,0.12897777557373047,1741.68359375
21296,0.21931052207946777,1743.1640625
21297,0.13122200965881348,1740.3125
21298,0.2443861961364746,1741.94140625
21299,0.18390512466430664,1742.7734375
21300,0.2223498821258545,1743.23046875
21301,0.20441055297851562,1740.65625
21302,0.199812650680542,1740.5703125
21303,0.20742177963256836,1739.78125
21304,0.23883342742919922,1740.5703125
21305,0.23217201232910156,1742.3046875
21306,0.20452022552490234,1739.08984375
21307,0.19638800621032715,1741.21875
21308,0.19911813735961914,1740.08984375
21309,0.22317862510681152,1744.07421875
21310,0.22074651718139648,1741.57421875
21311,0.20908236503601074,1743.67578125
21312,0.22662115097045898,1743.6640625
21313,0.25681638717651367,1743.30078125
21314,0.22591304779052734,1744.703125
21315,0.19948625564575195,1743.12109375
21316,0.21070647239685059,1742.70703125
21317,0.1830425262451172,1742.29296875
21318,0.19867587089538574,1745.546875
21319,0.21252727508544922,1744.39453125
21320,0.2154695987701416,1743.0859375
21321,0.18822550773620605,1744.39453125
21322,0.22931551933288574,1745.8828125
21323,0.24335908889770508,1744.203125
21324,0.16249608993530273,1744.11328125
21325,0.2924628257751465,1744.9921875
21326,0.2177131175994873,1746.25390625
21327,0.21474671363830566,1744.7265625
21328,0.20296597480773926,1746.01953125
21329,0.22135114669799805,1744.640625
21330,0.23153471946716309,1745.453125
21331,0.21848583221435547,1745.20703125
21332,0.2042245864868164,1744.12109375
21333,0.1945664882659912,1746.4921875
21334,0.2506136894226074,1748.89453125
21335,0.20928692817687988,1744.0703125
21336,0.24292802810668945,1746.26171875
21337,0.18570566177368164,1746.02734375
21338,0.19699788093566895,1746.65234375
21339,0.2359626293182373,1745.7109375
21340,0.15918779373168945,1747.515625
21341,0.22440862655639648,1746.2734375
21342,0.1957700252532959,1746.7265625
21343,0.2318553924560547,1747.23046875
21344,0.22651457786560059,1746.08203125
21345,0.22591423988342285,1749.4453125
21346,0.19477391242980957,1747.09375
21347,0.16721558570861816,1746.5546875
21348,0.20217394828796387,1747.17578125
21349,0.22958064079284668,1746.1015625
21350,0.24374747276306152,1747.1640625
21351,0.21180510520935059,1747.5234375
21352,0.24601173400878906,1746.57421875
21353,0.18099284172058105,1746.89453125
21354,0.22984838485717773,1745.25
21355,0.17970728874206543,1746.28125
21356,0.2131514549255371,1746.46484375
21357,0.268207311630249,1746.37890625
21358,0.15845584869384766,1747.02734375
21359,0.20273923873901367,1748.125
21360,0.2226564884185791,1747.8828125
21361,0.2415599822998047,1747.6328125
21362,0.20793747901916504,1746.5234375
21363,0.19612598419189453,1747.14453125
21364,0.19528889656066895,1745.4296875
21365,0.25743722915649414,1749.0390625
21366,0.16924071311950684,1748.25
21367,0.17910456657409668,1748.16796875
21368,0.20696783065795898,1747.87109375
21369,0.2079932689666748,1748.73046875
21370,0.2049403190612793,1747.87109375
21371,0.22589325904846191,1747.7109375
21372,0.23202967643737793,1749.140625
21373,0.1794428825378418,1749.28515625
21374,0.22244644165039062,1751.7890625
21375,0.22354388236999512,1751.83203125
21376,0.23101425170898438,1748.28515625
21377,0.1996912956237793,1750.7734375
21378,0.23158669471740723,1750.6875
21379,0.19040679931640625,1749.375
21380,0.2599959373474121,1749.02734375
21381,0.1855909824371338,1748.6015625
21382,0.17663812637329102,1748.86328125
21383,0.17147278785705566,1750.75390625
21384,0.2970590591430664,1750.54296875
21385,0.233809232711792,1747.640625
21386,0.26480674743652344,1751.3984375
21387,0.20832467079162598,1750.984375
21388,0.19346141815185547,1751.265625
21389,0.22973251342773438,1750.640625
21390,0.22642278671264648,1752.59765625
21391,0.2069988250732422,1750.54296875
21392,0.26627612113952637,1751.8515625
21393,0.2467639446258545,1750.6796875
21394,0.21675777435302734,1752.2578125
21395,0.23529553413391113,1751.01953125
21396,0.18864989280700684,1751.140625
21397,0.2096700668334961,1751.2265625
21398,0.2519340515136719,1754.04296875
21399,0.208235502243042,1751.24609375
21400,0.1976947784423828,1751.7734375
21401,0.1728966236114502,1751.5234375
21402,0.2025442123413086,1752.5078125
21403,0.2099018096923828,1753.125
21404,0.22124695777893066,1751.6171875
21405,0.1855175495147705,1751.640625
21406,0.17215323448181152,1751.15234375
21407,0.18634700775146484,1750.890625
21408,0.267667293548584,1753.0390625
21409,0.25156712532043457,1752.48046875
21410,0.196549654006958,1754.05078125
21411,0.16309428215026855,1757.421875
21412,0.23891186714172363,1753.60546875
21413,0.25235676765441895,1751.46875
21414,0.24319243431091309,1753.3828125
21415,0.23274874687194824,1754.25390625
21416,0.21918034553527832,1753.3515625
21417,0.25691843032836914,1753.484375
21418,0.2335648536682129,1754.44921875
21419,0.19380640983581543,1757.484375
21420,0.18445181846618652,1756.33203125
21421,0.21613550186157227,1755.03125
21422,0.23943305015563965,1758.9296875
21423,0.23631668090820312,1756.46484375
21424,0.24363279342651367,1759.375
21425,0.2418503761291504,1757.80859375
21426,0.2667357921600342,1758.4609375
21427,0.2547154426574707,1758.03125
21428,0.24643826484680176,1756.57421875
21429,0.1718001365661621,1757.6015625
21430,0.25057482719421387,1758.078125
21431,0.21375107765197754,1757.54296875
21432,0.25513434410095215,1758.9375
21433,0.2308824062347412,1758.56640625
21434,0.2523233890533447,1756.88671875
21435,0.1716165542602539,1756.96484375
21436,0.31996726989746094,1758.93359375
21437,0.2701554298400879,1758.54296875
21438,0.23227381706237793,1759.578125
21439,0.2378826141357422,1757.96484375
21440,0.18931102752685547,1758.47265625
21441,0.25411534309387207,1757.58203125
21442,0.19552111625671387,1759.68359375
21443,0.26282286643981934,1758.51953125
21444,0.2537534236907959,1757.25390625
21445,0.3457343578338623,1759.2890625
21446,0.24261069297790527,1757.3984375
21447,0.17755532264709473,1758.390625
21448,0.22374558448791504,1759.05078125
21449,0.20482516288757324,1758.42578125
21450,0.24689745903015137,1758.55859375
21451,0.199052095413208,1757.5390625
21452,0.20021414756774902,1757.74609375
21453,0.0981893539428711,1759.85546875
21454,0.20797157287597656,1758.6484375
21455,0.22394919395446777,1760.453125
21456,0.18158602714538574,1758.27734375
21457,0.21063518524169922,1758.8671875
21458,0.2341768741607666,1759.0546875
21459,0.17717194557189941,1758.41015625
21460,0.2157895565032959,1759.515625
21461,0.19701933860778809,1758.76171875
21462,0.20601797103881836,1758.48828125
21463,0.170745849609375,1757.91796875
21464,0.18065857887268066,1759.1015625
21465,0.249220609664917,1758.6171875
21466,0.20055007934570312,1758.79296875
21467,0.25398802757263184,1759.11328125
21468,0.19217824935913086,1757.34375
21469,0.2242741584777832,1759.8828125
21470,0.24648809432983398,1760.02734375
21471,0.20730328559875488,1760.56640625
21472,0.19543719291687012,1759.09765625
21473,0.2126603126525879,1759.01953125
21474,0.20256495475769043,1759.23828125
21475,0.18243789672851562,1759.1484375
21476,0.18038392066955566,1757.89453125
21477,0.21570825576782227,1758.734375
21478,0.19504141807556152,1757.453125
21479,0.17298054695129395,1758.38671875
21480,0.22291779518127441,1760.58203125
21481,0.20615124702453613,1761.05859375
21482,0.18108248710632324,1759.01171875
21483,0.19171476364135742,1763.171875
21484,0.22832012176513672,1759.30859375
21485,0.1873188018798828,1759.984375
21486,0.1408686637878418,1758.45703125
21487,0.17594122886657715,1759.86328125
21488,0.25905442237854004,1759.9140625
21489,0.18212199211120605,1760.7265625
21490,0.19422459602355957,1759.36328125
21491,0.2119917869567871,1758.83203125
21492,0.20561981201171875,1759.5234375
21493,0.21742796897888184,1762.03125
21494,0.16506218910217285,1757.703125
21495,0.15978550910949707,1761.74609375
21496,0.21138310432434082,1759.265625
21497,0.2048349380493164,1760.63671875
21498,0.20791411399841309,1759.44921875
21499,0.2292923927307129,1762.63671875
21500,0.17685818672180176,1760.05859375
21501,0.18326902389526367,1762.15234375
21502,0.19155192375183105,1761.08984375
21503,0.23436498641967773,1760.0703125
21504,0.17320013046264648,1760.09765625
21505,0.22916340827941895,1760.59765625
21506,0.17039918899536133,1759.765625
21507,0.1870572566986084,1763.03515625
21508,0.199737548828125,1761.046875
21509,0.20034527778625488,1761.703125
21510,0.23648715019226074,1761.8828125
21511,0.1873159408569336,1762.265625
21512,0.192305326461792,1763.80078125
21513,0.21773934364318848,1762.15625
21514,0.2313687801361084,1763.7109375
21515,0.20800328254699707,1761.37109375
21516,0.17991065979003906,1763.34765625
21517,0.21112513542175293,1763.48828125
21518,0.2810370922088623,1763.69921875
21519,0.2086944580078125,1763.78125
21520,0.19701528549194336,1764.6796875
21521,0.20688199996948242,1764.29296875
21522,0.15731048583984375,1765.80078125
21523,0.23526787757873535,1766.8203125
21524,0.17904400825500488,1763.7421875
21525,0.22934675216674805,1764.57421875
21526,0.08100700378417969,1766.96875
21527,0.17867708206176758,1767.96875
21528,0.2490370273590088,1766.03515625
21529,0.20935392379760742,1766.86328125
21530,0.08410310745239258,1766.4375
21531,0.2348339557647705,1766.48828125
21532,0.1726090908050537,1766.37890625
21533,0.18145132064819336,1767.046875
21534,0.20659923553466797,1766.734375
21535,0.21934843063354492,1765.75
21536,0.19218087196350098,1765.9296875
21537,0.20110273361206055,1765.55078125
21538,0.19210600852966309,1766.21484375
21539,0.1936640739440918,1766.296875
21540,0.18592309951782227,1766.75390625
21541,0.10125017166137695,1764.3828125
21542,0.17008566856384277,1766.9609375
21543,0.1277322769165039,1766.3203125
21544,0.2006542682647705,1767.3125
21545,0.18732976913452148,1769.015625
21546,0.2312173843383789,1768.59375
21547,0.16456294059753418,1768.16015625
21548,0.17733430862426758,1767.4765625
21549,0.11852455139160156,1768.015625
21550,0.25103282928466797,1768.171875
21551,0.1664273738861084,1769.28125
21552,0.2911989688873291,1766.6328125
21553,0.23027992248535156,1768.9609375
21554,0.1937086582183838,1769.3203125
21555,0.280623197555542,1767.9609375
21556,0.27121663093566895,1767.0625
21557,0.22708535194396973,1766.96484375
21558,0.24058151245117188,1767.89453125
21559,0.08121800422668457,1768.12109375
21560,0.1623539924621582,1767.34765625
21561,0.2101747989654541,1768.0546875
21562,0.23809242248535156,1767.51953125
21563,0.1562800407409668,1767.48046875
21564,0.18091082572937012,1767.140625
21565,0.1537916660308838,1768.05078125
21566,0.19768810272216797,1768.6328125
21567,0.19844436645507812,1770.96484375
21568,0.18991589546203613,1770.41796875
21569,0.19237351417541504,1772.04296875
21570,0.1270303726196289,1770.1875
21571,0.20659947395324707,1770.10546875
21572,0.13368749618530273,1769.5703125
21573,0.17113208770751953,1769.12890625
21574,0.16824579238891602,1770.12109375
21575,0.1999797821044922,1771.0234375
21576,0.20377898216247559,1767.921875
21577,0.1322183609008789,1770.25
21578,0.25650477409362793,1769.8984375
21579,0.2134544849395752,1771.828125
21580,0.16039228439331055,1769.46484375
21581,0.15571165084838867,1770.2421875
21582,0.3134877681732178,1770.55859375
21583,0.2039632797241211,1771.58203125
21584,0.21730732917785645,1770.6796875
21585,0.19383025169372559,1769.90625
21586,0.2114107608795166,1770.36328125
21587,0.2054128646850586,1769.16015625
21588,0.21281194686889648,1773.09375
21589,0.2067580223083496,1770.63671875
21590,0.1983797550201416,1772.69921875
21591,0.2751331329345703,1770.9609375
21592,0.22901177406311035,1770.578125
21593,0.19174504280090332,1772.1328125
21594,0.22269320487976074,1771.57421875
21595,0.20935297012329102,1772.04296875
21596,0.24026131629943848,1773.2421875
21597,0.20784640312194824,1773.6796875
21598,0.21162629127502441,1775.14453125
21599,0.22488737106323242,1773.5390625
21600,0.19013476371765137,1774.83203125
21601,0.2248673439025879,1773.87109375
21602,0.1950228214263916,1774.7734375
21603,0.2268073558807373,1775.87109375
21604,0.2164301872253418,1773.8515625
21605,0.30402350425720215,1775.15234375
21606,0.23216557502746582,1776.4140625
21607,0.25160765647888184,1775.7421875
21608,0.18471670150756836,1776.0390625
21609,0.22344374656677246,1776.09765625
21610,0.17635822296142578,1775.01953125
21611,0.19582724571228027,1776.30859375
21612,0.18741869926452637,1775.42578125
21613,0.21716833114624023,1776.109375
21614,0.2103099822998047,1776.0703125
21615,0.14763641357421875,1775.859375
21616,0.20191049575805664,1776.0
21617,0.22190260887145996,1775.6484375
21618,0.24813413619995117,1775.94140625
21619,0.20548653602600098,1775.93359375
21620,0.21186375617980957,1779.453125
21621,0.22440290451049805,1776.90234375
21622,0.19548606872558594,1775.9296875
21623,0.1642594337463379,1775.7421875
21624,0.22541546821594238,1777.57421875
21625,0.19292736053466797,1777.796875
21626,0.20659494400024414,1778.70703125
21627,0.2576181888580322,1780.89453125
21628,0.22594809532165527,1779.3359375
21629,0.2626230716705322,1777.65234375
21630,0.2627396583557129,1778.6640625
21631,0.275836706161499,1778.1640625
21632,0.2925689220428467,1777.91796875
21633,0.1878972053527832,1776.90625
21634,0.21591782569885254,1776.453125
21635,0.23950624465942383,1776.90234375
21636,0.21448898315429688,1779.421875
21637,0.22299957275390625,1777.203125
21638,0.236344575881958,1778.01171875
21639,0.24690842628479004,1777.66796875
21640,0.258929967880249,1779.265625
21641,0.20920062065124512,1778.39453125
21642,0.21517586708068848,1779.75
21643,0.24828743934631348,1779.6640625
21644,0.21631145477294922,1776.68359375
21645,0.2335042953491211,1779.57421875
21646,0.2589082717895508,1779.79296875
21647,0.16068458557128906,1776.89453125
21648,0.21036934852600098,1780.85546875
21649,0.20264005661010742,1776.484375
21650,0.271268367767334,1779.13671875
21651,0.22455596923828125,1779.13671875
21652,0.2278273105621338,1779.96484375
21653,0.24367070198059082,1781.26171875
21654,0.23789668083190918,1779.74609375
21655,0.2374410629272461,1782.35546875
21656,0.10963916778564453,1779.6953125
21657,0.24544548988342285,1779.69921875
21658,0.23535776138305664,1779.74609375
21659,0.21120357513427734,1779.421875
21660,0.2229306697845459,1778.1875
21661,0.18587636947631836,1781.77734375
21662,0.24597787857055664,1780.34375
21663,0.19488835334777832,1780.2890625
21664,0.21771645545959473,1779.87109375
21665,0.22466492652893066,1778.96484375
21666,0.24173688888549805,1781.3359375
21667,0.1676793098449707,1781.46875
21668,0.2613070011138916,1781.24609375
21669,0.22310853004455566,1781.80859375
21670,0.22601962089538574,1782.00390625
21671,0.13883566856384277,1781.51953125
21672,0.21344256401062012,1783.9375
21673,0.1929929256439209,1781.25390625
21674,0.2597942352294922,1782.6015625
21675,0.1798381805419922,1781.46875
21676,0.23352479934692383,1781.77734375
21677,0.1996173858642578,1785.72265625
21678,0.19460105895996094,1781.734375
21679,0.1675245761871338,1781.58984375
21680,0.21481108665466309,1782.13671875
21681,0.11494207382202148,1781.68359375
21682,0.19237279891967773,1782.2109375
21683,0.19822168350219727,1782.9765625
21684,0.19781875610351562,1782.3359375
21685,0.22710752487182617,1784.21875
21686,0.12276864051818848,1781.67578125
21687,0.2189171314239502,1781.34765625
21688,0.2466440200805664,1784.01953125
21689,0.15322494506835938,1783.05859375
21690,0.28341197967529297,1782.640625
21691,0.17874789237976074,1783.70703125
21692,0.1742720603942871,1783.21484375
21693,0.1558084487915039,1783.15234375
21694,0.19649362564086914,1783.45703125
21695,0.22442221641540527,1784.1640625
21696,0.09111380577087402,1781.87890625
21697,0.23616433143615723,1782.9140625
21698,0.20707154273986816,1784.46484375
21699,0.19666552543640137,1784.2734375
21700,0.1833493709564209,1784.16796875
21701,0.21515274047851562,1784.625
21702,0.18805956840515137,1785.38671875
21703,0.33489370346069336,1783.9765625
21704,0.27404093742370605,1787.6171875
21705,0.20328927040100098,1786.6171875
21706,0.21044111251831055,1788.1953125
21707,0.21282625198364258,1787.1015625
21708,0.26133155822753906,1787.765625
21709,0.2376101016998291,1786.421875
21710,0.20369267463684082,1787.390625
21711,0.20589280128479004,1787.96484375
21712,0.18864893913269043,1787.5234375
21713,0.22010254859924316,1786.62890625
21714,0.20181059837341309,1786.484375
21715,0.19513797760009766,1786.91796875
21716,0.2232975959777832,1786.6015625
21717,0.20673036575317383,1787.9140625
21718,0.12329578399658203,1787.8671875
21719,0.23331904411315918,1789.72265625
21720,0.24266934394836426,1787.41015625
21721,0.19679665565490723,1787.91796875
21722,0.23802900314331055,1788.37109375
21723,0.18509244918823242,1786.98046875
21724,0.17865848541259766,1788.51953125
21725,0.2280867099761963,1787.60546875
21726,0.21226954460144043,1789.9609375
21727,0.22310209274291992,1789.0078125
21728,0.24124360084533691,1788.26171875
21729,0.20699858665466309,1788.875
21730,0.16684913635253906,1787.203125
21731,0.20914125442504883,1789.09765625
21732,0.19674205780029297,1788.50390625
21733,0.190948486328125,1789.06640625
21734,0.20453262329101562,1787.21484375
21735,0.1944730281829834,1788.0546875
21736,0.19410157203674316,1786.69921875
21737,0.27645087242126465,1788.53515625
21738,0.2400209903717041,1790.08203125
21739,0.2120814323425293,1787.54296875
21740,0.1686112880706787,1789.90234375
21741,0.21783661842346191,1790.1640625
21742,0.24378418922424316,1789.9609375
21743,0.19280171394348145,1789.7421875
21744,0.1956946849822998,1792.46875
21745,0.18939495086669922,1791.0234375
21746,0.1794145107269287,1791.4609375
21747,0.2798502445220947,1792.44140625
21748,0.1972029209136963,1791.34375
21749,0.22031402587890625,1790.78125
21750,0.22060155868530273,1791.76953125
21751,0.18704509735107422,1791.9453125
21752,0.19046401977539062,1790.875
21753,0.19323253631591797,1792.265625
21754,0.18537187576293945,1791.2578125
21755,0.23073029518127441,1793.46875
21756,0.25825071334838867,1790.671875
21757,0.18352913856506348,1792.765625
21758,0.21308660507202148,1792.74609375
21759,0.19074320793151855,1792.7265625
21760,0.2020726203918457,1792.73046875
21761,0.19870448112487793,1792.265625
21762,0.241349458694458,1792.37890625
21763,0.1936781406402588,1792.53125
21764,0.20861530303955078,1792.828125
21765,0.14584851264953613,1793.62890625
21766,0.2061765193939209,1795.0390625
21767,0.20686006546020508,1793.1953125
21768,0.18818163871765137,1793.91796875
21769,0.20666050910949707,1793.02734375
21770,0.21384811401367188,1795.37109375
21771,0.26369357109069824,1793.19921875
21772,0.23134684562683105,1795.89453125
21773,0.1992931365966797,1792.3671875
21774,0.22556591033935547,1793.5390625
21775,0.17361927032470703,1796.33203125
21776,0.2002708911895752,1794.2109375
21777,0.1568152904510498,1795.2265625
21778,0.20055103302001953,1793.1484375
21779,0.2123560905456543,1794.875
21780,0.19056105613708496,1794.67578125
21781,0.23972082138061523,1795.41015625
21782,0.1991896629333496,1796.23046875
21783,0.19166254997253418,1793.953125
21784,0.19831490516662598,1793.890625
21785,0.19157052040100098,1796.2578125
21786,0.26455116271972656,1795.07421875
21787,0.18418455123901367,1795.87890625
21788,0.20002436637878418,1796.453125
21789,0.17472553253173828,1796.30078125
21790,0.20740938186645508,1796.6328125
21791,0.19815897941589355,1793.921875
21792,0.22874879837036133,1796.39453125
21793,0.23731732368469238,1796.953125
21794,0.2160329818725586,1795.8828125
21795,0.12517189979553223,1797.01171875
21796,0.19060182571411133,1798.19921875
21797,0.19294428825378418,1796.16015625
21798,0.14863204956054688,1795.8984375
21799,0.19185090065002441,1796.8359375
21800,0.14344525337219238,1796.3671875
21801,0.16600823402404785,1797.203125
21802,0.21543216705322266,1797.390625
21803,0.20410919189453125,1798.203125
21804,0.20788192749023438,1797.01171875
21805,0.17700767517089844,1796.78515625
21806,0.17440509796142578,1796.77734375
21807,0.2221221923828125,1796.02734375
21808,0.21852731704711914,1797.8046875
21809,0.2530956268310547,1797.30078125
21810,0.23386764526367188,1797.46484375
21811,0.21630287170410156,1796.96875
21812,0.2437882423400879,1795.87109375
21813,0.27060747146606445,1797.31640625
21814,0.21249914169311523,1798.51171875
21815,0.2046186923980713,1797.43359375
21816,0.20821547508239746,1800.046875
21817,0.2027127742767334,1798.06640625
21818,0.22925901412963867,1799.43359375
21819,0.18396234512329102,1797.296875
21820,0.21257972717285156,1797.50390625
21821,0.22168898582458496,1796.23828125
21822,0.19163084030151367,1796.875
21823,0.23901033401489258,1797.00390625
21824,0.1740732192993164,1796.25390625
21825,0.16869783401489258,1795.94921875
21826,0.16152071952819824,1799.265625
21827,0.17954087257385254,1797.9765625
21828,0.19002437591552734,1798.203125
21829,0.23795723915100098,1798.8671875
21830,0.2167201042175293,1799.5234375
21831,0.18777036666870117,1800.015625
21832,0.20354914665222168,1799.48828125
21833,0.23589324951171875,1798.9765625
21834,0.17691802978515625,1800.21875
21835,0.19733405113220215,1802.72265625
21836,0.28646135330200195,1800.9453125
21837,0.2079942226409912,1803.359375
21838,0.26702427864074707,1803.6015625
21839,0.1920328140258789,1802.26953125
21840,0.2507929801940918,1802.73828125
21841,0.20046591758728027,1803.24609375
21842,0.24693655967712402,1802.28125
21843,0.27218103408813477,1803.55078125
21844,0.22362422943115234,1801.17578125
21845,0.28450512886047363,1806.00390625
21846,0.2078537940979004,1802.45703125
21847,0.20988869667053223,1803.7578125
21848,0.21669435501098633,1804.2890625
21849,0.21997427940368652,1804.75
21850,0.20238757133483887,1805.6171875
21851,0.22517919540405273,1803.86328125
21852,0.19600939750671387,1802.6015625
21853,0.2873244285583496,1802.953125
21854,0.19104552268981934,1806.22265625
21855,0.17857885360717773,1806.046875
21856,0.20426225662231445,1806.92578125
21857,0.19939637184143066,1803.859375
21858,0.2716848850250244,1803.1171875
21859,0.2360219955444336,1805.31640625
21860,0.2100226879119873,1805.68359375
21861,0.18244218826293945,1804.9765625
21862,0.22065162658691406,1804.21875
21863,0.2079620361328125,1804.88671875
21864,0.21575427055358887,1807.43359375
21865,0.19511151313781738,1804.46484375
21866,0.21452569961547852,1806.45703125
21867,0.19835925102233887,1805.21484375
21868,0.23372697830200195,1806.609375
21869,0.21559977531433105,1808.125
21870,0.26687145233154297,1806.671875
21871,0.21264934539794922,1805.5546875
21872,0.19770216941833496,1804.9453125
21873,0.18552184104919434,1805.578125
21874,0.16256976127624512,1807.32421875
21875,0.17704463005065918,1807.35546875
21876,0.24695897102355957,1806.55859375
21877,0.2008957862854004,1805.9296875
21878,0.20536136627197266,1805.84765625
21879,0.19316840171813965,1807.98046875
21880,0.16800975799560547,1805.14453125
21881,0.2447352409362793,1806.24609375
21882,0.22990202903747559,1805.5703125
21883,0.2112743854522705,1806.484375
21884,0.23616838455200195,1806.37109375
21885,0.20195698738098145,1808.51953125
21886,0.19830632209777832,1809.0
21887,0.3021090030670166,1808.80859375
21888,0.21249628067016602,1808.296875
21889,0.24395084381103516,1808.95703125
21890,0.21203041076660156,1808.4609375
21891,0.21483993530273438,1808.9453125
21892,0.17887401580810547,1808.109375
21893,0.19316577911376953,1806.6484375
21894,0.22253012657165527,1809.1484375
21895,0.23610210418701172,1807.64453125
21896,0.2884480953216553,1810.8203125
21897,0.22228360176086426,1810.32421875
21898,0.16810369491577148,1810.109375
21899,0.21620416641235352,1809.5390625
21900,0.189833402633667,1811.21484375
21901,0.22242522239685059,1810.8203125
21902,0.18561244010925293,1812.125
21903,0.21726202964782715,1810.25390625
21904,0.17716479301452637,1808.39453125
21905,0.19289755821228027,1809.7578125
21906,0.22460007667541504,1810.4375
21907,0.19358539581298828,1810.71875
21908,0.22869658470153809,1811.46484375
21909,0.18975090980529785,1811.7734375
21910,0.21608233451843262,1810.1953125
21911,0.22675561904907227,1810.4609375
21912,0.19146490097045898,1812.96484375
21913,0.2160630226135254,1810.66796875
21914,0.23058867454528809,1812.328125
21915,0.23608946800231934,1812.94140625
21916,0.19708919525146484,1812.58203125
21917,0.18238496780395508,1811.72265625
21918,0.20806670188903809,1810.63671875
21919,0.23313355445861816,1812.359375
21920,0.3062930107116699,1809.390625
21921,0.22563695907592773,1811.22265625
21922,0.2156047821044922,1810.6640625
21923,0.1945939064025879,1812.0234375
21924,0.18835806846618652,1811.60546875
21925,0.19423174858093262,1818.28515625
21926,0.1417999267578125,1812.9375
21927,0.2218914031982422,1813.34765625
21928,0.21331119537353516,1812.18359375
21929,0.16468334197998047,1812.0390625
21930,0.20868635177612305,1811.51171875
21931,0.18549346923828125,1811.921875
21932,0.21743011474609375,1812.8203125
21933,0.22719645500183105,1813.55078125
21934,0.18260693550109863,1814.45703125
21935,0.22634315490722656,1813.1875
21936,0.22103595733642578,1814.546875
21937,0.2446739673614502,1815.35546875
21938,0.30605196952819824,1813.62890625
21939,0.18223786354064941,1813.9296875
21940,0.1574692726135254,1817.296875
21941,0.22971320152282715,1817.05859375
21942,0.2123732566833496,1814.71875
21943,0.2141282558441162,1816.140625
21944,0.21264147758483887,1817.46484375
21945,0.19396734237670898,1817.3203125
21946,0.11172032356262207,1815.86328125
21947,0.19841742515563965,1815.05078125
21948,0.23337030410766602,1817.17578125
21949,0.21749424934387207,1816.5859375
21950,0.22040224075317383,1816.6015625
21951,0.22550606727600098,1816.68359375
21952,0.21291160583496094,1817.13671875
21953,0.2223832607269287,1816.83203125
21954,0.23629164695739746,1817.61328125
21955,0.20272493362426758,1817.15234375
21956,0.0683903694152832,1818.47265625
21957,0.20479750633239746,1816.9453125
21958,0.2055187225341797,1818.8203125
21959,0.21568727493286133,1817.265625
21960,0.2109074592590332,1816.8125
21961,0.2529876232147217,1820.10546875
21962,0.21772313117980957,1820.16015625
21963,0.2323594093322754,1817.28125
21964,0.23326992988586426,1818.75
21965,0.20587754249572754,1819.9375
21966,0.24347472190856934,1817.6484375
21967,0.24004721641540527,1817.51171875
21968,0.2061011791229248,1818.07421875
21969,0.20708751678466797,1818.46484375
21970,0.25234103202819824,1817.21875
21971,0.21596813201904297,1817.984375
21972,0.25836944580078125,1818.90625
21973,0.2428891658782959,1818.96875
21974,0.19754290580749512,1820.6953125
21975,0.23303914070129395,1819.5625
21976,0.22272372245788574,1818.33984375
21977,0.18406200408935547,1819.34765625
21978,0.1447734832763672,1818.66015625
21979,0.23975014686584473,1821.6640625
21980,0.1612098217010498,1819.1171875
21981,0.2109236717224121,1819.95703125
21982,0.21817564964294434,1820.375
21983,0.18363070487976074,1819.0703125
21984,0.2515425682067871,1819.65234375
21985,0.21414470672607422,1818.40625
21986,0.20568251609802246,1819.54296875
21987,0.2914726734161377,1820.96875
21988,0.20041131973266602,1820.39453125
21989,0.24495220184326172,1818.57421875
21990,0.20598959922790527,1820.09375
21991,0.22796273231506348,1821.015625
21992,0.22175121307373047,1821.50390625
21993,0.23838305473327637,1822.578125
21994,0.3317875862121582,1820.6875
21995,0.18849563598632812,1822.8359375
21996,0.22386932373046875,1821.10546875
21997,0.1975417137145996,1821.13671875
21998,0.2351233959197998,1820.859375
21999,0.21295905113220215,1821.734375
22000,0.22862863540649414,1821.81640625
22001,0.20449519157409668,1822.359375
22002,0.24259281158447266,1821.40234375
22003,0.2197248935699463,1821.5390625
22004,0.22870659828186035,1824.08984375
22005,0.2261364459991455,1823.57421875
22006,0.23426556587219238,1825.390625
22007,0.11645126342773438,1822.84765625
22008,0.26248669624328613,1823.2265625
22009,0.21013450622558594,1823.3984375
22010,0.24715805053710938,1822.6328125
22011,0.29958200454711914,1824.375
22012,0.27033305168151855,1823.45703125
22013,0.30537891387939453,1823.64453125
22014,0.25127744674682617,1823.203125
22015,0.328427791595459,1825.25
22016,0.21981549263000488,1825.60546875
22017,0.2627706527709961,1823.96484375
22018,0.23515892028808594,1825.03125
22019,0.28594517707824707,1825.5703125
22020,0.18090581893920898,1826.3203125
22021,0.33903980255126953,1826.90625
22022,0.24932289123535156,1824.33984375
22023,0.22406792640686035,1824.27734375
22024,0.2729909420013428,1824.87109375
22025,0.25542521476745605,1825.78515625
22026,0.24865484237670898,1824.0390625
22027,0.2838881015777588,1824.359375
22028,0.2999906539916992,1826.24609375
22029,0.2677624225616455,1827.2578125
22030,0.24764490127563477,1827.7734375
22031,0.22290945053100586,1825.60546875
22032,0.19724345207214355,1825.27734375
22033,0.23028063774108887,1826.68359375
22034,0.2748401165008545,1825.63671875
22035,0.2527320384979248,1824.33984375
22036,0.2702462673187256,1826.7734375
22037,0.23782038688659668,1825.84765625
22038,0.17514324188232422,1824.64453125
22039,0.2601745128631592,1824.7265625
22040,0.2269449234008789,1826.85546875
22041,0.16872334480285645,1825.94140625
22042,0.3079967498779297,1827.0859375
22043,0.27388453483581543,1825.3984375
22044,0.2113509178161621,1827.08984375
22045,0.2889251708984375,1828.32421875
22046,0.3190324306488037,1827.55859375
22047,0.27155256271362305,1825.33203125
22048,0.18792438507080078,1825.9609375
22049,0.2501368522644043,1825.7421875
22050,0.20766973495483398,1825.1875
22051,0.18125700950622559,1825.796875
22052,0.17662620544433594,1825.87890625
22053,0.2343752384185791,1827.4765625
22054,0.21723175048828125,1828.32421875
22055,0.2005147933959961,1826.671875
22056,0.2255401611328125,1827.8203125
22057,0.18285489082336426,1825.08984375
22058,0.19839143753051758,1826.00390625
22059,0.18875479698181152,1827.67578125
22060,0.21768426895141602,1827.9609375
22061,0.22165536880493164,1826.9140625
22062,0.22847509384155273,1828.02734375
22063,0.24270248413085938,1826.73046875
22064,0.20791411399841309,1827.10546875
22065,0.23038172721862793,1827.8515625
22066,0.20209336280822754,1829.30078125
22067,0.23212981224060059,1828.14453125
22068,0.2929189205169678,1829.1796875
22069,0.2776021957397461,1828.12890625
22070,0.1554243564605713,1829.81640625
22071,0.25159168243408203,1828.31640625
22072,0.2147231101989746,1828.1171875
22073,0.209075927734375,1828.6328125
22074,0.22664260864257812,1830.01171875
22075,0.2463536262512207,1829.6171875
22076,0.22874879837036133,1831.8828125
22077,0.2165837287902832,1828.59765625
22078,0.2317664623260498,1830.421875
22079,0.2247023582458496,1830.7421875
22080,0.128709077835083,1830.9140625
22081,0.2015538215637207,1829.9453125
22082,0.2171332836151123,1828.81640625
22083,0.2619504928588867,1830.91796875
22084,0.22125554084777832,1829.92578125
22085,0.21122431755065918,1830.046875
22086,0.19253158569335938,1832.40625
22087,0.20892882347106934,1829.9296875
22088,0.20867419242858887,1832.67578125
22089,0.20882558822631836,1830.6015625
22090,0.19359493255615234,1832.609375
22091,0.1856701374053955,1830.12109375
22092,0.2098844051361084,1829.3984375
22093,0.23642539978027344,1831.53515625
22094,0.22835040092468262,1829.39453125
22095,0.260730504989624,1830.98046875
22096,0.23752212524414062,1831.44140625
22097,0.188523530960083,1833.01953125
22098,0.2037677764892578,1832.94921875
22099,0.2481846809387207,1832.3125
22100,0.2517049312591553,1831.921875
22101,0.2065439224243164,1830.99609375
22102,0.19841718673706055,1830.56640625
22103,0.1747586727142334,1830.9453125
22104,0.2243974208831787,1832.37109375
22105,0.21541786193847656,1833.20703125
22106,0.24587678909301758,1831.015625
22107,0.22565817832946777,1831.81640625
22108,0.1771392822265625,1832.578125
22109,0.21362614631652832,1831.3203125
22110,0.2118983268737793,1832.46484375
22111,0.19923782348632812,1833.453125
22112,0.19470477104187012,1834.04296875
22113,0.19539618492126465,1833.9140625
22114,0.19223570823669434,1835.20703125
22115,0.20126795768737793,1832.5546875
22116,0.17140650749206543,1834.82421875
22117,0.21008825302124023,1834.3984375
22118,0.21367430686950684,1835.18359375
22119,0.27008938789367676,1833.4765625
22120,0.21493792533874512,1833.7109375
22121,0.21772170066833496,1835.390625
22122,0.27131009101867676,1836.33984375
22123,0.21308445930480957,1835.75390625
22124,0.16437840461730957,1836.8515625
22125,0.221266508102417,1835.57421875
22126,0.22855901718139648,1836.30859375
22127,0.21551012992858887,1836.1484375
22128,0.2113487720489502,1836.2421875
22129,0.10131359100341797,1836.546875
22130,0.2330162525177002,1835.19921875
22131,0.20586562156677246,1837.7265625
22132,0.25725317001342773,1836.58203125
22133,0.19236254692077637,1836.484375
22134,0.19150495529174805,1837.05859375
22135,0.22144174575805664,1834.86328125
22136,0.22622227668762207,1836.31640625
22137,0.24265599250793457,1837.6171875
22138,0.21446776390075684,1838.55859375
22139,0.2459716796875,1837.359375
22140,0.19202661514282227,1836.359375
22141,0.21657752990722656,1837.75
22142,0.21274113655090332,1840.01171875
22143,0.27168822288513184,1838.95703125
22144,0.2630000114440918,1839.3125
22145,0.2234935760498047,1838.296875
22146,0.21902108192443848,1838.0234375
22147,0.13182568550109863,1837.9140625
22148,0.1515657901763916,1838.90625
22149,0.24591493606567383,1837.82421875
22150,0.21622419357299805,1837.71484375
22151,0.19705581665039062,1838.57421875
22152,0.2339320182800293,1839.65625
22153,0.20107221603393555,1839.46484375
22154,0.18411540985107422,1838.09375
22155,0.07061529159545898,1837.74609375
22156,0.1933753490447998,1840.890625
22157,0.22308850288391113,1839.1171875
22158,0.17673850059509277,1838.6953125
22159,0.1618192195892334,1838.95703125
22160,0.23710918426513672,1840.59765625
22161,0.2519683837890625,1837.89453125
22162,0.17957782745361328,1838.3359375
22163,0.22588658332824707,1839.11328125
22164,0.18249201774597168,1838.75
22165,0.2053670883178711,1839.80859375
22166,0.19685125350952148,1838.59375
22167,0.22498869895935059,1840.484375
22168,0.215789794921875,1838.48828125
22169,0.21944689750671387,1838.25
22170,0.2256302833557129,1838.3828125
22171,0.1872708797454834,1839.15234375
22172,0.23494243621826172,1838.72265625
22173,0.1586620807647705,1840.015625
22174,0.21946191787719727,1839.96484375
22175,0.17908906936645508,1839.78515625
22176,0.21857166290283203,1839.64453125
22177,0.16023755073547363,1839.84765625
22178,0.20794272422790527,1841.03125
22179,0.20929193496704102,1841.9296875
22180,0.18255400657653809,1839.90625
22181,0.23318123817443848,1839.46875
22182,0.2456512451171875,1840.86328125
22183,0.1779160499572754,1840.44140625
22184,0.2173924446105957,1842.40625
22185,0.21655058860778809,1841.33984375
22186,0.22388410568237305,1842.03125
22187,0.19681119918823242,1840.1328125
22188,0.19847869873046875,1840.46484375
22189,0.18707942962646484,1841.87109375
22190,0.15645599365234375,1840.89453125
22191,0.2044515609741211,1842.28125
22192,0.1956939697265625,1842.4296875
22193,0.267880916595459,1840.3828125
22194,0.19644737243652344,1841.83984375
22195,0.16944456100463867,1840.73828125
22196,0.16425752639770508,1841.0703125
22197,0.25293421745300293,1841.453125
22198,0.17383861541748047,1841.0703125
22199,0.14877891540527344,1841.54296875
22200,0.24961543083190918,1842.15625
22201,0.21254634857177734,1842.7734375
22202,0.19856810569763184,1841.58984375
22203,0.1805720329284668,1841.22265625
22204,0.17667317390441895,1841.73828125
22205,0.2343282699584961,1841.4609375
22206,0.18940305709838867,1841.28125
22207,0.21974515914916992,1842.421875
22208,0.20322895050048828,1842.25390625
22209,0.20531558990478516,1843.4140625
22210,0.19553279876708984,1841.796875
22211,0.19231295585632324,1842.921875
22212,0.17254281044006348,1842.19140625
22213,0.17804932594299316,1842.30078125
22214,0.17315340042114258,1841.80078125
22215,0.21709513664245605,1844.5625
22216,0.2066662311553955,1845.05859375
22217,0.2560548782348633,1842.87890625
22218,0.24648642539978027,1843.38671875
22219,0.23081636428833008,1845.2578125
22220,0.20808029174804688,1845.6484375
22221,0.23417186737060547,1844.9296875
22222,0.25839924812316895,1846.55078125
22223,0.24815845489501953,1846.2265625
22224,0.2848515510559082,1846.77734375
22225,0.2734954357147217,1846.90234375
22226,0.28568029403686523,1846.1015625
22227,0.2698509693145752,1847.58203125
22228,0.2537257671356201,1846.23828125
22229,0.21062397956848145,1847.04296875
22230,0.22034931182861328,1847.30859375
22231,0.24184083938598633,1847.6796875
22232,0.3051595687866211,1848.6640625
22233,0.2800571918487549,1847.94140625
22234,0.24741625785827637,1848.1875
22235,0.20018291473388672,1849.12109375
22236,0.29326915740966797,1848.14453125
22237,0.29208850860595703,1848.0625
22238,0.3006632328033447,1847.65234375
22239,0.24124741554260254,1720.99609375
22240,0.33490991592407227,1722.99609375
22241,0.25286412239074707,1722.75390625
22242,0.269885778427124,1720.40625
22243,0.2464911937713623,1722.0703125
22244,0.21402835845947266,1722.76171875
22245,0.17406535148620605,1721.37109375
22246,0.23557472229003906,1721.4296875
22247,0.26437997817993164,1723.171875
22248,0.22524738311767578,1720.84375
22249,0.2304999828338623,1721.6328125
22250,0.2551865577697754,1723.6875
22251,0.28182315826416016,1723.1484375
22252,0.2852303981781006,1724.09375
22253,0.32413220405578613,1723.50390625
22254,0.3347790241241455,1724.20703125
22255,0.27965807914733887,1724.390625
22256,0.3155632019042969,1723.80859375
22257,0.2207331657409668,1723.2421875
22258,0.2033553123474121,1722.6640625
22259,0.2422168254852295,1723.41015625
22260,0.2242131233215332,1723.16015625
22261,0.21755313873291016,1724.92578125
22262,0.22270774841308594,1723.20703125
22263,0.22859621047973633,1724.74609375
22264,0.22510480880737305,1723.875
22265,0.28745055198669434,1724.25
22266,0.2705848217010498,1724.01171875
22267,0.25771522521972656,1724.484375
22268,0.238572359085083,1724.61328125
22269,0.27172422409057617,1724.5234375
22270,0.21369147300720215,1723.890625
22271,0.2038426399230957,1724.55859375
22272,0.2247304916381836,1724.30859375
22273,0.19692111015319824,1726.51171875
22274,0.18650317192077637,1724.69921875
22275,0.2438492774963379,1722.09375
22276,0.20337891578674316,1723.984375
22277,0.1993863582611084,1725.6328125
22278,0.166703462600708,1725.3203125
22279,0.15881085395812988,1724.89453125
22280,0.1140587329864502,1725.2734375
22281,0.23744773864746094,1723.40234375
22282,0.24895429611206055,1725.94140625
22283,0.21597909927368164,1724.61328125
22284,0.23385262489318848,1725.30859375
22285,0.24457836151123047,1726.546875
22286,0.25667786598205566,1725.0078125
22287,0.15132856369018555,1724.2109375
22288,0.21671080589294434,1725.0546875
22289,0.2382502555847168,1725.5625
22290,0.23622822761535645,1726.7890625
22291,0.27077722549438477,1726.3828125
22292,0.2268972396850586,1724.9453125
22293,0.20249438285827637,1725.2734375
22294,0.217071533203125,1727.02734375
22295,0.20045042037963867,1726.1015625
22296,0.21429157257080078,1725.28125
22297,0.2201838493347168,1725.5546875
22298,0.19503164291381836,1725.17578125
22299,0.19707679748535156,1724.01953125
22300,0.20569491386413574,1726.2578125
22301,0.2546050548553467,1724.98046875
22302,0.2216627597808838,1726.78515625
22303,0.18283557891845703,1724.58203125
22304,0.17024993896484375,1726.53125
22305,0.1818704605102539,1727.203125
22306,0.2028636932373047,1726.76953125
22307,0.18492960929870605,1725.76171875
22308,0.2653191089630127,1725.9453125
22309,0.2317495346069336,1727.2890625
22310,0.15993952751159668,1726.7578125
22311,0.2950928211212158,1727.296875
22312,0.2229299545288086,1728.546875
22313,0.18309974670410156,1727.09765625
22314,0.25661563873291016,1726.9375
22315,0.2684340476989746,1729.14453125
22316,0.23398828506469727,1727.3671875
22317,0.20632529258728027,1728.2578125
22318,0.23293709754943848,1728.78515625
22319,0.22075295448303223,1730.453125
22320,0.1820683479309082,1728.79296875
22321,0.15932035446166992,1728.73046875
22322,0.23038196563720703,1728.8046875
22323,0.32123565673828125,1729.18359375
22324,0.21421003341674805,1730.49609375
22325,0.1967160701751709,1729.8984375
22326,0.20045876502990723,1730.54296875
22327,0.24395275115966797,1729.15234375
22328,0.1928870677947998,1729.265625
22329,0.22056317329406738,1728.83203125
22330,0.18915987014770508,1729.8125
22331,0.23674726486206055,1733.0625
22332,0.22295856475830078,1729.87109375
22333,0.18146967887878418,1728.66796875
22334,0.23836517333984375,1728.2578125
22335,0.2304854393005371,1730.48046875
22336,0.24950027465820312,1728.73828125
22337,0.18497586250305176,1728.9921875
22338,0.17656564712524414,1729.53515625
22339,0.2129814624786377,1731.1640625
22340,0.2286078929901123,1730.23828125
22341,0.1939070224761963,1731.3046875
22342,0.23552155494689941,1732.65234375
22343,0.23176956176757812,1731.11328125
22344,0.1933743953704834,1730.859375
22345,0.22370386123657227,1730.92578125
22346,0.17569327354431152,1729.93359375
22347,0.20681023597717285,1731.72265625
22348,0.2314760684967041,1730.37109375
22349,0.16685748100280762,1729.45703125
22350,0.16586685180664062,1729.94140625
22351,0.22923994064331055,1730.77734375
22352,0.2357616424560547,1732.04296875
22353,0.20499157905578613,1734.328125
22354,0.17201733589172363,1731.31640625
22355,0.17157244682312012,1730.78515625
22356,0.2604975700378418,1729.80859375
22357,0.17331624031066895,1731.8671875
22358,0.1898641586303711,1731.58984375
22359,0.17333054542541504,1731.125
22360,0.17254924774169922,1730.37890625
22361,0.19184446334838867,1732.9375
22362,0.1827843189239502,1731.9375
22363,0.18500709533691406,1730.67578125
22364,0.1831343173980713,1731.484375
22365,0.2018289566040039,1731.375
22366,0.2596781253814697,1732.62890625
22367,0.21220111846923828,1732.921875
22368,0.19667673110961914,1732.078125
22369,0.26438307762145996,1734.66796875
22370,0.2485060691833496,1735.30859375
22371,0.18023180961608887,1734.7578125
22372,0.20880699157714844,1735.17578125
22373,0.21860146522521973,1734.2421875
22374,0.2115802764892578,1736.49609375
22375,0.23843169212341309,1734.7890625
22376,0.17122626304626465,1732.07421875
22377,0.20545053482055664,1735.47265625
22378,0.22826337814331055,1733.859375
22379,0.18291378021240234,1734.75390625
22380,0.19411921501159668,1736.33203125
22381,0.18559813499450684,1735.02734375
22382,0.20265865325927734,1737.96484375
22383,0.2814357280731201,1731.86328125
22384,0.23800230026245117,1737.4453125
22385,0.19896364212036133,1735.83203125
22386,0.18193459510803223,1739.78125
22387,0.23956871032714844,1737.44921875
22388,0.16416525840759277,1736.3359375
22389,0.2772843837738037,1736.0234375
22390,0.21686553955078125,1736.3203125
22391,0.24170732498168945,1737.3359375
22392,0.22607707977294922,1738.546875
22393,0.16891837120056152,1736.453125
22394,0.2360520362854004,1738.01953125
22395,0.20004987716674805,1738.69921875
22396,0.24823856353759766,1736.60546875
22397,0.16207313537597656,1738.8671875
22398,0.2314929962158203,1739.6328125
22399,0.2344651222229004,1737.3046875
22400,0.25562429428100586,1738.17578125
22401,0.22665667533874512,1739.11328125
22402,0.19596028327941895,1739.7578125
22403,0.22720551490783691,1739.00390625
22404,0.21170806884765625,1740.16796875
22405,0.24443459510803223,1738.87109375
22406,0.2150890827178955,1739.90234375
22407,0.19795775413513184,1739.4921875
22408,0.19035768508911133,1738.640625
22409,0.1766676902770996,1739.43359375
22410,0.16817164421081543,1738.14453125
22411,0.16153740882873535,1739.35546875
22412,0.21908807754516602,1739.4140625
22413,0.25156736373901367,1739.76171875
22414,0.2401278018951416,1740.79296875
22415,0.2371060848236084,1740.41015625
22416,0.19781064987182617,1739.74609375
22417,0.19364380836486816,1741.578125
22418,0.21997976303100586,1739.6328125
22419,0.30394458770751953,1739.18359375
22420,0.21101951599121094,1740.3203125
22421,0.26046133041381836,1739.96875
22422,0.1876063346862793,1739.68359375
22423,0.16231417655944824,1738.828125
22424,0.1737971305847168,1740.953125
22425,0.18252301216125488,1738.57421875
22426,0.21675825119018555,1739.96875
22427,0.23962163925170898,1741.16015625
22428,0.23119902610778809,1741.55078125
22429,0.22725605964660645,1740.3359375
22430,0.2379751205444336,1739.5390625
22431,0.1946268081665039,1741.9453125
22432,0.24410605430603027,1741.59765625
22433,0.14676523208618164,1741.890625
22434,0.3292088508605957,1738.7265625
22435,0.2558143138885498,1742.171875
22436,0.26106882095336914,1741.3125
22437,0.27466750144958496,1741.32421875
22438,0.2117140293121338,1744.30078125
22439,0.2524716854095459,1743.734375
22440,0.23541593551635742,1746.0234375
22441,0.21338558197021484,1742.75390625
22442,0.22915291786193848,1741.77734375
22443,0.21661019325256348,1742.6015625
22444,0.2680947780609131,1741.65234375
22445,0.2483692169189453,1741.77734375
22446,0.25838184356689453,1743.140625
22447,0.2416400909423828,1742.33984375
22448,0.24407005310058594,1742.08984375
22449,0.2068495750427246,1743.26171875
22450,0.26811861991882324,1743.69921875
22451,0.21994328498840332,1745.44921875
22452,0.21972966194152832,1744.9765625
22453,0.15850448608398438,1744.2734375
22454,0.21947693824768066,1744.39453125
22455,0.23002934455871582,1745.29296875
22456,0.2297501564025879,1746.57421875
22457,0.23369073867797852,1745.1796875
22458,0.2809882164001465,1744.703125
22459,0.25974059104919434,1744.6171875
22460,0.1995849609375,1745.5
22461,0.26047539710998535,1744.33984375
22462,0.22407293319702148,1746.37890625
22463,0.26303601264953613,1743.21875
22464,0.23219728469848633,1746.1796875
22465,0.24406147003173828,1746.203125
22466,0.22809052467346191,1745.96484375
22467,0.23546791076660156,1745.84765625
22468,0.265155553817749,1746.171875
22469,0.3128530979156494,1746.64453125
22470,0.20658254623413086,1746.2421875
22471,0.2256333827972412,1745.9375
22472,0.20648956298828125,1747.03515625
22473,0.23797011375427246,1747.39453125
22474,0.18183398246765137,1747.140625
22475,0.17249011993408203,1745.3203125
22476,0.17751741409301758,1748.37890625
22477,0.20914983749389648,1745.92578125
22478,0.17478060722351074,1747.22265625
22479,0.26125454902648926,1744.94921875
22480,0.2123265266418457,1746.828125
22481,0.09556746482849121,1748.84375
22482,0.21425199508666992,1748.7265625
22483,0.19736886024475098,1746.1015625
22484,0.27892160415649414,1750.34765625
22485,0.19600963592529297,1748.7265625
22486,0.23948407173156738,1748.15625
22487,0.21085262298583984,1747.86328125
22488,0.22534751892089844,1749.21484375
22489,0.23673391342163086,1748.57421875
22490,0.1500701904296875,1748.8828125
22491,0.25348520278930664,1749.6640625
22492,0.20664691925048828,1747.55078125
22493,0.2077631950378418,1748.26953125
22494,0.23795509338378906,1750.265625
22495,0.19121050834655762,1747.33984375
22496,0.22933268547058105,1748.2109375
22497,0.22322392463684082,1748.02734375
22498,0.20838570594787598,1749.01953125
22499,0.22100472450256348,1748.453125
22500,0.1984701156616211,1749.0859375
22501,0.20628690719604492,1749.44921875
22502,0.2004382610321045,1749.5625
22503,0.19564533233642578,1751.5078125
22504,0.2452409267425537,1751.32421875
22505,0.19119000434875488,1750.33984375
22506,0.18786048889160156,1751.74609375
22507,0.23427033424377441,1749.66015625
22508,0.1927657127380371,1750.0546875
22509,0.16953778266906738,1749.8828125
22510,0.28151416778564453,1749.1953125
22511,0.2605149745941162,1750.03125
22512,0.22765874862670898,1751.16796875
22513,0.2241520881652832,1750.02734375
22514,0.22914385795593262,1752.390625
22515,0.23257040977478027,1751.25390625
22516,0.21887874603271484,1751.78125
22517,0.20811748504638672,1752.23828125
22518,0.17704176902770996,1751.9609375
22519,0.23430395126342773,1753.39453125
22520,0.20635581016540527,1752.28515625
22521,0.2038874626159668,1752.9140625
22522,0.2386465072631836,1753.296875
22523,0.2000441551208496,1750.8984375
22524,0.2057032585144043,1751.75
22525,0.252593994140625,1751.81640625
22526,0.2090752124786377,1754.23046875
22527,0.2034015655517578,1754.12890625
22528,0.20452237129211426,1753.91015625
22529,0.17542219161987305,1752.91015625
22530,0.16317200660705566,1753.79296875
22531,0.20472168922424316,1752.44140625
22532,0.18764972686767578,1752.8203125
22533,0.1943197250366211,1754.0078125
22534,0.21834897994995117,1752.453125
22535,0.1857914924621582,1754.703125
22536,0.20034360885620117,1754.0859375
22537,0.18025779724121094,1754.8984375
22538,0.20579838752746582,1755.45703125
22539,0.170424222946167,1754.2421875
22540,0.2621269226074219,1754.08984375
22541,0.2532045841217041,1755.84375
22542,0.20708966255187988,1754.3671875
22543,0.22431612014770508,1755.609375
22544,0.2007887363433838,1755.53515625
22545,0.21491289138793945,1755.1953125
22546,0.2504291534423828,1755.25
22547,0.1902918815612793,1753.4140625
22548,0.2241992950439453,1754.1171875
22549,0.18126344680786133,1755.27734375
22550,0.20941686630249023,1754.53125
22551,0.182952880859375,1754.3671875
22552,0.20006561279296875,1755.07421875
22553,0.21615099906921387,1755.5390625
22554,0.1797480583190918,1754.08203125
22555,0.14343881607055664,1754.58203125
22556,0.21242642402648926,1755.109375
22557,0.19366121292114258,1756.6875
22558,0.209944486618042,1755.3203125
22559,0.21251726150512695,1755.03515625
22560,0.19376277923583984,1756.4140625
22561,0.15750503540039062,1755.7734375
22562,0.18108749389648438,1754.5703125
22563,0.16872239112854004,1753.9296875
22564,0.18014287948608398,1754.51953125
22565,0.2859964370727539,1755.375
22566,0.16916990280151367,1756.26171875
22567,0.20450711250305176,1756.7265625
22568,0.19091129302978516,1756.75
22569,0.1878499984741211,1755.35546875
22570,0.2161097526550293,1755.796875
22571,0.20250201225280762,1755.54296875
22572,0.20840001106262207,1756.98046875
22573,0.1791529655456543,1755.5625
22574,0.16464924812316895,1759.75
22575,0.18437719345092773,1755.8046875
22576,0.20804810523986816,1757.140625
22577,0.16833949089050293,1757.26171875
22578,0.18059921264648438,1755.84765625
22579,0.22185063362121582,1757.1875
22580,0.2222764492034912,1757.984375
22581,0.22669053077697754,1757.265625
22582,0.24805259704589844,1759.26171875
22583,0.18864655494689941,1758.83984375
22584,0.20344161987304688,1757.80078125
22585,0.20897555351257324,1759.421875
22586,0.21375823020935059,1758.9375
22587,0.23318743705749512,1760.14453125
22588,0.22991347312927246,1758.68359375
22589,0.427825927734375,1760.0859375
22590,0.2923309803009033,1759.60546875
22591,0.22810626029968262,1758.84765625
22592,0.16623806953430176,1759.03125
22593,0.19244718551635742,1760.109375
22594,0.2244114875793457,1758.48828125
22595,0.247894287109375,1760.45703125
22596,0.197784423828125,1759.0234375
22597,0.21270060539245605,1760.6953125
22598,0.23103833198547363,1757.54296875
22599,0.23678994178771973,1761.02734375
22600,0.21372675895690918,1758.54296875
22601,0.1428375244140625,1761.31640625
22602,0.1739671230316162,1759.9140625
22603,0.19979381561279297,1761.515625
22604,0.16360235214233398,1758.52734375
22605,0.21416354179382324,1759.25
22606,0.18492865562438965,1759.48828125
22607,0.21413135528564453,1760.8125
22608,0.2234506607055664,1760.08203125
22609,0.18341970443725586,1761.01171875
22610,0.17293071746826172,1758.41015625
22611,0.19242095947265625,1761.27734375
22612,0.24292492866516113,1762.15625
22613,0.20812654495239258,1759.359375
22614,0.18688488006591797,1762.29296875
22615,0.21966838836669922,1763.8359375
22616,0.23129677772521973,1760.24609375
22617,0.23380184173583984,1762.6796875
22618,0.21635651588439941,1762.93359375
22619,0.2249584197998047,1762.421875
22620,0.2305161952972412,1762.28125
22621,0.16774630546569824,1761.97265625
22622,0.26767706871032715,1763.70703125
22623,0.1264646053314209,1765.19140625
22624,0.22688770294189453,1763.73046875
22625,0.18017125129699707,1764.52734375
22626,0.21306300163269043,1766.3515625
22627,0.19893789291381836,1763.6328125
22628,0.1974024772644043,1764.6171875
22629,0.14892268180847168,1760.98828125
22630,0.15849566459655762,1763.47265625
22631,0.1516878604888916,1764.25
22632,0.21587586402893066,1765.1953125
22633,0.21379566192626953,1766.8515625
22634,0.22379088401794434,1764.765625
22635,0.19763851165771484,1767.3359375
22636,0.23192715644836426,1766.453125
22637,0.18940353393554688,1765.421875
22638,0.19405078887939453,1763.55859375
22639,0.22622442245483398,1764.45703125
22640,0.21375107765197754,1766.53515625
22641,0.21391940116882324,1764.68359375
22642,0.2396068572998047,1766.07421875
22643,0.22324466705322266,1764.42578125
22644,0.2889838218688965,1766.1484375
22645,0.28723812103271484,1767.7109375
22646,0.3121044635772705,1767.08203125
22647,0.25310707092285156,1765.796875
22648,0.23633217811584473,1766.8828125
22649,0.24024248123168945,1768.5546875
22650,0.22276592254638672,1768.78125
22651,0.2515866756439209,1767.546875
22652,0.21758532524108887,1768.390625
22653,0.2545657157897949,1768.19921875
22654,0.2444145679473877,1767.109375
22655,0.23230528831481934,1767.640625
22656,0.31892895698547363,1768.5703125
22657,0.2268667221069336,1769.54296875
22658,0.19648289680480957,1769.49609375
22659,0.23350000381469727,1768.265625
22660,0.24720287322998047,1769.91015625
22661,0.230759859085083,1768.51171875
22662,0.3116023540496826,1770.39453125
22663,0.13526034355163574,1768.8359375
22664,0.18241667747497559,1769.0390625
22665,0.2018747329711914,1769.05859375
22666,0.2699708938598633,1769.22265625
22667,0.276386022567749,1770.27734375
22668,0.272838830947876,1768.88671875
22669,0.24180173873901367,1770.2578125
22670,0.26092982292175293,1770.80859375
22671,0.23054790496826172,1772.34765625
22672,0.2501490116119385,1771.34375
22673,0.25619053840637207,1771.0546875
22674,0.3300514221191406,1772.203125
22675,0.274214506149292,1771.22265625
22676,0.27813100814819336,1770.609375
22677,0.20801472663879395,1771.88671875
22678,0.20029282569885254,1773.92578125
22679,0.18210268020629883,1771.4921875
22680,0.24980497360229492,1773.46484375
22681,0.12275195121765137,1772.765625
22682,0.21381711959838867,1770.55859375
22683,0.2124652862548828,1771.46484375
22684,0.18826627731323242,1772.07421875
22685,0.18398523330688477,1771.23828125
22686,0.22655558586120605,1773.2578125
22687,0.2701430320739746,1773.015625
22688,0.22259998321533203,1770.98828125
22689,0.2171154022216797,1771.515625
22690,0.2128126621246338,1770.95703125
22691,0.21508550643920898,1771.2890625
22692,0.18511629104614258,1770.7890625
22693,0.2276456356048584,1771.80078125
22694,0.24792814254760742,1771.296875
22695,0.21360397338867188,1771.1953125
22696,0.20975589752197266,1771.953125
22697,0.2599196434020996,1771.95703125
22698,0.21492242813110352,1771.08984375
22699,0.19592618942260742,1771.2578125
22700,0.2117917537689209,1772.4140625
22701,0.24501371383666992,1771.09765625
22702,0.23131871223449707,1770.89453125
22703,0.22025132179260254,1772.28515625
22704,0.28998899459838867,1772.06640625
22705,0.189378023147583,1770.7265625
22706,0.23872733116149902,1773.64453125
22707,0.24133896827697754,1773.875
22708,0.23288297653198242,1771.98828125
22709,0.21066069602966309,1774.5
22710,0.3032534122467041,1771.546875
22711,0.23731660842895508,1773.63671875
22712,0.22938299179077148,1773.82421875
22713,0.1563091278076172,1773.3125
22714,0.2773263454437256,1775.78515625
22715,0.20734548568725586,1775.2578125
22716,0.13324308395385742,1773.47265625
22717,0.1430678367614746,1776.17578125
22718,0.20554614067077637,1774.2421875
22719,0.20432376861572266,1774.1953125
22720,0.2131195068359375,1775.00390625
22721,0.22231054306030273,1773.35546875
22722,0.19568824768066406,1774.71875
22723,0.23343729972839355,1775.52734375
22724,0.21316289901733398,1774.77734375
22725,0.22688078880310059,1773.9140625
22726,0.23659110069274902,1774.515625
22727,0.21157336235046387,1775.78515625
22728,0.19504499435424805,1773.88671875
22729,0.20937752723693848,1774.51953125
22730,0.18322491645812988,1773.6875
22731,0.1822824478149414,1774.3515625
22732,0.1855638027191162,1778.2734375
22733,0.23397064208984375,1773.65234375
22734,0.16085505485534668,1775.640625
22735,0.17519927024841309,1773.69921875
22736,0.17897820472717285,1775.38671875
22737,0.20411086082458496,1777.51171875
22738,0.18482279777526855,1777.01953125
22739,0.18312549591064453,1774.82421875
22740,0.2055516242980957,1775.75
22741,0.2023930549621582,1774.75390625
22742,0.1927340030670166,1776.11328125
22743,0.17950749397277832,1774.03515625
22744,0.19905829429626465,1776.37890625
22745,0.19438815116882324,1776.42578125
22746,0.19066834449768066,1775.23046875
22747,0.23523330688476562,1776.9140625
22748,0.17756390571594238,1776.265625
22749,0.23838448524475098,1776.8125
22750,0.1576700210571289,1777.73828125
22751,0.21107149124145508,1778.69140625
22752,0.19821763038635254,1776.3125
22753,0.1855008602142334,1777.3515625
22754,0.18414807319641113,1779.1796875
22755,0.22230172157287598,1776.7890625
22756,0.2108464241027832,1777.52734375
22757,0.20134639739990234,1777.0234375
22758,0.17054104804992676,1778.61328125
22759,0.22873926162719727,1777.4453125
22760,0.21457958221435547,1777.13671875
22761,0.20409393310546875,1776.34375
22762,0.0968329906463623,1776.8125
22763,0.25458765029907227,1778.03125
22764,0.21039652824401855,1779.3359375
22765,0.21653342247009277,1777.90234375
22766,0.2545323371887207,1775.90234375
22767,0.20437860488891602,1777.7265625
22768,0.32585954666137695,1778.43359375
22769,0.15203475952148438,1780.30078125
22770,0.19620442390441895,1781.12109375
22771,0.19569945335388184,1776.91796875
22772,0.1820070743560791,1778.109375
22773,0.16298937797546387,1777.9453125
22774,0.22516202926635742,1778.8359375
22775,0.20551514625549316,1780.8671875
22776,0.21659088134765625,1778.41796875
22777,0.23997831344604492,1778.33203125
22778,0.23325753211975098,1779.83203125
22779,0.18242335319519043,1780.3828125
22780,0.223954439163208,1778.62890625
22781,0.23405218124389648,1782.07421875
22782,0.17761707305908203,1779.3125
22783,0.24986624717712402,1779.7109375
22784,0.19409728050231934,1778.32421875
22785,0.2586226463317871,1779.5859375
22786,0.23273396492004395,1781.25
22787,0.20045781135559082,1780.26171875
22788,0.16762852668762207,1781.75
22789,0.14621353149414062,1782.40625
22790,0.19352293014526367,1779.75390625
22791,0.21480202674865723,1781.0390625
22792,0.21015310287475586,1780.32421875
22793,0.2129194736480713,1782.0703125
22794,0.24346423149108887,1780.13671875
22795,0.2081615924835205,1781.51953125
22796,0.18052148818969727,1781.5625
22797,0.2089860439300537,1781.8828125
22798,0.20245051383972168,1780.6328125
22799,0.19280099868774414,1783.8359375
22800,0.18512415885925293,1783.3125
22801,0.17171263694763184,1780.7578125
22802,0.21496200561523438,1782.734375
22803,0.1799941062927246,1781.203125
22804,0.16045665740966797,1779.53515625
22805,0.26076412200927734,1781.6796875
22806,0.207672119140625,1780.0546875
22807,0.18597006797790527,1781.33984375
22808,0.12507939338684082,1781.5546875
22809,0.158524751663208,1782.12109375
22810,0.16838860511779785,1780.703125
22811,0.17232465744018555,1782.66015625
22812,0.21667695045471191,1782.71484375
22813,0.21231436729431152,1780.984375
22814,0.20567798614501953,1781.41015625
22815,0.21056461334228516,1782.77734375
22816,0.12668895721435547,1782.26953125
22817,0.18137216567993164,1782.4765625
22818,0.20059442520141602,1782.61328125
22819,0.2020738124847412,1783.3359375
22820,0.21258091926574707,1783.4296875
22821,0.19349980354309082,1782.703125
22822,0.23052573204040527,1782.1640625
22823,0.18907666206359863,1783.42578125
22824,0.21383118629455566,1783.15234375
22825,0.23237037658691406,1784.84375
22826,0.17643404006958008,1783.30078125
22827,0.1014091968536377,1783.546875
22828,0.24547171592712402,1782.046875
22829,0.13274025917053223,1781.91796875
22830,0.2157895565032959,1782.50390625
22831,0.06746387481689453,1782.0
22832,0.1722259521484375,1781.88671875
22833,0.20415425300598145,1783.9921875
22834,0.13593626022338867,1784.734375
22835,0.22214746475219727,1783.3046875
22836,0.21672844886779785,1783.21484375
22837,0.26105451583862305,1784.9453125
22838,0.2630925178527832,1786.95703125
22839,0.20720291137695312,1786.05078125
22840,0.31062984466552734,1785.5703125
22841,0.2010042667388916,1786.0546875
22842,0.21072602272033691,1785.7578125
22843,0.10702657699584961,1785.0
22844,0.18298029899597168,1785.4296875
22845,0.18825149536132812,1785.9453125
22846,0.15057706832885742,1784.7265625
22847,0.19577503204345703,1785.83203125
22848,0.23000884056091309,1786.0625
22849,0.13934612274169922,1786.5
22850,0.180955171585083,1785.78125
22851,0.20165634155273438,1785.375
22852,0.23324203491210938,1786.06640625
22853,0.24349665641784668,1787.3828125
22854,0.1827256679534912,1787.01953125
22855,0.23488569259643555,1786.453125
22856,0.2493577003479004,1788.6484375
22857,0.2005467414855957,1786.125
22858,0.21414685249328613,1788.7578125
22859,0.21225619316101074,1787.55859375
22860,0.2107231616973877,1788.29296875
22861,0.1587519645690918,1785.99609375
22862,0.2208104133605957,1788.890625
22863,0.30756044387817383,1787.6953125
22864,0.2203991413116455,1789.69921875
22865,0.24363112449645996,1789.71484375
22866,0.2304220199584961,1789.234375
22867,0.26021647453308105,1788.3984375
22868,0.22179961204528809,1790.25390625
22869,0.21733474731445312,1792.36328125
22870,0.21990132331848145,1789.77734375
22871,0.11980748176574707,1790.734375
22872,0.3125627040863037,1789.609375
22873,0.18991637229919434,1789.8671875
22874,0.18360066413879395,1790.9609375
22875,0.2548186779022217,1790.78125
22876,0.2114715576171875,1791.46484375
22877,0.2023296356201172,1790.7578125
22878,0.20990395545959473,1791.46875
22879,0.23290729522705078,1788.88671875
22880,0.24538183212280273,1790.515625
22881,0.23618626594543457,1791.37890625
22882,0.2189185619354248,1790.5234375
22883,0.24453353881835938,1788.2734375
22884,0.23510217666625977,1789.12109375
22885,0.27060770988464355,1789.5078125
22886,0.24416160583496094,1791.3046875
22887,0.2669353485107422,1790.91796875
22888,0.23943042755126953,1792.16796875
22889,0.25446128845214844,1791.0
22890,0.21402764320373535,1792.57421875
22891,0.23557567596435547,1789.71484375
22892,0.23595833778381348,1790.9140625
22893,0.23316502571105957,1792.14453125
22894,0.20433330535888672,1790.16015625
22895,0.1770949363708496,1790.51171875
22896,0.2117929458618164,1791.2890625
22897,0.19678330421447754,1791.5859375
22898,0.15541696548461914,1791.47265625
22899,0.1777639389038086,1791.13671875
22900,0.17941856384277344,1792.609375
22901,0.16669178009033203,1791.59765625
22902,0.2061600685119629,1792.1328125
22903,0.18366551399230957,1792.3359375
22904,0.3201267719268799,1794.40234375
22905,0.2555227279663086,1794.01171875
22906,0.21390700340270996,1794.6328125
22907,0.18145489692687988,1794.578125
22908,0.18988251686096191,1793.23046875
22909,0.1499929428100586,1792.10546875
22910,0.15846800804138184,1794.5625
22911,0.21231412887573242,1793.9296875
22912,0.20253252983093262,1793.484375
22913,0.18506717681884766,1791.8203125
22914,0.19845795631408691,1794.38671875
22915,0.20427894592285156,1792.21875
22916,0.16510748863220215,1794.01953125
22917,0.20464515686035156,1794.36328125
22918,0.18483328819274902,1794.57421875
22919,0.17849969863891602,1796.23828125
22920,0.21949362754821777,1795.77734375
22921,0.20126962661743164,1794.859375
22922,0.20442628860473633,1794.51953125
22923,0.1672956943511963,1794.16796875
22924,0.24766159057617188,1796.828125
22925,0.212172269821167,1795.41796875
22926,0.17507028579711914,1794.26171875
22927,0.2071537971496582,1792.12890625
22928,0.17829227447509766,1794.30859375
22929,0.20815730094909668,1792.9140625
22930,0.2161402702331543,1794.484375
22931,0.20727181434631348,1794.359375
22932,0.19101595878601074,1793.73828125
22933,0.18516826629638672,1795.59375
22934,0.18537068367004395,1795.1875
22935,0.21355342864990234,1794.39453125
22936,0.16564512252807617,1794.76953125
22937,0.21911048889160156,1797.3359375
22938,0.23962998390197754,1796.14453125
22939,0.2568840980529785,1795.5
22940,0.17751336097717285,1795.6796875
22941,0.19583559036254883,1796.828125
22942,0.09026932716369629,1794.83984375
22943,0.22258210182189941,1795.63671875
22944,0.17546677589416504,1797.33203125
22945,0.25702738761901855,1798.27734375
22946,0.19745635986328125,1797.58984375
22947,0.19835209846496582,1797.89453125
22948,0.1760718822479248,1797.359375
22949,0.08544349670410156,1798.7421875
22950,0.23793530464172363,1798.7890625
22951,0.19865870475769043,1799.125
22952,0.2218303680419922,1799.828125
22953,0.23122525215148926,1800.2734375
22954,0.19248509407043457,1800.33203125
22955,0.21573472023010254,1801.640625
22956,0.18284010887145996,1802.34765625
22957,0.1945185661315918,1801.33984375
22958,0.21786713600158691,1798.12109375
22959,0.1822659969329834,1798.890625
22960,0.18073678016662598,1799.08984375
22961,0.19551968574523926,1799.625
22962,0.2636096477508545,1798.58203125
22963,0.1482088565826416,1799.625
22964,0.14354467391967773,1799.64453125
22965,0.2302689552307129,1800.92578125
22966,0.1594243049621582,1799.78515625
22967,0.23308420181274414,1799.17578125
22968,0.1611042022705078,1800.6171875
22969,0.2214207649230957,1801.72265625
22970,0.25635504722595215,1801.55859375
22971,0.1908719539642334,1803.3359375
22972,0.24687743186950684,1801.8203125
22973,0.1983175277709961,1799.796875
22974,0.18968915939331055,1800.03515625
22975,0.18588018417358398,1803.04296875
22976,0.19939517974853516,1799.43359375
22977,0.20152068138122559,1799.74609375
22978,0.20169401168823242,1799.27734375
22979,0.17460060119628906,1801.1953125
22980,0.17714262008666992,1801.31640625
22981,0.21153903007507324,1799.859375
22982,0.19694232940673828,1801.95703125
22983,0.18767595291137695,1801.32421875
22984,0.22875070571899414,1801.68359375
22985,0.12295961380004883,1802.71875
22986,0.21116232872009277,1801.73828125
22987,0.2579514980316162,1801.33984375
22988,0.19243502616882324,1801.65234375
22989,0.20439839363098145,1801.203125
22990,0.19351887702941895,1801.3828125
22991,0.2161097526550293,1801.8671875
22992,0.17786622047424316,1803.30078125
22993,0.24091124534606934,1801.828125
22994,0.23506569862365723,1802.30859375
22995,0.17984485626220703,1802.22265625
22996,0.19977045059204102,1802.60546875
22997,0.20352649688720703,1802.85546875
22998,0.2824110984802246,1801.3828125
22999,0.20462894439697266,1802.3828125
23000,0.2114112377166748,1802.6328125
23001,0.1963644027709961,1803.515625
23002,0.19733166694641113,1803.12109375
23003,0.19391369819641113,1802.5625
23004,0.304166316986084,1803.80078125
23005,0.19222617149353027,1800.9453125
23006,0.2798497676849365,1801.5703125
23007,0.286881685256958,1804.81640625
23008,0.23047542572021484,1804.15625
23009,0.20005345344543457,1804.0
23010,0.2191152572631836,1804.140625
23011,0.18332147598266602,1804.703125
23012,0.21269440650939941,1805.45703125
23013,0.22161364555358887,1804.6171875
23014,0.19490885734558105,1804.4765625
23015,0.17390155792236328,1803.53125
23016,0.23775982856750488,1806.92578125
23017,0.24597668647766113,1804.6328125
23018,0.21248769760131836,1806.9140625
23019,0.2631089687347412,1805.4140625
23020,0.21209359169006348,1805.9296875
23021,0.2169935703277588,1806.3671875
23022,0.231065034866333,1807.53515625
23023,0.18993544578552246,1805.9140625
23024,0.16083407402038574,1807.99609375
23025,0.20679140090942383,1808.29296875
23026,0.22959136962890625,1808.5
23027,0.20574641227722168,1808.05859375
23028,0.19507551193237305,1808.05078125
23029,0.20508098602294922,1806.2265625
23030,0.19116425514221191,1807.98046875
23031,0.2254195213317871,1807.625
23032,0.20593690872192383,1807.1171875
23033,0.1923675537109375,1807.734375
23034,0.19701004028320312,1809.03515625
23035,0.19272541999816895,1809.82421875
23036,0.25005435943603516,1808.94140625
23037,0.20134568214416504,1809.48828125
23038,0.20482182502746582,1810.77734375
23039,0.17984938621520996,1810.94921875
23040,0.2072296142578125,1810.09765625
23041,0.26384735107421875,1811.00390625
23042,0.20743513107299805,1809.5859375
23043,0.15476346015930176,1811.23828125
23044,0.22789716720581055,1812.5234375
23045,0.18796753883361816,1809.9765625
23046,0.19931936264038086,1809.828125
23047,0.16579604148864746,1810.79296875
23048,0.2114877700805664,1811.7578125
23049,0.22262930870056152,1809.8515625
23050,0.21620512008666992,1810.37109375
23051,0.27413439750671387,1810.328125
23052,0.2132735252380371,1812.33203125
23053,0.22842121124267578,1810.21484375
23054,0.2028520107269287,1811.44140625
23055,0.22388148307800293,1811.046875
23056,0.20610904693603516,1810.33203125
23057,0.2602963447570801,1811.41015625
23058,0.19031047821044922,1812.125
23059,0.1868610382080078,1811.75390625
23060,0.24349474906921387,1811.45703125
23061,0.16094040870666504,1811.9921875
23062,0.18731904029846191,1810.90625
23063,0.1828005313873291,1814.43359375
23064,0.15244531631469727,1810.49609375
23065,0.14599108695983887,1810.80859375
23066,0.1493067741394043,1811.69140625
23067,0.164747953414917,1811.28515625
23068,0.172135591506958,1812.06640625
23069,0.1655576229095459,1811.375
23070,0.21443986892700195,1812.2109375
23071,0.17435169219970703,1811.9296875
23072,0.21653366088867188,1810.640625
23073,0.2158215045928955,1812.75390625
23074,0.25672316551208496,1816.37890625
23075,0.20633244514465332,1812.42578125
23076,0.26990437507629395,1813.01953125
23077,0.20682144165039062,1814.19921875
23078,0.2357041835784912,1815.140625
23079,0.3229987621307373,1815.3203125
23080,0.13962125778198242,1814.48046875
23081,0.2962501049041748,1813.71875
23082,0.2094097137451172,1813.33203125
23083,0.26748061180114746,1815.20703125
23084,0.2676382064819336,1813.72265625
23085,0.25650858879089355,1814.01953125
23086,0.38080835342407227,1815.4921875
23087,0.21203303337097168,1813.88671875
23088,0.20788192749023438,1813.1953125
23089,0.26143789291381836,1814.6484375
23090,0.24510693550109863,1815.65234375
23091,0.22032976150512695,1815.41015625
23092,0.12838053703308105,1813.73046875
23093,0.2595937252044678,1815.58984375
23094,0.28290414810180664,1815.02734375
23095,0.2419593334197998,1816.1015625
23096,0.20425033569335938,1815.28515625
23097,0.2527153491973877,1815.71875
23098,0.24710917472839355,1816.34375
23099,0.42137742042541504,1816.53125
23100,0.27770042419433594,1815.39453125
23101,0.22445964813232422,1817.609375
23102,0.31918764114379883,1815.390625
23103,0.23227453231811523,1816.01171875
23104,0.24521875381469727,1815.60546875
23105,0.3180248737335205,1816.70703125
23106,0.25209712982177734,1816.375
23107,0.2679557800292969,1818.40625
23108,0.26285552978515625,1818.19921875
23109,0.2684028148651123,1818.07421875
23110,0.2250971794128418,1818.51953125
23111,0.24004650115966797,1819.90625
23112,0.10907793045043945,1817.67578125
23113,0.19527411460876465,1817.9921875
23114,0.21756386756896973,1817.22265625
23115,0.1606295108795166,1818.7890625
23116,0.1882309913635254,1818.48828125
23117,0.2318286895751953,1816.54296875
23118,0.21927809715270996,1817.91796875
23119,0.23086237907409668,1818.03515625
23120,0.16952991485595703,1818.86328125
23121,0.1758580207824707,1818.0703125
23122,0.19722938537597656,1817.1953125
23123,0.19100046157836914,1817.9765625
23124,0.1739654541015625,1817.953125
23125,0.19502830505371094,1818.83203125
23126,0.19442081451416016,1817.76171875
23127,0.1810317039489746,1817.98828125
23128,0.1428203582763672,1816.73828125
23129,0.1933729648590088,1819.1953125
23130,0.2478780746459961,1820.0390625
23131,0.24779081344604492,1821.296875
23132,0.22713804244995117,1820.58984375
23133,0.1705920696258545,1820.75390625
23134,0.18147802352905273,1821.359375
23135,0.2157449722290039,1822.8671875
23136,0.23800301551818848,1820.6640625
23137,0.23903155326843262,1820.67578125
23138,0.20526838302612305,1823.97265625
23139,0.2390913963317871,1821.52734375
23140,0.18300986289978027,1821.80078125
23141,0.20549941062927246,1822.8984375
23142,0.2314150333404541,1822.31640625
23143,0.19162297248840332,1823.1875
23144,0.19375014305114746,1823.17578125
23145,0.19039249420166016,1821.859375
23146,0.21396613121032715,1819.640625
23147,0.2336902618408203,1821.99609375
23148,0.19560694694519043,1821.625
23149,0.20791172981262207,1822.14453125
23150,0.19548940658569336,1821.95703125
23151,0.151475191116333,1823.13671875
23152,0.2593238353729248,1824.0234375
23153,0.20496535301208496,1821.7578125
23154,0.19691252708435059,1820.47265625
23155,0.24172663688659668,1822.23828125
23156,0.19829154014587402,1822.0703125
23157,0.20247602462768555,1821.70703125
23158,0.23377394676208496,1823.18359375
23159,0.19472146034240723,1821.37109375
23160,0.17064261436462402,1822.26171875
23161,0.2570157051086426,1821.9609375
23162,0.20787882804870605,1823.140625
23163,0.25015711784362793,1823.56640625
23164,0.14937281608581543,1823.7578125
23165,0.23941588401794434,1822.74609375
23166,0.19047236442565918,1822.203125
23167,0.22889947891235352,1822.828125
23168,0.2127387523651123,1824.984375
23169,0.23299765586853027,1823.828125
23170,0.21668720245361328,1823.83984375
23171,0.22293472290039062,1825.078125
23172,0.15533852577209473,1824.83203125
23173,0.29611992835998535,1824.5859375
23174,0.06648540496826172,1823.9765625
23175,0.27899670600891113,1825.640625
23176,0.1418628692626953,1824.84765625
23177,0.2263808250427246,1826.75390625
23178,0.2098848819732666,1827.18359375
23179,0.21636199951171875,1824.9609375
23180,0.1939535140991211,1826.47265625
23181,0.19986224174499512,1824.41796875
23182,0.2188091278076172,1825.4921875
23183,0.19708704948425293,1826.23828125
23184,0.2156972885131836,1826.75390625
23185,0.19926905632019043,1825.44140625
23186,0.21361780166625977,1827.359375
23187,0.10583353042602539,1827.3359375
23188,0.25789523124694824,1825.6328125
23189,0.23803210258483887,1826.84765625
23190,0.2353975772857666,1827.88671875
23191,0.18590617179870605,1825.63671875
23192,0.19924592971801758,1827.9453125
23193,0.2180325984954834,1828.109375
23194,0.20563197135925293,1826.94140625
23195,0.24871087074279785,1828.7265625
23196,0.28167724609375,1828.0390625
23197,0.19507288932800293,1826.359375
23198,0.20654582977294922,1827.69140625
23199,0.10307073593139648,1829.29296875
23200,0.2129201889038086,1827.9375
23201,0.20861077308654785,1829.53515625
23202,0.191633939743042,1830.046875
23203,0.23000550270080566,1830.9765625
23204,0.25985217094421387,1829.1171875
23205,0.10527443885803223,1831.29296875
23206,0.19268226623535156,1829.7109375
23207,0.2517387866973877,1831.05859375
23208,0.17764997482299805,1830.015625
23209,0.27027249336242676,1831.1796875
23210,0.23243427276611328,1832.23828125
23211,0.19330930709838867,1831.62890625
23212,0.22924065589904785,1832.0546875
23213,0.26745080947875977,1831.15234375
23214,0.2105388641357422,1831.96875
23215,0.23704767227172852,1832.91796875
23216,0.21547842025756836,1832.7109375
23217,0.26202917098999023,1832.1328125
23218,0.20406365394592285,1832.828125
23219,0.200300931930542,1832.28125
23220,0.20093941688537598,1832.9375
23221,0.22586345672607422,1833.78125
23222,0.2143082618713379,1832.96484375
23223,0.22599339485168457,1834.0234375
23224,0.11667704582214355,1832.98828125
23225,0.20076966285705566,1833.4765625
23226,0.2099747657775879,1833.01953125
23227,0.2628304958343506,1833.23828125
23228,0.22021794319152832,1833.0390625
23229,0.2514207363128662,1833.921875
23230,0.3102898597717285,1833.69921875
23231,0.2248821258544922,1832.1015625
23232,0.26656651496887207,1834.09375
23233,0.24133563041687012,1832.68359375
23234,0.2694661617279053,1833.09375
23235,0.2562844753265381,1835.19140625
23236,0.2727491855621338,1833.6015625
23237,0.21299314498901367,1833.63671875
23238,0.29235386848449707,1834.0703125
23239,0.1408381462097168,1834.46484375
23240,0.17401981353759766,1834.30078125
23241,0.2750122547149658,1833.19140625
23242,0.19131112098693848,1831.7890625
23243,0.208662748336792,1835.16015625
23244,0.19939327239990234,1834.125
23245,0.22310447692871094,1833.796875
23246,0.23418116569519043,1835.5625
23247,0.20761418342590332,1834.85546875
23248,0.2123546600341797,1833.76171875
23249,0.22634458541870117,1834.8359375
23250,0.25301384925842285,1834.44921875
23251,0.22433733940124512,1835.91015625
23252,0.19482755661010742,1833.96484375
23253,0.2531161308288574,1836.29296875
23254,0.2080521583557129,1835.92578125
23255,0.21872663497924805,1836.56640625
23256,0.25582098960876465,1836.96875
23257,0.19704866409301758,1835.484375
23258,0.2141437530517578,1836.0
23259,0.1846773624420166,1836.953125
23260,0.22221016883850098,1837.1328125
23261,0.1832447052001953,1834.61328125
23262,0.20402121543884277,1835.296875
23263,0.21357250213623047,1835.8671875
23264,0.20499014854431152,1836.203125
23265,0.19117164611816406,1835.20703125
23266,0.20984745025634766,1835.41015625
23267,0.25334692001342773,1836.8359375
23268,0.275714635848999,1837.20703125
23269,0.2211589813232422,1836.953125
23270,0.1921827793121338,1837.578125
23271,0.23157954216003418,1836.42578125
23272,0.1975688934326172,1837.13671875
23273,0.3310701847076416,1837.02734375
23274,0.24937701225280762,1836.83984375
23275,0.25937771797180176,1837.16796875
23276,0.21587419509887695,1837.7578125
23277,0.26533007621765137,1838.87109375
23278,0.25466370582580566,1838.4765625
23279,0.22678589820861816,1837.25390625
23280,0.20513534545898438,1836.67578125
23281,0.201324462890625,1839.640625
23282,0.1852703094482422,1838.22265625
23283,0.23333048820495605,1839.34765625
23284,0.22902393341064453,1839.51171875
23285,0.28224658966064453,1840.9609375
23286,0.24069523811340332,1839.45703125
23287,0.12653493881225586,1838.609375
23288,0.1963052749633789,1838.59765625
23289,0.23943400382995605,1840.015625
23290,0.22095274925231934,1839.29296875
23291,0.20741796493530273,1839.93359375
23292,0.2001204490661621,1839.9453125
23293,0.2704174518585205,1840.13671875
23294,0.2878570556640625,1840.046875
23295,0.2436385154724121,1841.17578125
23296,0.2376410961151123,1841.4453125
23297,0.19531679153442383,1840.47265625
23298,0.20181632041931152,1841.19921875
23299,0.22653913497924805,1842.71484375
23300,0.20322561264038086,1840.86328125
23301,0.21294164657592773,1842.1328125
23302,0.21257519721984863,1841.3359375
23303,0.21640348434448242,1839.73828125
23304,0.21973586082458496,1842.046875
23305,0.21539688110351562,1841.48828125
23306,0.20294427871704102,1840.74609375
23307,0.204758882522583,1842.3515625
23308,0.2309434413909912,1840.40234375
23309,0.27831435203552246,1841.0234375
23310,0.15869688987731934,1841.53125
23311,0.2076432704925537,1842.5859375
23312,0.1988508701324463,1842.08203125
23313,0.2812192440032959,1844.18359375
23314,0.1994304656982422,1841.54296875
23315,0.19182586669921875,1841.30078125
23316,0.18114495277404785,1841.38671875
23317,0.21621227264404297,1844.06640625
23318,0.18889498710632324,1845.51953125
23319,0.2278425693511963,1844.4453125
23320,0.19337987899780273,1842.7578125
23321,0.20624470710754395,1842.8515625
23322,0.2408754825592041,1843.01171875
23323,0.21956276893615723,1845.36328125
23324,0.23376989364624023,1845.05078125
23325,0.2074124813079834,1843.9765625
23326,0.22399306297302246,1845.23046875
23327,0.23101544380187988,1843.99609375
23328,0.21918487548828125,1844.1171875
23329,0.23070192337036133,1844.359375
23330,0.2297351360321045,1843.22265625
23331,0.18922948837280273,1844.91796875
23332,0.25086212158203125,1844.390625
23333,0.22340106964111328,1847.140625
23334,0.21792125701904297,1845.53125
23335,0.23185110092163086,1844.8515625
23336,0.23854756355285645,1844.83984375
23337,0.2450699806213379,1847.625
23338,0.1350233554840088,1846.30078125
23339,0.2064809799194336,1845.984375
23340,0.18854570388793945,1846.34765625
23341,0.25231003761291504,1846.56640625
23342,0.2698545455932617,1846.8671875
23343,0.19508147239685059,1846.171875
23344,0.21346807479858398,1846.390625
23345,0.2402210235595703,1846.5
23346,0.20099425315856934,1846.2421875
23347,0.22626376152038574,1845.765625
23348,0.1779332160949707,1848.1015625
23349,0.27402496337890625,1846.6796875
23350,0.2798001766204834,1847.84375
23351,0.2854650020599365,1849.109375
23352,0.19105815887451172,1846.515625
23353,0.21077799797058105,1847.7265625
23354,0.22667336463928223,1848.91015625
23355,0.2697770595550537,1847.4453125
23356,0.2024078369140625,1846.640625
23357,0.23553180694580078,1849.359375
23358,0.2604999542236328,1847.4921875
23359,0.2675130367279053,1848.6640625
23360,0.24116134643554688,1849.84375
23361,0.1971132755279541,1848.19921875
23362,0.1979200839996338,1847.26171875
23363,0.2103278636932373,1847.375
23364,0.31107211112976074,1846.8203125
23365,0.2503054141998291,1846.80078125
23366,0.18430137634277344,1847.2109375
23367,0.2638664245605469,1847.49609375
23368,0.2460484504699707,1848.3984375
23369,0.2571558952331543,1848.25
23370,0.24909663200378418,1849.07421875
23371,0.21454668045043945,1848.828125
23372,0.2506275177001953,1848.96484375
23373,0.22001981735229492,1847.89453125
23374,0.21054553985595703,1847.3984375
23375,0.20335936546325684,1848.59375
23376,0.21565675735473633,1849.75
23377,0.1805553436279297,1849.1640625
23378,0.21018362045288086,1851.65234375
23379,0.2452685832977295,1846.6875
23380,0.20804238319396973,1849.8828125
23381,0.2444908618927002,1851.375
23382,0.23424005508422852,1849.44140625
23383,0.2036113739013672,1851.0625
23384,0.20963764190673828,1851.03515625
23385,0.24373292922973633,1851.578125
23386,0.2478318214416504,1850.80859375
23387,0.16843867301940918,1851.34375
23388,0.1721804141998291,1852.0546875
23389,0.1975560188293457,1851.8984375
23390,0.22946786880493164,1853.04296875
23391,0.24566650390625,1852.41796875
23392,0.21680593490600586,1854.80859375
23393,0.29302048683166504,1854.44140625
23394,0.26935815811157227,1855.0859375
23395,0.20586299896240234,1854.26171875
23396,0.23529744148254395,1856.0390625
23397,0.33504390716552734,1853.1640625
23398,0.24492740631103516,1853.23828125
23399,0.25717830657958984,1852.73046875
23400,0.24911069869995117,1855.01171875
23401,0.23459792137145996,1854.53125
23402,0.2622649669647217,1853.51171875
23403,0.270704984664917,1853.90234375
23404,0.26195764541625977,1855.52734375
23405,0.28186821937561035,1856.3125
23406,0.29965662956237793,1855.390625
23407,0.2674694061279297,1857.72265625
23408,0.2509582042694092,1855.53125
23409,0.2704603672027588,1857.9453125
23410,0.32074642181396484,1855.34375
23411,0.2049262523651123,1856.7421875
23412,0.28136301040649414,1855.6796875
23413,0.2579684257507324,1854.984375
23414,0.2741703987121582,1857.78125
23415,0.27014803886413574,1856.39453125
23416,0.20870542526245117,1857.08984375
23417,0.24561095237731934,1858.48046875
23418,0.2578084468841553,1857.48828125
23419,0.25545263290405273,1856.09765625
23420,0.3060767650604248,1858.0078125
23421,0.2741584777832031,1856.32421875
23422,0.2344353199005127,1856.69921875
23423,0.320559024810791,1855.69921875
23424,0.2777876853942871,1857.49609375
23425,0.32677531242370605,1859.421875
23426,0.3018503189086914,1858.05078125
23427,0.26741695404052734,1857.37890625
23428,0.13249874114990234,1858.52734375
23429,0.3040030002593994,1856.03515625
23430,0.30451297760009766,1860.06640625
23431,0.4680159091949463,1858.1875
23432,0.26965808868408203,1857.6875
23433,0.27699756622314453,1859.3515625
23434,0.319000244140625,1861.11328125
23435,0.32383012771606445,1859.94921875
23436,0.24860167503356934,1860.40625
23437,0.23941969871520996,1859.640625
23438,0.26798319816589355,1858.4609375
23439,0.22755670547485352,1859.83984375
23440,0.20627713203430176,1859.5
23441,0.10446476936340332,1860.19921875
23442,0.26503586769104004,1860.2890625
23443,0.24054169654846191,1860.4375
23444,0.21560192108154297,1858.8984375
23445,0.2321150302886963,1861.38671875
23446,0.20443964004516602,1860.703125
23447,0.16862154006958008,1857.73828125
23448,0.27411770820617676,1860.453125
23449,0.276381254196167,1860.1171875
23450,0.25855350494384766,1863.3984375
23451,0.2131040096282959,1861.5546875
23452,0.23100733757019043,1860.3828125
23453,0.22846269607543945,1858.98828125
23454,0.18944978713989258,1859.51953125
23455,0.2633800506591797,1862.02734375
23456,0.22116374969482422,1859.92578125
23457,0.24265551567077637,1860.70703125
23458,0.1753830909729004,1859.32421875
23459,0.2341933250427246,1859.859375
23460,0.2031865119934082,1861.0859375
23461,0.24083733558654785,1860.28125
23462,0.19679832458496094,1860.4765625
23463,0.2248673439025879,1860.72265625
23464,0.2975478172302246,1860.203125
23465,0.174332857131958,1861.37109375
23466,0.23895788192749023,1863.4609375
23467,0.26285791397094727,1859.6015625
23468,0.26929140090942383,1859.4921875
23469,0.20456957817077637,1860.859375
23470,0.17139363288879395,1861.1328125
23471,0.2299787998199463,1860.9765625
23472,0.14843463897705078,1860.6328125
23473,0.2447223663330078,1861.70703125
23474,0.21546578407287598,1859.49609375
23475,0.23340559005737305,1859.7265625
23476,0.2564213275909424,1861.4296875
23477,0.2770674228668213,1862.41015625
23478,0.21628546714782715,1862.078125
23479,0.2261810302734375,1860.7421875
23480,0.19354534149169922,1861.6953125
23481,0.2637939453125,1862.015625
23482,0.24214410781860352,1863.46875
23483,0.24921798706054688,1862.44140625
23484,0.20161128044128418,1863.08984375
23485,0.12740874290466309,1864.90625
23486,0.23082327842712402,1863.49609375
23487,0.2949659824371338,1864.03515625
23488,0.2442178726196289,1862.84375
23489,0.25981903076171875,1862.5
23490,0.24952912330627441,1862.65625
23491,0.2021341323852539,1861.84375
23492,0.2021923065185547,1864.27734375
23493,0.25365257263183594,1863.78515625
23494,0.25914978981018066,1863.10546875
23495,0.27036023139953613,1862.10546875
23496,0.23398637771606445,1862.5546875
23497,0.16590261459350586,1863.046875
23498,0.1801764965057373,1865.5546875
23499,0.2666966915130615,1861.0625
23500,0.17595362663269043,1863.078125
23501,0.23424983024597168,1864.66796875
23502,0.19138479232788086,1863.09765625
23503,0.20769333839416504,1864.6328125
23504,0.1893599033355713,1864.32421875
23505,0.19016385078430176,1862.515625
23506,0.19203853607177734,1863.921875
23507,0.18624019622802734,1863.203125
23508,0.17061805725097656,1862.08984375
23509,0.2332162857055664,1863.75
23510,0.17631196975708008,1865.6328125
23511,0.20995211601257324,1862.4765625
23512,0.2173917293548584,1864.4375
23513,0.18137383460998535,1864.02734375
23514,0.2153770923614502,1865.3671875
23515,0.19104909896850586,1863.6796875
23516,0.18961119651794434,1862.6953125
23517,0.2572000026702881,1863.79296875
23518,0.2355043888092041,1864.23046875
23519,0.20981764793395996,1864.5859375
23520,0.21381664276123047,1865.23046875
23521,0.1786787509918213,1867.1015625
23522,0.2390427589416504,1865.3984375
23523,0.30515551567077637,1867.69140625
23524,0.2864718437194824,1867.66796875
23525,0.256908655166626,1867.54296875
23526,0.23700618743896484,1867.3046875
23527,0.2247610092163086,1868.28125
23528,0.1871798038482666,1868.0390625
23529,0.19694757461547852,1867.98046875
23530,0.2021934986114502,1869.359375
23531,0.19513893127441406,1867.40234375
23532,0.2292182445526123,1867.80078125
23533,0.2544124126434326,1870.80078125
23534,0.21837997436523438,1867.6484375
23535,0.21439862251281738,1869.125
23536,0.21087288856506348,1870.0625
23537,0.23418736457824707,1868.55078125
23538,0.19078397750854492,1868.140625
23539,0.21767330169677734,1869.39453125
23540,0.11441469192504883,1867.77734375
23541,0.19385933876037598,1869.578125
23542,0.2419898509979248,1867.3515625
23543,0.13461017608642578,1868.02734375
23544,0.22344732284545898,1869.70703125
23545,0.22582578659057617,1869.69140625
23546,0.2524850368499756,1866.87109375
23547,0.231842041015625,1869.5859375
23548,0.1999664306640625,1870.04296875
23549,0.22582530975341797,1870.46484375
23550,0.23190736770629883,1869.3984375
23551,0.22821927070617676,1869.88671875
23552,0.23221969604492188,1868.54296875
23553,0.22560453414916992,1868.7578125
23554,0.24969887733459473,1869.2734375
23555,0.22280263900756836,1868.84375
23556,0.19965124130249023,1868.78515625
23557,0.16512441635131836,1868.4375
23558,0.14698147773742676,1868.32421875
23559,0.22916650772094727,1869.26953125
23560,0.23080062866210938,1871.1171875
23561,0.22086644172668457,1870.2421875
23562,0.2654757499694824,1871.11328125
23563,0.20636391639709473,1870.3203125
23564,0.18692278861999512,1869.5625
23565,0.22287201881408691,1870.98046875
23566,0.19232964515686035,1871.54296875
23567,0.2196180820465088,1871.41015625
23568,0.18212318420410156,1869.7421875
23569,0.1811823844909668,1871.3046875
23570,0.21353793144226074,1870.421875
23571,0.18305301666259766,1871.41015625
23572,0.21795964241027832,1871.42578125
23573,0.22243762016296387,1872.41015625
23574,0.1704573631286621,1872.2265625
23575,0.19670963287353516,1872.12890625
23576,0.24369168281555176,1872.625
23577,0.20925116539001465,1873.7734375
23578,0.24576187133789062,1873.2578125
23579,0.2322850227355957,1872.40234375
23580,0.20301437377929688,1872.98828125
23581,0.208970308303833,1871.7734375
23582,0.2086622714996338,1872.79296875
23583,0.19640588760375977,1874.671875
23584,0.1935586929321289,1875.7109375
23585,0.16799545288085938,1873.55078125
23586,0.14756298065185547,1873.953125
23587,0.2793772220611572,1874.19921875
23588,0.2480301856994629,1873.9609375
23589,0.2089242935180664,1874.1796875
23590,0.23749613761901855,1876.9453125
23591,0.22038698196411133,1875.76953125
23592,0.21033358573913574,1876.00390625
23593,0.2260417938232422,1876.2734375
23594,0.20598506927490234,1875.1796875
23595,0.22669148445129395,1874.0078125
23596,0.23709321022033691,1873.91796875
23597,0.19150662422180176,1874.87109375
23598,0.2259986400604248,1875.21875
23599,0.1918792724609375,1875.36328125
23600,0.21956324577331543,1874.05859375
23601,0.22747325897216797,1877.44140625
23602,0.20549702644348145,1876.4765625
23603,0.2537529468536377,1876.4609375
23604,0.20128154754638672,1874.6484375
23605,0.25134730339050293,1873.60546875
23606,0.16994214057922363,1877.59375
23607,0.2648899555206299,1874.65234375
23608,0.1417217254638672,1874.953125
23609,0.20869946479797363,1876.59375
23610,0.3343925476074219,1875.15625
23611,0.2559239864349365,1875.35546875
23612,0.24392008781433105,1877.6171875
23613,0.2449660301208496,1878.4296875
23614,0.2756795883178711,1879.01171875
23615,0.27620911598205566,1880.33984375
23616,0.23500370979309082,1879.2890625
23617,0.24161648750305176,1881.6171875
23618,0.28560352325439453,1879.0
23619,0.2588655948638916,1879.0859375
23620,0.21948504447937012,1879.0078125
23621,0.2887091636657715,1879.140625
23622,0.24804139137268066,1880.125
23623,0.22468256950378418,1879.7421875
23624,0.37590885162353516,1879.16796875
23625,0.2488853931427002,1879.48828125
23626,0.23540163040161133,1880.8125
23627,0.26322364807128906,1878.484375
23628,0.27947044372558594,1879.73828125
23629,0.261368989944458,1880.6484375
23630,0.28038573265075684,1879.28125
23631,0.25505900382995605,1876.65234375
23632,0.1983339786529541,1880.02734375
23633,0.23470568656921387,1880.83984375
23634,0.3155989646911621,1879.7734375
23635,0.22564268112182617,1879.60546875
23636,0.24010491371154785,1879.05859375
23637,0.2936270236968994,1881.1171875
23638,0.2717316150665283,1880.69921875
23639,0.3124825954437256,1879.97265625
23640,0.17623591423034668,1879.20703125
23641,0.24482464790344238,1880.33984375
23642,0.2653975486755371,1881.19921875
23643,0.25543832778930664,1880.2890625
23644,0.22131681442260742,1883.82421875
23645,0.22362136840820312,1881.15625
23646,0.25614047050476074,1883.546875
23647,0.2674825191497803,1883.5703125
23648,0.2530381679534912,1883.66015625
23649,0.22842097282409668,1882.046875
23650,0.23026657104492188,1882.26953125
23651,0.2145063877105713,1882.10546875
23652,0.1954653263092041,1883.203125
23653,0.19182252883911133,1882.0859375
23654,0.22490859031677246,1881.83984375
23655,0.25151562690734863,1882.8828125
23656,0.16542625427246094,1884.1953125
23657,0.2407071590423584,1884.375
23658,0.20098352432250977,1883.1484375
23659,0.1524965763092041,1883.890625
23660,0.24544644355773926,1883.92578125
23661,0.23582863807678223,1884.24609375
23662,0.21004724502563477,1885.23828125
23663,0.26794981956481934,1884.0234375
23664,0.2567903995513916,1884.046875
23665,0.21832036972045898,1884.14453125
23666,0.1975235939025879,1883.859375
23667,0.19041776657104492,1884.890625
23668,0.21108365058898926,1884.82421875
23669,0.22472381591796875,1885.078125
23670,0.24896526336669922,1884.03125
23671,0.221923828125,1886.44140625
23672,0.22783350944519043,1883.16796875
23673,0.1904306411743164,1884.58984375
23674,0.22755718231201172,1884.67578125
23675,0.14249849319458008,1885.0546875
23676,0.21056127548217773,1883.98046875
23677,0.21821975708007812,1884.3203125
23678,0.14912724494934082,1884.41015625
23679,0.21641945838928223,1886.11328125
23680,0.23995590209960938,1886.62890625
23681,0.14398598670959473,1885.30078125
23682,0.18497395515441895,1884.18359375
23683,0.11958742141723633,1883.71484375
23684,0.22112059593200684,1883.50390625
23685,0.20992684364318848,1884.95703125
23686,0.16793584823608398,1883.70703125
23687,0.23424315452575684,1883.8359375
23688,0.27620530128479004,1885.3515625
23689,0.3325684070587158,1889.125
23690,0.2310018539428711,1887.14453125
23691,0.21755480766296387,1886.390625
23692,0.2636888027191162,1886.515625
23693,0.23225641250610352,1885.30859375
23694,0.1740257740020752,1887.28515625
23695,0.2124488353729248,1886.98828125
23696,0.21658968925476074,1886.4765625
23697,0.2222764492034912,1885.7265625
23698,0.19449877738952637,1885.6328125
23699,0.2393031120300293,1886.8515625
23700,0.22271203994750977,1886.99609375
23701,0.26087498664855957,1885.78125
23702,0.2274188995361328,1885.89453125
23703,0.18047809600830078,1886.87890625
23704,0.252591609954834,1887.94140625
23705,0.1927182674407959,1885.42578125
23706,0.20230722427368164,1886.01171875
23707,0.20747113227844238,1886.48046875
23708,0.23237991333007812,1888.16015625
23709,0.22158265113830566,1887.12109375
23710,0.290510892868042,1889.1328125
23711,0.19321656227111816,1886.59375
23712,0.22491908073425293,1888.42578125
23713,0.20167088508605957,1887.1015625
23714,0.2133042812347412,1889.63671875
23715,0.21522068977355957,1888.3671875
23716,0.23876261711120605,1891.0546875
23717,0.206953763961792,1892.484375
23718,0.22455739974975586,1891.5078125
23719,0.2023019790649414,1891.515625
23720,0.26889467239379883,1890.34765625
23721,0.30520176887512207,1890.38671875
23722,0.22460198402404785,1889.765625
23723,0.2379910945892334,1891.15625
23724,0.2606165409088135,1889.74609375
23725,0.25689053535461426,1891.23046875
23726,0.22356724739074707,1890.5859375
23727,0.2273569107055664,1890.98828125
23728,0.21247410774230957,1890.75
23729,0.2476181983947754,1889.9453125
23730,0.2059154510498047,1889.68359375
23731,0.23136091232299805,1891.453125
23732,0.22040033340454102,1892.38671875
23733,0.2347869873046875,1891.7578125
23734,0.2655644416809082,1891.91796875
23735,0.2312016487121582,1894.0546875
23736,0.14568781852722168,1892.421875
23737,0.19677209854125977,1891.43359375
23738,0.20491313934326172,1891.5625
23739,0.2918224334716797,1892.94921875
23740,0.23457598686218262,1893.29296875
23741,0.2377309799194336,1894.60546875
23742,0.2218015193939209,1893.85546875
23743,0.2283473014831543,1893.65234375
23744,0.1620771884918213,1892.1015625
23745,0.23584842681884766,1894.0859375
23746,0.20227432250976562,1892.68359375
23747,0.2432265281677246,1895.69921875
23748,0.258375883102417,1894.73046875
23749,0.2386305332183838,1895.72265625
23750,0.26975226402282715,1894.51953125
23751,0.2508819103240967,1893.98046875
23752,0.17588448524475098,1895.14453125
23753,0.2537362575531006,1894.55078125
23754,0.25554943084716797,1895.0
23755,0.27341270446777344,1894.62890625
23756,0.2267289161682129,1894.17578125
23757,0.21574664115905762,1893.00390625
23758,0.2562391757965088,1895.6015625
23759,0.2370147705078125,1894.84765625
23760,0.26746487617492676,1894.73828125
23761,0.23177409172058105,1894.96484375
23762,0.2192521095275879,1894.64453125
23763,0.22442889213562012,1895.56640625
23764,0.22952914237976074,1896.765625
23765,0.26424479484558105,1893.16015625
23766,0.2668592929840088,1895.4453125
23767,0.2299034595489502,1894.14453125
23768,0.27011942863464355,1894.19921875
23769,0.2651526927947998,1894.5078125
23770,0.2360551357269287,1895.1796875
23771,0.22719740867614746,1892.03515625
23772,0.28275465965270996,1894.171875
23773,0.23160672187805176,1894.64453125
23774,0.24110698699951172,1894.17578125
23775,0.26227450370788574,1896.234375
23776,0.28895044326782227,1895.31640625
23777,0.2501063346862793,1894.82421875
23778,0.24590229988098145,1897.21875
23779,0.2366786003112793,1896.30859375
23780,0.2860383987426758,1895.83984375
23781,0.22765183448791504,1898.11328125
23782,0.2197732925415039,1897.41796875
23783,0.2754654884338379,1896.28515625
23784,0.25998878479003906,1898.359375
23785,0.2666935920715332,1896.31640625
23786,0.26329874992370605,1896.59765625
23787,0.21515774726867676,1896.85546875
23788,0.2317342758178711,1898.58203125
23789,0.2364792823791504,1898.43359375
23790,0.2504613399505615,1898.7890625
23791,0.3169288635253906,1898.12890625
23792,0.21746015548706055,1900.375
23793,0.22231435775756836,1899.6875
23794,0.28286004066467285,1900.828125
23795,0.286653995513916,1898.58984375
23796,0.24148082733154297,1899.1484375
23797,0.2843317985534668,1899.58203125
23798,0.27066946029663086,1900.2578125
23799,0.2162618637084961,1899.640625
23800,0.23140931129455566,1901.55078125
23801,0.19889140129089355,1901.28125
23802,0.24862289428710938,1898.73828125
23803,0.22461199760437012,1900.91796875
23804,0.20106267929077148,1899.48828125
23805,0.16782069206237793,1899.73828125
23806,0.21097207069396973,1902.6328125
23807,0.2253110408782959,1901.08203125
23808,0.22400116920471191,1899.3515625
23809,0.26416897773742676,1903.515625
23810,0.23389482498168945,1899.52734375
23811,0.2241652011871338,1902.26171875
23812,0.22791314125061035,1901.18359375
23813,0.3890702724456787,1900.140625
23814,0.2219860553741455,1899.75390625
23815,0.24223113059997559,1901.0546875
23816,0.26154375076293945,1901.0625
23817,0.1990504264831543,1900.0
23818,0.25021910667419434,1901.1015625
23819,0.23374247550964355,1901.4453125
23820,0.2325901985168457,1902.44921875
23821,0.2272195816040039,1901.23828125
23822,0.11641645431518555,1900.18359375
23823,0.23609089851379395,1901.9921875
23824,0.20289826393127441,1900.8203125
23825,0.18816232681274414,1901.55078125
23826,0.2191941738128662,1905.29296875
23827,0.24599170684814453,1902.4375
23828,0.19731712341308594,1901.140625
23829,0.23188495635986328,1903.4609375
23830,0.18930530548095703,1902.28125
23831,0.23642444610595703,1901.4921875
23832,0.17699813842773438,1902.640625
23833,0.22345709800720215,1900.6953125
23834,0.2447509765625,1903.16015625
23835,0.19858765602111816,1900.91015625
23836,0.20308780670166016,1902.73046875
23837,0.21495985984802246,1905.73828125
23838,0.21930527687072754,1904.90625
23839,0.23760533332824707,1904.5
23840,0.23645877838134766,1904.1328125
23841,0.20946431159973145,1904.42578125
23842,0.19216442108154297,1903.62890625
23843,0.21417880058288574,1903.296875
23844,0.20423054695129395,1905.28515625
23845,0.2361927032470703,1904.54296875
23846,0.22444510459899902,1906.37109375
23847,0.29618072509765625,1904.37890625
23848,0.19128656387329102,1903.9296875
23849,0.20227479934692383,1902.7734375
23850,0.20386481285095215,1903.4140625
23851,0.21575164794921875,1905.25390625
23852,0.2670896053314209,1903.703125
23853,0.19338607788085938,1904.75
23854,0.22330379486083984,1906.99609375
23855,0.27610135078430176,1904.2890625
23856,0.19872760772705078,1904.82421875
23857,0.2422628402709961,1905.1640625
23858,0.21050620079040527,1904.3984375
23859,0.22984838485717773,1903.6171875
23860,0.2557342052459717,1903.41015625
23861,0.20891928672790527,1903.8671875
23862,0.22873210906982422,1905.08984375
23863,0.22512269020080566,1904.69140625
23864,0.19291925430297852,1905.484375
23865,0.22678184509277344,1906.70703125
23866,0.19853520393371582,1904.703125
23867,0.23606395721435547,1905.84375
23868,0.23190689086914062,1905.91015625
23869,0.22543931007385254,1906.0390625
23870,0.1979234218597412,1906.54296875
23871,0.25521278381347656,1907.89453125
23872,0.2449352741241455,1907.48828125
23873,0.22604799270629883,1907.45703125
23874,0.16683554649353027,1907.84765625
23875,0.11138129234313965,1907.6796875
23876,0.20694398880004883,1906.01953125
23877,0.1752605438232422,1906.93359375
23878,0.21984195709228516,1908.48828125
23879,0.19808316230773926,1908.26171875
23880,0.21189117431640625,1906.19140625
23881,0.21978211402893066,1907.11328125
23882,0.22069096565246582,1907.203125
23883,0.18092584609985352,1906.46484375
23884,0.19209671020507812,1907.69140625
23885,0.2052135467529297,1907.34375
23886,0.2249889373779297,1905.515625
23887,0.18088483810424805,1906.05078125
23888,0.18019723892211914,1905.61328125
23889,0.14599108695983887,1905.890625
23890,0.1880509853363037,1907.265625
23891,0.17992734909057617,1908.453125
23892,0.2308664321899414,1906.85546875
23893,0.2125692367553711,1908.5703125
23894,0.20623302459716797,1908.4375
23895,0.22988271713256836,1908.0703125
23896,0.2323141098022461,1910.875
23897,0.20723462104797363,1906.62890625
23898,0.20038652420043945,1906.84765625
23899,0.20856213569641113,1908.24609375
23900,0.14116907119750977,1909.609375
23901,0.19338345527648926,1907.015625
23902,0.18055129051208496,1907.55078125
23903,0.2444286346435547,1908.93359375
23904,0.2195453643798828,1909.890625
23905,0.2216804027557373,1908.98046875
23906,0.19500112533569336,1910.3359375
23907,0.17333769798278809,1908.0
23908,0.2207326889038086,1907.671875
23909,0.2051539421081543,1909.5859375
23910,0.22449898719787598,1909.52734375
23911,0.19673681259155273,1909.90625
23912,0.197645902633667,1909.3671875
23913,0.24723029136657715,1910.3125
23914,0.232771635055542,1909.953125
23915,0.18921756744384766,1909.80859375
23916,0.19382286071777344,1911.40625
23917,0.2226734161376953,1911.9609375
23918,0.19047093391418457,1912.2265625
23919,0.17875027656555176,1911.43359375
23920,0.12711596488952637,1911.12890625
23921,0.23207378387451172,1911.01953125
23922,0.1630406379699707,1911.90625
23923,0.22857880592346191,1913.60546875
23924,0.18425989151000977,1911.74609375
23925,0.15049958229064941,1911.13671875
23926,0.20157456398010254,1913.24609375
23927,0.18644976615905762,1910.96484375
23928,0.23692727088928223,1913.6171875
23929,0.20320725440979004,1912.32421875
23930,0.2092454433441162,1911.69921875
23931,0.13747835159301758,1910.90234375
23932,0.24749302864074707,1912.26171875
23933,0.180389404296875,1912.05859375
23934,0.17664098739624023,1913.57421875
23935,0.23236536979675293,1912.66015625
23936,0.26102280616760254,1916.67578125
23937,0.2307436466217041,1913.33203125
23938,0.20791196823120117,1913.7890625
23939,0.2430891990661621,1913.5859375
23940,0.24732232093811035,1914.98046875
23941,0.24598169326782227,1913.7578125
23942,0.1835029125213623,1915.06640625
23943,0.22244024276733398,1913.078125
23944,0.22498726844787598,1915.109375
23945,0.26445436477661133,1915.04296875
23946,0.22704648971557617,1914.80078125
23947,0.2140951156616211,1915.32421875
23948,0.23595428466796875,1916.24609375
23949,0.267850399017334,1916.07421875
23950,0.24686622619628906,1916.04296875
23951,0.22765541076660156,1917.34375
23952,0.235762357711792,1913.29296875
23953,0.20971202850341797,1917.390625
23954,0.1778123378753662,1916.32421875
23955,0.24715042114257812,1917.09375
23956,0.18549871444702148,1916.34375
23957,0.1970362663269043,1915.55078125
23958,0.20083022117614746,1915.55859375
23959,0.1107795238494873,1917.77734375
23960,0.2094588279724121,1916.83203125
23961,0.18355846405029297,1917.49609375
23962,0.2941582202911377,1915.75
23963,0.26337289810180664,1915.93359375
23964,0.23506498336791992,1917.28125
23965,0.190948486328125,1916.15234375
23966,0.22773957252502441,1916.30859375
23967,0.21388673782348633,1918.98828125
23968,0.23968505859375,1917.72265625
23969,0.20265936851501465,1917.828125
23970,0.22192978858947754,1917.3046875
23971,0.23366260528564453,1915.19921875
23972,0.22577762603759766,1916.89453125
23973,0.3143177032470703,1917.98046875
23974,0.243269681930542,1916.91796875
23975,0.22934174537658691,1917.47265625
23976,0.14569425582885742,1917.40234375
23977,0.2838308811187744,1918.921875
23978,0.2424013614654541,1917.05859375
23979,0.24685263633728027,1919.68359375
23980,0.25305962562561035,1917.40234375
23981,0.2563490867614746,1918.2265625
23982,0.2989535331726074,1915.73828125
23983,0.23021864891052246,1918.7890625
23984,0.21719670295715332,1918.1484375
23985,0.19327306747436523,1918.71484375
23986,0.2576432228088379,1917.4921875
23987,0.2622568607330322,1918.73828125
23988,0.26596903800964355,1917.8359375
23989,0.24181723594665527,1918.7578125
23990,0.2406294345855713,1920.0234375
23991,0.23584246635437012,1920.36328125
23992,0.27040910720825195,1920.95703125
23993,0.23502779006958008,1920.98828125
23994,0.2142484188079834,1921.51953125
23995,0.2407398223876953,1842.92578125
23996,0.2347579002380371,1793.35546875
23997,0.28744959831237793,1793.12890625
23998,0.25052976608276367,1793.08984375
23999,0.3008296489715576,1795.3515625
24000,0.32941222190856934,1794.29296875
24001,0.2899653911590576,1795.12890625
24002,0.30606675148010254,1795.703125
24003,0.21879172325134277,1795.63671875
24004,0.22950005531311035,1793.68359375
24005,0.2778019905090332,1794.79296875
24006,0.2138378620147705,1793.1640625
24007,0.2167503833770752,1793.37890625
24008,0.23733901977539062,1793.15234375
24009,0.21313953399658203,1794.1328125
24010,0.19508624076843262,1794.01953125
24011,0.24127817153930664,1794.66015625
24012,0.22251033782958984,1795.0078125
24013,0.2147829532623291,1793.953125
24014,0.19507932662963867,1793.203125
24015,0.23050379753112793,1793.26171875
24016,0.24487829208374023,1793.57421875
24017,0.2638089656829834,1794.75
24018,0.2369234561920166,1793.96875
24019,0.2243664264678955,1794.96484375
24020,0.1979053020477295,1793.6328125
24021,0.25992584228515625,1795.21484375
24022,0.21576189994812012,1794.48828125
24023,0.12917327880859375,1795.26953125
24024,0.23322820663452148,1795.03125
24025,0.1920180320739746,1795.3515625
24026,0.2239665985107422,1794.9296875
24027,0.17627644538879395,1795.6171875
24028,0.16470694541931152,1795.20703125
24029,0.20367932319641113,1796.0703125
24030,0.25508713722229004,1796.1640625
24031,0.1467914581298828,1796.41796875
24032,0.15592670440673828,1794.30078125
24033,0.21711444854736328,1796.9296875
24034,0.2277979850769043,1796.7890625
24035,0.24097371101379395,1798.7421875
24036,0.2250993251800537,1795.96875
24037,0.23778033256530762,1796.75390625
24038,0.25121188163757324,1796.87109375
24039,0.2759878635406494,1797.80859375
24040,0.183516263961792,1799.53515625
24041,0.21572303771972656,1798.953125
24042,0.24105191230773926,1798.66015625
24043,0.24153947830200195,1799.26953125
24044,0.2088930606842041,1799.33203125
24045,0.20229578018188477,1797.97265625
24046,0.2280433177947998,1799.515625
24047,0.28917646408081055,1798.3828125
24048,0.17592883110046387,1798.8046875
24049,0.2367539405822754,1798.36328125
24050,0.22125577926635742,1797.8828125
24051,0.26187682151794434,1798.875
24052,0.2639157772064209,1800.453125
24053,0.2285933494567871,1799.765625
24054,0.23532342910766602,1800.63671875
24055,0.2113349437713623,1800.1328125
24056,0.20197486877441406,1799.03125
24057,0.1804676055908203,1797.84765625
24058,0.13538193702697754,1798.0703125
24059,0.2124171257019043,1799.80078125
24060,0.21299529075622559,1800.140625
24061,0.22222185134887695,1798.375
24062,0.20446419715881348,1799.70703125
24063,0.12731051445007324,1797.93359375
24064,0.2374730110168457,1800.06640625
24065,0.19916486740112305,1799.2578125
24066,0.19867348670959473,1797.9921875
24067,0.2225956916809082,1799.75390625
24068,0.1802356243133545,1801.0390625
24069,0.21102356910705566,1799.48046875
24070,0.26886606216430664,1799.921875
24071,0.20603036880493164,1800.7734375
24072,0.19058895111083984,1799.53515625
24073,0.1664419174194336,1800.5390625
24074,0.28322505950927734,1802.13671875
24075,0.23418807983398438,1802.26953125
24076,0.15407776832580566,1802.484375
24077,0.1900033950805664,1801.484375
24078,0.22321367263793945,1802.828125
24079,0.20616841316223145,1800.67578125
24080,0.20287823677062988,1801.9296875
24081,0.21483469009399414,1807.1875
24082,0.18378067016601562,1801.5703125
24083,0.2159409523010254,1800.76171875
24084,0.21683549880981445,1801.51953125
24085,0.20037293434143066,1801.0234375
24086,0.24334931373596191,1803.0
24087,0.21099591255187988,1802.5859375
24088,0.22365045547485352,1804.44921875
24089,0.09489607810974121,1803.4140625
24090,0.25804924964904785,1803.5
24091,0.2142632007598877,1803.796875
24092,0.22898578643798828,1804.69140625
24093,0.24054670333862305,1803.3671875
24094,0.2578747272491455,1803.64453125
24095,0.22826743125915527,1805.69921875
24096,0.22768902778625488,1804.62109375
24097,0.17996954917907715,1805.14453125
24098,0.2134842872619629,1805.1328125
24099,0.296506404876709,1804.40234375
24100,0.23340177536010742,1805.82421875
24101,0.2697157859802246,1807.23828125
24102,0.25023770332336426,1805.8984375
24103,0.2224438190460205,1805.17578125
24104,0.21175861358642578,1808.08984375
24105,0.21825289726257324,1806.97265625
24106,0.18401384353637695,1806.08984375
24107,0.21131014823913574,1805.8984375
24108,0.2744157314300537,1807.5390625
24109,0.22139430046081543,1809.41015625
24110,0.2242906093597412,1807.08984375
24111,0.18462157249450684,1807.3046875
24112,0.22980713844299316,1805.96875
24113,0.20935583114624023,1806.17578125
24114,0.23436903953552246,1808.2734375
24115,0.25302553176879883,1806.58203125
24116,0.2538027763366699,1809.4609375
24117,0.16123175621032715,1806.97265625
24118,0.1766808032989502,1806.5390625
24119,0.297133207321167,1809.37890625
24120,0.2318272590637207,1807.96484375
24121,0.2390906810760498,1809.05078125
24122,0.23595499992370605,1810.20703125
24123,0.23992490768432617,1808.0234375
24124,0.20052337646484375,1807.0390625
24125,0.22355103492736816,1808.80078125
24126,0.23155546188354492,1810.08203125
24127,0.20359158515930176,1809.02734375
24128,0.19878101348876953,1808.5
24129,0.25075864791870117,1808.7265625
24130,0.19513297080993652,1807.89453125
24131,0.25425171852111816,1809.98828125
24132,0.21196508407592773,1808.9140625
24133,0.22985363006591797,1809.91015625
24134,0.2809925079345703,1810.89453125
24135,0.17544078826904297,1808.37109375
24136,0.25805163383483887,1810.9296875
24137,0.22189903259277344,1809.09765625
24138,0.24705219268798828,1807.87109375
24139,0.20158720016479492,1811.21484375
24140,0.22966933250427246,1811.13671875
24141,0.22263526916503906,1808.91796875
24142,0.26198673248291016,1808.2890625
24143,0.20010900497436523,1811.2890625
24144,0.258392333984375,1810.140625
24145,0.20583105087280273,1808.4453125
24146,0.25234222412109375,1809.50390625
24147,0.23278546333312988,1811.42578125
24148,0.2034158706665039,1810.78515625
24149,0.2561962604522705,1810.2421875
24150,0.2003641128540039,1811.77734375
24151,0.2441263198852539,1811.203125
24152,0.2370309829711914,1810.6640625
24153,0.16688752174377441,1810.81640625
24154,0.27957987785339355,1812.51953125
24155,0.28542470932006836,1812.3671875
24156,0.24109745025634766,1811.328125
24157,0.25054335594177246,1814.59375
24158,0.26659154891967773,1812.3203125
24159,0.2200167179107666,1811.234375
24160,0.2765641212463379,1813.46875
24161,0.2173454761505127,1812.859375
24162,0.22674083709716797,1811.921875
24163,0.21854758262634277,1811.5
24164,0.24043703079223633,1812.01171875
24165,0.24286603927612305,1814.94140625
24166,0.27291035652160645,1812.79296875
24167,0.2603790760040283,1814.50390625
24168,0.18844103813171387,1811.390625
24169,0.24869418144226074,1811.5859375
24170,0.24460530281066895,1812.05859375
24171,0.23852801322937012,1811.6328125
24172,0.24088621139526367,1811.7890625
24173,0.2108287811279297,1810.90625
24174,0.2617471218109131,1812.23046875
24175,0.2578139305114746,1811.24609375
24176,0.15820550918579102,1813.97265625
24177,0.31674838066101074,1812.35546875
24178,0.2710130214691162,1812.9921875
24179,0.22442173957824707,1813.7109375
24180,0.23734045028686523,1812.10546875
24181,0.23173284530639648,1813.34375
24182,0.22835326194763184,1812.90234375
24183,0.16761255264282227,1812.296875
24184,0.22288131713867188,1813.953125
24185,0.2303764820098877,1812.65625
24186,0.2288343906402588,1813.9453125
24187,0.20335602760314941,1813.01953125
24188,0.30427002906799316,1811.8671875
24189,0.20068001747131348,1813.42578125
24190,0.17950797080993652,1812.68359375
24191,0.26728081703186035,1812.046875
24192,0.19092965126037598,1812.9765625
24193,0.11301660537719727,1810.609375
24194,0.2996394634246826,1813.0703125
24195,0.27924108505249023,1815.74609375
24196,0.30617189407348633,1815.25
24197,0.27442479133605957,1814.95703125
24198,0.2488415241241455,1817.2890625
24199,0.23955535888671875,1815.50390625
24200,0.20814776420593262,1814.46875
24201,0.27739500999450684,1815.453125
24202,0.2604038715362549,1815.4921875
24203,0.2349257469177246,1817.9296875
24204,0.26236987113952637,1814.796875
24205,0.2852821350097656,1817.08203125
24206,0.24562954902648926,1816.6015625
24207,0.29092860221862793,1817.546875
24208,0.25675392150878906,1817.1640625
24209,0.2348308563232422,1816.7109375
24210,0.21911144256591797,1815.8359375
24211,0.237837553024292,1817.77734375
24212,0.23708128929138184,1816.95703125
24213,0.2302868366241455,1817.63671875
24214,0.14080309867858887,1817.44140625
24215,0.2621302604675293,1818.5859375
24216,0.3887355327606201,1818.296875
24217,0.20908451080322266,1818.33984375
24218,0.2530193328857422,1820.37890625
24219,0.25241899490356445,1818.359375
24220,0.11124920845031738,1817.89453125
24221,0.22478699684143066,1818.27734375
24222,0.23998093605041504,1819.8203125
24223,0.21805763244628906,1818.015625
24224,0.20772790908813477,1819.6484375
24225,0.28710412979125977,1818.921875
24226,0.26486825942993164,1818.57421875
24227,0.2101154327392578,1820.41015625
24228,0.19584918022155762,1821.3515625
24229,0.17502498626708984,1818.875
24230,0.19602584838867188,1818.58203125
24231,0.20875883102416992,1818.9140625
24232,0.2325296401977539,1823.85546875
24233,0.20424413681030273,1819.20703125
24234,0.21607542037963867,1819.79296875
24235,0.2417447566986084,1821.84765625
24236,0.26349639892578125,1819.4609375
24237,0.2302396297454834,1820.02734375
24238,0.18453621864318848,1819.06640625
24239,0.19215106964111328,1820.7578125
24240,0.24547386169433594,1820.57421875
24241,0.23208093643188477,1822.8203125
24242,0.23194384574890137,1821.53515625
24243,0.2483062744140625,1821.2265625
24244,0.22772789001464844,1823.46875
24245,0.27094125747680664,1823.01171875
24246,0.2523791790008545,1822.390625
24247,0.22097444534301758,1822.84375
24248,0.26662349700927734,1822.1875
24249,0.22376799583435059,1823.44140625
24250,0.22045660018920898,1821.5
24251,0.210219144821167,1823.6171875
24252,0.2729799747467041,1823.671875
24253,0.2481522560119629,1823.453125
24254,0.22662138938903809,1825.171875
24255,0.2539341449737549,1823.19921875
24256,0.25421595573425293,1821.9296875
24257,0.25145816802978516,1821.625
24258,0.2469165325164795,1823.91015625
24259,0.28152918815612793,1824.26953125
24260,0.24706792831420898,1823.625
24261,0.22518134117126465,1824.9609375
24262,0.20888185501098633,1825.31640625
24263,0.19642305374145508,1824.6484375
24264,0.2243032455444336,1823.87109375
24265,0.22765040397644043,1825.10546875
24266,0.2980926036834717,1822.05078125
24267,0.25152039527893066,1823.94921875
24268,0.2534067630767822,1825.9921875
24269,0.20332670211791992,1825.94140625
24270,0.20831942558288574,1823.85546875
24271,0.23995208740234375,1825.6640625
24272,0.22344970703125,1825.08203125
24273,0.3025214672088623,1824.921875
24274,0.16214442253112793,1825.578125
24275,0.19145703315734863,1826.23828125
24276,0.22173142433166504,1826.6796875
24277,0.36234354972839355,1826.08984375
24278,0.1522376537322998,1825.36328125
24279,0.20381426811218262,1824.14453125
24280,0.2196958065032959,1824.40234375
24281,0.23800921440124512,1825.73828125
24282,0.26171159744262695,1825.7734375
24283,0.18382716178894043,1824.17578125
24284,0.23975634574890137,1826.84375
24285,0.23054242134094238,1826.03515625
24286,0.2199690341949463,1825.25
24287,0.19269466400146484,1826.77734375
24288,0.19933724403381348,1826.39453125
24289,0.23451519012451172,1827.46875
24290,0.22513079643249512,1826.71875
24291,0.22345590591430664,1826.8359375
24292,0.22550487518310547,1826.9453125
24293,0.2024822235107422,1828.69921875
24294,0.23145365715026855,1827.41015625
24295,0.2362987995147705,1826.9453125
24296,0.22240877151489258,1828.1796875
24297,0.2644333839416504,1826.1953125
24298,0.23080110549926758,1826.37109375
24299,0.1970226764678955,1826.58203125
24300,0.23245906829833984,1827.5546875
24301,0.15944766998291016,1827.18359375
24302,0.24617528915405273,1828.4921875
24303,0.23212957382202148,1825.87890625
24304,0.23349881172180176,1828.40234375
24305,0.14262175559997559,1827.4765625
24306,0.21469330787658691,1827.77734375
24307,0.1458895206451416,1828.33203125
24308,0.21326422691345215,1827.04296875
24309,0.1949479579925537,1829.1328125
24310,0.27885007858276367,1828.9765625
24311,0.23682355880737305,1828.62890625
24312,0.26418209075927734,1828.39453125
24313,0.2031252384185791,1828.8828125
24314,0.2116987705230713,1829.765625
24315,0.2225337028503418,1830.171875
24316,0.21251201629638672,1828.8125
24317,0.2758059501647949,1828.57421875
24318,0.24790358543395996,1830.12109375
24319,0.2706921100616455,1829.8359375
24320,0.0863504409790039,1832.03515625
24321,0.19765257835388184,1830.7578125
24322,0.27765989303588867,1830.453125
24323,0.21287226676940918,1830.74609375
24324,0.2533531188964844,1830.98046875
24325,0.24540495872497559,1829.45703125
24326,0.21956944465637207,1832.40234375
24327,0.20128202438354492,1831.04296875
24328,0.22358918190002441,1831.31640625
24329,0.24341464042663574,1831.68359375
24330,0.24884414672851562,1830.44140625
24331,0.2113802433013916,1830.328125
24332,0.36002564430236816,1830.85546875
24333,0.21616053581237793,1832.16796875
24334,0.2567629814147949,1832.27734375
24335,0.1499922275543213,1831.0625
24336,0.22716975212097168,1830.72265625
24337,0.26189637184143066,1831.3671875
24338,0.19534873962402344,1833.43359375
24339,0.25197267532348633,1832.328125
24340,0.20170879364013672,1831.87109375
24341,0.20397377014160156,1831.23046875
24342,0.2600390911102295,1831.953125
24343,0.22403502464294434,1833.26953125
24344,0.17779827117919922,1832.41796875
24345,0.2366809844970703,1832.10546875
24346,0.19751501083374023,1832.46875
24347,0.15592575073242188,1834.140625
24348,0.20026326179504395,1832.14453125
24349,0.2234330177307129,1833.8125
24350,0.21499395370483398,1833.99609375
24351,0.1941969394683838,1833.8359375
24352,0.2548232078552246,1833.9375
24353,0.21556687355041504,1835.2578125
24354,0.22710180282592773,1833.59375
24355,0.26140332221984863,1834.26953125
24356,0.23400378227233887,1832.32421875
24357,0.21237802505493164,1834.34375
24358,0.27802562713623047,1833.796875
24359,0.261854887008667,1834.54296875
24360,0.2248857021331787,1835.015625
24361,0.23258519172668457,1834.51171875
24362,0.2823629379272461,1834.359375
24363,0.3209531307220459,1834.375
24364,0.19489002227783203,1834.66796875
24365,0.22360634803771973,1837.59375
24366,0.18870878219604492,1834.6875
24367,0.2431635856628418,1838.41796875
24368,0.20405197143554688,1835.83984375
24369,0.22885894775390625,1835.453125
24370,0.28660130500793457,1835.7734375
24371,0.26586437225341797,1837.19140625
24372,0.29842591285705566,1836.875
24373,0.27282118797302246,1837.25390625
24374,0.22779250144958496,1837.6953125
24375,0.2713747024536133,1836.35546875
24376,0.2452547550201416,1838.87109375
24377,0.13217401504516602,1837.28125
24378,0.23539233207702637,1837.87890625
24379,0.25913310050964355,1836.22265625
24380,0.2827279567718506,1836.5078125
24381,0.2971222400665283,1838.79296875
24382,0.31807446479797363,1839.4453125
24383,0.27872681617736816,1837.140625
24384,0.26790881156921387,1839.6875
24385,0.27141380310058594,1840.671875
24386,0.2755746841430664,1837.7578125
24387,0.2387557029724121,1838.171875
24388,0.25124502182006836,1837.40234375
24389,0.27506041526794434,1839.41796875
24390,0.32088160514831543,1840.15234375
24391,0.2860860824584961,1839.21484375
24392,0.18756890296936035,1836.57421875
24393,0.20012378692626953,1838.7109375
24394,0.24508333206176758,1839.46875
24395,0.266237735748291,1841.96875
24396,0.2515890598297119,1840.4765625
24397,0.2648124694824219,1839.5625
24398,0.291717529296875,1839.20703125
24399,0.2349545955657959,1839.16015625
24400,0.24468493461608887,1840.3359375
24401,0.23272919654846191,1841.0859375
24402,0.27870631217956543,1839.78125
24403,0.27364325523376465,1839.4765625
24404,0.2272813320159912,1840.6171875
24405,0.2571828365325928,1839.78515625
24406,0.1990344524383545,1839.921875
24407,0.2538032531738281,1842.234375
24408,0.1949317455291748,1841.11328125
24409,0.25163865089416504,1841.12109375
24410,0.27547526359558105,1842.46875
24411,0.22217297554016113,1842.05859375
24412,0.2460193634033203,1843.12109375
24413,0.23660564422607422,1842.1796875
24414,0.26377177238464355,1844.328125
24415,0.20598173141479492,1841.76171875
24416,0.2408139705657959,1840.0625
24417,0.23845338821411133,1842.546875
24418,0.22135710716247559,1843.203125
24419,0.28636932373046875,1842.65625
24420,0.2503809928894043,1846.109375
24421,0.2557101249694824,1843.1640625
24422,0.25809717178344727,1843.0390625
24423,0.17376470565795898,1842.0625
24424,0.2560586929321289,1842.39453125
24425,0.21912384033203125,1843.76953125
24426,0.23160052299499512,1844.11328125
24427,0.17989826202392578,1842.78125
24428,0.15917515754699707,1843.99609375
24429,0.18970942497253418,1844.48828125
24430,0.2017536163330078,1841.91796875
24431,0.17365550994873047,1843.62890625
24432,0.08240199089050293,1840.67578125
24433,0.23140192031860352,1842.89453125
24434,0.20928430557250977,1843.6640625
24435,0.22139883041381836,1843.51953125
24436,0.2081470489501953,1843.48828125
24437,0.244337797164917,1847.1796875
24438,0.2711296081542969,1845.6015625
24439,0.21612191200256348,1846.48828125
24440,0.203843355178833,1844.67578125
24441,0.22689437866210938,1845.44921875
24442,0.21708154678344727,1845.875
24443,0.1970503330230713,1845.30078125
24444,0.23211073875427246,1846.1484375
24445,0.26465845108032227,1847.01953125
24446,0.24431800842285156,1845.90625
24447,0.06853008270263672,1845.72265625
24448,0.2018136978149414,1848.07421875
24449,0.21306371688842773,1845.73046875
24450,0.2351393699645996,1846.875
24451,0.21985340118408203,1845.98046875
24452,0.19351577758789062,1846.56640625
24453,0.2750356197357178,1845.453125
24454,0.22462153434753418,1846.35546875
24455,0.31415319442749023,1848.16796875
24456,0.22375988960266113,1846.51953125
24457,0.2691946029663086,1846.8828125
24458,0.2399759292602539,1848.44140625
24459,0.21185660362243652,1847.671875
24460,0.20655488967895508,1848.984375
24461,0.2178516387939453,1847.65625
24462,0.2398843765258789,1846.4921875
24463,0.22716498374938965,1845.76953125
24464,0.24694490432739258,1845.3203125
24465,0.1869969367980957,1846.64453125
24466,0.25742673873901367,1847.0
24467,0.1793200969696045,1846.04296875
24468,0.23726153373718262,1846.32421875
24469,0.14769911766052246,1847.58984375
24470,0.23290181159973145,1846.2265625
24471,0.26286935806274414,1846.08203125
24472,0.19015240669250488,1847.6640625
24473,0.2515535354614258,1848.3828125
24474,0.21445965766906738,1844.296875
24475,0.27306175231933594,1846.7109375
24476,0.250201940536499,1849.078125
24477,0.19077110290527344,1845.98046875
24478,0.24968934059143066,1848.62890625
24479,0.2138671875,1847.703125
24480,0.18430018424987793,1847.9296875
24481,0.21725821495056152,1847.13671875
24482,0.1994330883026123,1849.28125
24483,0.1947941780090332,1847.484375
24484,0.20754075050354004,1847.83203125
24485,0.2868521213531494,1848.984375
24486,0.13236141204833984,1848.6640625
24487,0.22517728805541992,1849.296875
24488,0.20578503608703613,1847.16015625
24489,0.2077775001525879,1847.80859375
24490,0.23470211029052734,1847.9609375
24491,0.3323395252227783,1849.7734375
24492,0.26644086837768555,1851.8125
24493,0.2628445625305176,1849.40625
24494,0.12672829627990723,1849.828125
24495,0.16971468925476074,1851.62109375
24496,0.2384815216064453,1850.1875
24497,0.18107962608337402,1848.75
24498,0.1952834129333496,1849.64453125
24499,0.2725260257720947,1850.93359375
24500,0.22786521911621094,1852.51953125
24501,0.15745949745178223,1850.66015625
24502,0.20972299575805664,1853.16015625
24503,0.2809884548187256,1851.6953125
24504,0.23972654342651367,1853.15234375
24505,0.3008239269256592,1851.27734375
24506,0.25062131881713867,1853.21484375
24507,0.2725803852081299,1854.44921875
24508,0.23358440399169922,1853.37890625
24509,0.2560429573059082,1854.03125
24510,0.22115826606750488,1852.3359375
24511,0.19987773895263672,1853.546875
24512,0.2347416877746582,1855.55859375
24513,0.22657203674316406,1854.2734375
24514,0.20516729354858398,1854.2421875
24515,0.23020720481872559,1853.16796875
24516,0.30455684661865234,1853.79296875
24517,0.2646021842956543,1854.6953125
24518,0.22919893264770508,1853.73828125
24519,0.31738924980163574,1853.51953125
24520,0.2973945140838623,1853.93359375
24521,0.2708909511566162,1856.12109375
24522,0.2631688117980957,1854.25
24523,0.25817203521728516,1856.23828125
24524,0.25270676612854004,1853.390625
24525,0.2748737335205078,1856.1015625
24526,0.22235774993896484,1854.4140625
24527,0.1844644546508789,1857.11328125
24528,0.2145984172821045,1854.28125
24529,0.25576019287109375,1854.21875
24530,0.22464823722839355,1852.46484375
24531,0.15963172912597656,1854.59765625
24532,0.21770238876342773,1853.8203125
24533,0.192948579788208,1855.953125
24534,0.24318218231201172,1855.88671875
24535,0.1692368984222412,1856.10546875
24536,0.19292211532592773,1854.83984375
24537,0.19833707809448242,1854.47265625
24538,0.21652865409851074,1854.7578125
24539,0.1989593505859375,1853.796875
24540,0.20549607276916504,1855.03125
24541,0.21529769897460938,1853.53125
24542,0.22957348823547363,1853.953125
24543,0.1705019474029541,1855.203125
24544,0.20022153854370117,1856.97265625
24545,0.20937156677246094,1855.6484375
24546,0.24349117279052734,1856.12109375
24547,0.22469282150268555,1854.65234375
24548,0.2048933506011963,1854.71484375
24549,0.24681639671325684,1855.703125
24550,0.1913313865661621,1856.55078125
24551,0.26172637939453125,1855.75390625
24552,0.21161150932312012,1859.08203125
24553,0.28542494773864746,1855.328125
24554,0.1824817657470703,1855.79296875
24555,0.2661428451538086,1854.984375
24556,0.20703887939453125,1856.25
24557,0.28418970108032227,1856.39453125
24558,0.22154998779296875,1856.546875
24559,0.20462584495544434,1856.26171875
24560,0.24375534057617188,1855.03125
24561,0.2097797393798828,1856.24609375
24562,0.20772647857666016,1854.85546875
24563,0.17656731605529785,1855.62109375
24564,0.19946622848510742,1857.53515625
24565,0.1909043788909912,1855.82421875
24566,0.20442986488342285,1857.48828125
24567,0.19093012809753418,1856.39453125
24568,0.17781424522399902,1855.84765625
24569,0.23237347602844238,1855.8359375
24570,0.210890531539917,1856.421875
24571,0.2550032138824463,1856.8046875
24572,0.2249910831451416,1856.9296875
24573,0.23012709617614746,1857.984375
24574,0.2430706024169922,1856.38671875
24575,0.3050670623779297,1862.015625
24576,0.25603413581848145,1858.11328125
24577,0.29297637939453125,1857.62109375
24578,0.15605807304382324,1858.984375
24579,0.19962334632873535,1858.05078125
24580,0.27599120140075684,1856.8984375
24581,0.24659419059753418,1857.83203125
24582,0.22635269165039062,1856.50390625
24583,0.3130040168762207,1859.17578125
24584,0.30246686935424805,1858.26171875
24585,0.26380324363708496,1859.18359375
24586,0.27889537811279297,1860.140625
24587,0.157243013381958,1859.28125
24588,0.2748875617980957,1860.96484375
24589,0.21440982818603516,1859.51171875
24590,0.28774213790893555,1859.60546875
24591,0.2332162857055664,1861.375
24592,0.2742888927459717,1859.09375
24593,0.2801198959350586,1859.4609375
24594,0.23946666717529297,1858.8046875
24595,0.2675318717956543,1861.19140625
24596,0.2718849182128906,1861.23828125
24597,0.25113391876220703,1860.796875
24598,0.26743102073669434,1861.95703125
24599,0.2914154529571533,1862.4140625
24600,0.2311699390411377,1861.1640625
24601,0.23388171195983887,1863.20703125
24602,0.2814512252807617,1864.5
24603,0.22429513931274414,1861.73046875
24604,0.14827704429626465,1863.12109375
24605,0.23973917961120605,1861.609375
24606,0.26983118057250977,1863.8515625
24607,0.19916129112243652,1864.51171875
24608,0.30237483978271484,1861.890625
24609,0.13731145858764648,1861.8203125
24610,0.25203847885131836,1865.109375
24611,0.30545520782470703,1864.6953125
24612,0.3292362689971924,1863.38671875
24613,0.27405834197998047,1863.953125
24614,0.22914910316467285,1864.703125
24615,0.21179699897766113,1863.7890625
24616,0.2100973129272461,1863.7109375
24617,0.2130293846130371,1862.7421875
24618,0.13025975227355957,1861.9140625
24619,0.234344482421875,1863.8984375
24620,0.24204730987548828,1862.94140625
24621,0.16192936897277832,1861.98828125
24622,0.11296510696411133,1862.7578125
24623,0.23990774154663086,1862.42578125
24624,0.24579238891601562,1862.09375
24625,0.21853232383728027,1863.42578125
24626,0.21298623085021973,1862.8359375
24627,0.17696475982666016,1863.40625
24628,0.07255148887634277,1863.05078125
24629,0.24027800559997559,1862.96875
24630,0.23679304122924805,1864.14453125
24631,0.2222757339477539,1862.9140625
24632,0.2540607452392578,1864.11328125
24633,0.2188405990600586,1864.0234375
24634,0.2474217414855957,1862.51953125
24635,0.24479246139526367,1863.90625
24636,0.22365832328796387,1865.07421875
24637,0.2049243450164795,1863.078125
24638,0.2344958782196045,1863.75
24639,0.21779918670654297,1864.0078125
24640,0.23792004585266113,1863.6015625
24641,0.19450592994689941,1864.70703125
24642,0.17971563339233398,1864.296875
24643,0.24590301513671875,1864.6484375
24644,0.19029927253723145,1865.5
24645,0.1864604949951172,1863.30859375
24646,0.1709439754486084,1863.85546875
24647,0.21447253227233887,1864.80078125
24648,0.2951629161834717,1864.9296875
24649,0.24603843688964844,1864.53125
24650,0.22787928581237793,1863.90234375
24651,0.22104525566101074,1865.3046875
24652,0.20360326766967773,1864.68359375
24653,0.21343994140625,1865.68359375
24654,0.23030805587768555,1864.59765625
24655,0.19747376441955566,1867.64453125
24656,0.19234013557434082,1865.33984375
24657,0.20753860473632812,1866.7578125
24658,0.1632373332977295,1865.16015625
24659,0.184035062789917,1866.21875
24660,0.19479775428771973,1866.13671875
24661,0.15486550331115723,1866.12890625
24662,0.2046964168548584,1866.7421875
24663,0.1139836311340332,1867.4609375
24664,0.22215557098388672,1867.95703125
24665,0.2366640567779541,1867.21875
24666,0.22233200073242188,1867.88671875
24667,0.2363758087158203,1866.8359375
24668,0.19149303436279297,1867.46484375
24669,0.2145707607269287,1866.28125
24670,0.15818047523498535,1869.78515625
24671,0.2169475555419922,1867.2734375
24672,0.18406915664672852,1868.6171875
24673,0.1829395294189453,1868.0390625
24674,0.1490917205810547,1866.91015625
24675,0.22253775596618652,1868.67578125
24676,0.22667193412780762,1869.015625
24677,0.16451382637023926,1867.1875
24678,0.1652235984802246,1866.9453125
24679,0.20064735412597656,1866.984375
24680,0.22010350227355957,1868.46484375
24681,0.23997735977172852,1866.69921875
24682,0.18244433403015137,1867.28125
24683,0.2041618824005127,1866.67578125
24684,0.20725774765014648,1867.15234375
24685,0.20884466171264648,1866.921875
24686,0.24886727333068848,1867.69140625
24687,0.16503071784973145,1866.84765625
24688,0.2478933334350586,1868.953125
24689,0.21750140190124512,1869.35546875
24690,0.21994686126708984,1870.9375
24691,0.2205979824066162,1870.20703125
24692,0.20053720474243164,1870.828125
24693,0.15207743644714355,1871.37890625
24694,0.21210217475891113,1871.17578125
24695,0.21292948722839355,1870.3515625
24696,0.1875314712524414,1869.67578125
24697,0.1914687156677246,1871.0390625
24698,0.2589709758758545,1869.2265625
24699,0.22551941871643066,1869.34375
24700,0.21330046653747559,1870.796875
24701,0.09802579879760742,1870.49609375
24702,0.2348480224609375,1871.26953125
24703,0.22678279876708984,1870.35546875
24704,0.2806265354156494,1872.36328125
24705,0.16722536087036133,1871.2265625
24706,0.19156408309936523,1871.51953125
24707,0.24893403053283691,1870.6796875
24708,0.25639986991882324,1870.81640625
24709,0.1098482608795166,1871.1796875
24710,0.2016439437866211,1869.48046875
24711,0.22198081016540527,1869.1171875
24712,0.13158178329467773,1870.76171875
24713,0.14788198471069336,1871.10546875
24714,0.23222613334655762,1871.40625
24715,0.1891155242919922,1869.77734375
24716,0.18072056770324707,1872.15234375
24717,0.28836560249328613,1872.25390625
24718,0.2019963264465332,1870.62890625
24719,0.29079389572143555,1873.33203125
24720,0.23874258995056152,1870.875
24721,0.17527079582214355,1871.57421875
24722,0.25730371475219727,1871.9140625
24723,0.20660138130187988,1870.59375
24724,0.16471362113952637,1869.78125
24725,0.18853974342346191,1873.96875
24726,0.23722600936889648,1874.51171875
24727,0.1961512565612793,1874.28515625
24728,0.2540745735168457,1873.46875
24729,0.09189677238464355,1872.30078125
24730,0.21594667434692383,1873.4765625
24731,0.25716352462768555,1872.546875
24732,0.21988725662231445,1873.08203125
24733,0.24520516395568848,1873.37109375
24734,0.23213720321655273,1874.921875
24735,0.20862841606140137,1875.5390625
24736,0.23304152488708496,1871.8046875
24737,0.24203848838806152,1874.3984375
24738,0.20709967613220215,1873.453125
24739,0.21805071830749512,1873.58203125
24740,0.2774362564086914,1874.9609375
24741,0.22176027297973633,1873.71484375
24742,0.14129376411437988,1874.84765625
24743,0.24010276794433594,1874.8359375
24744,0.1810462474822998,1874.52734375
24745,0.1636199951171875,1875.07421875
24746,0.2269904613494873,1874.87109375
24747,0.20098018646240234,1874.1328125
24748,0.26769137382507324,1875.65234375
24749,0.28617072105407715,1876.21484375
24750,0.2251756191253662,1876.94140625
24751,0.14887261390686035,1872.5
24752,0.20750188827514648,1876.7734375
24753,0.2862815856933594,1875.16015625
24754,0.2354888916015625,1874.28515625
24755,0.23866605758666992,1876.16796875
24756,0.26135730743408203,1875.9765625
24757,0.29973268508911133,1874.62109375
24758,0.24672508239746094,1875.5859375
24759,0.2785933017730713,1874.75
24760,0.16292810440063477,1877.51171875
24761,0.2320566177368164,1876.875
24762,0.2061913013458252,1877.01171875
24763,0.2721688747406006,1875.40234375
24764,0.2766547203063965,1875.96875
24765,0.2340259552001953,1876.05078125
24766,0.18540287017822266,1876.58203125
24767,0.23276495933532715,1877.109375
24768,0.24298453330993652,1876.203125
24769,0.1175239086151123,1876.875
24770,0.26869654655456543,1878.546875
24771,0.2575345039367676,1876.60546875
24772,0.23383235931396484,1876.28515625
24773,0.2637152671813965,1876.75
24774,0.20905327796936035,1876.23046875
24775,0.24377965927124023,1877.828125
24776,0.19028782844543457,1877.1640625
24777,0.19146299362182617,1876.98046875
24778,0.25070762634277344,1878.4453125
24779,0.18140602111816406,1875.6796875
24780,0.1645970344543457,1876.63671875
24781,0.16701889038085938,1878.19921875
24782,0.16507935523986816,1877.40234375
24783,0.2388296127319336,1877.109375
24784,0.21537137031555176,1878.67578125
24785,0.2487959861755371,1878.421875
24786,0.17636990547180176,1877.6875
24787,0.20755457878112793,1878.71875
24788,0.20835328102111816,1878.109375
24789,0.22907781600952148,1877.99609375
24790,0.27765607833862305,1878.390625
24791,0.17009544372558594,1878.546875
24792,0.16312336921691895,1877.5625
24793,0.21911859512329102,1879.7421875
24794,0.23665976524353027,1880.28515625
24795,0.196305513381958,1879.47265625
24796,0.15265941619873047,1879.40234375
24797,0.21254897117614746,1879.8203125
24798,0.17307400703430176,1878.953125
24799,0.29349708557128906,1879.8671875
24800,0.14776611328125,1880.4453125
24801,0.24054431915283203,1881.50390625
24802,0.20020294189453125,1881.765625
24803,0.24282145500183105,1882.7734375
24804,0.17138433456420898,1881.38671875
24805,0.24436330795288086,1880.87109375
24806,0.12955021858215332,1882.6171875
24807,0.2500314712524414,1883.15625
24808,0.24055027961730957,1880.7109375
24809,0.2047722339630127,1881.015625
24810,0.2276003360748291,1880.21875
24811,0.2561533451080322,1879.5703125
24812,0.24581456184387207,1880.09765625
24813,0.18356823921203613,1880.35546875
24814,0.25807929039001465,1881.8046875
24815,0.24481654167175293,1881.328125
24816,0.22808289527893066,1883.05078125
24817,0.22432875633239746,1882.31640625
24818,0.26335787773132324,1882.234375
24819,0.2218470573425293,1881.76953125
24820,0.2301945686340332,1882.44140625
24821,0.2854793071746826,1879.91015625
24822,0.21126818656921387,1880.5390625
24823,0.17936372756958008,1882.34375
24824,0.18659448623657227,1883.41796875
24825,0.21597981452941895,1883.515625
24826,0.2143712043762207,1882.36328125
24827,0.2383275032043457,1882.97265625
24828,0.20985126495361328,1881.2578125
24829,0.22552061080932617,1883.5390625
24830,0.21188116073608398,1882.79296875
24831,0.19660615921020508,1883.4921875
24832,0.22777724266052246,1884.34765625
24833,0.1866133213043213,1881.8671875
24834,0.19562554359436035,1881.890625
24835,0.2355515956878662,1882.95703125
24836,0.19005179405212402,1881.98046875
24837,0.1974334716796875,1881.5234375
24838,0.21155357360839844,1882.7578125
24839,0.18990111351013184,1882.7578125
24840,0.16050481796264648,1884.58984375
24841,0.13848280906677246,1885.0
24842,0.21480703353881836,1885.09375
24843,0.19315648078918457,1883.51953125
24844,0.18910956382751465,1885.41796875
24845,0.19341492652893066,1886.4921875
24846,0.18123197555541992,1886.81640625
24847,0.22515439987182617,1887.4375
24848,0.1967606544494629,1887.30078125
24849,0.1841270923614502,1887.19921875
24850,0.23016738891601562,1885.15625
24851,0.28785085678100586,1886.96484375
24852,0.20641112327575684,1886.2109375
24853,0.19006824493408203,1888.07421875
24854,0.22638726234436035,1886.33984375
24855,0.236403226852417,1886.828125
24856,0.20914387702941895,1886.09765625
24857,0.15682029724121094,1888.2421875
24858,0.1959831714630127,1888.10546875
24859,0.1375141143798828,1887.125
24860,0.24483060836791992,1888.625
24861,0.11074399948120117,1887.125
24862,0.28286290168762207,1889.34375
24863,0.18036198616027832,1887.42578125
24864,0.2198328971862793,1887.74609375
24865,0.21166014671325684,1887.86328125
24866,0.21552658081054688,1888.61328125
24867,0.22923946380615234,1889.09765625
24868,0.18028903007507324,1887.93359375
24869,0.22761988639831543,1887.72265625
24870,0.1922135353088379,1887.9765625
24871,0.18710732460021973,1887.59375
24872,0.20460176467895508,1889.78125
24873,0.18261337280273438,1887.0859375
24874,0.17202210426330566,1889.06640625
24875,0.17162132263183594,1887.74609375
24876,0.2371826171875,1889.11328125
24877,0.18578314781188965,1889.3828125
24878,0.20898222923278809,1889.8359375
24879,0.20833325386047363,1888.35546875
24880,0.16555309295654297,1890.5703125
24881,0.1932673454284668,1887.41796875
24882,0.2016153335571289,1887.58984375
24883,0.2254030704498291,1889.9453125
24884,0.24463653564453125,1888.7890625
24885,0.21145319938659668,1888.33984375
24886,0.18244671821594238,1888.8203125
24887,0.11480593681335449,1889.71484375
24888,0.18764925003051758,1888.078125
24889,0.25857996940612793,1891.38671875
24890,0.2544996738433838,1889.92578125
24891,0.19477343559265137,1891.29296875
24892,0.20958304405212402,1891.22265625
24893,0.24857330322265625,1888.7421875
24894,0.18852472305297852,1887.69921875
24895,0.20332098007202148,1888.60546875
24896,0.1984996795654297,1889.15625
24897,0.22080659866333008,1890.99609375
24898,0.30138492584228516,1889.1875
24899,0.2157132625579834,1890.05078125
24900,0.23864245414733887,1891.05859375
24901,0.1813676357269287,1891.68359375
24902,0.18818354606628418,1890.71484375
24903,0.22983479499816895,1892.5625
24904,0.1726820468902588,1891.6328125
24905,0.18354034423828125,1891.21484375
24906,0.20200467109680176,1892.5
24907,0.2121295928955078,1891.92578125
24908,0.16351580619812012,1891.9453125
24909,0.19230914115905762,1891.21484375
24910,0.19572114944458008,1891.7109375
24911,0.18701839447021484,1892.08203125
24912,0.17685246467590332,1892.79296875
24913,0.17227649688720703,1892.21484375
24914,0.15690064430236816,1892.92578125
24915,0.23159456253051758,1893.7734375
24916,0.1554579734802246,1893.05078125
24917,0.25281381607055664,1893.828125
24918,0.2197868824005127,1892.32421875
24919,0.1792919635772705,1891.6328125
24920,0.17072272300720215,1894.13671875
24921,0.1944875717163086,1893.01953125
24922,0.25251102447509766,1895.29296875
24923,0.18062520027160645,1895.296875
24924,0.2264995574951172,1893.7734375
24925,0.23517870903015137,1893.60546875
24926,0.19299674034118652,1893.40234375
24927,0.2291724681854248,1893.75390625
24928,0.17828583717346191,1893.9765625
24929,0.25090861320495605,1894.62109375
24930,0.25943994522094727,1893.6953125
24931,0.24927949905395508,1893.07421875
24932,0.17438793182373047,1893.47265625
24933,0.1912086009979248,1894.33984375
24934,0.21251559257507324,1894.72265625
24935,0.20210886001586914,1895.76171875
24936,0.19144678115844727,1894.58984375
24937,0.21461248397827148,1897.171875
24938,0.15810179710388184,1895.5625
24939,0.18881630897521973,1895.53125
24940,0.22649145126342773,1894.37890625
24941,0.33518147468566895,1895.796875
24942,0.1201179027557373,1895.3359375
24943,0.26978373527526855,1896.8515625
24944,0.2783052921295166,1896.0625
24945,0.28148865699768066,1895.23046875
24946,0.24029302597045898,1895.26171875
24947,0.2994201183319092,1894.80859375
24948,0.3192896842956543,1895.6328125
24949,0.2273116111755371,1893.98046875
24950,0.241135835647583,1895.8515625
24951,0.2467212677001953,1895.46875
24952,0.20562171936035156,1896.1796875
24953,0.2108316421508789,1896.66796875
24954,0.22757887840270996,1894.71875
24955,0.2595205307006836,1897.203125
24956,0.21822547912597656,1898.06640625
24957,0.22527670860290527,1898.44140625
24958,0.23538470268249512,1895.87890625
24959,0.16920924186706543,1898.109375
24960,0.19249200820922852,1899.3984375
24961,0.17296075820922852,1896.921875
24962,0.09677314758300781,1900.1328125
24963,0.2106494903564453,1898.8203125
24964,0.23240971565246582,1899.046875
24965,0.2270822525024414,1899.5
24966,0.21690011024475098,1901.265625
24967,0.19559001922607422,1897.4375
24968,0.19698858261108398,1899.44140625
24969,0.22288942337036133,1898.58203125
24970,0.20808768272399902,1895.92578125
24971,0.15848398208618164,1900.70703125
24972,0.2676427364349365,1899.8125
24973,0.1910707950592041,1900.55078125
24974,0.2166910171508789,1901.03125
24975,0.2188582420349121,1899.3359375
24976,0.19643783569335938,1901.078125
24977,0.1885066032409668,1900.75
24978,0.19162869453430176,1900.05078125
24979,0.10177135467529297,1899.9609375
24980,0.20427799224853516,1899.57421875
24981,0.22774386405944824,1898.94140625
24982,0.17914843559265137,1900.53515625
24983,0.1768786907196045,1901.73046875
24984,0.20386123657226562,1900.0234375
24985,0.17428183555603027,1900.16015625
24986,0.22273540496826172,1900.0390625
24987,0.22759151458740234,1901.07421875
24988,0.1862349510192871,1900.73828125
24989,0.19433212280273438,1900.95703125
24990,0.22056078910827637,1902.71875
24991,0.2593698501586914,1901.50390625
24992,0.16903281211853027,1901.12109375
24993,0.16178107261657715,1900.1328125
24994,0.19293975830078125,1902.38671875
24995,0.23139715194702148,1901.671875
24996,0.21212220191955566,1901.5859375
24997,0.22330474853515625,1902.37109375
24998,0.2106790542602539,1902.73046875
24999,0.20468759536743164,1900.79296875
25000,0.1745316982269287,1904.49609375
25001,0.28693342208862305,1902.18359375
25002,0.13358736038208008,1902.15234375
25003,0.23027300834655762,1901.88671875
25004,0.17993807792663574,1902.39453125
25005,0.18133950233459473,1901.73046875
25006,0.1553342342376709,1902.75390625
25007,0.25655579566955566,1905.5703125
25008,0.21426963806152344,1904.87109375
25009,0.18439459800720215,1902.8671875
25010,0.18094706535339355,1902.03515625
25011,0.2227916717529297,1903.234375
25012,0.20424461364746094,1903.265625
25013,0.19088387489318848,1902.68359375
25014,0.24330496788024902,1903.79296875
25015,0.20632433891296387,1904.6015625
25016,0.19930601119995117,1904.359375
25017,0.19617342948913574,1905.15234375
25018,0.16673779487609863,1904.69140625
25019,0.19644880294799805,1904.03125
25020,0.22901368141174316,1903.3515625
25021,0.2081313133239746,1905.40234375
25022,0.1719958782196045,1906.55859375
25023,0.21053194999694824,1904.19140625
25024,0.13240337371826172,1906.51171875
25025,0.21239733695983887,1904.5390625
25026,0.19315648078918457,1906.921875
25027,0.22305583953857422,1905.63671875
25028,0.14676380157470703,1906.5703125
25029,0.258089542388916,1905.6484375
25030,0.22058606147766113,1903.375
25031,0.16913938522338867,1906.734375
25032,0.20769953727722168,1905.5859375
25033,0.11749768257141113,1907.375
25034,0.21040844917297363,1908.55078125
25035,0.26987671852111816,1906.90625
25036,0.25470447540283203,1908.85546875
25037,0.20642590522766113,1906.7109375
25038,0.24445366859436035,1907.81640625
25039,0.18815016746520996,1908.0859375
25040,0.24210882186889648,1908.2578125
25041,0.16109180450439453,1908.140625
25042,0.19265341758728027,1908.578125
25043,0.17364764213562012,1907.421875
25044,0.17457842826843262,1907.7734375
25045,0.20761895179748535,1907.1328125
25046,0.23468494415283203,1906.1953125
25047,0.264615535736084,1907.546875
25048,0.162628173828125,1907.58984375
25049,0.1815474033355713,1908.421875
25050,0.18323326110839844,1907.90234375
25051,0.0946958065032959,1907.55859375
25052,0.2201242446899414,1909.16796875
25053,0.17984437942504883,1908.23828125
25054,0.23846673965454102,1906.75390625
25055,0.24349570274353027,1905.3515625
25056,0.16411042213439941,1907.76171875
25057,0.21434378623962402,1907.3359375
25058,0.15267467498779297,1908.765625
25059,0.17379069328308105,1908.09765625
25060,0.2291889190673828,1909.55859375
25061,0.1410062313079834,1908.34765625
25062,0.12725138664245605,1909.87109375
25063,0.2973511219024658,1908.8515625
25064,0.2417583465576172,1908.84375
25065,0.10326409339904785,1908.55078125
25066,0.18414044380187988,1909.0
25067,0.2208998203277588,1908.48046875
25068,0.25225090980529785,1909.375
25069,0.23986411094665527,1911.0625
25070,0.20490670204162598,1912.6796875
25071,0.10231852531433105,1910.640625
25072,0.18236899375915527,1909.9453125
25073,0.4518871307373047,1909.515625
25074,0.2886335849761963,1911.77734375
25075,0.2653782367706299,1911.10546875
25076,0.24643635749816895,1909.89453125
25077,0.15801453590393066,1909.95703125
25078,0.281447172164917,1910.41796875
25079,0.21681761741638184,1910.3203125
25080,0.2398672103881836,1911.34375
25081,0.16094183921813965,1911.9453125
25082,0.2619755268096924,1912.55078125
25083,0.132645845413208,1908.78125
25084,0.1344316005706787,1911.296875
25085,0.21802926063537598,1911.7265625
25086,0.20012378692626953,1909.91015625
25087,0.21058297157287598,1910.390625
25088,0.16727137565612793,1911.96875
25089,0.214310884475708,1909.83984375
25090,0.29707837104797363,1911.546875
25091,0.1853487491607666,1912.91796875
25092,0.16611218452453613,1912.41015625
25093,0.24016356468200684,1913.03515625
25094,0.23459196090698242,1912.0234375
25095,0.24919700622558594,1912.55078125
25096,0.12089276313781738,1910.56640625
25097,0.17104005813598633,1912.046875
25098,0.2613563537597656,1911.58203125
25099,0.13264894485473633,1911.9765625
25100,0.31230640411376953,1911.95703125
25101,0.24311089515686035,1912.52734375
25102,0.2193899154663086,1912.5390625
25103,0.21394968032836914,1914.66796875
25104,0.21469593048095703,1911.65234375
25105,0.25101184844970703,1913.26171875
25106,0.2881293296813965,1913.25
25107,0.22468972206115723,1913.03125
25108,0.1590442657470703,1913.15234375
25109,0.15094494819641113,1914.06640625
25110,0.21181225776672363,1913.984375
25111,0.18952298164367676,1913.921875
25112,0.20682764053344727,1914.65234375
25113,0.21331405639648438,1914.921875
25114,0.2891273498535156,1914.19140625
25115,0.18400239944458008,1914.43359375
25116,0.18871617317199707,1915.203125
25117,0.2975647449493408,1914.8671875
25118,0.215925931930542,1916.203125
25119,0.12046217918395996,1915.2109375
25120,0.24031329154968262,1916.53515625
25121,0.2348308563232422,1916.328125
25122,0.13571572303771973,1914.7109375
25123,0.19155430793762207,1916.34765625
25124,0.19161128997802734,1917.859375
25125,0.21430206298828125,1917.28125
25126,0.15468263626098633,1914.91015625
25127,0.14925336837768555,1915.62890625
25128,0.18756866455078125,1915.96484375
25129,0.23364710807800293,1918.47265625
25130,0.28234410285949707,1920.484375
25131,0.2952578067779541,1918.53125
25132,0.22989726066589355,1920.2109375
25133,0.2734360694885254,1920.6484375
25134,0.2363889217376709,1919.7578125
25135,0.14475154876708984,1920.2578125
25136,0.2254316806793213,1921.5078125
25137,0.2545137405395508,1922.37109375
25138,0.20741844177246094,1921.05859375
25139,0.1814427375793457,1921.77734375
25140,0.286102294921875,1921.33203125
25141,0.2897531986236572,1922.6484375
25142,0.2738606929779053,1921.6171875
25143,0.23017621040344238,1922.3203125
25144,0.2939941883087158,1922.5078125
25145,0.24637651443481445,1924.14453125
25146,0.22285032272338867,1923.06640625
25147,0.26402759552001953,1923.53125
25148,0.29427599906921387,1922.36328125
25149,0.24405360221862793,1923.57421875
25150,0.24265789985656738,1923.015625
25151,0.1993410587310791,1922.31640625
25152,0.2669038772583008,1923.859375
25153,0.20702314376831055,1922.18359375
25154,0.3023386001586914,1923.0546875
25155,0.13402032852172852,1923.82421875
25156,0.27335309982299805,1923.96875
25157,0.22928380966186523,1924.65625
25158,0.22192907333374023,1922.09765625
25159,0.2130415439605713,1922.83203125
25160,0.21663308143615723,1923.46484375
25161,0.25470662117004395,1924.06640625
25162,0.2405710220336914,1924.50390625
25163,0.20716524124145508,1922.55078125
25164,0.2141571044921875,1924.54296875
25165,0.22618579864501953,1923.75
25166,0.28850293159484863,1922.46484375
25167,0.23876047134399414,1923.5859375
25168,0.21732759475708008,1922.9453125
25169,0.22286200523376465,1923.15625
25170,0.2506275177001953,1928.54296875
25171,0.22751927375793457,1926.484375
25172,0.2753641605377197,1923.578125
25173,0.1612720489501953,1925.66796875
25174,0.21616792678833008,1923.53125
25175,0.28536057472229004,1925.8984375
25176,0.2637453079223633,1923.60546875
25177,0.2195115089416504,1926.42578125
25178,0.1928393840789795,1923.33984375
25179,0.2052302360534668,1924.2421875
25180,0.24201536178588867,1923.9921875
25181,0.2088632583618164,1926.41796875
25182,0.22301483154296875,1924.1171875
25183,0.2131330966949463,1924.44921875
25184,0.25220561027526855,1923.8671875
25185,0.19875526428222656,1923.78515625
25186,0.19852614402770996,1923.63671875
25187,0.19093894958496094,1925.98046875
25188,0.1920020580291748,1926.1953125
25189,0.21891164779663086,1924.49609375
25190,0.1983494758605957,1925.4375
25191,0.18508696556091309,1924.24609375
25192,0.28328776359558105,1925.3828125
25193,0.23994994163513184,1927.27734375
25194,0.19791936874389648,1927.12109375
25195,0.18964052200317383,1924.76953125
25196,0.23207330703735352,1927.34765625
25197,0.19767403602600098,1925.68359375
25198,0.21761751174926758,1925.171875
25199,0.1983170509338379,1926.5703125
25200,0.11690855026245117,1926.7421875
25201,0.21889996528625488,1925.96875
25202,0.2570006847381592,1926.125
25203,0.32746291160583496,1926.5234375
25204,0.21348333358764648,1927.77734375
25205,0.23765826225280762,1926.6328125
25206,0.20179319381713867,1928.73046875
25207,0.22078704833984375,1928.96875
25208,0.2261676788330078,1927.90234375
25209,0.20072388648986816,1928.05859375
25210,0.21291565895080566,1929.0
25211,0.22221064567565918,1928.5234375
25212,0.21229982376098633,1929.546875
25213,0.23386240005493164,1927.95703125
25214,0.15428495407104492,1929.84765625
25215,0.11822199821472168,1929.08984375
25216,0.2158653736114502,1927.98046875
25217,0.17857146263122559,1930.3515625
25218,0.30966949462890625,1929.68359375
25219,0.2566263675689697,1929.0859375
25220,0.2270190715789795,1929.4140625
25221,0.24189114570617676,1929.82421875
25222,0.24509406089782715,1929.93359375
25223,0.23683595657348633,1934.9921875
25224,0.22963619232177734,1929.8203125
25225,0.22454309463500977,1930.80859375
25226,0.27212023735046387,1930.140625
25227,0.2516474723815918,1931.6875
25228,0.14097023010253906,1930.50390625
25229,0.21738934516906738,1930.1796875
25230,0.2384634017944336,1931.44921875
25231,0.22026729583740234,1930.0703125
25232,0.18796586990356445,1929.37890625
25233,0.23025965690612793,1931.078125
25234,0.23406314849853516,1931.15625
25235,0.19208669662475586,1932.09375
25236,0.3184638023376465,1931.46875
25237,0.16098856925964355,1932.0859375
25238,0.21324467658996582,1932.26953125
25239,0.21135663986206055,1932.03515625
25240,0.2198173999786377,1933.8203125
25241,0.25226664543151855,1931.20703125
25242,0.23072266578674316,1932.453125
25243,0.24375152587890625,1930.5546875
25244,0.40259242057800293,1931.28515625
25245,0.20453858375549316,1932.09765625
25246,0.2643773555755615,1931.94921875
25247,0.23540687561035156,1932.16796875
25248,0.24078917503356934,1931.75390625
25249,0.17583656311035156,1931.23828125
25250,0.2623589038848877,1931.33984375
25251,0.1876208782196045,1935.26953125
25252,0.21460175514221191,1932.9921875
25253,0.2348790168762207,1932.63671875
25254,0.18088388442993164,1932.41796875
25255,0.3091392517089844,1933.21484375
25256,0.23215770721435547,1933.69140625
25257,0.2646043300628662,1933.52734375
25258,0.3659958839416504,1933.80859375
25259,0.2524535655975342,1934.6640625
25260,0.2383573055267334,1935.2890625
25261,0.3187558650970459,1934.73046875
25262,0.2819080352783203,1934.515625
25263,0.2957026958465576,1934.3671875
25264,0.12797093391418457,1935.5
25265,0.23670411109924316,1935.27734375
25266,0.21357512474060059,1933.28515625
25267,0.23830461502075195,1935.8515625
25268,0.3029313087463379,1934.234375
25269,0.19251322746276855,1933.578125
25270,0.21363258361816406,1935.38671875
25271,0.2696065902709961,1935.328125
25272,0.29065799713134766,1937.16015625
25273,0.2645571231842041,1938.05859375
25274,0.24679160118103027,1936.59375
25275,0.3137373924255371,1937.921875
25276,0.27685976028442383,1938.1484375
25277,0.2861189842224121,1936.41796875
25278,0.24236750602722168,1936.56640625
25279,0.23566579818725586,1937.7734375
25280,0.24852418899536133,1936.9765625
25281,0.17717480659484863,1936.09765625
25282,0.25582170486450195,1936.4296875
25283,0.27234983444213867,1939.81640625
25284,0.24509000778198242,1939.40625
25285,0.19542288780212402,1938.05859375
25286,0.13462495803833008,1938.375
25287,0.2595555782318115,1936.69140625
25288,0.2826569080352783,1936.91015625
25289,0.16152715682983398,1938.046875
25290,0.20086240768432617,1937.1328125
25291,0.19611001014709473,1937.16015625
25292,0.20488953590393066,1938.96875
25293,0.1318223476409912,1936.84375
25294,0.24857831001281738,1937.13671875
25295,0.22118353843688965,1938.8515625
25296,0.20821213722229004,1936.5
25297,0.21181821823120117,1936.37890625
25298,0.2052619457244873,1938.65234375
25299,0.22690582275390625,1936.6484375
25300,0.15578603744506836,1936.453125
25301,0.17618489265441895,1937.10546875
25302,0.181532621383667,1937.234375
25303,0.25460314750671387,1938.51171875
25304,0.21538448333740234,1939.359375
25305,0.2621884346008301,1938.80859375
25306,0.2578601837158203,1938.51171875
25307,0.17885637283325195,1941.98828125
25308,0.20459461212158203,1939.42578125
25309,0.16927576065063477,1940.22265625
25310,0.24026918411254883,1938.25390625
25311,0.26850199699401855,1939.546875
25312,0.1932964324951172,1938.96484375
25313,0.2301952838897705,1940.0234375
25314,0.22512602806091309,1942.421875
25315,0.21936440467834473,1939.9609375
25316,0.22040081024169922,1940.1328125
25317,0.25466465950012207,1940.47265625
25318,0.22149944305419922,1940.80859375
25319,0.15831613540649414,1939.3984375
25320,0.2265305519104004,1943.42578125
25321,0.19926786422729492,1940.7421875
25322,0.25285792350769043,1940.46484375
25323,0.16579437255859375,1940.73828125
25324,0.1976308822631836,1940.94921875
25325,0.2582223415374756,1941.24609375
25326,0.24225449562072754,1942.28125
25327,0.2136237621307373,1940.16796875
25328,0.21408295631408691,1940.19921875
25329,0.3259270191192627,1941.4609375
25330,0.22809720039367676,1940.9453125
25331,0.21164464950561523,1942.2578125
25332,0.1828911304473877,1942.03125
25333,0.22476506233215332,1941.45703125
25334,0.21929693222045898,1941.421875
25335,0.19150137901306152,1942.38671875
25336,0.2519657611846924,1941.53125
25337,0.2875025272369385,1942.56640625
25338,0.22050023078918457,1942.25390625
25339,0.18947553634643555,1942.328125
25340,0.27518510818481445,1943.265625
25341,0.20348000526428223,1942.76953125
25342,0.1927039623260498,1941.53515625
25343,0.21628260612487793,1944.8671875
25344,0.23894047737121582,1942.84375
25345,0.246018648147583,1942.93359375
25346,0.22681784629821777,1945.44140625
25347,0.23570537567138672,1942.58203125
25348,0.20306873321533203,1945.44921875
25349,0.21017074584960938,1945.6171875
25350,0.28328633308410645,1944.1875
25351,0.19274568557739258,1944.59375
25352,0.2259960174560547,1944.94140625
25353,0.26110172271728516,1944.12109375
25354,0.20564055442810059,1943.5703125
25355,0.2229313850402832,1944.546875
25356,0.2576916217803955,1944.45703125
25357,0.24176812171936035,1945.14453125
25358,0.22056150436401367,1945.15625
25359,0.2183520793914795,1945.328125
25360,0.21509170532226562,1944.71484375
25361,0.3479917049407959,1948.34765625
25362,0.2024829387664795,1945.265625
25363,0.18921613693237305,1946.1953125
25364,0.23773646354675293,1945.72265625
25365,0.2379443645477295,1946.58203125
25366,0.23515582084655762,1945.3828125
25367,0.19340205192565918,1945.0234375
25368,0.21502208709716797,1946.47265625
25369,0.18197083473205566,1946.296875
25370,0.2642230987548828,1946.21875
25371,0.2435002326965332,1946.26953125
25372,0.24704694747924805,1946.39453125
25373,0.25386786460876465,1946.99609375
25374,0.18605780601501465,1943.3125
25375,0.2284095287322998,1946.125
25376,0.1635911464691162,1946.125
25377,0.1642613410949707,1945.5546875
25378,0.2539637088775635,1947.5
25379,0.18242168426513672,1949.140625
25380,0.30132055282592773,1948.39453125
25381,0.18128204345703125,1947.625
25382,0.22415947914123535,1948.44140625
25383,0.2235579490661621,1947.859375
25384,0.2025301456451416,1947.44921875
25385,0.12621474266052246,1947.75
25386,0.2391190528869629,1948.6171875
25387,0.23017191886901855,1948.5390625
25388,0.1765129566192627,1949.96875
25389,0.24546504020690918,1948.87890625
25390,0.23406744003295898,1949.84765625
25391,0.2573819160461426,1949.19921875
25392,0.25241684913635254,1950.01953125
25393,0.2623469829559326,1950.23828125
25394,0.26147890090942383,1951.421875
25395,0.17534232139587402,1950.10546875
25396,0.2553837299346924,1949.2109375
25397,0.26363587379455566,1951.1640625
25398,0.21263837814331055,1949.578125
25399,0.22758889198303223,1951.32421875
25400,0.2506580352783203,1951.15625
25401,0.21447491645812988,1947.08984375
25402,0.2080707550048828,1951.2421875
25403,0.24705147743225098,1951.66015625
25404,0.21117019653320312,1949.9609375
25405,0.21558165550231934,1951.62109375
25406,0.25540876388549805,1952.234375
25407,0.2987172603607178,1951.82421875
25408,0.20898103713989258,1953.140625
25409,0.20408272743225098,1950.921875
25410,0.24228191375732422,1949.9765625
25411,0.1999044418334961,1951.65234375
25412,0.12821197509765625,1951.33984375
25413,0.2468400001525879,1952.23828125
25414,0.21953845024108887,1954.6171875
25415,0.2115633487701416,1952.6640625
25416,0.22450780868530273,1952.9921875
25417,0.21632695198059082,1952.6796875
25418,0.2405226230621338,1953.73828125
25419,0.23268437385559082,1954.6640625
25420,0.16768479347229004,1952.65234375
25421,0.22085356712341309,1952.609375
25422,0.1884291172027588,1951.80078125
25423,0.22536110877990723,1953.67578125
25424,0.2424924373626709,1952.18359375
25425,0.2755904197692871,1952.1484375
25426,0.22783637046813965,1955.83203125
25427,0.23866558074951172,1952.94140625
25428,0.2136068344116211,1954.24609375
25429,0.20046448707580566,1953.49609375
25430,0.21199607849121094,1952.1953125
25431,0.2427220344543457,1954.55859375
25432,0.2761850357055664,1955.6328125
25433,0.22537636756896973,1953.12890625
25434,0.22222161293029785,1953.625
25435,0.2392408847808838,1953.58984375
25436,0.21227478981018066,1953.64453125
25437,0.1798861026763916,1952.765625
25438,0.25790953636169434,1955.2578125
25439,0.2609591484069824,1956.359375
25440,0.22518253326416016,1954.0703125
25441,0.2194521427154541,1955.31640625
25442,0.21652841567993164,1956.1484375
25443,0.34050679206848145,1956.15234375
25444,0.2473294734954834,1955.03515625
25445,0.23566293716430664,1955.80859375
25446,0.23740077018737793,1956.484375
25447,0.1723346710205078,1953.46875
25448,0.20026087760925293,1955.1875
25449,0.15591669082641602,1957.4765625
25450,0.2810049057006836,1955.26171875
25451,0.34613776206970215,1955.1953125
25452,0.19040250778198242,1955.65234375
25453,0.2891581058502197,1957.48828125
25454,0.1976475715637207,1955.38671875
25455,0.2431163787841797,1956.40234375
25456,0.2733154296875,1956.3671875
25457,0.2291247844696045,1955.9765625
25458,0.23389363288879395,1956.65625
25459,0.19361448287963867,1956.13671875
25460,0.26511120796203613,1959.125
25461,0.25652599334716797,1955.7421875
25462,0.30832648277282715,1956.1015625
25463,0.2332925796508789,1956.0078125
25464,0.19768190383911133,1956.5703125
25465,0.25832033157348633,1957.7734375
25466,0.22020483016967773,1955.859375
25467,0.25278735160827637,1956.93359375
25468,0.33724474906921387,1957.64453125
25469,0.2814164161682129,1956.96875
25470,0.22606229782104492,1957.37890625
25471,0.28527116775512695,1957.51171875
25472,0.24551033973693848,1957.703125
25473,0.3003849983215332,1958.55078125
25474,0.22451066970825195,1958.078125
25475,0.21006369590759277,1957.78515625
25476,0.2193303108215332,1957.546875
25477,0.24843621253967285,1959.5390625
25478,0.24286365509033203,1957.578125
25479,0.21448135375976562,1955.91796875
25480,0.2747328281402588,1957.01171875
25481,0.2674543857574463,1957.3125
25482,0.2238459587097168,1959.0703125
25483,0.20490002632141113,1958.25390625
25484,0.26395273208618164,1959.11328125
25485,0.24153470993041992,1959.27734375
25486,0.2284092903137207,1960.546875
25487,0.26012587547302246,1959.79296875
25488,0.24570393562316895,1960.33984375
25489,0.2579789161682129,1961.75390625
25490,0.22965645790100098,1959.81640625
25491,0.18980884552001953,1962.23828125
25492,0.2716190814971924,1961.26171875
25493,0.20924806594848633,1962.12890625
25494,0.24127197265625,1960.1796875
25495,0.21158719062805176,1959.703125
25496,0.2445368766784668,1960.84765625
25497,0.2821648120880127,1961.35546875
25498,0.31755995750427246,1962.10546875
25499,0.20303106307983398,1961.515625
25500,0.14206862449645996,1962.65234375
25501,0.216566801071167,1962.69140625
25502,0.21390318870544434,1962.328125
25503,0.2755923271179199,1963.0
25504,0.2308657169342041,1962.99609375
25505,0.24337553977966309,1961.8046875
25506,0.17270493507385254,1962.7734375
25507,0.23804283142089844,1962.078125
25508,0.26358509063720703,1964.59375
25509,0.2433619499206543,1962.45703125
25510,0.2361743450164795,1963.1015625
25511,0.2910749912261963,1963.58984375
25512,0.25518226623535156,1963.02734375
25513,0.2560849189758301,1963.51953125
25514,0.24495553970336914,1963.3828125
25515,0.305835485458374,1963.8125
25516,0.18236422538757324,1964.99609375
25517,0.24245548248291016,1963.65625
25518,0.26613426208496094,1964.01953125
25519,0.22330451011657715,1964.09375
25520,0.28606557846069336,1964.0703125
25521,0.20517683029174805,1963.2578125
25522,0.2551882266998291,1962.8984375
25523,0.23190999031066895,1965.0078125
25524,0.2249293327331543,1964.6015625
25525,0.2624795436859131,1965.3671875
25526,0.19297385215759277,1964.859375
25527,0.2391374111175537,1963.22265625
25528,0.19371366500854492,1965.58203125
25529,0.14657020568847656,1964.94921875
25530,0.2680649757385254,1965.83984375
25531,0.2212061882019043,1965.87890625
25532,0.2375943660736084,1966.58984375
25533,0.2686007022857666,1965.6171875
25534,0.21228957176208496,1967.07421875
25535,0.19150280952453613,1967.05078125
25536,0.20542168617248535,1967.04296875
25537,0.22344613075256348,1966.7421875
25538,0.2122960090637207,1965.8515625
25539,0.2815554141998291,1968.171875
25540,0.22060155868530273,1966.89453125
25541,0.23853754997253418,1969.74609375
25542,0.2603621482849121,1965.52734375
25543,0.24323391914367676,1967.015625
25544,0.23722171783447266,1968.06640625
25545,0.2515990734100342,1966.55078125
25546,0.24004650115966797,1967.96484375
25547,0.26802802085876465,1966.30859375
25548,0.19060063362121582,1967.9921875
25549,0.19725847244262695,1966.859375
25550,0.2321794033050537,1966.88671875
25551,0.25786447525024414,1965.32421875
25552,0.22995615005493164,1965.328125
25553,0.188795804977417,1965.87890625
25554,0.1990206241607666,1966.24609375
25555,0.20389389991760254,1967.171875
25556,0.21907782554626465,1967.4921875
25557,0.1842515468597412,1965.87890625
25558,0.1883378028869629,1966.61328125
25559,0.1818850040435791,1967.1796875
25560,0.23129940032958984,1967.703125
25561,0.2074272632598877,1967.62109375
25562,0.22221088409423828,1968.859375
25563,0.28687477111816406,1967.1796875
25564,0.22536158561706543,1970.06640625
25565,0.17737269401550293,1967.5234375
25566,0.1551673412322998,1968.546875
25567,0.2632558345794678,1968.15234375
25568,0.22207856178283691,1968.05859375
25569,0.22908592224121094,1969.2578125
25570,0.22755217552185059,1968.39453125
25571,0.2253882884979248,1968.828125
25572,0.295285701751709,1969.2578125
25573,0.25066137313842773,1969.1640625
25574,0.19617128372192383,1970.0859375
25575,0.20437002182006836,1968.98046875
25576,0.25861620903015137,1971.23046875
25577,0.1768660545349121,1968.71484375
25578,0.18191218376159668,1968.62109375
25579,0.23160886764526367,1967.8125
25580,0.3118448257446289,1969.90625
25581,0.22201156616210938,1968.53125
25582,0.2764463424682617,1969.36328125
25583,0.166259765625,1969.90625
25584,0.22297382354736328,1973.05078125
25585,0.27525854110717773,1971.40234375
25586,0.24013257026672363,1969.875
25587,0.25516176223754883,1970.4375
25588,0.26219940185546875,1971.55078125
25589,0.26958370208740234,1970.70703125
25590,0.22640562057495117,1972.09375
25591,0.2615394592285156,1972.83203125
25592,0.20762085914611816,1971.1953125
25593,0.23895025253295898,1972.45703125
25594,0.29630517959594727,1971.921875
25595,0.21719908714294434,1971.84765625
25596,0.24128365516662598,1972.9453125
25597,0.2166132926940918,1972.0390625
25598,0.22640013694763184,1972.30859375
25599,0.22948122024536133,1972.73046875
25600,0.21725010871887207,1972.1640625
25601,0.1847844123840332,1972.1953125
25602,0.22292470932006836,1972.2890625
25603,0.22916054725646973,1974.1484375
25604,0.25269436836242676,1973.05859375
25605,0.26422119140625,1973.6015625
25606,0.21971702575683594,1972.06640625
25607,0.36356234550476074,1973.83203125
25608,0.4748191833496094,1974.73046875
25609,0.33992981910705566,1865.6328125
25610,0.33634519577026367,1863.8671875
25611,0.1628406047821045,1865.4375
25612,0.23178434371948242,1865.41796875
25613,0.3896665573120117,1864.3203125
25614,0.1893479824066162,1869.4140625
25615,0.24556851387023926,1862.6484375
25616,0.3305552005767822,1865.72265625
25617,0.23363471031188965,1865.30859375
25618,0.23984360694885254,1864.6640625
25619,0.2528059482574463,1865.01171875
25620,0.2745018005371094,1866.02734375
25621,0.2951023578643799,1867.359375
25622,0.3343017101287842,1866.33984375
25623,0.23763060569763184,1867.09765625
25624,0.24784636497497559,1866.90625
25625,0.3095531463623047,1867.61328125
25626,0.2124931812286377,1868.02734375
25627,0.1995236873626709,1868.78125
25628,0.21266388893127441,1867.86328125
25629,0.28011488914489746,1869.2421875
25630,0.21411371231079102,1869.1953125
25631,0.26570796966552734,1868.1953125
25632,0.23273110389709473,1868.64453125
25633,0.22701239585876465,1868.11328125
25634,0.17691302299499512,1868.4140625
25635,0.22806906700134277,1869.09375
25636,0.19897675514221191,1866.5078125
25637,0.20720887184143066,1868.5234375
25638,0.2174229621887207,1869.51171875
25639,0.2334749698638916,1870.2890625
25640,0.29667091369628906,1869.515625
25641,0.26280879974365234,1869.50390625
25642,0.14517593383789062,1868.70703125
25643,0.17920494079589844,1869.81640625
25644,0.2077481746673584,1868.5234375
25645,0.24824142456054688,1868.109375
25646,0.21276187896728516,1869.32421875
25647,0.3230888843536377,1869.51171875
25648,0.25031375885009766,1868.58984375
25649,0.3111093044281006,1866.921875
25650,0.13207268714904785,1867.98046875
25651,0.2331995964050293,1868.09375
25652,0.21571922302246094,1870.65234375
25653,0.15901613235473633,1868.12109375
25654,0.27841877937316895,1868.8671875
25655,0.29482293128967285,1869.29296875
25656,0.16094326972961426,1869.7109375
25657,0.2783467769622803,1869.453125
25658,0.25623106956481934,1870.25390625
25659,0.2611687183380127,1869.56640625
25660,0.22066998481750488,1866.1171875
25661,0.21164560317993164,1868.6796875
25662,0.24457406997680664,1869.1328125
25663,0.22721576690673828,1868.375
25664,0.11318755149841309,1868.953125
25665,0.20031261444091797,1868.27734375
25666,0.20415735244750977,1869.51953125
25667,0.19585704803466797,1869.3203125
25668,0.17719006538391113,1870.64453125
25669,0.2195281982421875,1869.62890625
25670,0.2268671989440918,1869.625
25671,0.1841287612915039,1870.0859375
25672,0.20768213272094727,1871.65234375
25673,0.20668768882751465,1870.0
25674,0.21303343772888184,1870.8046875
25675,0.11435770988464355,1870.61328125
25676,0.3505675792694092,1869.609375
25677,0.23838400840759277,1871.37109375
25678,0.18968987464904785,1871.22265625
25679,0.30050039291381836,1870.328125
25680,0.24003243446350098,1869.8671875
25681,0.16512441635131836,1870.359375
25682,0.13611936569213867,1871.33984375
25683,0.22815847396850586,1870.9921875
25684,0.17918062210083008,1870.01171875
25685,0.2679429054260254,1872.81640625
25686,0.3162403106689453,1872.34765625
25687,0.1766948699951172,1871.05078125
25688,0.1076056957244873,1870.671875
25689,0.24777531623840332,1873.84765625
25690,0.15889739990234375,1871.0234375
25691,0.21782684326171875,1873.390625
25692,0.2681272029876709,1872.11328125
25693,0.14902186393737793,1873.4765625
25694,0.2544064521789551,1873.2421875
25695,0.22931623458862305,1875.93359375
25696,0.19378924369812012,1875.17578125
25697,0.2387406826019287,1874.8984375
25698,0.25152063369750977,1874.42578125
25699,0.24816274642944336,1875.859375
25700,0.23482584953308105,1875.765625
25701,0.2487788200378418,1875.1484375
25702,0.2758162021636963,1874.67578125
25703,0.2119896411895752,1876.6640625
25704,0.24018073081970215,1877.3515625
25705,0.26010823249816895,1874.75390625
25706,0.24870657920837402,1874.93359375
25707,0.1859755516052246,1876.0
25708,0.14674115180969238,1874.17578125
25709,0.21865010261535645,1875.58984375
25710,0.15895390510559082,1875.96875
25711,0.25130271911621094,1876.42578125
25712,0.2846696376800537,1876.08984375
25713,0.20473241806030273,1877.359375
25714,0.13807320594787598,1877.3046875
25715,0.28794026374816895,1879.15234375
25716,0.23962640762329102,1876.90625
25717,0.23991060256958008,1878.33203125
25718,0.26085734367370605,1878.7265625
25719,0.23772358894348145,1877.859375
25720,0.23470759391784668,1877.22265625
25721,0.2518727779388428,1878.30078125
25722,0.17208361625671387,1878.0546875
25723,0.21052932739257812,1879.43359375
25724,0.18004965782165527,1878.22265625
25725,0.23050570487976074,1879.53515625
25726,0.3169126510620117,1878.09765625
25727,0.237900972366333,1879.4921875
25728,0.21922802925109863,1878.94140625
25729,0.2803640365600586,1878.46484375
25730,0.22900891304016113,1880.78125
25731,0.26038575172424316,1878.0078125
25732,0.23774456977844238,1878.4921875
25733,0.31102490425109863,1880.1953125
25734,0.20400786399841309,1880.53125
25735,0.27502870559692383,1878.24609375
25736,0.22902870178222656,1880.01171875
25737,0.2408127784729004,1880.60546875
25738,0.2638247013092041,1878.93359375
25739,0.21546459197998047,1879.62890625
25740,0.13799786567687988,1879.88671875
25741,0.21968841552734375,1881.80078125
25742,0.26515841484069824,1880.80859375
25743,0.225538969039917,1880.72265625
25744,0.28765177726745605,1880.09375
25745,0.22173285484313965,1880.14453125
25746,0.19091796875,1880.35546875
25747,0.09895491600036621,1879.91796875
25748,0.19093680381774902,1879.98828125
25749,0.3033623695373535,1878.99609375
25750,0.1887056827545166,1880.10546875
25751,0.18163084983825684,1881.953125
25752,0.19037222862243652,1882.8125
25753,0.19063091278076172,1882.1875
25754,0.26728010177612305,1881.12109375
25755,0.19161295890808105,1881.9296875
25756,0.20404863357543945,1881.98046875
25757,0.20738554000854492,1882.17578125
25758,0.21634221076965332,1881.38671875
25759,0.2672104835510254,1882.3671875
25760,0.26389479637145996,1882.390625
25761,0.1727294921875,1882.9453125
25762,0.24071073532104492,1881.95703125
25763,0.24497103691101074,1882.76953125
25764,0.23563027381896973,1881.921875
25765,0.2178201675415039,1883.0546875
25766,0.26239895820617676,1883.90234375
25767,0.20888113975524902,1884.2890625
25768,0.24271345138549805,1884.79296875
25769,0.15415668487548828,1882.53125
25770,0.24750518798828125,1883.75390625
25771,0.3387291431427002,1881.53125
25772,0.16538500785827637,1885.69140625
25773,0.19953584671020508,1884.59375
25774,0.20923614501953125,1883.546875
25775,0.2049877643585205,1884.33203125
25776,0.18185663223266602,1883.6484375
25777,0.35652899742126465,1880.5234375
25778,0.24935674667358398,1883.91796875
25779,0.24451613426208496,1883.98046875
25780,0.1896212100982666,1885.0546875
25781,0.21789216995239258,1884.2265625
25782,0.2549624443054199,1885.4140625
25783,0.2850801944732666,1886.08203125
25784,0.15620994567871094,1885.0078125
25785,0.20958232879638672,1886.21875
25786,0.21022725105285645,1886.828125
25787,0.11664605140686035,1885.16015625
25788,0.17626070976257324,1886.31640625
25789,0.21090197563171387,1887.40625
25790,0.10529208183288574,1886.52734375
25791,0.2931802272796631,1889.359375
25792,0.24406671524047852,1888.89453125
25793,0.22023487091064453,1889.06640625
25794,0.22348856925964355,1888.8046875
25795,0.3723752498626709,1886.76171875
25796,0.2636528015136719,1889.61328125
25797,0.12865281105041504,1887.1796875
25798,0.178175687789917,1886.48828125
25799,0.21984648704528809,1886.5859375
25800,0.23176145553588867,1888.34765625
25801,0.3064279556274414,1887.83984375
25802,0.22134685516357422,1887.69921875
25803,0.2490217685699463,1888.234375
25804,0.23693394660949707,1888.45703125
25805,0.28847599029541016,1888.12109375
25806,0.22661948204040527,1889.0234375
25807,0.25949692726135254,1888.234375
25808,0.12693047523498535,1888.31640625
25809,0.2080211639404297,1887.9375
25810,0.23696064949035645,1888.0625
25811,0.1335599422454834,1888.5234375
25812,0.23172879219055176,1887.62109375
25813,0.28746771812438965,1890.640625
25814,0.22246718406677246,1889.0078125
25815,0.2545156478881836,1889.20703125
25816,0.23017597198486328,1890.30078125
25817,0.22703909873962402,1888.125
25818,0.28081393241882324,1888.82421875
25819,0.22919797897338867,1888.9140625
25820,0.24030375480651855,1888.0859375
25821,0.2029881477355957,1889.01171875
25822,0.1946699619293213,1889.453125
25823,0.28177332878112793,1889.58984375
25824,0.22934246063232422,1888.3828125
25825,0.12892675399780273,1890.1953125
25826,0.26181483268737793,1889.94140625
25827,0.2560584545135498,1887.796875
25828,0.24254560470581055,1891.09765625
25829,0.20789432525634766,1888.38671875
25830,0.2283341884613037,1890.15234375
25831,0.2353959083557129,1890.2734375
25832,0.1627657413482666,1888.39453125
25833,0.2414107322692871,1889.62890625
25834,0.20076894760131836,1889.23828125
25835,0.18064403533935547,1890.87109375
25836,0.16238188743591309,1888.87109375
25837,0.22670888900756836,1890.9609375
25838,0.2610960006713867,1889.68359375
25839,0.2558166980743408,1893.21484375
25840,0.19550585746765137,1889.921875
25841,0.18912363052368164,1891.5390625
25842,0.23999404907226562,1890.94140625
25843,0.18999648094177246,1889.9609375
25844,0.20559358596801758,1889.8515625
25845,0.1520390510559082,1891.40234375
25846,0.2536754608154297,1893.0703125
25847,0.22800779342651367,1891.3515625
25848,0.21979689598083496,1890.71875
25849,0.21209144592285156,1890.69921875
25850,0.25407934188842773,1891.83203125
25851,0.19480156898498535,1890.73046875
25852,0.21467185020446777,1890.12890625
25853,0.2349565029144287,1892.296875
25854,0.20589542388916016,1892.0390625
25855,0.2083439826965332,1892.109375
25856,0.2516791820526123,1891.30078125
25857,0.21386098861694336,1891.5078125
25858,0.23791289329528809,1893.48046875
25859,0.22256755828857422,1892.48828125
25860,0.23997139930725098,1892.41015625
25861,0.210646390914917,1893.4453125
25862,0.14988231658935547,1893.83203125
25863,0.24465012550354004,1893.31640625
25864,0.1947953701019287,1891.734375
25865,0.23210811614990234,1892.16015625
25866,0.2198026180267334,1893.55078125
25867,0.2034437656402588,1893.87890625
25868,0.15891575813293457,1894.9765625
25869,0.28516530990600586,1895.17578125
25870,0.26662588119506836,1896.546875
25871,0.22371816635131836,1896.17578125
25872,0.2395002841949463,1898.15625
25873,0.16879606246948242,1897.88671875
25874,0.21195626258850098,1895.1171875
25875,0.22234177589416504,1895.3203125
25876,0.23704886436462402,1898.12109375
25877,0.19197463989257812,1896.91796875
25878,0.2660236358642578,1895.87109375
25879,0.2320234775543213,1896.48046875
25880,0.27438879013061523,1900.18359375
25881,0.22111892700195312,1896.46484375
25882,0.17966723442077637,1894.828125
25883,0.2384796142578125,1897.47265625
25884,0.25180530548095703,1898.95703125
25885,0.23327898979187012,1897.453125
25886,0.24039244651794434,1898.390625
25887,0.21941256523132324,1898.89453125
25888,0.21369481086730957,1899.08203125
25889,0.2353043556213379,1897.83984375
25890,0.2668583393096924,1899.68359375
25891,0.2523317337036133,1896.68359375
25892,0.21924901008605957,1898.08203125
25893,0.1646747589111328,1898.046875
25894,0.3076469898223877,1899.77734375
25895,0.20847249031066895,1898.93359375
25896,0.2044970989227295,1899.30078125
25897,0.19020366668701172,1899.6015625
25898,0.19015765190124512,1897.1796875
25899,0.16162562370300293,1899.1171875
25900,0.26809167861938477,1898.5859375
25901,0.19293594360351562,1897.59375
25902,0.24483942985534668,1897.60546875
25903,0.2199571132659912,1898.29296875
25904,0.2186903953552246,1897.0390625
25905,0.20668506622314453,1899.89453125
25906,0.23073196411132812,1898.109375
25907,0.2390003204345703,1899.79296875
25908,0.17305231094360352,1897.99609375
25909,0.19971990585327148,1898.1953125
25910,0.26776933670043945,1899.31640625
25911,0.15430140495300293,1900.12109375
25912,0.2701294422149658,1900.046875
25913,0.24242520332336426,1899.8203125
25914,0.23249173164367676,1898.48828125
25915,0.24369168281555176,1901.3828125
25916,0.19932270050048828,1899.37890625
25917,0.19667506217956543,1898.875
25918,0.21818280220031738,1901.75
25919,0.19500470161437988,1900.359375
25920,0.2987663745880127,1901.48828125
25921,0.2202906608581543,1901.28515625
25922,0.1978011131286621,1899.68359375
25923,0.2716708183288574,1898.78515625
25924,0.2089674472808838,1899.85546875
25925,0.21233654022216797,1900.91015625
25926,0.21515107154846191,1901.09375
25927,0.21932744979858398,1901.79296875
25928,0.22155070304870605,1901.3046875
25929,0.2031841278076172,1901.6953125
25930,0.21907877922058105,1901.41015625
25931,0.2211592197418213,1904.44921875
25932,0.22812557220458984,1901.10546875
25933,0.25116467475891113,1902.3984375
25934,0.25623345375061035,1901.55859375
25935,0.20910406112670898,1902.08984375
25936,0.2551398277282715,1903.51171875
25937,0.10747861862182617,1901.69921875
25938,0.31432533264160156,1902.95703125
25939,0.2373647689819336,1902.9921875
25940,0.1788177490234375,1902.00390625
25941,0.25269079208374023,1905.46875
25942,0.20649933815002441,1905.71875
25943,0.2158679962158203,1903.21484375
25944,0.22452998161315918,1901.78125
25945,0.22744536399841309,1902.671875
25946,0.27119874954223633,1901.83984375
25947,0.2154099941253662,1902.2890625
25948,0.2525629997253418,1903.41015625
25949,0.24251961708068848,1903.4453125
25950,0.2295362949371338,1904.6953125
25951,0.2619054317474365,1905.1796875
25952,0.23721694946289062,1902.3828125
25953,0.18419599533081055,1904.37109375
25954,0.24182415008544922,1905.19921875
25955,0.22394585609436035,1905.4453125
25956,0.20106816291809082,1907.09765625
25957,0.23913908004760742,1904.76171875
25958,0.18939518928527832,1906.69921875
25959,0.19690299034118652,1907.0390625
25960,0.2515561580657959,1906.6171875
25961,0.25632452964782715,1905.234375
25962,0.25945067405700684,1907.625
25963,0.25664186477661133,1905.21484375
25964,0.2526686191558838,1907.5546875
25965,0.23468613624572754,1906.40625
25966,0.205031156539917,1908.08203125
25967,0.18366360664367676,1909.11328125
25968,0.16197991371154785,1908.484375
25969,0.28178858757019043,1908.59375
25970,0.26035165786743164,1907.23046875
25971,0.21254873275756836,1909.53515625
25972,0.26919126510620117,1907.84375
25973,0.25933337211608887,1908.8515625
25974,0.23961234092712402,1908.515625
25975,0.27097511291503906,1908.109375
25976,0.3150615692138672,1909.03125
25977,0.22081828117370605,1909.21484375
25978,0.22631430625915527,1909.046875
25979,0.26480627059936523,1909.4921875
25980,0.3617136478424072,1909.8203125
25981,0.23761653900146484,1910.6015625
25982,0.2257535457611084,1911.37109375
25983,0.2791416645050049,1911.01953125
25984,0.2880067825317383,1911.5625
25985,0.2585577964782715,1913.6328125
25986,0.2389059066772461,1911.734375
25987,0.22515439987182617,1913.72265625
25988,0.2319934368133545,1910.7578125
25989,0.1829833984375,1909.74609375
25990,0.26546144485473633,1913.296875
25991,0.16162633895874023,1911.81640625
25992,0.23048162460327148,1912.3828125
25993,0.20064067840576172,1912.05078125
25994,0.21352314949035645,1911.6328125
25995,0.2086656093597412,1911.64453125
25996,0.2466132640838623,1912.453125
25997,0.2890300750732422,1910.74609375
25998,0.19207286834716797,1912.75390625
