file,width,height,size
1.jpg,708.0,827.0,585516.0
4.jpg,820.0,1023.0,838860.0
5.jpg,896.0,1074.0,962304.0
6.jpg,1200.0,818.0,981600.0
7.jpg,875.0,950.0,831250.0
8.jpg,637.0,1060.0,675220.0
13.jpg,900.0,1328.0,1195200.0
15.jpg,1156.0,761.0,879716.0
17.jpg,939.0,820.0,769980.0
18.jpg,820.0,907.0,743740.0
19.jpg,1023.0,350.0,358050.0
20.jpg,1137.0,850.0,966450.0
21.jpg,835.0,650.0,542750.0
22.jpg,471.0,850.0,400350.0
23.jpg,800.0,1133.0,906400.0
27.jpg,1122.0,1000.0,1122000.0
30.jpg,1600.0,1005.0,1608000.0
31.jpg,1253.0,873.0,1093869.0
32.jpg,1200.0,825.0,990000.0
51.jpg,1331.0,900.0,1197900.0
52.jpg,1204.0,900.0,1083600.0
53.jpg,900.0,1098.0,988200.0
54.jpg,1021.0,1200.0,1225200.0
55.jpg,1225.0,850.0,1041250.0
56.jpg,1313.0,800.0,1050400.0
57.jpg,1354.0,950.0,1286300.0
58.jpg,1000.0,1251.0,1251000.0
59.jpg,1005.0,1000.0,1005000.0
60.jpg,777.0,1200.0,932400.0
61.jpg,900.0,1142.0,1027800.0
62.jpg,865.0,1075.0,929875.0
64.jpg,1255.0,817.0,1025335.0
66.jpg,1169.0,1500.0,1753500.0
67.jpg,1094.0,746.0,816124.0
68.jpg,900.0,1065.0,958500.0
75.jpg,1000.0,1196.0,1196000.0
76.jpg,830.0,1035.0,859050.0
77.jpg,818.0,1080.0,883440.0
78.jpg,1046.0,824.0,861904.0
79.jpg,911.0,800.0,728800.0
80.jpg,1306.0,1000.0,1306000.0
81.jpg,858.0,1087.0,932646.0
82.jpg,1025.0,770.0,789250.0
83.jpg,1053.0,1300.0,1368900.0
84.jpg,732.0,900.0,658800.0
85.jpg,750.0,972.0,729000.0
86.jpg,1000.0,1208.0,1208000.0
87.jpg,700.0,877.0,613900.0
88.jpg,700.0,882.0,617400.0
89.jpg,1071.0,770.0,824670.0
90.jpg,1294.0,1000.0,1294000.0
91.jpg,909.0,700.0,636300.0
92.jpg,1072.0,770.0,825440.0
93.jpg,900.0,1090.0,981000.0
94.jpg,830.0,1050.0,871500.0
96.jpg,1041.0,800.0,832800.0
98.jpg,930.0,674.0,626820.0
99.jpg,1527.0,1000.0,1527000.0
100.jpg,1126.0,743.0,836618.0
101.jpg,730.0,1164.0,849720.0
102.jpg,700.0,1424.0,996800.0
103.jpg,1444.0,700.0,1010800.0
104.jpg,522.0,1101.0,574722.0
105.jpg,773.0,720.0,556560.0
108.jpg,1368.0,640.0,875520.0
109.jpg,919.0,917.0,842723.0
110.jpg,1246.0,900.0,1121400.0
111.jpg,1191.0,821.0,977811.0
112.jpg,1008.0,611.0,615888.0
113.jpg,1080.0,1000.0,1080000.0
114.jpg,369.0,1000.0,369000.0
115.jpg,377.0,1000.0,377000.0
116.jpg,760.0,1090.0,828400.0
117.jpg,1092.0,821.0,896532.0
118.jpg,1128.0,768.0,866304.0
119.jpg,820.0,720.0,590400.0
154.jpg,1300.0,858.0,1115400.0
157.jpg,907.0,1255.0,1138285.0
159.jpg,1017.0,822.0,835974.0
162.jpg,850.0,1061.0,901850.0
165.jpg,750.0,744.0,558000.0
166.jpg,750.0,1184.0,888000.0
167.jpg,750.0,741.0,555750.0
168.jpg,1148.0,900.0,1033200.0
169.jpg,750.0,750.0,562500.0
170.jpg,1500.0,784.0,1176000.0
171.jpg,1200.0,1135.0,1362000.0
172.jpg,650.0,565.0,367250.0
174.jpg,1059.0,770.0,815430.0
175.jpg,1300.0,1040.0,1352000.0
176.jpg,924.0,1200.0,1108800.0
177.jpg,839.0,1073.0,900247.0
178.jpg,604.0,846.0,510984.0
179.jpg,926.0,626.0,579676.0
180.jpg,1400.0,1243.0,1740200.0
181.jpg,1018.0,800.0,814400.0
182.jpg,1008.0,800.0,806400.0
183.jpg,1274.0,1200.0,1528800.0
184.jpg,912.0,1500.0,1368000.0
185.jpg,1624.0,1000.0,1624000.0
186.jpg,1566.0,900.0,1409400.0
187.jpg,1006.0,1300.0,1307800.0
188.jpg,1006.0,1300.0,1307800.0
189.jpg,1054.0,1300.0,1370200.0
190.jpg,1011.0,1300.0,1314300.0
192.jpg,1895.0,900.0,1705500.0
193.jpg,850.0,1309.0,1112650.0
194.jpg,900.0,1167.0,1050300.0
195.jpg,936.0,700.0,655200.0
196.jpg,1541.0,900.0,1386900.0
201.jpg,800.0,1435.0,1148000.0
220.jpg,942.0,934.0,879828.0
221.jpg,854.0,1100.0,939400.0
222.jpg,825.0,1200.0,990000.0
223.jpg,950.0,1494.0,1419300.0
224.jpg,694.0,318.0,220692.0
225.jpg,764.0,316.0,241424.0
226.jpg,900.0,420.0,378000.0
227.jpg,800.0,1003.0,802400.0
228.jpg,1082.0,680.0,735760.0
229.jpg,1111.0,650.0,722150.0
230.jpg,820.0,1018.0,834760.0
239.jpg,1125.0,1400.0,1575000.0
240.jpg,800.0,941.0,752800.0
245.jpg,1253.0,1400.0,1754200.0
276.jpg,950.0,1058.0,1005100.0
287.jpg,950.0,982.0,932900.0
288.jpg,900.0,1167.0,1050300.0
289.jpg,1200.0,1124.0,1348800.0
290.jpg,1200.0,1115.0,1338000.0
291.jpg,1005.0,1300.0,1306500.0
293.jpg,650.0,922.0,599300.0
294.jpg,1011.0,1600.0,1617600.0
295.jpg,1133.0,1300.0,1472900.0
296.jpg,1100.0,1502.0,1652200.0
297.jpg,1229.0,750.0,921750.0
298.jpg,602.0,854.0,514108.0
300.jpg,800.0,1062.0,849600.0
301.jpg,600.0,603.0,361800.0
302.jpg,797.0,1003.0,799391.0
304.jpg,1081.0,900.0,972900.0
305.jpg,808.0,941.0,760328.0
306.jpg,1000.0,1127.0,1127000.0
308.jpg,1221.0,800.0,976800.0
309.jpg,874.0,1300.0,1136200.0
311.jpg,843.0,1004.0,846372.0
312.jpg,1266.0,1600.0,2025600.0
313.jpg,1200.0,1507.0,1808400.0
314.jpg,838.0,1100.0,921800.0
315.jpg,1299.0,896.0,1163904.0
316.jpg,700.0,879.0,615300.0
317.jpg,1617.0,800.0,1293600.0
318.jpg,1191.0,800.0,952800.0
319.jpg,1150.0,800.0,920000.0
320.jpg,1176.0,800.0,940800.0
325.jpg,1096.0,828.0,907488.0
326.jpg,1031.0,572.0,589732.0
327.jpg,1133.0,850.0,963050.0
328.jpg,972.0,700.0,680400.0
329.jpg,1216.0,858.0,1043328.0
330.jpg,805.0,900.0,724500.0
331.jpg,675.0,813.0,548775.0
332.jpg,750.0,1013.0,759750.0
333.jpg,796.0,1004.0,799184.0
334.jpg,1000.0,1305.0,1305000.0
335.jpg,756.0,1000.0,756000.0
336.jpg,752.0,1000.0,752000.0
337.jpg,739.0,700.0,517300.0
338.jpg,1135.0,660.0,749100.0
339.jpg,1484.0,800.0,1187200.0
340.jpg,700.0,693.0,485100.0
341.jpg,770.0,1165.0,897050.0
342.jpg,918.0,901.0,827118.0
343.jpg,800.0,1168.0,934400.0
344.jpg,650.0,891.0,579150.0
346.jpg,1084.0,930.0,1008120.0
347.jpg,600.0,1519.0,911400.0
348.jpg,692.0,900.0,622800.0
349.jpg,736.0,850.0,625600.0
350.jpg,693.0,900.0,623700.0
351.jpg,930.0,1158.0,1076940.0
352.jpg,723.0,1000.0,723000.0
353.jpg,857.0,1000.0,857000.0
354.jpg,900.0,1200.0,1080000.0
355.jpg,851.0,1200.0,1021200.0
356.jpg,1014.0,1400.0,1419600.0
357.jpg,760.0,1049.0,797240.0
358.jpg,667.0,1027.0,685009.0
359.jpg,650.0,1242.0,807300.0
360.jpg,579.0,1141.0,660639.0
361.jpg,804.0,979.0,787116.0
362.jpg,904.0,1004.0,907616.0
368.jpg,1063.0,1300.0,1381900.0
369.jpg,1000.0,666.0,666000.0
370.jpg,878.0,900.0,790200.0
371.jpg,900.0,1200.0,1080000.0
373.jpg,1000.0,1204.0,1204000.0
374.jpg,1169.0,1000.0,1169000.0
375.jpg,1078.0,1200.0,1293600.0
376.jpg,1100.0,1222.0,1344200.0
377.jpg,950.0,1300.0,1235000.0
378.jpg,1011.0,1200.0,1213200.0
379.jpg,1100.0,1144.0,1258400.0
380.jpg,1008.0,1300.0,1310400.0
381.jpg,900.0,1260.0,1134000.0
382.jpg,1000.0,1209.0,1209000.0
383.jpg,706.0,906.0,639636.0
384.jpg,1000.0,1347.0,1347000.0
385.jpg,1024.0,1302.0,1333248.0
386.jpg,1363.0,900.0,1226700.0
387.jpg,1150.0,770.0,885500.0
388.jpg,720.0,1154.0,830880.0
389.jpg,1146.0,770.0,882420.0
390.jpg,1200.0,1013.0,1215600.0
391.jpg,1078.0,717.0,772926.0
392.jpg,800.0,1044.0,835200.0
393.jpg,864.0,1200.0,1036800.0
395.jpg,1200.0,908.0,1089600.0
396.jpg,800.0,1126.0,900800.0
397.jpg,714.0,1200.0,856800.0
407.jpg,801.0,961.0,769761.0
408.jpg,637.0,850.0,541450.0
409.jpg,803.0,1030.0,827090.0
410.jpg,700.0,832.0,582400.0
411.jpg,752.0,812.0,610624.0
412.jpg,1071.0,1256.0,1345176.0
413.jpg,1057.0,1256.0,1327592.0
418.jpg,870.0,1273.0,1107510.0
419.jpg,1000.0,1293.0,1293000.0
420.jpg,890.0,1200.0,1068000.0
421.jpg,793.0,990.0,785070.0
422.jpg,1000.0,1280.0,1280000.0
423.jpg,704.0,844.0,594176.0
424.jpg,1000.0,1191.0,1191000.0
425.jpg,850.0,1050.0,892500.0
426.jpg,498.0,788.0,392424.0
427.jpg,700.0,800.0,560000.0
430.jpg,772.0,880.0,679360.0
432.jpg,1301.0,1200.0,1561200.0
433.jpg,1137.0,800.0,909600.0
434.jpg,1000.0,1203.0,1203000.0
436.jpg,1377.0,1004.0,1382508.0
437.jpg,1377.0,894.0,1231038.0
438.jpg,1217.0,973.0,1184141.0
439.jpg,1215.0,964.0,1171260.0
441.jpg,620.0,897.0,556140.0
476.jpg,1080.0,1200.0,1296000.0
477.jpg,1128.0,1400.0,1579200.0
478.jpg,1000.0,1203.0,1203000.0
479.jpg,1408.0,998.0,1405184.0
481.jpg,1000.0,1203.0,1203000.0
482.jpg,1113.0,806.0,897078.0
483.jpg,1383.0,991.0,1370553.0
484.jpg,1311.0,800.0,1048800.0
485.jpg,1100.0,1336.0,1469600.0
486.jpg,903.0,729.0,658287.0
487.jpg,919.0,759.0,697521.0
488.jpg,944.0,650.0,613600.0
489.jpg,942.0,1200.0,1130400.0
490.jpg,973.0,702.0,683046.0
491.jpg,596.0,862.0,513752.0
492.jpg,1000.0,1378.0,1378000.0
493.jpg,901.0,1100.0,991100.0
494.jpg,949.0,900.0,854100.0
495.jpg,1400.0,831.0,1163400.0
496.jpg,1000.0,1237.0,1237000.0
497.jpg,827.0,1053.0,870831.0
498.jpg,991.0,1200.0,1189200.0
499.jpg,1000.0,1207.0,1207000.0
500.jpg,1262.0,800.0,1009600.0
501.jpg,931.0,1200.0,1117200.0
502.jpg,1000.0,1237.0,1237000.0
503.jpg,1306.0,800.0,1044800.0
504.jpg,1300.0,761.0,989300.0
505.jpg,944.0,644.0,607936.0
506.jpg,1000.0,1279.0,1279000.0
507.jpg,846.0,570.0,482220.0
508.jpg,1200.0,855.0,1026000.0
509.jpg,1100.0,1139.0,1252900.0
510.jpg,1146.0,880.0,1008480.0
511.jpg,802.0,736.0,590272.0
512.jpg,900.0,633.0,569700.0
513.jpg,1260.0,772.0,972720.0
514.jpg,929.0,1200.0,1114800.0
515.jpg,828.0,1000.0,828000.0
516.jpg,1318.0,660.0,869880.0
517.jpg,981.0,1038.0,1018278.0
518.jpg,952.0,817.0,777784.0
519.jpg,991.0,585.0,579735.0
520.jpg,2200.0,601.0,1322200.0
521.jpg,974.0,1500.0,1461000.0
522.jpg,1000.0,800.0,800000.0
523.jpg,962.0,800.0,769600.0
524.jpg,1476.0,800.0,1180800.0
525.jpg,1448.0,800.0,1158400.0
526.jpg,850.0,1255.0,1066750.0
527.jpg,1400.0,858.0,1201200.0
528.jpg,642.0,1600.0,1027200.0
530.jpg,1004.0,1200.0,1204800.0
531.jpg,900.0,1076.0,968400.0
532.jpg,900.0,700.0,630000.0
533.jpg,887.0,1100.0,975700.0
534.jpg,757.0,1100.0,832700.0
535.jpg,850.0,1270.0,1079500.0
536.jpg,850.0,1152.0,979200.0
537.jpg,850.0,1152.0,979200.0
542.jpg,805.0,1122.0,903210.0
543.jpg,981.0,890.0,873090.0
544.jpg,900.0,1082.0,973800.0
545.jpg,918.0,1300.0,1193400.0
546.jpg,1574.0,685.0,1078190.0
547.jpg,1323.0,550.0,727650.0
548.jpg,787.0,1150.0,905050.0
549.jpg,1507.0,650.0,979550.0
550.jpg,936.0,774.0,724464.0
551.jpg,802.0,966.0,774732.0
552.jpg,908.0,900.0,817200.0
553.jpg,1054.0,800.0,843200.0
554.jpg,900.0,1141.0,1026900.0
555.jpg,900.0,1154.0,1038600.0
556.jpg,900.0,1276.0,1148400.0
557.jpg,900.0,1086.0,977400.0
558.jpg,1045.0,900.0,940500.0
559.jpg,1030.0,770.0,793100.0
560.jpg,1448.0,945.0,1368360.0
562.jpg,856.0,1300.0,1112800.0
563.jpg,791.0,1020.0,806820.0
564.jpg,800.0,1171.0,936800.0
565.jpg,787.0,1200.0,944400.0
566.jpg,784.0,1200.0,940800.0
567.jpg,1057.0,800.0,845600.0
568.jpg,760.0,1200.0,912000.0
569.jpg,756.0,1200.0,907200.0
570.jpg,777.0,1200.0,932400.0
571.jpg,766.0,1200.0,919200.0
572.jpg,773.0,1200.0,927600.0
573.jpg,1015.0,880.0,893200.0
574.jpg,1039.0,829.0,861331.0
575.jpg,817.0,1250.0,1021250.0
576.jpg,772.0,1250.0,965000.0
577.jpg,1100.0,1239.0,1362900.0
578.jpg,1000.0,1259.0,1259000.0
579.jpg,1153.0,900.0,1037700.0
580.jpg,896.0,870.0,779520.0
581.jpg,1125.0,1500.0,1687500.0
582.jpg,780.0,990.0,772200.0
583.jpg,800.0,1432.0,1145600.0
584.jpg,1000.0,1039.0,1039000.0
585.jpg,950.0,1178.0,1119100.0
586.jpg,880.0,1217.0,1070960.0
587.jpg,964.0,1300.0,1253200.0
589.jpg,598.0,864.0,516672.0
590.jpg,997.0,801.0,798597.0
592.jpg,900.0,1296.0,1166400.0
593.jpg,850.0,1167.0,991950.0
594.jpg,900.0,1042.0,937800.0
595.jpg,1283.0,1500.0,1924500.0
596.jpg,840.0,1100.0,924000.0
597.jpg,1000.0,1291.0,1291000.0
598.jpg,750.0,996.0,747000.0
599.jpg,750.0,1095.0,821250.0
600.jpg,1173.0,1600.0,1876800.0
601.jpg,1000.0,1212.0,1212000.0
602.jpg,750.0,1044.0,783000.0
605.jpg,1100.0,1323.0,1455300.0
606.jpg,888.0,1118.0,992784.0
607.jpg,1050.0,973.0,1021650.0
608.jpg,1200.0,1120.0,1344000.0
609.jpg,940.0,1100.0,1034000.0
610.jpg,1000.0,1208.0,1208000.0
612.jpg,850.0,1076.0,914600.0
613.jpg,1175.0,850.0,998750.0
614.jpg,1183.0,850.0,1005550.0
615.jpg,856.0,691.0,591496.0
616.jpg,1311.0,1000.0,1311000.0
617.jpg,1250.0,741.0,926250.0
618.jpg,801.0,1150.0,921150.0
619.jpg,1025.0,867.0,888675.0
620.jpg,1030.0,881.0,907430.0
621.jpg,877.0,621.0,544617.0
622.jpg,1050.0,1250.0,1312500.0
623.jpg,1134.0,1300.0,1474200.0
624.jpg,1030.0,1383.0,1424490.0
625.jpg,1100.0,1320.0,1452000.0
627.jpg,825.0,1100.0,907500.0
628.jpg,920.0,1462.0,1345040.0
629.jpg,956.0,844.0,806864.0
630.jpg,910.0,1600.0,1456000.0
631.jpg,1238.0,1700.0,2104600.0
632.jpg,900.0,1207.0,1086300.0
633.jpg,530.0,720.0,381600.0
634.jpg,805.0,1069.0,860545.0
635.jpg,1050.0,1303.0,1368150.0
636.jpg,700.0,1404.0,982800.0
637.jpg,650.0,1211.0,787150.0
638.jpg,1424.0,678.0,965472.0
640.jpg,1274.0,656.0,835744.0
641.jpg,1200.0,1208.0,1449600.0
642.jpg,1200.0,1282.0,1538400.0
643.jpg,700.0,1513.0,1059100.0
644.jpg,700.0,1515.0,1060500.0
645.jpg,850.0,1260.0,1071000.0
646.jpg,800.0,1159.0,927200.0
647.jpg,1164.0,1150.0,1338600.0
648.jpg,900.0,1015.0,913500.0
650.jpg,729.0,900.0,656100.0
651.jpg,491.0,1170.0,574470.0
652.jpg,648.0,935.0,605880.0
653.jpg,700.0,1427.0,998900.0
654.jpg,900.0,1092.0,982800.0
655.jpg,700.0,1318.0,922600.0
656.jpg,900.0,1093.0,983700.0
657.jpg,425.0,1584.0,673200.0
667.jpg,900.0,1115.0,1003500.0
668.jpg,1300.0,1050.0,1365000.0
671.jpg,593.0,1000.0,593000.0
672.jpg,479.0,1000.0,479000.0
677.jpg,813.0,1070.0,869910.0
678.jpg,810.0,1082.0,876420.0
685.jpg,1000.0,1230.0,1230000.0
686.jpg,1100.0,1160.0,1276000.0
687.jpg,1100.0,1161.0,1277100.0
688.jpg,900.0,1133.0,1019700.0
689.jpg,904.0,1100.0,994400.0
690.jpg,1000.0,1168.0,1168000.0
691.jpg,1165.0,742.0,864430.0
692.jpg,1169.0,742.0,867398.0
693.jpg,1167.0,979.0,1142493.0
694.jpg,1168.0,978.0,1142304.0
695.jpg,801.0,1137.0,910737.0
696.jpg,1255.0,858.0,1076790.0
697.jpg,864.0,1200.0,1036800.0
698.jpg,1030.0,1008.0,1038240.0
699.jpg,1022.0,1003.0,1025066.0
700.jpg,1200.0,890.0,1068000.0
701.jpg,888.0,1400.0,1243200.0
702.jpg,700.0,1407.0,984900.0
703.jpg,750.0,1215.0,911250.0
704.jpg,1035.0,1200.0,1242000.0
705.jpg,2410.0,350.0,843500.0
706.jpg,800.0,538.0,430400.0
707.jpg,475.0,1400.0,665000.0
708.jpg,475.0,1400.0,665000.0
709.jpg,474.0,1400.0,663600.0
710.jpg,475.0,1400.0,665000.0
711.jpg,800.0,826.0,660800.0
712.jpg,1121.0,1100.0,1233100.0
713.jpg,1200.0,950.0,1140000.0
714.jpg,850.0,1103.0,937550.0
715.jpg,571.0,1305.0,745155.0
716.jpg,1031.0,1200.0,1237200.0
717.jpg,1031.0,1200.0,1237200.0
718.jpg,700.0,1343.0,940100.0
719.jpg,712.0,1350.0,961200.0
720.jpg,564.0,1600.0,902400.0
721.jpg,534.0,1600.0,854400.0
722.jpg,420.0,1016.0,426720.0
723.jpg,406.0,1022.0,414932.0
724.jpg,1246.0,800.0,996800.0
725.jpg,800.0,512.0,409600.0
726.jpg,1221.0,800.0,976800.0
727.jpg,1438.0,700.0,1006600.0
728.jpg,953.0,920.0,876760.0
729.jpg,897.0,1050.0,941850.0
730.jpg,768.0,1000.0,768000.0
731.jpg,1100.0,900.0,990000.0
732.jpg,870.0,1049.0,912630.0
733.jpg,1069.0,1105.0,1181245.0
734.jpg,1100.0,930.0,1023000.0
735.jpg,800.0,1222.0,977600.0
736.jpg,800.0,1227.0,981600.0
737.jpg,1025.0,1200.0,1230000.0
738.jpg,413.0,600.0,247800.0
739.jpg,1010.0,600.0,606000.0
740.jpg,967.0,600.0,580200.0
741.jpg,1015.0,600.0,609000.0
742.jpg,973.0,600.0,583800.0
743.jpg,1004.0,600.0,602400.0
744.jpg,411.0,600.0,246600.0
745.jpg,1173.0,1023.0,1199979.0
746.jpg,700.0,1417.0,991900.0
747.jpg,1228.0,1026.0,1259928.0
748.jpg,921.0,900.0,828900.0
749.jpg,913.0,900.0,821700.0
750.jpg,706.0,700.0,494200.0
751.jpg,709.0,700.0,496300.0
752.jpg,1022.0,1200.0,1226400.0
753.jpg,1986.0,550.0,1092300.0
754.jpg,2004.0,550.0,1102200.0
755.jpg,1996.0,550.0,1097800.0
756.jpg,1206.0,1000.0,1206000.0
757.jpg,1506.0,1000.0,1506000.0
758.jpg,800.0,1287.0,1029600.0
759.jpg,844.0,1200.0,1012800.0
760.jpg,869.0,1200.0,1042800.0
761.jpg,1343.0,750.0,1007250.0
762.jpg,676.0,718.0,485368.0
763.jpg,714.0,712.0,508368.0
764.jpg,1429.0,750.0,1071750.0
765.jpg,818.0,996.0,814728.0
766.jpg,700.0,1312.0,918400.0
767.jpg,1400.0,754.0,1055600.0
768.jpg,1028.0,1000.0,1028000.0
769.jpg,900.0,1132.0,1018800.0
770.jpg,1145.0,1100.0,1259500.0
771.jpg,907.0,900.0,816300.0
772.jpg,1327.0,1000.0,1327000.0
773.jpg,1104.0,900.0,993600.0
774.jpg,1200.0,936.0,1123200.0
775.jpg,1146.0,900.0,1031400.0
776.jpg,1144.0,900.0,1029600.0
777.jpg,1139.0,893.0,1017127.0
778.jpg,1124.0,900.0,1011600.0
779.jpg,1151.0,900.0,1035900.0
780.jpg,1248.0,900.0,1123200.0
781.jpg,473.0,1400.0,662200.0
782.jpg,474.0,1400.0,663600.0
783.jpg,468.0,1400.0,655200.0
784.jpg,476.0,1400.0,666400.0
787.jpg,1200.0,1136.0,1363200.0
788.jpg,1178.0,850.0,1001300.0
789.jpg,850.0,1353.0,1150050.0
790.jpg,1303.0,750.0,977250.0
791.jpg,1328.0,770.0,1022560.0
792.jpg,800.0,1170.0,936000.0
793.jpg,850.0,1165.0,990250.0
794.jpg,787.0,960.0,755520.0
795.jpg,790.0,956.0,755240.0
796.jpg,947.0,1200.0,1136400.0
797.jpg,991.0,1200.0,1189200.0
798.jpg,1000.0,1394.0,1394000.0
799.jpg,1014.0,1200.0,1216800.0
800.jpg,1000.0,1165.0,1165000.0
801.jpg,1022.0,1200.0,1226400.0
802.jpg,1008.0,1200.0,1209600.0
803.jpg,1009.0,1200.0,1210800.0
804.jpg,1102.0,1300.0,1432600.0
805.jpg,920.0,1300.0,1196000.0
806.jpg,817.0,1300.0,1062100.0
807.jpg,800.0,1325.0,1060000.0
808.jpg,998.0,1300.0,1297400.0
809.jpg,1000.0,1192.0,1192000.0
810.jpg,1232.0,1000.0,1232000.0
811.jpg,1046.0,1300.0,1359800.0
812.jpg,1008.0,1200.0,1209600.0
813.jpg,1000.0,1292.0,1292000.0
814.jpg,1468.0,900.0,1321200.0
815.jpg,1000.0,1325.0,1325000.0
816.jpg,1275.0,900.0,1147500.0
817.jpg,786.0,958.0,752988.0
818.jpg,903.0,1050.0,948150.0
819.jpg,1276.0,800.0,1020800.0
820.jpg,750.0,901.0,675750.0
821.jpg,750.0,906.0,679500.0
822.jpg,783.0,1400.0,1096200.0
823.jpg,800.0,1119.0,895200.0
824.jpg,1292.0,900.0,1162800.0
825.jpg,981.0,1200.0,1177200.0
826.jpg,837.0,1200.0,1004400.0
827.jpg,856.0,1200.0,1027200.0
828.jpg,1034.0,700.0,723800.0
830.jpg,900.0,1077.0,969300.0
833.jpg,900.0,1088.0,979200.0
834.jpg,750.0,1375.0,1031250.0
835.jpg,1266.0,850.0,1076100.0
836.jpg,898.0,1142.0,1025516.0
837.jpg,870.0,1045.0,909150.0
838.jpg,829.0,1200.0,994800.0
839.jpg,900.0,1086.0,977400.0
840.jpg,897.0,1200.0,1076400.0
841.jpg,750.0,1524.0,1143000.0
842.jpg,1183.0,900.0,1064700.0
843.jpg,850.0,1236.0,1050600.0
844.jpg,856.0,1200.0,1027200.0
845.jpg,1121.0,770.0,863170.0
846.jpg,900.0,1150.0,1035000.0
847.jpg,770.0,1003.0,772310.0
848.jpg,570.0,1357.0,773490.0
849.jpg,900.0,1117.0,1005300.0
850.jpg,1031.0,780.0,804180.0
851.jpg,801.0,983.0,787383.0
852.jpg,750.0,1355.0,1016250.0
853.jpg,1236.0,850.0,1050600.0
854.jpg,813.0,942.0,765846.0
855.jpg,1000.0,1103.0,1103000.0
856.jpg,900.0,1156.0,1040400.0
857.jpg,870.0,1025.0,891750.0
858.jpg,570.0,800.0,456000.0
859.jpg,1025.0,1200.0,1230000.0
860.jpg,872.0,1100.0,959200.0
861.jpg,848.0,1010.0,856480.0
862.jpg,939.0,1100.0,1032900.0
863.jpg,1200.0,1201.0,1441200.0
864.jpg,1400.0,1076.0,1506400.0
865.jpg,1400.0,1071.0,1499400.0
866.jpg,800.0,1222.0,977600.0
867.jpg,800.0,1231.0,984800.0
868.jpg,1000.0,1020.0,1020000.0
869.jpg,970.0,996.0,966120.0
870.jpg,1057.0,1100.0,1162700.0
871.jpg,1020.0,1042.0,1062840.0
872.jpg,589.0,800.0,471200.0
873.jpg,1054.0,1100.0,1159400.0
874.jpg,900.0,1255.0,1129500.0
875.jpg,803.0,1400.0,1124200.0
876.jpg,1032.0,920.0,949440.0
877.jpg,900.0,1065.0,958500.0
878.jpg,1541.0,550.0,847550.0
879.jpg,1472.0,550.0,809600.0
880.jpg,1422.0,550.0,782100.0
881.jpg,1400.0,1040.0,1456000.0
882.jpg,1076.0,950.0,1022200.0
883.jpg,1000.0,1197.0,1197000.0
884.jpg,978.0,800.0,782400.0
885.jpg,956.0,800.0,764800.0
886.jpg,1234.0,1000.0,1234000.0
887.jpg,1739.0,700.0,1217300.0
888.jpg,950.0,1089.0,1034550.0
889.jpg,600.0,1161.0,696600.0
890.jpg,500.0,1224.0,612000.0
891.jpg,900.0,903.0,812700.0
892.jpg,1000.0,1093.0,1093000.0
893.jpg,1571.0,600.0,942600.0
894.jpg,1521.0,600.0,912600.0
895.jpg,1000.0,1151.0,1151000.0
896.jpg,1166.0,1050.0,1224300.0
897.jpg,1050.0,1060.0,1113000.0
898.jpg,1100.0,1204.0,1324400.0
899.jpg,1000.0,1202.0,1202000.0
900.jpg,1101.0,1100.0,1211100.0
901.jpg,1022.0,1200.0,1226400.0
902.jpg,1151.0,950.0,1093450.0
903.jpg,863.0,1010.0,871630.0
904.jpg,800.0,1393.0,1114400.0
905.jpg,767.0,1200.0,920400.0
906.jpg,800.0,1745.0,1396000.0
907.jpg,900.0,1251.0,1125900.0
908.jpg,850.0,1086.0,923100.0
909.jpg,800.0,1401.0,1120800.0
910.jpg,750.0,1027.0,770250.0
911.jpg,744.0,1200.0,892800.0
912.jpg,857.0,1010.0,865570.0
913.jpg,862.0,1050.0,905100.0
914.jpg,862.0,1050.0,905100.0
915.jpg,800.0,1038.0,830400.0
917.jpg,900.0,1018.0,916200.0
918.jpg,900.0,997.0,897300.0
919.jpg,840.0,1166.0,979440.0
920.jpg,1000.0,1166.0,1166000.0
921.jpg,1424.0,700.0,996800.0
922.jpg,1000.0,1013.0,1013000.0
923.jpg,1051.0,735.0,772485.0
924.jpg,1291.0,850.0,1097350.0
925.jpg,944.0,1100.0,1038400.0
926.jpg,700.0,1455.0,1018500.0
927.jpg,1088.0,900.0,979200.0
928.jpg,1164.0,1150.0,1338600.0
929.jpg,900.0,1009.0,908100.0
930.jpg,703.0,1600.0,1124800.0
931.jpg,1745.0,700.0,1221500.0
932.jpg,930.0,900.0,837000.0
933.jpg,835.0,900.0,751500.0
934.jpg,700.0,1200.0,840000.0
935.jpg,800.0,1201.0,960800.0
936.jpg,700.0,1045.0,731500.0
937.jpg,1000.0,1042.0,1042000.0
938.jpg,1085.0,1300.0,1410500.0
939.jpg,1004.0,1300.0,1305200.0
946.jpg,1050.0,753.0,790650.0
947.jpg,855.0,750.0,641250.0
948.jpg,850.0,1011.0,859350.0
949.jpg,800.0,1532.0,1225600.0
954.jpg,1339.0,1100.0,1472900.0
957.jpg,750.0,1047.0,785250.0
958.jpg,1060.0,1500.0,1590000.0
960.jpg,900.0,1028.0,925200.0
961.jpg,1105.0,850.0,939250.0
969.jpg,714.0,1000.0,714000.0
970.jpg,550.0,753.0,414150.0
971.jpg,1300.0,1302.0,1692600.0
972.jpg,1458.0,1130.0,1647540.0
976.jpg,1032.0,1300.0,1341600.0
978.jpg,900.0,1180.0,1062000.0
979.jpg,400.0,521.0,208400.0
980.jpg,1500.0,1700.0,2550000.0
981.jpg,607.0,850.0,515950.0
982.jpg,1107.0,1300.0,1439100.0
983.jpg,1165.0,1500.0,1747500.0
984.jpg,1000.0,1259.0,1259000.0
985.jpg,800.0,1014.0,811200.0
986.jpg,535.0,750.0,401250.0
987.jpg,802.0,1092.0,875784.0
988.jpg,950.0,1277.0,1213150.0
1000.jpg,1000.0,1003.0,1003000.0
1001.jpg,1432.0,900.0,1288800.0
1002.jpg,750.0,1013.0,759750.0
1019.jpg,800.0,1039.0,831200.0
1020.jpg,1147.0,754.0,864838.0
1021.jpg,1149.0,755.0,867495.0
1024.jpg,932.0,1255.0,1169660.0
1026.jpg,650.0,972.0,631800.0
1028.jpg,619.0,820.0,507580.0
1029.jpg,820.0,1037.0,850340.0
1032.jpg,800.0,1302.0,1041600.0
1034.jpg,903.0,775.0,699825.0
1035.jpg,750.0,1054.0,790500.0
1036.jpg,900.0,1093.0,983700.0
1037.jpg,800.0,1336.0,1068800.0
1038.jpg,705.0,1009.0,711345.0
1039.jpg,822.0,1400.0,1150800.0
1040.jpg,1000.0,1466.0,1466000.0
1041.jpg,707.0,1251.0,884457.0
1042.jpg,900.0,1288.0,1159200.0
1043.jpg,816.0,1000.0,816000.0
1044.jpg,799.0,1000.0,799000.0
1045.jpg,1000.0,1359.0,1359000.0
1046.jpg,800.0,1087.0,869600.0
1047.jpg,800.0,1123.0,898400.0
1048.jpg,674.0,900.0,606600.0
1049.jpg,900.0,1157.0,1041300.0
1050.jpg,850.0,1132.0,962200.0
1051.jpg,800.0,1610.0,1288000.0
1052.jpg,833.0,1150.0,957950.0
1053.jpg,750.0,908.0,681000.0
1055.jpg,703.0,931.0,654493.0
1056.jpg,922.0,850.0,783700.0
1057.jpg,801.0,979.0,784179.0
1058.jpg,844.0,1096.0,925024.0
1061.jpg,907.0,953.0,864371.0
1062.jpg,1080.0,828.0,894240.0
1063.jpg,1133.0,1200.0,1359600.0
1064.jpg,900.0,1048.0,943200.0
1065.jpg,341.0,950.0,323950.0
1066.jpg,1339.0,850.0,1138150.0
1067.jpg,1100.0,1559.0,1714900.0
1068.jpg,900.0,1291.0,1161900.0
1069.jpg,876.0,1400.0,1226400.0
1070.jpg,605.0,1030.0,623150.0
1071.jpg,678.0,920.0,623760.0
1072.jpg,1058.0,1800.0,1904400.0
1073.jpg,655.0,940.0,615700.0
1074.jpg,669.0,1200.0,802800.0
1075.jpg,757.0,1400.0,1059800.0
1077.jpg,806.0,1200.0,967200.0
1078.jpg,936.0,1253.0,1172808.0
1082.jpg,845.0,1200.0,1014000.0
1083.jpg,801.0,1055.0,845055.0
1084.jpg,1030.0,1400.0,1442000.0
1086.jpg,1267.0,1008.0,1277136.0
1087.jpg,1500.0,1015.0,1522500.0
1089.jpg,1533.0,800.0,1226400.0
1090.jpg,800.0,1464.0,1171200.0
1091.jpg,800.0,1007.0,805600.0
1092.jpg,707.0,892.0,630644.0
2244.jpg,1000.0,1444.0,1444000.0
2245.jpg,1000.0,1420.0,1420000.0
2250.jpg,1000.0,1258.0,1258000.0
2251.jpg,1000.0,1173.0,1173000.0
2252.jpg,738.0,1000.0,738000.0
2253.jpg,814.0,1000.0,814000.0
2254.jpg,772.0,1000.0,772000.0
2255.jpg,743.0,1000.0,743000.0
2256.jpg,730.0,1000.0,730000.0
2257.jpg,807.0,1000.0,807000.0
2258.jpg,983.0,1300.0,1277900.0
2259.jpg,993.0,1300.0,1290900.0
2260.jpg,900.0,1080.0,972000.0
2261.jpg,994.0,1300.0,1292200.0
2262.jpg,900.0,1076.0,968400.0
2263.jpg,1092.0,1300.0,1419600.0
2264.jpg,1093.0,1300.0,1420900.0
2265.jpg,1090.0,1300.0,1417000.0
2266.jpg,1082.0,1300.0,1406600.0
2267.jpg,1005.0,1300.0,1306500.0
2268.jpg,1020.0,1300.0,1326000.0
2269.jpg,1007.0,1300.0,1309100.0
2273.jpg,962.0,1300.0,1250600.0
2274.jpg,900.0,1053.0,947700.0
2275.jpg,978.0,1300.0,1271400.0
2276.jpg,890.0,1300.0,1157000.0
2277.jpg,1025.0,1200.0,1230000.0
2278.jpg,1001.0,1300.0,1301300.0
2279.jpg,996.0,1300.0,1294800.0
2280.jpg,900.0,1039.0,935100.0
2281.jpg,732.0,1000.0,732000.0
2283.jpg,1000.0,1288.0,1288000.0
2284.jpg,1000.0,1285.0,1285000.0
2285.jpg,900.0,1092.0,982800.0
2286.jpg,900.0,1064.0,957600.0
2287.jpg,900.0,1164.0,1047600.0
2288.jpg,1007.0,1300.0,1309100.0
2289.jpg,1000.0,1361.0,1361000.0
2290.jpg,861.0,1100.0,947100.0
2291.jpg,1000.0,1168.0,1168000.0
2292.jpg,1446.0,900.0,1301400.0
2293.jpg,1025.0,1300.0,1332500.0
2294.jpg,1300.0,857.0,1114100.0
2295.jpg,900.0,1217.0,1095300.0
2296.jpg,1300.0,821.0,1067300.0
2297.jpg,1000.0,1308.0,1308000.0
2386.jpg,760.0,1000.0,760000.0
2387.jpg,1070.0,804.0,860280.0
2388.jpg,916.0,1200.0,1099200.0
2389.jpg,923.0,1200.0,1107600.0
2390.jpg,797.0,1200.0,956400.0
2391.jpg,803.0,1200.0,963600.0
2392.jpg,911.0,1200.0,1093200.0
2393.jpg,1134.0,900.0,1020600.0
2394.jpg,1032.0,800.0,825600.0
2395.jpg,1149.0,900.0,1034100.0
2396.jpg,946.0,770.0,728420.0
2403.jpg,1000.0,1263.0,1263000.0
2404.jpg,978.0,1254.0,1226412.0
2467.jpg,956.0,1200.0,1147200.0
2472.jpg,1255.0,959.0,1203545.0
2474.jpg,1092.0,781.0,852852.0
2476.jpg,1300.0,725.0,942500.0
2477.jpg,900.0,1139.0,1025100.0
2478.jpg,1000.0,1118.0,1118000.0
2479.jpg,790.0,1097.0,866630.0
2481.jpg,1200.0,900.0,1080000.0
2486.jpg,1139.0,770.0,877030.0
2488.jpg,1219.0,800.0,975200.0
2490.jpg,1180.0,863.0,1018340.0
2491.jpg,1200.0,891.0,1069200.0
2492.jpg,892.0,1600.0,1427200.0
2493.jpg,803.0,966.0,775698.0
2495.jpg,684.0,730.0,499320.0
2496.jpg,750.0,1013.0,759750.0
2497.jpg,1466.0,850.0,1246100.0
2498.jpg,1111.0,1000.0,1111000.0
2499.jpg,1044.0,1000.0,1044000.0
2502.jpg,1127.0,1300.0,1465100.0
2503.jpg,1311.0,900.0,1179900.0
2504.jpg,1500.0,1139.0,1708500.0
2506.jpg,1000.0,1230.0,1230000.0
2507.jpg,1100.0,869.0,955900.0
2508.jpg,1300.0,935.0,1215500.0
2509.jpg,1500.0,1091.0,1636500.0
2510.jpg,1070.0,1300.0,1391000.0
2511.jpg,980.0,780.0,764400.0
2512.jpg,1415.0,1120.0,1584800.0
2513.jpg,1030.0,800.0,824000.0
2514.jpg,1628.0,1000.0,1628000.0
2516.jpg,1408.0,900.0,1267200.0
2517.jpg,1070.0,874.0,935180.0
2519.jpg,935.0,750.0,701250.0
2520.jpg,1250.0,919.0,1148750.0
2521.jpg,1400.0,1129.0,1580600.0
2523.jpg,1002.0,1300.0,1302600.0
2525.jpg,875.0,1198.0,1048250.0
2526.jpg,1357.0,900.0,1221300.0
2527.jpg,1506.0,850.0,1280100.0
2528.jpg,950.0,1259.0,1196050.0
2529.jpg,1300.0,926.0,1203800.0
2530.jpg,448.0,600.0,268800.0
2531.jpg,1100.0,475.0,522500.0
2532.jpg,1400.0,996.0,1394400.0
2533.jpg,1300.0,735.0,955500.0
2536.jpg,1100.0,1506.0,1656600.0
2537.jpg,1255.0,945.0,1185975.0
2539.jpg,1233.0,1200.0,1479600.0
2540.jpg,551.0,811.0,446861.0
2543.jpg,1100.0,743.0,817300.0
2544.jpg,812.0,750.0,609000.0
2545.jpg,1400.0,915.0,1281000.0
2547.jpg,1215.0,912.0,1108080.0
2548.jpg,1255.0,905.0,1135775.0
2550.jpg,1405.0,1000.0,1405000.0
2555.jpg,1472.0,1000.0,1472000.0
2562.jpg,631.0,900.0,567900.0
2569.jpg,810.0,812.0,657720.0
2570.jpg,653.0,800.0,522400.0
2571.jpg,487.0,478.0,232786.0
2572.jpg,1024.0,1302.0,1333248.0
2573.jpg,886.0,1000.0,886000.0
2574.jpg,1000.0,1350.0,1350000.0
2580.jpg,1400.0,853.0,1194200.0
2584.jpg,1600.0,810.0,1296000.0
2585.jpg,1282.0,814.0,1043548.0
2587.jpg,1167.0,750.0,875250.0
2589.jpg,1220.0,700.0,854000.0
2590.jpg,1000.0,1184.0,1184000.0
2596.jpg,989.0,705.0,697245.0
2597.jpg,1097.0,811.0,889667.0
2598.jpg,1100.0,612.0,673200.0
2599.jpg,954.0,603.0,575262.0
2600.jpg,954.0,950.0,906300.0
2602.jpg,1400.0,1128.0,1579200.0
2603.jpg,1114.0,900.0,1002600.0
2604.jpg,1231.0,850.0,1046350.0
2608.jpg,850.0,1094.0,929900.0
2609.jpg,1600.0,1055.0,1688000.0
2610.jpg,912.0,1300.0,1185600.0
2611.jpg,1000.0,1211.0,1211000.0
2612.jpg,800.0,1018.0,814400.0
2613.jpg,948.0,900.0,853200.0
2614.jpg,885.0,990.0,876150.0
2615.jpg,750.0,1004.0,753000.0
2619.jpg,880.0,1300.0,1144000.0
2621.jpg,846.0,1170.0,989820.0
2622.jpg,770.0,1017.0,783090.0
2623.jpg,850.0,1259.0,1070150.0
2624.jpg,850.0,1195.0,1015750.0
2625.jpg,750.0,1453.0,1089750.0
2626.jpg,850.0,1169.0,993650.0
2627.jpg,750.0,1293.0,969750.0
2628.jpg,850.0,1127.0,957950.0
2629.jpg,900.0,1019.0,917100.0
2630.jpg,722.0,867.0,625974.0
2631.jpg,1200.0,888.0,1065600.0
2632.jpg,718.0,900.0,646200.0
2633.jpg,728.0,1000.0,728000.0
2636.jpg,750.0,1562.0,1171500.0
2637.jpg,802.0,1147.0,919894.0
2638.jpg,875.0,637.0,557375.0
2639.jpg,485.0,750.0,363750.0
2640.jpg,770.0,911.0,701470.0
2641.jpg,660.0,1200.0,792000.0
2642.jpg,942.0,700.0,659400.0
2643.jpg,826.0,1300.0,1073800.0
2644.jpg,900.0,1352.0,1216800.0
2645.jpg,900.0,592.0,532800.0
2646.jpg,1348.0,900.0,1213200.0
2647.jpg,900.0,1068.0,961200.0
2648.jpg,801.0,996.0,797796.0
2649.jpg,900.0,1130.0,1017000.0
2650.jpg,1000.0,1072.0,1072000.0
2651.jpg,870.0,1200.0,1044000.0
2652.jpg,1500.0,1123.0,1684500.0
2653.jpg,1250.0,959.0,1198750.0
2654.jpg,674.0,803.0,541222.0
2655.jpg,900.0,1127.0,1014300.0
2658.jpg,1161.0,1500.0,1741500.0
2660.jpg,1253.0,1100.0,1378300.0
2661.jpg,1072.0,1400.0,1500800.0
2662.jpg,1204.0,1005.0,1210020.0
2666.jpg,1338.0,870.0,1164060.0
2668.jpg,1121.0,761.0,853081.0
2669.jpg,1524.0,1000.0,1524000.0
2672.jpg,1150.0,814.0,936100.0
2673.jpg,1401.0,690.0,966690.0
2674.jpg,1500.0,1046.0,1569000.0
2675.jpg,1300.0,1059.0,1376700.0
2676.jpg,991.0,814.0,806674.0
2677.jpg,1400.0,994.0,1391600.0
2678.jpg,1500.0,846.0,1269000.0
2679.jpg,674.0,850.0,572900.0
2681.jpg,1005.0,813.0,817065.0
2682.jpg,1079.0,807.0,870753.0
2685.jpg,1073.0,758.0,813334.0
2686.jpg,801.0,1163.0,931563.0
2687.jpg,1500.0,1005.0,1507500.0
2688.jpg,802.0,1182.0,947964.0
2689.jpg,1000.0,1304.0,1304000.0
2690.jpg,668.0,1400.0,935200.0
2692.jpg,885.0,1200.0,1062000.0
2693.jpg,1146.0,850.0,974100.0
2694.jpg,1102.0,850.0,936700.0
2696.jpg,1000.0,1263.0,1263000.0
2698.jpg,715.0,800.0,572000.0
2699.jpg,1100.0,784.0,862400.0
2700.jpg,1201.0,1200.0,1441200.0
2708.jpg,1134.0,800.0,907200.0
2709.jpg,1071.0,800.0,856800.0
2710.jpg,850.0,1040.0,884000.0
2712.jpg,561.0,1078.0,604758.0
2713.jpg,675.0,900.0,607500.0
2714.jpg,958.0,1000.0,958000.0
2715.jpg,1021.0,1300.0,1327300.0
2716.jpg,702.0,1051.0,737802.0
2717.jpg,1049.0,1600.0,1678400.0
2718.jpg,740.0,1109.0,820660.0
2719.jpg,808.0,1013.0,818504.0
2720.jpg,1062.0,1420.0,1508040.0
2722.jpg,1162.0,1500.0,1743000.0
2723.jpg,1100.0,1345.0,1479500.0
2724.jpg,1165.0,850.0,990250.0
2730.jpg,938.0,1400.0,1313200.0
2733.jpg,958.0,1400.0,1341200.0
2734.jpg,697.0,900.0,627300.0
2735.jpg,877.0,1400.0,1227800.0
2737.jpg,1069.0,1400.0,1496600.0
2738.jpg,770.0,992.0,763840.0
2739.jpg,1081.0,1400.0,1513400.0
2740.jpg,800.0,1162.0,929600.0
2741.jpg,1100.0,656.0,721600.0
2746.jpg,1000.0,1260.0,1260000.0
2747.jpg,1100.0,1178.0,1295800.0
2748.jpg,750.0,1103.0,827250.0
2749.jpg,1092.0,1300.0,1419600.0
2750.jpg,1010.0,869.0,877690.0
2751.jpg,1000.0,1440.0,1440000.0
2752.jpg,750.0,1213.0,909750.0
2753.jpg,1147.0,950.0,1089650.0
2754.jpg,1300.0,904.0,1175200.0
2755.jpg,672.0,932.0,626304.0
2757.jpg,681.0,900.0,612900.0
2760.jpg,829.0,985.0,816565.0
2761.jpg,573.0,1158.0,663534.0
2763.jpg,1555.0,1857.0,2887635.0
2764.jpg,753.0,1857.0,1398321.0
2765.jpg,661.0,883.0,583663.0
2766.jpg,750.0,1857.0,1392750.0
2767.jpg,380.0,992.0,376960.0
2768.jpg,683.0,900.0,614700.0
2769.jpg,642.0,1500.0,963000.0
2770.jpg,705.0,1061.0,748005.0
2771.jpg,700.0,1209.0,846300.0
2772.jpg,700.0,1461.0,1022700.0
2774.jpg,634.0,1502.0,952268.0
2775.jpg,626.0,1502.0,940252.0
2776.jpg,1000.0,1221.0,1221000.0
2777.jpg,703.0,1800.0,1265400.0
2778.jpg,691.0,1800.0,1243800.0
2779.jpg,1000.0,1381.0,1381000.0
2780.jpg,1083.0,770.0,833910.0
2781.jpg,1030.0,818.0,842540.0
2782.jpg,750.0,1561.0,1170750.0
2783.jpg,2000.0,628.0,1256000.0
2784.jpg,836.0,950.0,794200.0
2785.jpg,1191.0,850.0,1012350.0
2786.jpg,987.0,1150.0,1135050.0
2787.jpg,805.0,1032.0,830760.0
2788.jpg,900.0,1149.0,1034100.0
2789.jpg,893.0,1300.0,1160900.0
2790.jpg,1002.0,1200.0,1202400.0
2791.jpg,800.0,1045.0,836000.0
2792.jpg,324.0,1100.0,356400.0
2793.jpg,753.0,900.0,677700.0
2795.jpg,942.0,1413.0,1331046.0
2796.jpg,803.0,1032.0,828696.0
2797.jpg,963.0,1400.0,1348200.0
2798.jpg,750.0,1088.0,816000.0
2799.jpg,900.0,1316.0,1184400.0
2800.jpg,695.0,974.0,676930.0
2801.jpg,948.0,1300.0,1232400.0
2802.jpg,704.0,936.0,658944.0
2803.jpg,744.0,990.0,736560.0
2804.jpg,726.0,1043.0,757218.0
2817.jpg,1100.0,718.0,789800.0
2819.jpg,1135.0,850.0,964750.0
2823.jpg,602.0,800.0,481600.0
2824.jpg,1400.0,929.0,1300600.0
2825.jpg,808.0,1191.0,962328.0
2826.jpg,1182.0,814.0,962148.0
2827.jpg,801.0,1254.0,1004454.0
2828.jpg,900.0,1211.0,1089900.0
2829.jpg,1000.0,1335.0,1335000.0
2830.jpg,1400.0,872.0,1220800.0
2831.jpg,1000.0,1342.0,1342000.0
2832.jpg,1000.0,1260.0,1260000.0
2833.jpg,1100.0,1033.0,1136300.0
2834.jpg,1514.0,900.0,1362600.0
2836.jpg,1261.0,550.0,693550.0
2837.jpg,984.0,1007.0,990888.0
2838.jpg,1014.0,1007.0,1021098.0
2840.jpg,700.0,1054.0,737800.0
2841.jpg,1030.0,765.0,787950.0
2854.jpg,900.0,1210.0,1089000.0
2855.jpg,1600.0,902.0,1443200.0
2856.jpg,1415.0,1000.0,1415000.0
2857.jpg,1000.0,1205.0,1205000.0
2858.jpg,1201.0,800.0,960800.0
2859.jpg,1041.0,1000.0,1041000.0
2860.jpg,1000.0,1002.0,1002000.0
2861.jpg,900.0,1203.0,1082700.0
2862.jpg,1132.0,1000.0,1132000.0
2863.jpg,1000.0,1205.0,1205000.0
2864.jpg,782.0,1200.0,938400.0
2865.jpg,600.0,1056.0,633600.0
2882.jpg,760.0,1030.0,782800.0
2884.jpg,1000.0,1314.0,1314000.0
2887.jpg,600.0,1295.0,777000.0
2888.jpg,675.0,1400.0,945000.0
2889.jpg,604.0,980.0,591920.0
2890.jpg,657.0,926.0,608382.0
2891.jpg,704.0,886.0,623744.0
2892.jpg,682.0,866.0,590612.0
2893.jpg,746.0,926.0,690796.0
2894.jpg,644.0,832.0,535808.0
2895.jpg,606.0,856.0,518736.0
2899.jpg,731.0,900.0,657900.0
2901.jpg,1012.0,850.0,860200.0
2902.jpg,800.0,1040.0,832000.0
2903.jpg,1200.0,1560.0,1872000.0
2904.jpg,1166.0,1560.0,1818960.0
2906.jpg,1453.0,1200.0,1743600.0
2911.jpg,828.0,1007.0,833796.0
2916.jpg,735.0,1001.0,735735.0
2919.jpg,1076.0,750.0,807000.0
2921.jpg,726.0,1010.0,733260.0
2924.jpg,850.0,1004.0,853400.0
2926.jpg,1031.0,836.0,861916.0
2927.jpg,1000.0,800.0,800000.0
2928.jpg,1100.0,623.0,685300.0
2930.jpg,871.0,1100.0,958100.0
2931.jpg,805.0,1203.0,968415.0
2932.jpg,937.0,1500.0,1405500.0
2933.jpg,1200.0,1315.0,1578000.0
2934.jpg,909.0,1200.0,1090800.0
2935.jpg,900.0,1016.0,914400.0
2936.jpg,968.0,1300.0,1258400.0
2937.jpg,616.0,1700.0,1047200.0
2938.jpg,1426.0,900.0,1283400.0
2939.jpg,582.0,918.0,534276.0
2940.jpg,900.0,1340.0,1206000.0
2941.jpg,1050.0,729.0,765450.0
2942.jpg,1000.0,1192.0,1192000.0
2943.jpg,792.0,1334.0,1056528.0
2944.jpg,900.0,1352.0,1216800.0
2945.jpg,917.0,1300.0,1192100.0
2947.jpg,766.0,1050.0,804300.0
2948.jpg,863.0,1400.0,1208200.0
2949.jpg,850.0,1019.0,866150.0
2950.jpg,1233.0,1500.0,1849500.0
2951.jpg,850.0,1046.0,889100.0
2952.jpg,1192.0,1500.0,1788000.0
2953.jpg,881.0,1263.0,1112703.0
2955.jpg,850.0,1005.0,854250.0
2957.jpg,800.0,1087.0,869600.0
2958.jpg,934.0,1100.0,1027400.0
2959.jpg,770.0,1006.0,774620.0
2960.jpg,808.0,1200.0,969600.0
2974.jpg,967.0,989.0,956363.0
2975.jpg,700.0,1273.0,891100.0
2976.jpg,961.0,985.0,946585.0
2977.jpg,835.0,1500.0,1252500.0
2983.jpg,1400.0,1132.0,1584800.0
2984.jpg,1433.0,1016.0,1455928.0
2990.jpg,1185.0,770.0,912450.0
2991.jpg,1200.0,917.0,1100400.0
2992.jpg,988.0,720.0,711360.0
2993.jpg,1166.0,770.0,897820.0
3006.jpg,935.0,1556.0,1454860.0
3012.jpg,930.0,1554.0,1445220.0
3014.jpg,993.0,1800.0,1787400.0
3018.jpg,950.0,1120.0,1064000.0
3019.jpg,1100.0,1190.0,1309000.0
3020.jpg,940.0,1102.0,1035880.0
3021.jpg,555.0,1700.0,943500.0
3023.jpg,1000.0,1042.0,1042000.0
3024.jpg,902.0,1200.0,1082400.0
3025.jpg,1206.0,800.0,964800.0
3026.jpg,540.0,800.0,432000.0
3028.jpg,440.0,1100.0,484000.0
3029.jpg,850.0,1222.0,1038700.0
3030.jpg,800.0,1280.0,1024000.0
3031.jpg,700.0,1354.0,947800.0
3032.jpg,700.0,1344.0,940800.0
3033.jpg,700.0,1179.0,825300.0
3034.jpg,614.0,1525.0,936350.0
3035.jpg,682.0,1400.0,954800.0
3036.jpg,900.0,1095.0,985500.0
3037.jpg,950.0,1083.0,1028850.0
3043.jpg,1035.0,1000.0,1035000.0
3044.jpg,1026.0,1000.0,1026000.0
3045.jpg,450.0,450.0,202500.0
3046.jpg,1091.0,470.0,512770.0
3047.jpg,1086.0,470.0,510420.0
3048.jpg,1095.0,470.0,514650.0
3049.jpg,1093.0,470.0,513710.0
3050.jpg,1087.0,470.0,510890.0
3051.jpg,1088.0,470.0,511360.0
3052.jpg,1096.0,470.0,515120.0
3053.jpg,1225.0,597.0,731325.0
3054.jpg,2291.0,600.0,1374600.0
3055.jpg,1074.0,1070.0,1149180.0
3056.jpg,900.0,1134.0,1020600.0
3057.jpg,1351.0,1016.0,1372616.0
3058.jpg,770.0,1020.0,785400.0
3059.jpg,669.0,850.0,568650.0
3060.jpg,800.0,1089.0,871200.0
3061.jpg,803.0,1014.0,814242.0
3062.jpg,1159.0,1150.0,1332850.0
3063.jpg,850.0,1479.0,1257150.0
3064.jpg,1000.0,1010.0,1010000.0
3065.jpg,1065.0,1027.0,1093755.0
3066.jpg,1040.0,1215.0,1263600.0
3067.jpg,1000.0,1126.0,1126000.0
3069.jpg,1000.0,1372.0,1372000.0
3070.jpg,921.0,443.0,408003.0
3071.jpg,906.0,1400.0,1268400.0
3072.jpg,900.0,1236.0,1112400.0
3073.jpg,1030.0,1276.0,1314280.0
3074.jpg,1109.0,900.0,998100.0
3075.jpg,1071.0,1000.0,1071000.0
3076.jpg,700.0,1067.0,746900.0
3077.jpg,900.0,1182.0,1063800.0
3078.jpg,1000.0,1199.0,1199000.0
3079.jpg,784.0,1200.0,940800.0
3080.jpg,1100.0,1283.0,1411300.0
3081.jpg,653.0,923.0,602719.0
3085.jpg,823.0,1123.0,924229.0
3086.jpg,1300.0,974.0,1266200.0
3108.jpg,814.0,649.0,528286.0
3110.jpg,900.0,1318.0,1186200.0
3111.jpg,1000.0,1204.0,1204000.0
3112.jpg,1255.0,979.0,1228645.0
3113.jpg,600.0,769.0,461400.0
3114.jpg,1164.0,1450.0,1687800.0
3115.jpg,600.0,868.0,520800.0
3116.jpg,900.0,1469.0,1322100.0
3117.jpg,850.0,1222.0,1038700.0
3120.jpg,1133.0,800.0,906400.0
3121.jpg,1152.0,800.0,921600.0
3122.jpg,1137.0,800.0,909600.0
3123.jpg,1030.0,750.0,772500.0
3124.jpg,1066.0,800.0,852800.0
3126.jpg,1096.0,730.0,800080.0
3127.jpg,1112.0,750.0,834000.0
3128.jpg,1092.0,770.0,840840.0
3129.jpg,1030.0,814.0,838420.0
3130.jpg,1200.0,823.0,987600.0
3132.jpg,489.0,690.0,337410.0
3133.jpg,643.0,820.0,527260.0
3134.jpg,1255.0,926.0,1162130.0
3138.jpg,936.0,826.0,773136.0
3139.jpg,925.0,620.0,573500.0
3140.jpg,1091.0,650.0,709150.0
3142.jpg,1071.0,720.0,771120.0
3144.jpg,800.0,1600.0,1280000.0
3146.jpg,1255.0,763.0,957565.0
3147.jpg,932.0,650.0,605800.0
3148.jpg,1255.0,763.0,957565.0
3149.jpg,560.0,700.0,392000.0
3150.jpg,812.0,900.0,730800.0
3151.jpg,546.0,600.0,327600.0
3152.jpg,1040.0,800.0,832000.0
3153.jpg,1000.0,1026.0,1026000.0
3154.jpg,1201.0,747.0,897147.0
3155.jpg,1000.0,1123.0,1123000.0
3156.jpg,1000.0,1250.0,1250000.0
3157.jpg,1188.0,650.0,772200.0
3158.jpg,1002.0,1223.0,1225446.0
3159.jpg,1000.0,1260.0,1260000.0
3160.jpg,1331.0,1007.0,1340317.0
3161.jpg,551.0,800.0,440800.0
3162.jpg,1400.0,1010.0,1414000.0
3163.jpg,900.0,1219.0,1097100.0
3164.jpg,1000.0,1046.0,1046000.0
3165.jpg,1223.0,1000.0,1223000.0
3166.jpg,1318.0,1003.0,1321954.0
3167.jpg,1110.0,1100.0,1221000.0
3168.jpg,844.0,604.0,509776.0
3169.jpg,924.0,720.0,665280.0
3170.jpg,448.0,600.0,268800.0
3171.jpg,953.0,638.0,608014.0
3172.jpg,1175.0,814.0,956450.0
3173.jpg,1000.0,1112.0,1112000.0
3175.jpg,1050.0,634.0,665700.0
3176.jpg,750.0,1108.0,831000.0
3177.jpg,670.0,1139.0,763130.0
3178.jpg,1446.0,1000.0,1446000.0
3179.jpg,750.0,977.0,732750.0
3180.jpg,1020.0,719.0,733380.0
3181.jpg,1200.0,1037.0,1244400.0
3182.jpg,737.0,1300.0,958100.0
3183.jpg,850.0,502.0,426700.0
3184.jpg,900.0,1124.0,1011600.0
3185.jpg,801.0,1500.0,1201500.0
3188.jpg,1100.0,864.0,950400.0
3189.jpg,1100.0,670.0,737000.0
3190.jpg,650.0,835.0,542750.0
3193.jpg,1280.0,610.0,780800.0
3194.jpg,462.0,920.0,425040.0
3198.jpg,755.0,840.0,634200.0
3200.jpg,850.0,632.0,537200.0
3201.jpg,1400.0,1019.0,1426600.0
3202.jpg,1111.0,780.0,866580.0
3203.jpg,1112.0,850.0,945200.0
3206.jpg,1171.0,812.0,950852.0
3207.jpg,1336.0,1000.0,1336000.0
3208.jpg,917.0,850.0,779450.0
3212.jpg,979.0,750.0,734250.0
3213.jpg,907.0,750.0,680250.0
3219.jpg,1200.0,934.0,1120800.0
3220.jpg,1200.0,929.0,1114800.0
3222.jpg,900.0,1309.0,1178100.0
3223.jpg,1172.0,850.0,996200.0
3224.jpg,1147.0,1100.0,1261700.0
3225.jpg,1092.0,1300.0,1419600.0
3226.jpg,905.0,1300.0,1176500.0
3228.jpg,800.0,936.0,748800.0
3229.jpg,1260.0,1150.0,1449000.0
3230.jpg,1100.0,999.0,1098900.0
3233.jpg,1000.0,1213.0,1213000.0
3234.jpg,700.0,946.0,662200.0
3235.jpg,761.0,1110.0,844710.0
3236.jpg,862.0,1100.0,948200.0
3237.jpg,880.0,1200.0,1056000.0
3238.jpg,1088.0,1500.0,1632000.0
3239.jpg,1547.0,1100.0,1701700.0
3240.jpg,800.0,1020.0,816000.0
3241.jpg,1100.0,1444.0,1588400.0
3242.jpg,651.0,1001.0,651651.0
3243.jpg,803.0,1026.0,823878.0
3244.jpg,1010.0,700.0,707000.0
3245.jpg,1000.0,1319.0,1319000.0
3246.jpg,681.0,900.0,612900.0
3247.jpg,807.0,1092.0,881244.0
3248.jpg,1000.0,1423.0,1423000.0
3249.jpg,1000.0,1448.0,1448000.0
3250.jpg,1000.0,1440.0,1440000.0
3251.jpg,548.0,800.0,438400.0
3252.jpg,1105.0,1400.0,1547000.0
3253.jpg,904.0,1251.0,1130904.0
3254.jpg,1157.0,835.0,966095.0
3255.jpg,1131.0,1500.0,1696500.0
3256.jpg,1015.0,1200.0,1218000.0
3258.jpg,787.0,1088.0,856256.0
3261.jpg,1004.0,703.0,705812.0
3262.jpg,1062.0,800.0,849600.0
3263.jpg,1007.0,800.0,805600.0
3265.jpg,1165.0,900.0,1048500.0
3268.jpg,1600.0,851.0,1361600.0
3272.jpg,1390.0,900.0,1251000.0
3274.jpg,741.0,1020.0,755820.0
3275.jpg,1000.0,1521.0,1521000.0
3276.jpg,1000.0,1206.0,1206000.0
3277.jpg,1524.0,900.0,1371600.0
3278.jpg,1474.0,967.0,1425358.0
3279.jpg,651.0,1049.0,682899.0
3280.jpg,1210.0,1200.0,1452000.0
3281.jpg,708.0,1000.0,708000.0
3282.jpg,709.0,1300.0,921700.0
3283.jpg,948.0,715.0,677820.0
3284.jpg,1300.0,1300.0,1690000.0
3285.jpg,900.0,1108.0,997200.0
3287.jpg,725.0,910.0,659750.0
3288.jpg,900.0,1153.0,1037700.0
3292.jpg,1126.0,1411.0,1588786.0
3293.jpg,805.0,937.0,754285.0
3294.jpg,1126.0,1318.0,1484068.0
3297.jpg,800.0,996.0,796800.0
3298.jpg,841.0,650.0,546650.0
3299.jpg,1021.0,1400.0,1429400.0
3300.jpg,1010.0,1400.0,1414000.0
3301.jpg,1050.0,1300.0,1365000.0
3302.jpg,1535.0,900.0,1381500.0
3303.jpg,1515.0,900.0,1363500.0
3304.jpg,1131.0,1200.0,1357200.0
3305.jpg,1000.0,1233.0,1233000.0
3306.jpg,1003.0,1300.0,1303900.0
3307.jpg,700.0,1887.0,1320900.0
3308.jpg,1071.0,1300.0,1392300.0
3314.jpg,935.0,1643.0,1536205.0
3315.jpg,747.0,1043.0,779121.0
3316.jpg,1100.0,932.0,1025200.0
3317.jpg,1673.0,550.0,920150.0
3318.jpg,1776.0,500.0,888000.0
3319.jpg,1700.0,502.0,853400.0
3320.jpg,1100.0,1109.0,1219900.0
3321.jpg,1100.0,1103.0,1213300.0
3322.jpg,1200.0,963.0,1155600.0
3323.jpg,1200.0,943.0,1131600.0
3324.jpg,1200.0,931.0,1117200.0
3325.jpg,1200.0,964.0,1156800.0
3326.jpg,1200.0,931.0,1117200.0
3327.jpg,1200.0,928.0,1113600.0
3328.jpg,835.0,1020.0,851700.0
3329.jpg,1155.0,720.0,831600.0
3330.jpg,765.0,1100.0,841500.0
3331.jpg,810.0,1100.0,891000.0
3332.jpg,1400.0,849.0,1188600.0
3333.jpg,1204.0,900.0,1083600.0
3334.jpg,494.0,888.0,438672.0
3335.jpg,850.0,1565.0,1330250.0
3336.jpg,720.0,1040.0,748800.0
3337.jpg,1111.0,1255.0,1394305.0
3338.jpg,1200.0,1200.0,1440000.0
3339.jpg,1700.0,802.0,1363400.0
3340.jpg,800.0,1243.0,994400.0
3341.jpg,1000.0,1331.0,1331000.0
3342.jpg,1132.0,700.0,792400.0
3343.jpg,1130.0,700.0,791000.0
3344.jpg,1134.0,850.0,963900.0
3345.jpg,650.0,859.0,558350.0
3346.jpg,545.0,550.0,299750.0
3347.jpg,774.0,1110.0,859140.0
3348.jpg,914.0,950.0,868300.0
3349.jpg,802.0,1164.0,933528.0
3350.jpg,556.0,850.0,472600.0
3353.jpg,750.0,901.0,675750.0
3355.jpg,1126.0,1410.0,1587660.0
3360.jpg,626.0,1028.0,643528.0
3362.jpg,1200.0,828.0,993600.0
3368.jpg,1200.0,782.0,938400.0
3369.jpg,1063.0,672.0,714336.0
3370.jpg,1000.0,814.0,814000.0
3371.jpg,1000.0,860.0,860000.0
3376.jpg,1098.0,785.0,861930.0
3383.jpg,1109.0,802.0,889418.0
3386.jpg,1449.0,1000.0,1449000.0
3388.jpg,1361.0,1000.0,1361000.0
3389.jpg,1025.0,801.0,821025.0
3390.jpg,1113.0,775.0,862575.0
3391.jpg,963.0,680.0,654840.0
3396.jpg,1500.0,916.0,1374000.0
3400.jpg,1200.0,1327.0,1592400.0
3401.jpg,946.0,1000.0,946000.0
3404.jpg,855.0,1001.0,855855.0
3405.jpg,1260.0,1400.0,1764000.0
3406.jpg,750.0,939.0,704250.0
3407.jpg,817.0,900.0,735300.0
3411.jpg,1100.0,972.0,1069200.0
3413.jpg,745.0,900.0,670500.0
3416.jpg,1255.0,945.0,1185975.0
3417.jpg,738.0,1000.0,738000.0
3418.jpg,1200.0,1400.0,1680000.0
3419.jpg,702.0,946.0,664092.0
3420.jpg,1100.0,1552.0,1707200.0
3421.jpg,900.0,1343.0,1208700.0
3423.jpg,850.0,1117.0,949450.0
3425.jpg,900.0,910.0,819000.0
3429.jpg,1300.0,976.0,1268800.0
3433.jpg,1168.0,900.0,1051200.0
3434.jpg,1017.0,1200.0,1220400.0
3436.jpg,987.0,770.0,759990.0
3438.jpg,1100.0,909.0,999900.0
3439.jpg,1057.0,811.0,857227.0
3443.jpg,1253.0,847.0,1061291.0
3450.jpg,824.0,1100.0,906400.0
3452.jpg,760.0,1100.0,836000.0
3454.jpg,1452.0,900.0,1306800.0
3455.jpg,1431.0,900.0,1287900.0
3456.jpg,1050.0,809.0,849450.0
3457.jpg,1020.0,707.0,721140.0
3458.jpg,664.0,900.0,597600.0
3459.jpg,1563.0,950.0,1484850.0
3460.jpg,900.0,1187.0,1068300.0
3463.jpg,933.0,1001.0,933933.0
3464.jpg,1000.0,1297.0,1297000.0
3465.jpg,1000.0,1253.0,1253000.0
3466.jpg,793.0,1140.0,904020.0
3467.jpg,859.0,1400.0,1202600.0
3468.jpg,800.0,1071.0,856800.0
3469.jpg,1500.0,739.0,1108500.0
3470.jpg,1100.0,1103.0,1213300.0
3471.jpg,1100.0,1114.0,1225400.0
3472.jpg,1000.0,1200.0,1200000.0
3473.jpg,1407.0,1000.0,1407000.0
3474.jpg,933.0,1200.0,1119600.0
3475.jpg,1016.0,1200.0,1219200.0
3476.jpg,800.0,1101.0,880800.0
3477.jpg,850.0,1157.0,983450.0
3480.jpg,657.0,973.0,639261.0
3481.jpg,1022.0,1053.0,1076166.0
3482.jpg,624.0,960.0,599040.0
3483.jpg,841.0,1300.0,1093300.0
3484.jpg,1000.0,1302.0,1302000.0
3485.jpg,720.0,1341.0,965520.0
3486.jpg,948.0,1400.0,1327200.0
3487.jpg,1001.0,1300.0,1301300.0
3488.jpg,1320.0,912.0,1203840.0
3489.jpg,1000.0,1256.0,1256000.0
3490.jpg,1030.0,829.0,853870.0
3491.jpg,691.0,950.0,656450.0
3492.jpg,850.0,1028.0,873800.0
3493.jpg,900.0,1185.0,1066500.0
3494.jpg,603.0,880.0,530640.0
3495.jpg,875.0,1200.0,1050000.0
3496.jpg,900.0,1201.0,1080900.0
3497.jpg,702.0,848.0,595296.0
3498.jpg,900.0,1252.0,1126800.0
3499.jpg,1000.0,1368.0,1368000.0
3500.jpg,1468.0,1100.0,1614800.0
3501.jpg,696.0,910.0,633360.0
3502.jpg,796.0,800.0,636800.0
3503.jpg,1300.0,820.0,1066000.0
3504.jpg,800.0,813.0,650400.0
3505.jpg,1077.0,1200.0,1292400.0
3506.jpg,920.0,1109.0,1020280.0
3507.jpg,1025.0,1200.0,1230000.0
3508.jpg,1628.0,500.0,814000.0
3509.jpg,1136.0,700.0,795200.0
3510.jpg,2875.0,400.0,1150000.0
3511.jpg,700.0,1771.0,1239700.0
3512.jpg,1105.0,1200.0,1326000.0
3513.jpg,650.0,1680.0,1092000.0
3514.jpg,800.0,976.0,780800.0
3515.jpg,650.0,1661.0,1079650.0
3516.jpg,1000.0,1092.0,1092000.0
3517.jpg,1105.0,1200.0,1326000.0
3518.jpg,1592.0,600.0,955200.0
3519.jpg,1595.0,600.0,957000.0
3520.jpg,1595.0,600.0,957000.0
3521.jpg,576.0,900.0,518400.0
3522.jpg,1667.0,600.0,1000200.0
3523.jpg,1203.0,1000.0,1203000.0
3524.jpg,638.0,850.0,542300.0
3525.jpg,988.0,660.0,652080.0
3526.jpg,742.0,880.0,652960.0
3527.jpg,800.0,1620.0,1296000.0
3528.jpg,650.0,958.0,622700.0
3529.jpg,636.0,938.0,596568.0
3530.jpg,676.0,961.0,649636.0
3531.jpg,1000.0,1434.0,1434000.0
3532.jpg,1000.0,1343.0,1343000.0
3533.jpg,830.0,1063.0,882290.0
3534.jpg,1100.0,1281.0,1409100.0
3535.jpg,1003.0,1081.0,1084243.0
3536.jpg,900.0,1323.0,1190700.0
3537.jpg,1105.0,597.0,659685.0
3538.jpg,866.0,1109.0,960394.0
3539.jpg,1000.0,1138.0,1138000.0
3540.jpg,1053.0,1002.0,1055106.0
3541.jpg,1057.0,1002.0,1059114.0
3542.jpg,1001.0,1136.0,1137136.0
3543.jpg,950.0,1176.0,1117200.0
3544.jpg,1080.0,764.0,825120.0
3545.jpg,1034.0,900.0,930600.0
3546.jpg,851.0,1200.0,1021200.0
3547.jpg,800.0,1051.0,840800.0
3548.jpg,1184.0,750.0,888000.0
3549.jpg,1132.0,900.0,1018800.0
3550.jpg,730.0,889.0,648970.0
3551.jpg,957.0,1200.0,1148400.0
3552.jpg,1016.0,1300.0,1320800.0
3553.jpg,1008.0,1298.0,1308384.0
3554.jpg,850.0,1195.0,1015750.0
3555.jpg,1006.0,1294.0,1301764.0
3556.jpg,217.0,674.0,146258.0
3557.jpg,1150.0,1423.0,1636450.0
3558.jpg,650.0,840.0,546000.0
3559.jpg,1150.0,1171.0,1346650.0
3560.jpg,1100.0,1408.0,1548800.0
3561.jpg,866.0,1200.0,1039200.0
3562.jpg,851.0,1000.0,851000.0
3563.jpg,786.0,1100.0,864600.0
3564.jpg,1000.0,1211.0,1211000.0
3565.jpg,1122.0,2051.0,2301222.0
3566.jpg,756.0,1400.0,1058400.0
3567.jpg,900.0,1081.0,972900.0
3568.jpg,779.0,1400.0,1090600.0
3569.jpg,881.0,1400.0,1233400.0
3570.jpg,986.0,1200.0,1183200.0
3571.jpg,1100.0,1303.0,1433300.0
3572.jpg,1100.0,1183.0,1301300.0
3573.jpg,1022.0,1096.0,1120112.0
3574.jpg,681.0,1600.0,1089600.0
3575.jpg,1000.0,1307.0,1307000.0
3576.jpg,862.0,1200.0,1034400.0
3577.jpg,671.0,972.0,652212.0
3578.jpg,732.0,1500.0,1098000.0
3579.jpg,654.0,975.0,637650.0
3580.jpg,710.0,1500.0,1065000.0
3581.jpg,1073.0,650.0,697450.0
3582.jpg,637.0,869.0,553553.0
3583.jpg,624.0,924.0,576576.0
3584.jpg,1151.0,770.0,886270.0
3585.jpg,900.0,1184.0,1065600.0
3586.jpg,1055.0,1000.0,1055000.0
3587.jpg,773.0,1300.0,1004900.0
3588.jpg,700.0,1035.0,724500.0
3589.jpg,700.0,1102.0,771400.0
3590.jpg,700.0,1101.0,770700.0
3591.jpg,700.0,1108.0,775600.0
3592.jpg,1500.0,807.0,1210500.0
3593.jpg,1100.0,1336.0,1469600.0
3594.jpg,875.0,930.0,813750.0
3595.jpg,1423.0,1000.0,1423000.0
3596.jpg,1200.0,726.0,871200.0
3597.jpg,972.0,1200.0,1166400.0
3598.jpg,1009.0,1220.0,1230980.0
3599.jpg,1300.0,802.0,1042600.0
3601.jpg,1066.0,1086.0,1157676.0
3602.jpg,850.0,1021.0,867850.0
3603.jpg,626.0,825.0,516450.0
3604.jpg,946.0,1200.0,1135200.0
3605.jpg,800.0,1017.0,813600.0
3606.jpg,1026.0,1066.0,1093716.0
3607.jpg,1000.0,1388.0,1388000.0
3608.jpg,874.0,1200.0,1048800.0
3609.jpg,648.0,974.0,631152.0
3610.jpg,750.0,1108.0,831000.0
3611.jpg,750.0,1067.0,800250.0
3612.jpg,553.0,900.0,497700.0
3613.jpg,1500.0,1073.0,1609500.0
3614.jpg,850.0,1022.0,868700.0
3615.jpg,850.0,1022.0,868700.0
3616.jpg,659.0,900.0,593100.0
3617.jpg,1155.0,800.0,924000.0
3618.jpg,1303.0,1000.0,1303000.0
3619.jpg,656.0,800.0,524800.0
3620.jpg,659.0,786.0,517974.0
3621.jpg,1300.0,957.0,1244100.0
3622.jpg,1269.0,918.0,1164942.0
3623.jpg,1000.0,1186.0,1186000.0
3624.jpg,1000.0,1247.0,1247000.0
3625.jpg,1239.0,550.0,681450.0
3626.jpg,932.0,700.0,652400.0
3627.jpg,900.0,1336.0,1202400.0
3628.jpg,990.0,664.0,657360.0
3629.jpg,1406.0,513.0,721278.0
3630.jpg,1399.0,513.0,717687.0
3631.jpg,962.0,643.0,618566.0
3632.jpg,900.0,1325.0,1192500.0
3633.jpg,900.0,1146.0,1031400.0
3634.jpg,797.0,1400.0,1115800.0
3635.jpg,804.0,1400.0,1125600.0
3636.jpg,900.0,1024.0,921600.0
3637.jpg,1300.0,1010.0,1313000.0
3638.jpg,1386.0,1000.0,1386000.0
3639.jpg,715.0,883.0,631345.0
3640.jpg,513.0,1258.0,645354.0
3641.jpg,834.0,1018.0,849012.0
3642.jpg,808.0,1400.0,1131200.0
3643.jpg,870.0,1335.0,1161450.0
3644.jpg,1100.0,1002.0,1102200.0
3645.jpg,1000.0,1332.0,1332000.0
3646.jpg,927.0,1200.0,1112400.0
3647.jpg,908.0,1300.0,1180400.0
3648.jpg,920.0,1110.0,1021200.0
3649.jpg,1430.0,1100.0,1573000.0
3650.jpg,800.0,553.0,442400.0
3651.jpg,1000.0,622.0,622000.0
3652.jpg,1336.0,1700.0,2271200.0
3653.jpg,700.0,977.0,683900.0
3655.jpg,700.0,1053.0,737100.0
3656.jpg,850.0,949.0,806650.0
3657.jpg,574.0,835.0,479290.0
3658.jpg,820.0,1155.0,947100.0
3659.jpg,900.0,1126.0,1013400.0
3660.jpg,820.0,1106.0,906920.0
3661.jpg,450.0,1528.0,687600.0
3662.jpg,463.0,1528.0,707464.0
3663.jpg,670.0,950.0,636500.0
3664.jpg,1000.0,1124.0,1124000.0
3665.jpg,1000.0,1186.0,1186000.0
3666.jpg,1017.0,1200.0,1220400.0
3667.jpg,1000.0,1156.0,1156000.0
3677.jpg,863.0,1160.0,1001080.0
3682.jpg,1020.0,1200.0,1224000.0
3683.jpg,1000.0,1250.0,1250000.0
3684.jpg,765.0,900.0,688500.0
3685.jpg,1200.0,826.0,991200.0
3686.jpg,900.0,1079.0,971100.0
3687.jpg,930.0,1127.0,1048110.0
3688.jpg,1030.0,573.0,590190.0
3689.jpg,1500.0,1003.0,1504500.0
3690.jpg,1149.0,1500.0,1723500.0
3691.jpg,1328.0,900.0,1195200.0
3692.jpg,865.0,980.0,847700.0
3693.jpg,896.0,1030.0,922880.0
3694.jpg,1220.0,800.0,976000.0
3695.jpg,1184.0,770.0,911680.0
3696.jpg,1030.0,753.0,775590.0
3697.jpg,1158.0,732.0,847656.0
3698.jpg,1108.0,700.0,775600.0
3699.jpg,1279.0,850.0,1087150.0
3700.jpg,1193.0,1255.0,1497215.0
3701.jpg,950.0,1006.0,955700.0
3702.jpg,1247.0,708.0,882876.0
3703.jpg,804.0,837.0,672948.0
3704.jpg,1148.0,800.0,918400.0
3705.jpg,1249.0,712.0,889288.0
3706.jpg,1613.0,900.0,1451700.0
3707.jpg,1030.0,1222.0,1258660.0
3708.jpg,1630.0,900.0,1467000.0
3709.jpg,1616.0,900.0,1454400.0
3710.jpg,1599.0,900.0,1439100.0
3711.jpg,1100.0,1318.0,1449800.0
3712.jpg,855.0,601.0,513855.0
3714.jpg,1097.0,780.0,855660.0
3715.jpg,1255.0,709.0,889795.0
3716.jpg,1297.0,725.0,940325.0
3717.jpg,941.0,703.0,661523.0
3718.jpg,1083.0,608.0,658464.0
3719.jpg,950.0,1085.0,1030750.0
3720.jpg,1500.0,927.0,1390500.0
3721.jpg,1500.0,923.0,1384500.0
3722.jpg,1237.0,767.0,948779.0
3723.jpg,1000.0,1368.0,1368000.0
3724.jpg,993.0,608.0,603744.0
3725.jpg,801.0,671.0,537471.0
3726.jpg,1172.0,950.0,1113400.0
3727.jpg,700.0,1340.0,938000.0
3728.jpg,1070.0,1000.0,1070000.0
3729.jpg,1000.0,1058.0,1058000.0
3730.jpg,650.0,1011.0,657150.0
3732.jpg,1067.0,800.0,853600.0
3733.jpg,800.0,1071.0,856800.0
3734.jpg,912.0,1100.0,1003200.0
3735.jpg,1208.0,750.0,906000.0
3736.jpg,906.0,1100.0,996600.0
3737.jpg,1231.0,816.0,1004496.0
3738.jpg,1203.0,750.0,902250.0
3739.jpg,1214.0,793.0,962702.0
3740.jpg,850.0,1030.0,875500.0
3741.jpg,1200.0,744.0,892800.0
3742.jpg,1412.0,1100.0,1553200.0
3743.jpg,670.0,1057.0,708190.0
3744.jpg,670.0,1051.0,704170.0
3745.jpg,1043.0,1200.0,1251600.0
3746.jpg,840.0,1546.0,1298640.0
3748.jpg,1400.0,757.0,1059800.0
3749.jpg,694.0,900.0,624600.0
3750.jpg,900.0,1262.0,1135800.0
3751.jpg,756.0,950.0,718200.0
3752.jpg,728.0,1100.0,800800.0
3753.jpg,1475.0,1100.0,1622500.0
3754.jpg,1543.0,770.0,1188110.0
3755.jpg,1500.0,1012.0,1518000.0
3756.jpg,696.0,1035.0,720360.0
3758.jpg,1215.0,865.0,1050975.0
3759.jpg,1057.0,800.0,845600.0
3761.jpg,918.0,1131.0,1038258.0
3762.jpg,1294.0,1082.0,1400108.0
3764.jpg,748.0,1100.0,822800.0
3785.jpg,900.0,1127.0,1014300.0
3789.jpg,700.0,1158.0,810600.0
3790.jpg,1400.0,1057.0,1479800.0
3791.jpg,1367.0,770.0,1052590.0
3793.jpg,800.0,557.0,445600.0
3794.jpg,881.0,1300.0,1145300.0
3796.jpg,900.0,1085.0,976500.0
3799.jpg,900.0,1247.0,1122300.0
3802.jpg,1003.0,1001.0,1004003.0
3803.jpg,833.0,1020.0,849660.0
3804.jpg,1041.0,1300.0,1353300.0
3805.jpg,880.0,1424.0,1253120.0
3813.jpg,1046.0,1300.0,1359800.0
3814.jpg,1046.0,982.0,1027172.0
3815.jpg,1209.0,800.0,967200.0
3816.jpg,1443.0,580.0,836940.0
3817.jpg,820.0,1049.0,860180.0
3818.jpg,1038.0,900.0,934200.0
3819.jpg,1000.0,906.0,906000.0
3820.jpg,1000.0,925.0,925000.0
3821.jpg,729.0,1000.0,729000.0
3824.jpg,868.0,1400.0,1215200.0
3825.jpg,1000.0,1422.0,1422000.0
3826.jpg,1119.0,1400.0,1566600.0
3828.jpg,1081.0,823.0,889663.0
3829.jpg,1203.0,1000.0,1203000.0
3830.jpg,1416.0,1000.0,1416000.0
3831.jpg,1255.0,844.0,1059220.0
3832.jpg,1052.0,760.0,799520.0
3833.jpg,1503.0,750.0,1127250.0
3834.jpg,938.0,790.0,741020.0
3835.jpg,860.0,1001.0,860860.0
3836.jpg,1010.0,739.0,746390.0
3837.jpg,1366.0,1000.0,1366000.0
3838.jpg,1085.0,1300.0,1410500.0
3839.jpg,992.0,802.0,795584.0
3840.jpg,1262.0,1000.0,1262000.0
3842.jpg,967.0,700.0,676900.0
3846.jpg,1442.0,1100.0,1586200.0
3847.jpg,1024.0,1226.0,1255424.0
3848.jpg,834.0,1006.0,839004.0
3849.jpg,1101.0,770.0,847770.0
3850.jpg,1049.0,834.0,874866.0
3851.jpg,1097.0,1331.0,1460107.0
3855.jpg,1406.0,900.0,1265400.0
3858.jpg,1254.0,1000.0,1254000.0
3860.jpg,1058.0,800.0,846400.0
3861.jpg,1119.0,814.0,910866.0
3862.jpg,1515.0,1100.0,1666500.0
3863.jpg,1067.0,1400.0,1493800.0
3864.jpg,952.0,675.0,642600.0
3866.jpg,1255.0,871.0,1093105.0
3867.jpg,1031.0,795.0,819645.0
3868.jpg,1020.0,850.0,867000.0
3869.jpg,1020.0,764.0,779280.0
3870.jpg,1076.0,900.0,968400.0
3872.jpg,1097.0,922.0,1011434.0
3873.jpg,1409.0,1100.0,1549900.0
3874.jpg,591.0,775.0,458025.0
3875.jpg,1078.0,770.0,830060.0
3876.jpg,1107.0,770.0,852390.0
3877.jpg,750.0,951.0,713250.0
3878.jpg,833.0,1200.0,999600.0
3879.jpg,1034.0,850.0,878900.0
3882.jpg,928.0,1200.0,1113600.0
3883.jpg,1150.0,744.0,855600.0
3884.jpg,1006.0,1300.0,1307800.0
3885.jpg,1410.0,900.0,1269000.0
3886.jpg,1500.0,712.0,1068000.0
3887.jpg,1500.0,704.0,1056000.0
3888.jpg,1068.0,1296.0,1384128.0
3893.jpg,959.0,764.0,732676.0
3894.jpg,720.0,900.0,648000.0
3895.jpg,1348.0,1000.0,1348000.0
3897.jpg,1389.0,1100.0,1527900.0
3898.jpg,799.0,1199.0,958001.0
3899.jpg,916.0,1400.0,1282400.0
3901.jpg,892.0,1078.0,961576.0
3902.jpg,712.0,1061.0,755432.0
3903.jpg,1534.0,900.0,1380600.0
3905.jpg,529.0,883.0,467107.0
3906.jpg,670.0,1142.0,765140.0
3907.jpg,650.0,1088.0,707200.0
3908.jpg,1000.0,1283.0,1283000.0
3909.jpg,1039.0,1200.0,1246800.0
3910.jpg,1383.0,900.0,1244700.0
3911.jpg,676.0,1021.0,690196.0
3912.jpg,900.0,1204.0,1083600.0
3913.jpg,863.0,1300.0,1121900.0
3916.jpg,800.0,1079.0,863200.0
3918.jpg,949.0,800.0,759200.0
3919.jpg,903.0,1200.0,1083600.0
3920.jpg,630.0,950.0,598500.0
3921.jpg,588.0,830.0,488040.0
3922.jpg,750.0,1129.0,846750.0
3923.jpg,900.0,1019.0,917100.0
3924.jpg,848.0,1300.0,1102400.0
3925.jpg,650.0,1216.0,790400.0
3926.jpg,1024.0,785.0,803840.0
3927.jpg,762.0,710.0,541020.0
3928.jpg,1008.0,935.0,942480.0
3929.jpg,720.0,900.0,648000.0
3930.jpg,1300.0,1036.0,1346800.0
3931.jpg,1066.0,1300.0,1385800.0
3932.jpg,1210.0,1000.0,1210000.0
3933.jpg,1400.0,1107.0,1549800.0
3934.jpg,922.0,1100.0,1014200.0
3937.jpg,985.0,1081.0,1064785.0
3938.jpg,780.0,1151.0,897780.0
3953.jpg,972.0,762.0,740664.0
3954.jpg,800.0,910.0,728000.0
3955.jpg,601.0,811.0,487411.0
3956.jpg,802.0,1231.0,987262.0
3957.jpg,1021.0,1300.0,1327300.0
3958.jpg,900.0,1121.0,1008900.0
3959.jpg,803.0,1093.0,877679.0
4078.jpg,555.0,695.0,385725.0
4079.jpg,1100.0,1102.0,1212200.0
4083.jpg,806.0,1176.0,947856.0
4084.jpg,800.0,1333.0,1066400.0
4085.jpg,800.0,1286.0,1028800.0
4086.jpg,635.0,980.0,622300.0
4087.jpg,620.0,827.0,512740.0
4088.jpg,800.0,1606.0,1284800.0
4089.jpg,750.0,1099.0,824250.0
4090.jpg,750.0,1286.0,964500.0
4091.jpg,750.0,1197.0,897750.0
4092.jpg,750.0,1094.0,820500.0
4094.jpg,610.0,931.0,567910.0
4095.jpg,850.0,1343.0,1141550.0
4096.jpg,800.0,1209.0,967200.0
4098.jpg,850.0,1097.0,932450.0
4099.jpg,1287.0,1020.0,1312740.0
4101.jpg,716.0,900.0,644400.0
4104.jpg,1215.0,907.0,1102005.0
4106.jpg,1403.0,1000.0,1403000.0
4107.jpg,1000.0,1299.0,1299000.0
4133.jpg,1249.0,800.0,999200.0
4134.jpg,1200.0,631.0,757200.0
4135.jpg,1407.0,987.0,1388709.0
4136.jpg,1262.0,900.0,1135800.0
4137.jpg,1453.0,794.0,1153682.0
4140.jpg,1100.0,1444.0,1588400.0
4141.jpg,979.0,1196.0,1170884.0
4143.jpg,900.0,705.0,634500.0
4145.jpg,704.0,1200.0,844800.0
4147.jpg,900.0,1212.0,1090800.0
4149.jpg,800.0,805.0,644000.0
4150.jpg,630.0,870.0,548100.0
4151.jpg,1049.0,770.0,807730.0
4152.jpg,1061.0,770.0,816970.0
4153.jpg,1058.0,770.0,814660.0
4154.jpg,1056.0,770.0,813120.0
4156.jpg,1347.0,900.0,1212300.0
4157.jpg,1107.0,850.0,940950.0
4160.jpg,1300.0,1001.0,1301300.0
4161.jpg,1200.0,815.0,978000.0
4162.jpg,1097.0,730.0,800810.0
4163.jpg,800.0,963.0,770400.0
4164.jpg,1152.0,803.0,925056.0
4165.jpg,731.0,1009.0,737579.0
4167.jpg,1116.0,770.0,859320.0
4176.jpg,1400.0,1145.0,1603000.0
4177.jpg,753.0,900.0,677700.0
4180.jpg,1306.0,770.0,1005620.0
4181.jpg,1000.0,1189.0,1189000.0
4182.jpg,1200.0,1205.0,1446000.0
4184.jpg,920.0,1008.0,927360.0
4187.jpg,1065.0,1300.0,1384500.0
4189.jpg,858.0,1006.0,863148.0
4190.jpg,1000.0,1213.0,1213000.0
4192.jpg,1004.0,1300.0,1305200.0
4193.jpg,1400.0,867.0,1213800.0
4194.jpg,940.0,1200.0,1128000.0
4195.jpg,1100.0,850.0,935000.0
4196.jpg,1095.0,850.0,930750.0
4197.jpg,1057.0,900.0,951300.0
4198.jpg,750.0,1054.0,790500.0
4199.jpg,697.0,889.0,619633.0
4200.jpg,687.0,800.0,549600.0
4201.jpg,920.0,1300.0,1196000.0
4202.jpg,1278.0,700.0,894600.0
4203.jpg,1600.0,606.0,969600.0
4204.jpg,1200.0,1124.0,1348800.0
4206.jpg,1400.0,1124.0,1573600.0
4209.jpg,1048.0,1400.0,1467200.0
4210.jpg,1012.0,950.0,961400.0
4211.jpg,602.0,850.0,511700.0
4212.jpg,900.0,1037.0,933300.0
4213.jpg,1104.0,800.0,883200.0
4214.jpg,1010.0,800.0,808000.0
4215.jpg,900.0,1066.0,959400.0
4216.jpg,638.0,1600.0,1020800.0
4217.jpg,649.0,1600.0,1038400.0
4218.jpg,1237.0,600.0,742200.0
4219.jpg,1436.0,1000.0,1436000.0
4221.jpg,581.0,1097.0,637357.0
4222.jpg,1074.0,850.0,912900.0
4224.jpg,1969.0,700.0,1378300.0
4225.jpg,800.0,1220.0,976000.0
4226.jpg,1200.0,1049.0,1258800.0
4230.jpg,1853.0,650.0,1204450.0
4231.jpg,872.0,1214.0,1058608.0
4232.jpg,933.0,1218.0,1136394.0
4233.jpg,800.0,1060.0,848000.0
4234.jpg,539.0,900.0,485100.0
4237.jpg,674.0,1064.0,717136.0
4239.jpg,850.0,831.0,706350.0
4240.jpg,1200.0,856.0,1027200.0
4241.jpg,1004.0,762.0,765048.0
4242.jpg,1096.0,836.0,916256.0
4244.jpg,836.0,1095.0,915420.0
4245.jpg,1171.0,880.0,1030480.0
4246.jpg,1044.0,1400.0,1461600.0
4247.jpg,1114.0,800.0,891200.0
4256.jpg,947.0,700.0,662900.0
4257.jpg,1059.0,1134.0,1200906.0
4259.jpg,800.0,630.0,504000.0
4260.jpg,883.0,1035.0,913905.0
4261.jpg,1628.0,900.0,1465200.0
4263.jpg,950.0,1200.0,1140000.0
4264.jpg,915.0,1200.0,1098000.0
4265.jpg,850.0,1004.0,853400.0
4266.jpg,1153.0,1500.0,1729500.0
4267.jpg,850.0,1016.0,863600.0
4268.jpg,1032.0,1300.0,1341600.0
4270.jpg,800.0,739.0,591200.0
4271.jpg,1018.0,1261.0,1283698.0
4273.jpg,920.0,1100.0,1012000.0
4274.jpg,1128.0,850.0,958800.0
4275.jpg,770.0,990.0,762300.0
4276.jpg,1000.0,1318.0,1318000.0
4277.jpg,1100.0,1301.0,1431100.0
4278.jpg,810.0,1125.0,911250.0
4284.jpg,1485.0,1100.0,1633500.0
4286.jpg,914.0,800.0,731200.0
4287.jpg,887.0,750.0,665250.0
4288.jpg,1000.0,1315.0,1315000.0
4291.jpg,1030.0,798.0,821940.0
4295.jpg,1150.0,900.0,1035000.0
4296.jpg,954.0,1300.0,1240200.0
4297.jpg,1029.0,1300.0,1337700.0
4298.jpg,798.0,1122.0,895356.0
4299.jpg,1400.0,1230.0,1722000.0
4304.jpg,1440.0,1000.0,1440000.0
4307.jpg,999.0,699.0,698301.0
4316.jpg,1097.0,768.0,842496.0
4320.jpg,1208.0,1000.0,1208000.0
4322.jpg,800.0,1086.0,868800.0
4323.jpg,1263.0,1400.0,1768200.0
4324.jpg,1420.0,1035.0,1469700.0
4325.jpg,752.0,900.0,676800.0
4326.jpg,800.0,1030.0,824000.0
4338.jpg,1414.0,1000.0,1414000.0
4339.jpg,800.0,1143.0,914400.0
4348.jpg,750.0,1246.0,934500.0
4357.jpg,1200.0,915.0,1098000.0
4358.jpg,788.0,950.0,748600.0
4359.jpg,652.0,820.0,534640.0
4362.jpg,1043.0,770.0,803110.0
4363.jpg,850.0,806.0,685100.0
4364.jpg,1080.0,715.0,772200.0
4365.jpg,653.0,900.0,587700.0
4366.jpg,782.0,1000.0,782000.0
4368.jpg,1255.0,919.0,1153345.0
4369.jpg,800.0,1011.0,808800.0
4370.jpg,1067.0,600.0,640200.0
4371.jpg,1200.0,717.0,860400.0
4372.jpg,1352.0,770.0,1041040.0
4373.jpg,900.0,1185.0,1066500.0
4374.jpg,1059.0,792.0,838728.0
4375.jpg,850.0,1202.0,1021700.0
4376.jpg,1031.0,1300.0,1340300.0
4377.jpg,1000.0,1359.0,1359000.0
4378.jpg,900.0,1056.0,950400.0
4379.jpg,920.0,1046.0,962320.0
4380.jpg,1201.0,876.0,1052076.0
4381.jpg,1279.0,800.0,1023200.0
4382.jpg,1040.0,770.0,800800.0
4383.jpg,1030.0,735.0,757050.0
4384.jpg,1302.0,1000.0,1302000.0
4385.jpg,1200.0,907.0,1088400.0
4386.jpg,1234.0,900.0,1110600.0
4387.jpg,900.0,1185.0,1066500.0
4388.jpg,1210.0,804.0,972840.0
4389.jpg,850.0,1171.0,995350.0
4391.jpg,1286.0,900.0,1157400.0
4392.jpg,1065.0,700.0,745500.0
4393.jpg,1224.0,720.0,881280.0
4394.jpg,1221.0,900.0,1098900.0
4396.jpg,1364.0,1000.0,1364000.0
4403.jpg,1211.0,1264.0,1530704.0
4405.jpg,1500.0,1216.0,1824000.0
4406.jpg,1500.0,1346.0,2019000.0
4407.jpg,1070.0,1200.0,1284000.0
4408.jpg,1100.0,1229.0,1351900.0
4409.jpg,1300.0,1046.0,1359800.0
4410.jpg,1032.0,1400.0,1444800.0
4411.jpg,800.0,1212.0,969600.0
4412.jpg,800.0,1183.0,946400.0
4413.jpg,1000.0,1433.0,1433000.0
4414.jpg,1067.0,1300.0,1387100.0
4415.jpg,893.0,1200.0,1071600.0
4416.jpg,1167.0,850.0,991950.0
4417.jpg,776.0,1138.0,883088.0
4418.jpg,831.0,1040.0,864240.0
4419.jpg,1100.0,1363.0,1499300.0
4421.jpg,1246.0,1000.0,1246000.0
4422.jpg,1124.0,750.0,843000.0
4423.jpg,1500.0,1228.0,1842000.0
4424.jpg,703.0,897.0,630591.0
4425.jpg,1255.0,932.0,1169660.0
4426.jpg,600.0,432.0,259200.0
4427.jpg,781.0,1032.0,805992.0
4428.jpg,1060.0,828.0,877680.0
4429.jpg,919.0,909.0,835371.0
4430.jpg,1400.0,1023.0,1432200.0
4431.jpg,1327.0,1000.0,1327000.0
4432.jpg,1067.0,770.0,821590.0
4433.jpg,700.0,589.0,412300.0
4434.jpg,1026.0,800.0,820800.0
4443.jpg,800.0,1093.0,874400.0
4445.jpg,1085.0,770.0,835450.0
4450.jpg,1393.0,900.0,1253700.0
4454.jpg,989.0,1255.0,1241195.0
4455.jpg,756.0,959.0,725004.0
4457.jpg,959.0,837.0,802683.0
4458.jpg,1255.0,1040.0,1305200.0
4459.jpg,1255.0,972.0,1219860.0
4463.jpg,950.0,771.0,732450.0
4466.jpg,1035.0,711.0,735885.0
4468.jpg,1090.0,1200.0,1308000.0
4469.jpg,1100.0,1171.0,1288100.0
4470.jpg,750.0,1031.0,773250.0
4471.jpg,749.0,900.0,674100.0
4472.jpg,680.0,1010.0,686800.0
4473.jpg,700.0,873.0,611100.0
4474.jpg,1600.0,1110.0,1776000.0
4475.jpg,1047.0,1055.0,1104585.0
4480.jpg,1116.0,800.0,892800.0
4482.jpg,1068.0,1255.0,1340340.0
4483.jpg,1435.0,900.0,1291500.0
4484.jpg,1011.0,1200.0,1213200.0
4485.jpg,1100.0,1142.0,1256200.0
4486.jpg,1100.0,1107.0,1217700.0
4487.jpg,1100.0,1120.0,1232000.0
4488.jpg,1120.0,1100.0,1232000.0
4489.jpg,800.0,1100.0,880000.0
4490.jpg,695.0,915.0,635925.0
4492.jpg,690.0,920.0,634800.0
4493.jpg,874.0,1133.0,990242.0
4494.jpg,1400.0,856.0,1198400.0
4496.jpg,737.0,1040.0,766480.0
4497.jpg,600.0,1700.0,1020000.0
4498.jpg,760.0,1100.0,836000.0
4499.jpg,846.0,1200.0,1015200.0
4500.jpg,1078.0,800.0,862400.0
4501.jpg,663.0,872.0,578136.0
4502.jpg,1327.0,700.0,928900.0
4503.jpg,900.0,1081.0,972900.0
4504.jpg,800.0,1084.0,867200.0
4508.jpg,551.0,750.0,413250.0
4509.jpg,821.0,1200.0,985200.0
4512.jpg,1085.0,900.0,976500.0
4516.jpg,1051.0,828.0,870228.0
4517.jpg,950.0,1082.0,1027900.0
4518.jpg,1023.0,1286.0,1315578.0
4519.jpg,817.0,600.0,490200.0
4520.jpg,1165.0,872.0,1015880.0
4521.jpg,1098.0,804.0,882792.0
4522.jpg,1381.0,900.0,1242900.0
4523.jpg,917.0,678.0,621726.0
4537.jpg,1029.0,835.0,859215.0
4538.jpg,700.0,886.0,620200.0
4539.jpg,1261.0,1700.0,2143700.0
4540.jpg,1297.0,770.0,998690.0
4541.jpg,1000.0,767.0,767000.0
4542.jpg,1030.0,607.0,625210.0
4543.jpg,1255.0,885.0,1110675.0
4544.jpg,880.0,1100.0,968000.0
4546.jpg,782.0,1050.0,821100.0
4548.jpg,1196.0,1500.0,1794000.0
4549.jpg,986.0,1255.0,1237430.0
4550.jpg,706.0,920.0,649520.0
4551.jpg,1453.0,800.0,1162400.0
4552.jpg,726.0,900.0,653400.0
4564.jpg,1255.0,1128.0,1415640.0
4565.jpg,1150.0,1000.0,1150000.0
4567.jpg,655.0,860.0,563300.0
4568.jpg,1045.0,1200.0,1254000.0
4569.jpg,900.0,1063.0,956700.0
4570.jpg,874.0,1119.0,978006.0
4571.jpg,1222.0,1500.0,1833000.0
4572.jpg,1160.0,1400.0,1624000.0
4573.jpg,722.0,1004.0,724888.0
4574.jpg,1100.0,1241.0,1365100.0
4575.jpg,1002.0,1253.0,1255506.0
4576.jpg,1294.0,1200.0,1552800.0
4577.jpg,1100.0,1414.0,1555400.0
4579.jpg,1100.0,780.0,858000.0
4580.jpg,1118.0,1400.0,1565200.0
4584.jpg,1096.0,750.0,822000.0
4585.jpg,803.0,700.0,562100.0
4587.jpg,1216.0,600.0,729600.0
4591.jpg,824.0,1600.0,1318400.0
4592.jpg,873.0,600.0,523800.0
4593.jpg,778.0,1600.0,1244800.0
4594.jpg,967.0,1900.0,1837300.0
4597.jpg,936.0,1113.0,1041768.0
4600.jpg,800.0,1066.0,852800.0
4601.jpg,758.0,1020.0,773160.0
4602.jpg,869.0,1110.0,964590.0
4603.jpg,738.0,900.0,664200.0
4608.jpg,842.0,1300.0,1094600.0
4609.jpg,704.0,1002.0,705408.0
4610.jpg,702.0,977.0,685854.0
4611.jpg,750.0,1016.0,762000.0
4612.jpg,900.0,923.0,830700.0
4613.jpg,750.0,933.0,699750.0
4616.jpg,1100.0,1461.0,1607100.0
4617.jpg,980.0,720.0,705600.0
4618.jpg,1000.0,1313.0,1313000.0
4619.jpg,900.0,1249.0,1124100.0
4623.jpg,501.0,800.0,400800.0
4655.jpg,1255.0,641.0,804455.0
4656.jpg,1095.0,795.0,870525.0
4661.jpg,784.0,600.0,470400.0
4662.jpg,1067.0,1300.0,1387100.0
4663.jpg,750.0,1009.0,756750.0
4664.jpg,700.0,786.0,550200.0
4665.jpg,1280.0,770.0,985600.0
4666.jpg,602.0,850.0,511700.0
4674.jpg,1800.0,857.0,1542600.0
4675.jpg,1050.0,850.0,892500.0
4676.jpg,1348.0,900.0,1213200.0
4678.jpg,1255.0,790.0,991450.0
4679.jpg,1000.0,1098.0,1098000.0
4680.jpg,1600.0,729.0,1166400.0
4683.jpg,1000.0,1237.0,1237000.0
4684.jpg,1330.0,1000.0,1330000.0
4685.jpg,918.0,1400.0,1285200.0
4686.jpg,1117.0,850.0,949450.0
4687.jpg,1193.0,600.0,715800.0
4688.jpg,1202.0,600.0,721200.0
4689.jpg,1013.0,1300.0,1316900.0
4690.jpg,1161.0,700.0,812700.0
4691.jpg,1272.0,1100.0,1399200.0
4692.jpg,1400.0,852.0,1192800.0
4694.jpg,1167.0,800.0,933600.0
4695.jpg,1251.0,898.0,1123398.0
4696.jpg,1100.0,900.0,990000.0
4697.jpg,1329.0,900.0,1196100.0
4698.jpg,1196.0,850.0,1016600.0
4702.jpg,1087.0,850.0,923950.0
4706.jpg,1100.0,803.0,883300.0
4711.jpg,800.0,1062.0,849600.0
4712.jpg,1098.0,1400.0,1537200.0
4713.jpg,927.0,1300.0,1205100.0
4722.jpg,1063.0,785.0,834455.0
4724.jpg,1044.0,770.0,803880.0
4727.jpg,1059.0,1291.0,1367169.0
4729.jpg,1266.0,1500.0,1899000.0
4730.jpg,1255.0,1500.0,1882500.0
4733.jpg,900.0,1300.0,1170000.0
4734.jpg,950.0,1337.0,1270150.0
4735.jpg,840.0,1081.0,908040.0
4736.jpg,1000.0,1336.0,1336000.0
4737.jpg,1200.0,1658.0,1989600.0
4738.jpg,1105.0,1300.0,1436500.0
4743.jpg,1041.0,630.0,655830.0
4744.jpg,1250.0,1054.0,1317500.0
4745.jpg,1300.0,941.0,1223300.0
4746.jpg,940.0,1002.0,941880.0
4747.jpg,800.0,1149.0,919200.0
4749.jpg,800.0,1015.0,812000.0
4751.jpg,1039.0,1300.0,1350700.0
4752.jpg,1100.0,1320.0,1452000.0
4753.jpg,700.0,867.0,606900.0
4754.jpg,1000.0,1232.0,1232000.0
4755.jpg,1232.0,799.0,984368.0
4756.jpg,1510.0,900.0,1359000.0
4757.jpg,1170.0,1032.0,1207440.0
4758.jpg,1126.0,1112.0,1252112.0
4759.jpg,1600.0,951.0,1521600.0
4760.jpg,986.0,1300.0,1281800.0
4761.jpg,1100.0,1436.0,1579600.0
4762.jpg,547.0,1445.0,790415.0
4763.jpg,539.0,1424.0,767536.0
4764.jpg,800.0,1148.0,918400.0
4765.jpg,1000.0,1255.0,1255000.0
4766.jpg,1257.0,1000.0,1257000.0
4767.jpg,807.0,1013.0,817491.0
4768.jpg,1400.0,1144.0,1601600.0
4769.jpg,770.0,1013.0,780010.0
4770.jpg,855.0,1200.0,1026000.0
4771.jpg,950.0,1081.0,1026950.0
4773.jpg,700.0,868.0,607600.0
4774.jpg,680.0,840.0,571200.0
4775.jpg,617.0,768.0,473856.0
4776.jpg,689.0,841.0,579449.0
4777.jpg,755.0,905.0,683275.0
4778.jpg,589.0,768.0,452352.0
4780.jpg,989.0,1253.0,1239217.0
4781.jpg,1029.0,1400.0,1440600.0
4783.jpg,750.0,1300.0,975000.0
4784.jpg,1400.0,936.0,1310400.0
4785.jpg,850.0,909.0,772650.0
4786.jpg,900.0,953.0,857700.0
4787.jpg,579.0,900.0,521100.0
4812.jpg,1204.0,900.0,1083600.0
4815.jpg,800.0,608.0,486400.0
4816.jpg,719.0,900.0,647100.0
4817.jpg,1348.0,1300.0,1752400.0
4818.jpg,743.0,900.0,668700.0
4819.jpg,938.0,1151.0,1079638.0
4820.jpg,808.0,1034.0,835472.0
4821.jpg,1375.0,1000.0,1375000.0
4823.jpg,1170.0,750.0,877500.0
4824.jpg,803.0,605.0,485815.0
4827.jpg,1362.0,900.0,1225800.0
4828.jpg,1400.0,830.0,1162000.0
4829.jpg,600.0,1484.0,890400.0
4830.jpg,600.0,1438.0,862800.0
4831.jpg,1700.0,684.0,1162800.0
4832.jpg,1028.0,1113.0,1144164.0
4833.jpg,1017.0,1115.0,1133955.0
4834.jpg,654.0,1600.0,1046400.0
4835.jpg,667.0,1600.0,1067200.0
4836.jpg,1150.0,1100.0,1265000.0
4837.jpg,902.0,1300.0,1172600.0
4844.jpg,800.0,1061.0,848800.0
4845.jpg,901.0,1073.0,966773.0
4846.jpg,884.0,1092.0,965328.0
4847.jpg,1000.0,943.0,943000.0
4848.jpg,841.0,1109.0,932669.0
4849.jpg,854.0,1200.0,1024800.0
4851.jpg,1078.0,900.0,970200.0
4852.jpg,700.0,1315.0,920500.0
4853.jpg,800.0,821.0,656800.0
4854.jpg,1073.0,900.0,965700.0
4855.jpg,850.0,1031.0,876350.0
4856.jpg,1250.0,708.0,885000.0
4857.jpg,1200.0,733.0,879600.0
4858.jpg,850.0,1019.0,866150.0
4859.jpg,1300.0,722.0,938600.0
4860.jpg,936.0,1022.0,956592.0
4861.jpg,896.0,1001.0,896896.0
4862.jpg,750.0,1202.0,901500.0
4863.jpg,880.0,1021.0,898480.0
4864.jpg,820.0,1017.0,833940.0
4865.jpg,830.0,1082.0,898060.0
4866.jpg,840.0,1030.0,865200.0
4867.jpg,1152.0,850.0,979200.0
4868.jpg,820.0,1094.0,897080.0
4869.jpg,820.0,1089.0,892980.0
4870.jpg,1114.0,820.0,913480.0
4871.jpg,820.0,1075.0,881500.0
4872.jpg,600.0,1515.0,909000.0
4873.jpg,870.0,1156.0,1005720.0
4874.jpg,850.0,1101.0,935850.0
4875.jpg,1006.0,1000.0,1006000.0
4876.jpg,890.0,1115.0,992350.0
4877.jpg,600.0,1556.0,933600.0
4878.jpg,879.0,1100.0,966900.0
4879.jpg,900.0,1180.0,1062000.0
4880.jpg,1116.0,860.0,959760.0
4881.jpg,870.0,1126.0,979620.0
4882.jpg,800.0,1164.0,931200.0
4883.jpg,870.0,1066.0,927420.0
4884.jpg,823.0,1201.0,988423.0
4885.jpg,860.0,1120.0,963200.0
4886.jpg,1307.0,900.0,1176300.0
4887.jpg,977.0,1300.0,1270100.0
4888.jpg,900.0,1216.0,1094400.0
4889.jpg,533.0,1600.0,852800.0
4890.jpg,534.0,1600.0,854400.0
4891.jpg,900.0,1189.0,1070100.0
4892.jpg,777.0,1083.0,841491.0
4893.jpg,840.0,1052.0,883680.0
4894.jpg,807.0,1068.0,861876.0
4895.jpg,462.0,1542.0,712404.0
4896.jpg,467.0,1539.0,718713.0
4901.jpg,750.0,1114.0,835500.0
4904.jpg,830.0,1155.0,958650.0
4905.jpg,803.0,1107.0,888921.0
4906.jpg,575.0,1507.0,866525.0
4907.jpg,750.0,1416.0,1062000.0
4909.jpg,1077.0,970.0,1044690.0
4913.jpg,946.0,498.0,471108.0
4914.jpg,900.0,1119.0,1007100.0
4915.jpg,600.0,1420.0,852000.0
4916.jpg,600.0,1429.0,857400.0
4917.jpg,600.0,1428.0,856800.0
4918.jpg,600.0,1434.0,860400.0
4919.jpg,1001.0,1072.0,1073072.0
4920.jpg,1300.0,925.0,1202500.0
4921.jpg,766.0,1050.0,804300.0
4922.jpg,600.0,1777.0,1066200.0
4923.jpg,600.0,1843.0,1105800.0
4924.jpg,1030.0,896.0,922880.0
4925.jpg,837.0,1400.0,1171800.0
4926.jpg,663.0,1300.0,861900.0
4927.jpg,652.0,1300.0,847600.0
4928.jpg,685.0,1300.0,890500.0
4929.jpg,677.0,1300.0,880100.0
4930.jpg,761.0,1117.0,850037.0
4934.jpg,1400.0,853.0,1194200.0
4935.jpg,1100.0,1308.0,1438800.0
4936.jpg,1479.0,1901.0,2811579.0
4937.jpg,1100.0,1414.0,1555400.0
4938.jpg,1000.0,1426.0,1426000.0
4939.jpg,1000.0,1441.0,1441000.0
4940.jpg,500.0,1525.0,762500.0
4941.jpg,500.0,1503.0,751500.0
4942.jpg,500.0,1554.0,777000.0
4943.jpg,1200.0,1302.0,1562400.0
4944.jpg,500.0,1535.0,767500.0
4945.jpg,1464.0,850.0,1244400.0
4946.jpg,976.0,891.0,869616.0
4947.jpg,1166.0,1300.0,1515800.0
4948.jpg,830.0,1150.0,954500.0
4949.jpg,870.0,1078.0,937860.0
4950.jpg,850.0,1111.0,944350.0
4951.jpg,900.0,1173.0,1055700.0
4952.jpg,900.0,1181.0,1062900.0
4953.jpg,850.0,1109.0,942650.0
4954.jpg,1145.0,850.0,973250.0
4955.jpg,1145.0,830.0,950350.0
4956.jpg,600.0,1552.0,931200.0
4957.jpg,1157.0,850.0,983450.0
4958.jpg,1161.0,850.0,986850.0
4959.jpg,809.0,1070.0,865630.0
4960.jpg,564.0,1500.0,846000.0
4961.jpg,890.0,1078.0,959420.0
4962.jpg,850.0,1118.0,950300.0
4963.jpg,800.0,1184.0,947200.0
4964.jpg,709.0,1300.0,921700.0
4965.jpg,704.0,1300.0,915200.0
4966.jpg,1085.0,950.0,1030750.0
4967.jpg,705.0,1220.0,860100.0
4968.jpg,678.0,1200.0,813600.0
4969.jpg,1223.0,900.0,1100700.0
4970.jpg,900.0,1179.0,1061100.0
4971.jpg,820.0,995.0,815900.0
4972.jpg,836.0,1001.0,836836.0
4973.jpg,850.0,1022.0,868700.0
4974.jpg,1154.0,850.0,980900.0
4975.jpg,347.0,1200.0,416400.0
4976.jpg,850.0,1037.0,881450.0
4977.jpg,347.0,1200.0,416400.0
4978.jpg,1232.0,900.0,1108800.0
5019.jpg,1028.0,1196.0,1229488.0
5021.jpg,789.0,1001.0,789789.0
5022.jpg,1000.0,1408.0,1408000.0
5023.jpg,936.0,1300.0,1216800.0
5025.jpg,1000.0,1362.0,1362000.0
5026.jpg,1086.0,1500.0,1629000.0
5027.jpg,800.0,1131.0,904800.0
5028.jpg,791.0,1100.0,870100.0
5029.jpg,639.0,895.0,571905.0
5030.jpg,770.0,1078.0,830060.0
5031.jpg,651.0,900.0,585900.0
5033.jpg,973.0,600.0,583800.0
5034.jpg,650.0,941.0,611650.0
5035.jpg,1500.0,1238.0,1857000.0
5039.jpg,885.0,1080.0,955800.0
5040.jpg,876.0,1076.0,942576.0
5041.jpg,605.0,896.0,542080.0
5042.jpg,700.0,1007.0,704900.0
5043.jpg,1400.0,992.0,1388800.0
5045.jpg,1212.0,800.0,969600.0
5046.jpg,1300.0,922.0,1198600.0
5048.jpg,1476.0,1160.0,1712160.0
5050.jpg,1350.0,1076.0,1452600.0
5051.jpg,1218.0,900.0,1096200.0
5064.jpg,735.0,960.0,705600.0
5066.jpg,1365.0,1050.0,1433250.0
5067.jpg,1100.0,1318.0,1449800.0
5069.jpg,1347.0,1000.0,1347000.0
5070.jpg,1255.0,1108.0,1390540.0
5071.jpg,1500.0,1171.0,1756500.0
5072.jpg,951.0,700.0,665700.0
5074.jpg,830.0,1165.0,966950.0
5075.jpg,1296.0,926.0,1200096.0
5076.jpg,1299.0,930.0,1208070.0
5077.jpg,1130.0,600.0,678000.0
5078.jpg,801.0,1058.0,847458.0
5079.jpg,1000.0,1514.0,1514000.0
5080.jpg,800.0,1108.0,886400.0
5081.jpg,804.0,1053.0,846612.0
5082.jpg,1728.0,600.0,1036800.0
5083.jpg,809.0,1068.0,864012.0
5084.jpg,800.0,975.0,780000.0
5085.jpg,650.0,1341.0,871650.0
5086.jpg,750.0,1220.0,915000.0
5087.jpg,1112.0,1546.0,1719152.0
5088.jpg,800.0,1093.0,874400.0
5089.jpg,638.0,1200.0,765600.0
5090.jpg,1030.0,886.0,912580.0
5091.jpg,820.0,1070.0,877400.0
5092.jpg,818.0,1070.0,875260.0
5093.jpg,1000.0,1353.0,1353000.0
5094.jpg,900.0,1217.0,1095300.0
5095.jpg,1884.0,670.0,1262280.0
5096.jpg,800.0,1082.0,865600.0
5097.jpg,1100.0,1089.0,1197900.0
5098.jpg,1030.0,771.0,794130.0
5099.jpg,1200.0,969.0,1162800.0
5100.jpg,557.0,1000.0,557000.0
5101.jpg,772.0,1071.0,826812.0
5102.jpg,953.0,802.0,764306.0
5103.jpg,600.0,1540.0,924000.0
5104.jpg,1363.0,606.0,825978.0
5105.jpg,800.0,1141.0,912800.0
5106.jpg,725.0,1165.0,844625.0
5107.jpg,1600.0,672.0,1075200.0
5108.jpg,1188.0,779.0,925452.0
5109.jpg,1000.0,1214.0,1214000.0
5110.jpg,1000.0,981.0,981000.0
5111.jpg,750.0,1109.0,831750.0
5112.jpg,1030.0,1026.0,1056780.0
5113.jpg,1150.0,1140.0,1311000.0
5114.jpg,700.0,1173.0,821100.0
5115.jpg,1045.0,770.0,804650.0
5116.jpg,1110.0,1101.0,1222110.0
5117.jpg,1007.0,1006.0,1013042.0
5118.jpg,1300.0,1300.0,1690000.0
5119.jpg,1315.0,1300.0,1709500.0
5120.jpg,1011.0,1300.0,1314300.0
5121.jpg,1400.0,1375.0,1925000.0
5122.jpg,1400.0,1100.0,1540000.0
5123.jpg,766.0,1200.0,919200.0
5124.jpg,1060.0,1200.0,1272000.0
5125.jpg,1008.0,1047.0,1055376.0
5126.jpg,775.0,965.0,747875.0
5127.jpg,1270.0,770.0,977900.0
5128.jpg,1000.0,1287.0,1287000.0
5129.jpg,1000.0,1021.0,1021000.0
5130.jpg,1100.0,1036.0,1139600.0
5131.jpg,1000.0,1798.0,1798000.0
5132.jpg,770.0,1203.0,926310.0
5133.jpg,788.0,1200.0,945600.0
5134.jpg,650.0,883.0,573950.0
5135.jpg,980.0,972.0,952560.0
5136.jpg,1056.0,938.0,990528.0
5137.jpg,1063.0,720.0,765360.0
5138.jpg,908.0,829.0,752732.0
5139.jpg,1208.0,500.0,604000.0
5140.jpg,1210.0,500.0,605000.0
5141.jpg,1236.0,500.0,618000.0
5142.jpg,1159.0,500.0,579500.0
5143.jpg,1264.0,600.0,758400.0
5144.jpg,1111.0,700.0,777700.0
5145.jpg,850.0,1074.0,912900.0
5146.jpg,774.0,1080.0,835920.0
5147.jpg,1034.0,760.0,785840.0
5148.jpg,880.0,950.0,836000.0
5149.jpg,938.0,930.0,872340.0
5150.jpg,1057.0,870.0,919590.0
5151.jpg,950.0,1003.0,952850.0
5152.jpg,1100.0,869.0,955900.0
5153.jpg,1049.0,1200.0,1258800.0
5154.jpg,900.0,870.0,783000.0
5155.jpg,1084.0,770.0,834680.0
5156.jpg,804.0,1060.0,852240.0
5157.jpg,1108.0,770.0,853160.0
5158.jpg,851.0,1010.0,859510.0
5159.jpg,750.0,1098.0,823500.0
5160.jpg,1066.0,900.0,959400.0
5161.jpg,711.0,1111.0,789921.0
5162.jpg,979.0,760.0,744040.0
5163.jpg,934.0,820.0,765880.0
5164.jpg,664.0,1200.0,796800.0
5165.jpg,1094.0,770.0,842380.0
5166.jpg,1157.0,770.0,890890.0
5167.jpg,1044.0,800.0,835200.0
5168.jpg,1081.0,950.0,1026950.0
5169.jpg,1270.0,821.0,1042670.0
5170.jpg,750.0,1040.0,780000.0
5171.jpg,630.0,1127.0,710010.0
5172.jpg,1000.0,1238.0,1238000.0
5173.jpg,900.0,1145.0,1030500.0
5174.jpg,670.0,905.0,606350.0
5175.jpg,700.0,923.0,646100.0
5176.jpg,850.0,1204.0,1023400.0
5177.jpg,831.0,690.0,573390.0
5178.jpg,1276.0,750.0,957000.0
5179.jpg,951.0,743.0,706593.0
5180.jpg,720.0,1033.0,743760.0
5181.jpg,750.0,1058.0,793500.0
5182.jpg,646.0,1214.0,784244.0
5183.jpg,1466.0,600.0,879600.0
5184.jpg,801.0,1055.0,845055.0
5185.jpg,1044.0,770.0,803880.0
5186.jpg,1000.0,844.0,844000.0
5187.jpg,1000.0,631.0,631000.0
5188.jpg,685.0,515.0,352775.0
5189.jpg,753.0,574.0,432222.0
5190.jpg,1000.0,479.0,479000.0
5191.jpg,518.0,397.0,205646.0
5192.jpg,452.0,484.0,218768.0
5193.jpg,1234.0,700.0,863800.0
5194.jpg,714.0,475.0,339150.0
5195.jpg,1225.0,700.0,857500.0
5196.jpg,820.0,1229.0,1007780.0
5197.jpg,743.0,1205.0,895315.0
5198.jpg,801.0,1205.0,965205.0
5199.jpg,820.0,1036.0,849520.0
5200.jpg,801.0,1193.0,955593.0
5201.jpg,1102.0,1600.0,1763200.0
5202.jpg,1000.0,1506.0,1506000.0
5203.jpg,1000.0,1513.0,1513000.0
5204.jpg,654.0,904.0,591216.0
5205.jpg,750.0,997.0,747750.0
5206.jpg,801.0,1049.0,840249.0
5207.jpg,775.0,1100.0,852500.0
5208.jpg,700.0,915.0,640500.0
5209.jpg,730.0,1092.0,797160.0
5210.jpg,850.0,1200.0,1020000.0
5211.jpg,806.0,1218.0,981708.0
5212.jpg,1043.0,876.0,913668.0
5213.jpg,750.0,1165.0,873750.0
5214.jpg,1353.0,500.0,676500.0
5215.jpg,1371.0,500.0,685500.0
5216.jpg,1356.0,500.0,678000.0
5217.jpg,1346.0,500.0,673000.0
5218.jpg,1354.0,500.0,677000.0
5219.jpg,1163.0,770.0,895510.0
5220.jpg,740.0,1005.0,743700.0
5221.jpg,671.0,927.0,622017.0
5222.jpg,801.0,987.0,790587.0
5223.jpg,1000.0,1228.0,1228000.0
5224.jpg,1313.0,650.0,853450.0
5225.jpg,932.0,770.0,717640.0
5226.jpg,1378.0,630.0,868140.0
5227.jpg,700.0,1235.0,864500.0
5228.jpg,804.0,995.0,799980.0
5229.jpg,900.0,1078.0,970200.0
5230.jpg,1374.0,600.0,824400.0
5231.jpg,1354.0,600.0,812400.0
5232.jpg,1321.0,600.0,792600.0
5233.jpg,701.0,1097.0,768997.0
5234.jpg,1517.0,528.0,800976.0
5235.jpg,1150.0,770.0,885500.0
5236.jpg,803.0,1158.0,929874.0
5237.jpg,950.0,1164.0,1105800.0
5238.jpg,950.0,1048.0,995600.0
5239.jpg,807.0,1042.0,840894.0
5240.jpg,861.0,1500.0,1291500.0
5241.jpg,710.0,1102.0,782420.0
5242.jpg,824.0,1082.0,891568.0
5243.jpg,1055.0,770.0,812350.0
5244.jpg,800.0,1142.0,913600.0
5245.jpg,855.0,1133.0,968715.0
5246.jpg,1009.0,1001.0,1010009.0
5247.jpg,720.0,1045.0,752400.0
5248.jpg,720.0,1041.0,749520.0
5249.jpg,1060.0,770.0,816200.0
5250.jpg,570.0,1079.0,615030.0
5251.jpg,700.0,1011.0,707700.0
5252.jpg,850.0,1116.0,948600.0
5253.jpg,1088.0,800.0,870400.0
5254.jpg,823.0,1001.0,823823.0
5255.jpg,799.0,1001.0,799799.0
5256.jpg,1300.0,803.0,1043900.0
5274.jpg,1315.0,1300.0,1709500.0
5275.jpg,1025.0,886.0,908150.0
5277.jpg,900.0,1342.0,1207800.0
5279.jpg,1149.0,1000.0,1149000.0
5280.jpg,900.0,876.0,788400.0
5292.jpg,803.0,1070.0,859210.0
5293.jpg,1400.0,1080.0,1512000.0
5294.jpg,1400.0,1105.0,1547000.0
5298.jpg,868.0,716.0,621488.0
5299.jpg,1234.0,1005.0,1240170.0
5300.jpg,1381.0,1100.0,1519100.0
5301.jpg,1000.0,1410.0,1410000.0
5302.jpg,1078.0,800.0,862400.0
5303.jpg,1200.0,902.0,1082400.0
5304.jpg,1300.0,1114.0,1448200.0
5305.jpg,1040.0,833.0,866320.0
5306.jpg,799.0,1060.0,846940.0
5308.jpg,1127.0,858.0,966966.0
5309.jpg,1400.0,1115.0,1561000.0
5310.jpg,800.0,922.0,737600.0
5311.jpg,904.0,1089.0,984456.0
5312.jpg,1181.0,1000.0,1181000.0
5313.jpg,869.0,982.0,853358.0
5315.jpg,1000.0,1336.0,1336000.0
5316.jpg,1000.0,1431.0,1431000.0
5317.jpg,831.0,1080.0,897480.0
5318.jpg,1500.0,1207.0,1810500.0
5319.jpg,1024.0,853.0,873472.0
5320.jpg,1227.0,1000.0,1227000.0
5321.jpg,1099.0,900.0,989100.0
5322.jpg,750.0,1134.0,850500.0
5323.jpg,828.0,632.0,523296.0
5324.jpg,759.0,1000.0,759000.0
5325.jpg,1218.0,1027.0,1250886.0
5326.jpg,1250.0,1013.0,1266250.0
5327.jpg,1200.0,1305.0,1566000.0
5328.jpg,639.0,700.0,447300.0
5329.jpg,1234.0,996.0,1229064.0
5330.jpg,903.0,730.0,659190.0
5331.jpg,1030.0,841.0,866230.0
5332.jpg,732.0,900.0,658800.0
5333.jpg,719.0,900.0,647100.0
5334.jpg,823.0,1000.0,823000.0
5335.jpg,828.0,1150.0,952200.0
5336.jpg,824.0,1000.0,824000.0
5337.jpg,1000.0,1314.0,1314000.0
5338.jpg,728.0,917.0,667576.0
5339.jpg,1098.0,1500.0,1647000.0
5340.jpg,1224.0,1000.0,1224000.0
5341.jpg,1000.0,1227.0,1227000.0
5342.jpg,845.0,1000.0,845000.0
5343.jpg,930.0,1144.0,1063920.0
5344.jpg,858.0,1040.0,892320.0
5345.jpg,1155.0,1400.0,1617000.0
5346.jpg,1187.0,900.0,1068300.0
5347.jpg,1300.0,1013.0,1316900.0
5348.jpg,1100.0,1383.0,1521300.0
5351.jpg,965.0,1100.0,1061500.0
5352.jpg,1000.0,1241.0,1241000.0
5353.jpg,1070.0,1255.0,1342850.0
5354.jpg,1081.0,1255.0,1356655.0
5355.jpg,948.0,900.0,853200.0
5358.jpg,1197.0,808.0,967176.0
5359.jpg,700.0,1155.0,808500.0
5364.jpg,1308.0,700.0,915600.0
5365.jpg,1544.0,927.0,1431288.0
5366.jpg,1413.0,750.0,1059750.0
5367.jpg,1441.0,900.0,1296900.0
5368.jpg,1618.0,1000.0,1618000.0
5369.jpg,1433.0,1043.0,1494619.0
5370.jpg,699.0,889.0,621411.0
5371.jpg,1341.0,1100.0,1475100.0
5372.jpg,1432.0,1099.0,1573768.0
5373.jpg,1512.0,900.0,1360800.0
5374.jpg,908.0,556.0,504848.0
5375.jpg,1331.0,900.0,1197900.0
5376.jpg,1489.0,1000.0,1489000.0
5377.jpg,1000.0,1237.0,1237000.0
5383.jpg,1059.0,1667.0,1765353.0
5384.jpg,1006.0,1400.0,1408400.0
5385.jpg,950.0,1187.0,1127650.0
5386.jpg,975.0,1255.0,1223625.0
5387.jpg,815.0,1100.0,896500.0
5389.jpg,1247.0,779.0,971413.0
5390.jpg,1087.0,1300.0,1413100.0
5391.jpg,1052.0,1200.0,1262400.0
5392.jpg,978.0,1200.0,1173600.0
5393.jpg,1089.0,1300.0,1415700.0
5394.jpg,1028.0,1300.0,1336400.0
5403.jpg,1000.0,1131.0,1131000.0
5404.jpg,1200.0,1046.0,1255200.0
5405.jpg,648.0,800.0,518400.0
5406.jpg,1000.0,1534.0,1534000.0
5418.jpg,900.0,1154.0,1038600.0
5419.jpg,900.0,588.0,529200.0
5420.jpg,923.0,700.0,646100.0
5422.jpg,720.0,816.0,587520.0
5423.jpg,1089.0,1253.0,1364517.0
5424.jpg,850.0,1051.0,893350.0
5425.jpg,1200.0,826.0,991200.0
5426.jpg,706.0,1500.0,1059000.0
5428.jpg,1606.0,1100.0,1766600.0
5429.jpg,1054.0,800.0,843200.0
5430.jpg,1400.0,1021.0,1429400.0
5432.jpg,903.0,666.0,601398.0
5434.jpg,1030.0,1200.0,1236000.0
5435.jpg,950.0,1107.0,1051650.0
5436.jpg,1145.0,1000.0,1145000.0
5437.jpg,1169.0,1400.0,1636600.0
5438.jpg,932.0,850.0,792200.0
5441.jpg,1216.0,862.0,1048192.0
5445.jpg,1139.0,770.0,877030.0
5447.jpg,794.0,940.0,746360.0
5448.jpg,771.0,970.0,747870.0
5449.jpg,789.0,955.0,753495.0
5450.jpg,746.0,1000.0,746000.0
5451.jpg,674.0,1120.0,754880.0
5452.jpg,743.0,1020.0,757860.0
5453.jpg,815.0,1350.0,1100250.0
5454.jpg,1222.0,1200.0,1466400.0
5455.jpg,755.0,1006.0,759530.0
5456.jpg,738.0,1020.0,752760.0
5457.jpg,1031.0,1300.0,1340300.0
5458.jpg,646.0,1000.0,646000.0
5459.jpg,617.0,880.0,542960.0
5463.jpg,800.0,1171.0,936800.0
5464.jpg,850.0,1199.0,1019150.0
5465.jpg,743.0,1010.0,750430.0
5466.jpg,1854.0,750.0,1390500.0
5467.jpg,644.0,1100.0,708400.0
5468.jpg,667.0,1100.0,733700.0
5469.jpg,670.0,1100.0,737000.0
5470.jpg,646.0,1100.0,710600.0
5471.jpg,1568.0,800.0,1254400.0
5472.jpg,1145.0,657.0,752265.0
5473.jpg,865.0,877.0,758605.0
5474.jpg,900.0,1213.0,1091700.0
5475.jpg,700.0,1700.0,1190000.0
5476.jpg,700.0,1692.0,1184400.0
5477.jpg,1409.0,770.0,1084930.0
5478.jpg,705.0,1070.0,754350.0
5479.jpg,739.0,1015.0,750085.0
5480.jpg,1434.0,680.0,975120.0
5481.jpg,641.0,1150.0,737150.0
5482.jpg,735.0,1020.0,749700.0
5483.jpg,738.0,1020.0,752760.0
5484.jpg,658.0,1150.0,756700.0
5485.jpg,743.0,1020.0,757860.0
5486.jpg,681.0,990.0,674190.0
5487.jpg,716.0,1057.0,756812.0
5488.jpg,749.0,1001.0,749749.0
5489.jpg,1093.0,690.0,754170.0
5490.jpg,1555.0,900.0,1399500.0
5491.jpg,900.0,1100.0,990000.0
5492.jpg,1000.0,1336.0,1336000.0
5493.jpg,1000.0,1123.0,1123000.0
5494.jpg,893.0,800.0,714400.0
5495.jpg,964.0,740.0,713360.0
5496.jpg,800.0,1513.0,1210400.0
5497.jpg,850.0,1266.0,1076100.0
5498.jpg,900.0,1126.0,1013400.0
5499.jpg,617.0,1200.0,740400.0
5500.jpg,900.0,1132.0,1018800.0
5501.jpg,900.0,1135.0,1021500.0
5502.jpg,800.0,1206.0,964800.0
5503.jpg,900.0,1132.0,1018800.0
5504.jpg,1236.0,610.0,753960.0
5505.jpg,383.0,890.0,340870.0
5506.jpg,892.0,885.0,789420.0
5507.jpg,381.0,889.0,338709.0
5508.jpg,1420.0,1044.0,1482480.0
5509.jpg,1246.0,985.0,1227310.0
5513.jpg,1300.0,911.0,1184300.0
5515.jpg,1300.0,913.0,1186900.0
5516.jpg,985.0,1200.0,1182000.0
5521.jpg,900.0,1122.0,1009800.0
5522.jpg,1192.0,1000.0,1192000.0
5523.jpg,1369.0,900.0,1232100.0
5524.jpg,1440.0,1100.0,1584000.0
5525.jpg,1431.0,770.0,1101870.0
5526.jpg,755.0,990.0,747450.0
5528.jpg,1000.0,1262.0,1262000.0
5529.jpg,1000.0,1268.0,1268000.0
5530.jpg,1056.0,1300.0,1372800.0
5531.jpg,900.0,1334.0,1200600.0
5532.jpg,1184.0,990.0,1172160.0
5533.jpg,1122.0,700.0,785400.0
5534.jpg,1257.0,750.0,942750.0
5535.jpg,1436.0,1000.0,1436000.0
5543.jpg,1329.0,1000.0,1329000.0
5544.jpg,941.0,1303.0,1226123.0
5545.jpg,700.0,1260.0,882000.0
5548.jpg,1031.0,870.0,896970.0
5549.jpg,1061.0,770.0,816970.0
5551.jpg,1031.0,829.0,854699.0
5553.jpg,700.0,1066.0,746200.0
5554.jpg,904.0,823.0,743992.0
5555.jpg,551.0,1230.0,677730.0
5556.jpg,953.0,804.0,766212.0
5557.jpg,1030.0,786.0,809580.0
5574.jpg,1001.0,1030.0,1031030.0
5575.jpg,801.0,1090.0,873090.0
5576.jpg,1100.0,1397.0,1536700.0
5577.jpg,700.0,1316.0,921200.0
5578.jpg,836.0,1091.0,912076.0
5580.jpg,900.0,1360.0,1224000.0
5581.jpg,801.0,1037.0,830637.0
5586.jpg,1238.0,1000.0,1238000.0
5587.jpg,1000.0,1359.0,1359000.0
5589.jpg,1180.0,900.0,1062000.0
5590.jpg,1249.0,900.0,1124100.0
5591.jpg,1279.0,1050.0,1342950.0
5592.jpg,1528.0,1000.0,1528000.0
5593.jpg,1149.0,850.0,976650.0
5594.jpg,1212.0,900.0,1090800.0
5595.jpg,1397.0,1000.0,1397000.0
5596.jpg,1400.0,1050.0,1470000.0
5597.jpg,1351.0,1300.0,1756300.0
5622.jpg,1400.0,1018.0,1425200.0
5625.jpg,1202.0,850.0,1021700.0
5626.jpg,900.0,1192.0,1072800.0
5630.jpg,749.0,932.0,698068.0
5631.jpg,1055.0,1350.0,1424250.0
5632.jpg,1184.0,1050.0,1243200.0
5633.jpg,1141.0,1500.0,1711500.0
5634.jpg,1545.0,1200.0,1854000.0
5635.jpg,1200.0,1430.0,1716000.0
5638.jpg,1050.0,970.0,1018500.0
5639.jpg,1000.0,1235.0,1235000.0
5640.jpg,1000.0,1299.0,1299000.0
5641.jpg,961.0,1255.0,1206055.0
5642.jpg,1104.0,770.0,850080.0
5643.jpg,1200.0,1445.0,1734000.0
5648.jpg,1335.0,950.0,1268250.0
5649.jpg,1204.0,1000.0,1204000.0
5652.jpg,1000.0,1219.0,1219000.0
5653.jpg,1300.0,932.0,1211600.0
5656.jpg,1202.0,900.0,1081800.0
5659.jpg,1100.0,1492.0,1641200.0
5660.jpg,818.0,970.0,793460.0
5661.jpg,950.0,1175.0,1116250.0
5662.jpg,1121.0,1400.0,1569400.0
5663.jpg,1001.0,780.0,780780.0
5664.jpg,750.0,1404.0,1053000.0
5665.jpg,1024.0,1246.0,1275904.0
5666.jpg,1027.0,1229.0,1262183.0
5667.jpg,900.0,1134.0,1020600.0
5668.jpg,1433.0,800.0,1146400.0
5676.jpg,693.0,1537.0,1065141.0
5677.jpg,674.0,1527.0,1029198.0
5678.jpg,1100.0,911.0,1002100.0
5679.jpg,1219.0,1000.0,1219000.0
5689.jpg,1211.0,712.0,862232.0
5690.jpg,1074.0,600.0,644400.0
5691.jpg,1197.0,850.0,1017450.0
5692.jpg,1351.0,800.0,1080800.0
5693.jpg,833.0,1020.0,849660.0
5694.jpg,1518.0,1100.0,1669800.0
5695.jpg,1000.0,1316.0,1316000.0
5696.jpg,841.0,1100.0,925100.0
5715.jpg,1351.0,900.0,1215900.0
5716.jpg,1300.0,852.0,1107600.0
5717.jpg,900.0,1370.0,1233000.0
5718.jpg,1342.0,950.0,1274900.0
5719.jpg,1136.0,789.0,896304.0
5721.jpg,801.0,1050.0,841050.0
5722.jpg,1112.0,1300.0,1445600.0
5723.jpg,918.0,1150.0,1055700.0
5726.jpg,860.0,943.0,810980.0
5727.jpg,800.0,1014.0,811200.0
5728.jpg,1395.0,1000.0,1395000.0
5729.jpg,1053.0,1300.0,1368900.0
5730.jpg,1061.0,750.0,795750.0
5731.jpg,800.0,1050.0,840000.0
5732.jpg,740.0,980.0,725200.0
5733.jpg,1400.0,725.0,1015000.0
5736.jpg,601.0,1345.0,808345.0
5737.jpg,790.0,1001.0,790790.0
5738.jpg,1215.0,800.0,972000.0
5739.jpg,1468.0,770.0,1130360.0
5740.jpg,1523.0,770.0,1172710.0
5741.jpg,1022.0,1300.0,1328600.0
5742.jpg,850.0,1157.0,983450.0
5743.jpg,715.0,900.0,643500.0
5744.jpg,1200.0,816.0,979200.0
5745.jpg,692.0,950.0,657400.0
5746.jpg,770.0,1032.0,794640.0
5747.jpg,1022.0,705.0,720510.0
5748.jpg,900.0,1068.0,961200.0
5749.jpg,520.0,1300.0,676000.0
5754.jpg,1200.0,800.0,960000.0
5755.jpg,1173.0,734.0,860982.0
5756.jpg,1145.0,745.0,853025.0
5762.jpg,1077.0,800.0,861600.0
5763.jpg,1061.0,706.0,749066.0
5764.jpg,1030.0,714.0,735420.0
5767.jpg,1050.0,750.0,787500.0
5769.jpg,1000.0,1041.0,1041000.0
5770.jpg,1100.0,850.0,935000.0
5772.jpg,800.0,1138.0,910400.0
5773.jpg,1031.0,750.0,773250.0
5774.jpg,1219.0,800.0,975200.0
5775.jpg,1186.0,800.0,948800.0
5776.jpg,1000.0,675.0,675000.0
5777.jpg,936.0,700.0,655200.0
5778.jpg,1052.0,704.0,740608.0
5779.jpg,1246.0,900.0,1121400.0
5780.jpg,900.0,586.0,527400.0
5781.jpg,973.0,700.0,681100.0
5782.jpg,1100.0,1000.0,1100000.0
5783.jpg,1200.0,869.0,1042800.0
5784.jpg,1191.0,900.0,1071900.0
5785.jpg,1075.0,750.0,806250.0
5786.jpg,1144.0,810.0,926640.0
5788.jpg,1300.0,867.0,1127100.0
5791.jpg,800.0,1073.0,858400.0
5792.jpg,650.0,893.0,580450.0
5793.jpg,1059.0,923.0,977457.0
5794.jpg,915.0,1063.0,972645.0
5795.jpg,797.0,1061.0,845617.0
5796.jpg,958.0,1081.0,1035598.0
5797.jpg,914.0,1089.0,995346.0
5798.jpg,1053.0,1063.0,1119339.0
5799.jpg,860.0,1058.0,909880.0
5801.jpg,984.0,650.0,639600.0
5802.jpg,901.0,699.0,629799.0
5803.jpg,900.0,620.0,558000.0
5807.jpg,700.0,908.0,635600.0
5810.jpg,1035.0,700.0,724500.0
5811.jpg,594.0,822.0,488268.0
5812.jpg,593.0,822.0,487446.0
5813.jpg,794.0,1096.0,870224.0
5814.jpg,730.0,1009.0,736570.0
5815.jpg,480.0,882.0,423360.0
5816.jpg,591.0,600.0,354600.0
5817.jpg,483.0,1420.0,685860.0
5818.jpg,723.0,880.0,636240.0
5819.jpg,1000.0,425.0,425000.0
5820.jpg,728.0,1006.0,732368.0
5821.jpg,852.0,702.0,598104.0
5822.jpg,730.0,1008.0,735840.0
5823.jpg,800.0,603.0,482400.0
5824.jpg,243.0,735.0,178605.0
5825.jpg,1001.0,483.0,483483.0
5826.jpg,762.0,985.0,750570.0
5827.jpg,1023.0,1255.0,1283865.0
5828.jpg,800.0,1082.0,865600.0
5829.jpg,817.0,1000.0,817000.0
5830.jpg,983.0,770.0,756910.0
5831.jpg,1244.0,1036.0,1288784.0
5832.jpg,1256.0,900.0,1130400.0
5834.jpg,1000.0,1437.0,1437000.0
5836.jpg,700.0,895.0,626500.0
5837.jpg,747.0,1003.0,749241.0
5838.jpg,801.0,983.0,787383.0
5839.jpg,900.0,1100.0,990000.0
5840.jpg,1316.0,1600.0,2105600.0
5841.jpg,1028.0,1400.0,1439200.0
5842.jpg,801.0,1026.0,821826.0
5843.jpg,1200.0,1524.0,1828800.0
5844.jpg,434.0,650.0,282100.0
5845.jpg,1000.0,1000.0,1000000.0
5846.jpg,716.0,1001.0,716716.0
5847.jpg,700.0,929.0,650300.0
5848.jpg,733.0,1002.0,734466.0
5849.jpg,509.0,650.0,330850.0
5850.jpg,700.0,886.0,620200.0
5851.jpg,700.0,930.0,651000.0
5852.jpg,900.0,1248.0,1123200.0
5853.jpg,743.0,1002.0,744486.0
5854.jpg,802.0,1029.0,825258.0
5855.jpg,900.0,1170.0,1053000.0
5856.jpg,1332.0,1800.0,2397600.0
5857.jpg,755.0,939.0,708945.0
5858.jpg,830.0,1000.0,830000.0
5860.jpg,947.0,1200.0,1136400.0
5861.jpg,1109.0,1355.0,1502695.0
5862.jpg,1501.0,1900.0,2851900.0
5863.jpg,802.0,976.0,782752.0
5865.jpg,1000.0,1211.0,1211000.0
5866.jpg,804.0,588.0,472752.0
5867.jpg,1315.0,1600.0,2104000.0
5868.jpg,800.0,1033.0,826400.0
5869.jpg,801.0,1023.0,819423.0
5870.jpg,861.0,1072.0,922992.0
5871.jpg,850.0,1083.0,920550.0
5872.jpg,700.0,890.0,623000.0
5873.jpg,916.0,930.0,851880.0
5874.jpg,930.0,925.0,860250.0
5875.jpg,1100.0,1521.0,1673100.0
5876.jpg,790.0,790.0,624100.0
5877.jpg,717.0,900.0,645300.0
5878.jpg,874.0,1066.0,931684.0
5879.jpg,1078.0,664.0,715792.0
5880.jpg,809.0,1046.0,846214.0
5881.jpg,759.0,1001.0,759759.0
5882.jpg,900.0,1059.0,953100.0
5883.jpg,728.0,922.0,671216.0
5884.jpg,1105.0,1400.0,1547000.0
5885.jpg,803.0,1102.0,884906.0
5886.jpg,836.0,1003.0,838508.0
5887.jpg,730.0,1074.0,784020.0
5888.jpg,1000.0,1510.0,1510000.0
5889.jpg,950.0,1148.0,1090600.0
5890.jpg,835.0,1002.0,836670.0
5891.jpg,1282.0,900.0,1153800.0
5892.jpg,1051.0,1300.0,1366300.0
5893.jpg,862.0,1200.0,1034400.0
5894.jpg,800.0,1234.0,987200.0
5895.jpg,1263.0,1000.0,1263000.0
5896.jpg,1000.0,1373.0,1373000.0
5897.jpg,898.0,1300.0,1167400.0
5898.jpg,1003.0,1300.0,1303900.0
5899.jpg,1390.0,900.0,1251000.0
5900.jpg,1065.0,1300.0,1384500.0
5901.jpg,1389.0,900.0,1250100.0
5902.jpg,1056.0,1300.0,1372800.0
5903.jpg,1006.0,1300.0,1307800.0
5905.jpg,800.0,1031.0,824800.0
5906.jpg,1230.0,1600.0,1968000.0
5907.jpg,850.0,1084.0,921400.0
5908.jpg,1115.0,1400.0,1561000.0
5909.jpg,801.0,1119.0,896319.0
5910.jpg,961.0,1100.0,1057100.0
5911.jpg,1100.0,1513.0,1664300.0
5916.jpg,787.0,1200.0,944400.0
5917.jpg,945.0,1300.0,1228500.0
5922.jpg,750.0,1020.0,765000.0
5923.jpg,1125.0,1400.0,1575000.0
5926.jpg,862.0,1100.0,948200.0
5927.jpg,1200.0,862.0,1034400.0
5928.jpg,950.0,1152.0,1094400.0
5929.jpg,1094.0,700.0,765800.0
5930.jpg,951.0,700.0,665700.0
5931.jpg,1179.0,770.0,907830.0
5932.jpg,1141.0,900.0,1026900.0
5933.jpg,854.0,1100.0,939400.0
5935.jpg,844.0,1053.0,888732.0
5937.jpg,677.0,920.0,622840.0
5938.jpg,1064.0,700.0,744800.0
5939.jpg,955.0,950.0,907250.0
5940.jpg,1201.0,1400.0,1681400.0
5941.jpg,1154.0,820.0,946280.0
5942.jpg,1098.0,1394.0,1530612.0
5943.jpg,1031.0,1278.0,1317618.0
5944.jpg,895.0,1089.0,974655.0
5945.jpg,851.0,1000.0,851000.0
5949.jpg,1100.0,872.0,959200.0
5950.jpg,1246.0,800.0,996800.0
5951.jpg,1393.0,900.0,1253700.0
5952.jpg,850.0,1021.0,867850.0
5953.jpg,1000.0,922.0,922000.0
5954.jpg,1311.0,770.0,1009470.0
5955.jpg,950.0,1147.0,1089650.0
5956.jpg,800.0,1059.0,847200.0
5957.jpg,1000.0,1124.0,1124000.0
5958.jpg,1292.0,900.0,1162800.0
5959.jpg,1000.0,1279.0,1279000.0
5960.jpg,900.0,1076.0,968400.0
5961.jpg,869.0,1300.0,1129700.0
5962.jpg,1052.0,700.0,736400.0
5963.jpg,750.0,933.0,699750.0
5964.jpg,1139.0,600.0,683400.0
5965.jpg,1030.0,915.0,942450.0
5966.jpg,850.0,1071.0,910350.0
5967.jpg,810.0,1000.0,810000.0
5968.jpg,1047.0,700.0,732900.0
5969.jpg,1030.0,725.0,746750.0
5970.jpg,1030.0,692.0,712760.0
5971.jpg,1068.0,770.0,822360.0
5972.jpg,1001.0,712.0,712712.0
5973.jpg,900.0,1111.0,999900.0
5974.jpg,1144.0,900.0,1029600.0
5975.jpg,1400.0,649.0,908600.0
5976.jpg,900.0,1027.0,924300.0
5977.jpg,733.0,899.0,658967.0
5978.jpg,727.0,899.0,653573.0
5979.jpg,733.0,900.0,659700.0
5980.jpg,732.0,888.0,650016.0
5981.jpg,727.0,889.0,646303.0
5982.jpg,733.0,888.0,650904.0
5983.jpg,734.0,892.0,654728.0
5984.jpg,729.0,891.0,649539.0
5985.jpg,734.0,889.0,652526.0
5986.jpg,732.0,898.0,657336.0
5987.jpg,728.0,899.0,654472.0
5988.jpg,734.0,899.0,659866.0
5989.jpg,731.0,883.0,645473.0
5990.jpg,728.0,882.0,642096.0
5991.jpg,732.0,882.0,645624.0
5992.jpg,730.0,893.0,651890.0
5993.jpg,730.0,894.0,652620.0
5994.jpg,733.0,890.0,652370.0
5995.jpg,1216.0,880.0,1070080.0
5996.jpg,966.0,1200.0,1159200.0
5997.jpg,850.0,1082.0,919700.0
5998.jpg,850.0,1033.0,878050.0
5999.jpg,1075.0,900.0,967500.0
6000.jpg,1370.0,650.0,890500.0
6001.jpg,1025.0,770.0,789250.0
6002.jpg,1210.0,900.0,1089000.0
6003.jpg,850.0,1042.0,885700.0
6004.jpg,1105.0,800.0,884000.0
6005.jpg,900.0,1105.0,994500.0
6006.jpg,1134.0,950.0,1077300.0
6007.jpg,900.0,1154.0,1038600.0
6008.jpg,1147.0,820.0,940540.0
6009.jpg,800.0,1031.0,824800.0
6010.jpg,1116.0,950.0,1060200.0
6011.jpg,1323.0,770.0,1018710.0
6012.jpg,900.0,1088.0,979200.0
6013.jpg,1168.0,850.0,992800.0
6014.jpg,1312.0,770.0,1010240.0
6015.jpg,850.0,1036.0,880600.0
6016.jpg,850.0,1116.0,948600.0
6017.jpg,1600.0,769.0,1230400.0
6018.jpg,1283.0,900.0,1154700.0
6019.jpg,692.0,818.0,566056.0
6020.jpg,800.0,1049.0,839200.0
6021.jpg,950.0,1147.0,1089650.0
6022.jpg,1162.0,1000.0,1162000.0
6023.jpg,1050.0,1139.0,1195950.0
6024.jpg,900.0,1067.0,960300.0
6025.jpg,1118.0,950.0,1062100.0
6026.jpg,900.0,1128.0,1015200.0
6027.jpg,1352.0,647.0,874744.0
6028.jpg,600.0,1371.0,822600.0
6029.jpg,1157.0,820.0,948740.0
6030.jpg,754.0,1024.0,772096.0
6031.jpg,900.0,1188.0,1069200.0
6032.jpg,850.0,1055.0,896750.0
6033.jpg,850.0,1078.0,916300.0
6034.jpg,1096.0,801.0,877896.0
6035.jpg,1000.0,1195.0,1195000.0
6036.jpg,800.0,1015.0,812000.0
6037.jpg,1200.0,905.0,1086000.0
6038.jpg,1000.0,1327.0,1327000.0
6039.jpg,900.0,1190.0,1071000.0
6040.jpg,826.0,1050.0,867300.0
6041.jpg,1141.0,900.0,1026900.0
6042.jpg,942.0,1200.0,1130400.0
6043.jpg,731.0,898.0,656438.0
6044.jpg,726.0,899.0,652674.0
6045.jpg,731.0,900.0,657900.0
6046.jpg,733.0,884.0,647972.0
6047.jpg,726.0,883.0,641058.0
6048.jpg,731.0,883.0,645473.0
6049.jpg,734.0,894.0,656196.0
6050.jpg,730.0,895.0,653350.0
6051.jpg,724.0,895.0,647980.0
6052.jpg,730.0,895.0,653350.0
6053.jpg,727.0,896.0,651392.0
6054.jpg,733.0,894.0,655302.0
6055.jpg,730.0,882.0,643860.0
6056.jpg,729.0,883.0,643707.0
6057.jpg,733.0,883.0,647239.0
6058.jpg,729.0,892.0,650268.0
6059.jpg,730.0,891.0,650430.0
6060.jpg,733.0,892.0,653836.0
6061.jpg,1198.0,1000.0,1198000.0
6062.jpg,1115.0,900.0,1003500.0
6063.jpg,1200.0,834.0,1000800.0
6064.jpg,967.0,1200.0,1160400.0
6065.jpg,850.0,1025.0,871250.0
6066.jpg,880.0,1062.0,934560.0
6067.jpg,1200.0,862.0,1034400.0
6068.jpg,800.0,1616.0,1292800.0
6069.jpg,1306.0,900.0,1175400.0
6070.jpg,1291.0,600.0,774600.0
6071.jpg,1000.0,1213.0,1213000.0
6072.jpg,850.0,1029.0,874650.0
6073.jpg,750.0,1081.0,810750.0
6074.jpg,1223.0,850.0,1039550.0
6075.jpg,864.0,1200.0,1036800.0
6076.jpg,713.0,1200.0,855600.0
6077.jpg,900.0,1177.0,1059300.0
6078.jpg,1056.0,800.0,844800.0
6079.jpg,800.0,1125.0,900000.0
6080.jpg,1283.0,900.0,1154700.0
6081.jpg,1115.0,1000.0,1115000.0
6082.jpg,850.0,1208.0,1026800.0
6083.jpg,850.0,1201.0,1020850.0
6084.jpg,900.0,1043.0,938700.0
6085.jpg,1176.0,850.0,999600.0
6086.jpg,900.0,1144.0,1029600.0
6087.jpg,900.0,1133.0,1019700.0
6088.jpg,700.0,1220.0,854000.0
6089.jpg,1032.0,770.0,794640.0
6090.jpg,850.0,1158.0,984300.0
6091.jpg,950.0,1149.0,1091550.0
6092.jpg,900.0,1095.0,985500.0
6093.jpg,900.0,1090.0,981000.0
6094.jpg,1000.0,1199.0,1199000.0
6095.jpg,1244.0,770.0,957880.0
6096.jpg,1366.0,770.0,1051820.0
6097.jpg,1041.0,702.0,730782.0
6098.jpg,1066.0,770.0,820820.0
6099.jpg,1028.0,750.0,771000.0
6100.jpg,980.0,1183.0,1159340.0
6101.jpg,900.0,1087.0,978300.0
6102.jpg,1319.0,700.0,923300.0
6103.jpg,1133.0,800.0,906400.0
6104.jpg,1345.0,620.0,833900.0
6105.jpg,900.0,1075.0,967500.0
6106.jpg,900.0,1132.0,1018800.0
6107.jpg,800.0,934.0,747200.0
6108.jpg,1205.0,900.0,1084500.0
6109.jpg,1000.0,1221.0,1221000.0
6110.jpg,1457.0,850.0,1238450.0
6111.jpg,1101.0,892.0,982092.0
6112.jpg,1000.0,1209.0,1209000.0
6113.jpg,552.0,787.0,434424.0
6114.jpg,1137.0,659.0,749283.0
6115.jpg,815.0,680.0,554200.0
6116.jpg,850.0,1118.0,950300.0
6117.jpg,782.0,732.0,572424.0
6118.jpg,718.0,846.0,607428.0
6119.jpg,817.0,839.0,685463.0
6120.jpg,1376.0,950.0,1307200.0
6121.jpg,950.0,1145.0,1087750.0
6122.jpg,934.0,800.0,747200.0
6123.jpg,900.0,1243.0,1118700.0
6124.jpg,1000.0,1091.0,1091000.0
6125.jpg,720.0,1200.0,864000.0
6126.jpg,900.0,1091.0,981900.0
6127.jpg,900.0,951.0,855900.0
6128.jpg,1463.0,1000.0,1463000.0
6129.jpg,900.0,1079.0,971100.0
6130.jpg,1009.0,770.0,776930.0
6131.jpg,900.0,1174.0,1056600.0
6132.jpg,900.0,1082.0,973800.0
6133.jpg,900.0,1081.0,972900.0
6134.jpg,1218.0,900.0,1096200.0
6135.jpg,900.0,1177.0,1059300.0
6136.jpg,1300.0,873.0,1134900.0
6137.jpg,880.0,1080.0,950400.0
6138.jpg,1003.0,1197.0,1200591.0
6139.jpg,1078.0,1000.0,1078000.0
6140.jpg,1371.0,770.0,1055670.0
6141.jpg,1014.0,850.0,861900.0
6142.jpg,900.0,1075.0,967500.0
6143.jpg,1013.0,700.0,709100.0
6144.jpg,900.0,1090.0,981000.0
6145.jpg,1273.0,770.0,980210.0
6146.jpg,800.0,966.0,772800.0
6147.jpg,1190.0,1000.0,1190000.0
6148.jpg,1011.0,850.0,859350.0
6149.jpg,744.0,980.0,729120.0
6150.jpg,1129.0,1100.0,1241900.0
6151.jpg,1252.0,700.0,876400.0
6152.jpg,902.0,914.0,824428.0
6153.jpg,1200.0,1012.0,1214400.0
6154.jpg,750.0,999.0,749250.0
6173.jpg,1249.0,1003.0,1252747.0
6174.jpg,762.0,1003.0,764286.0
6175.jpg,1300.0,928.0,1206400.0
6176.jpg,1094.0,761.0,832534.0
6177.jpg,938.0,700.0,656600.0
6178.jpg,750.0,1012.0,759000.0
6179.jpg,1024.0,770.0,788480.0
6182.jpg,1400.0,942.0,1318800.0
6183.jpg,1020.0,700.0,714000.0
6184.jpg,1160.0,770.0,893200.0
6185.jpg,1500.0,1038.0,1557000.0
6187.jpg,1400.0,948.0,1327200.0
6188.jpg,1230.0,700.0,861000.0
6189.jpg,1045.0,680.0,710600.0
6190.jpg,1125.0,778.0,875250.0
6191.jpg,1272.0,836.0,1063392.0
6192.jpg,804.0,1035.0,832140.0
6193.jpg,958.0,669.0,640902.0
6194.jpg,1223.0,750.0,917250.0
6196.jpg,1061.0,820.0,870020.0
6197.jpg,1108.0,770.0,853160.0
6198.jpg,1382.0,880.0,1216160.0
6199.jpg,1013.0,730.0,739490.0
6200.jpg,1300.0,876.0,1138800.0
6201.jpg,1000.0,879.0,879000.0
6202.jpg,648.0,400.0,259200.0
6203.jpg,1300.0,840.0,1092000.0
6204.jpg,1150.0,754.0,867100.0
6205.jpg,1000.0,793.0,793000.0
6206.jpg,989.0,599.0,592411.0
6207.jpg,781.0,720.0,562320.0
6208.jpg,1213.0,900.0,1091700.0
6209.jpg,1130.0,950.0,1073500.0
6210.jpg,1100.0,875.0,962500.0
6211.jpg,1284.0,865.0,1110660.0
6214.jpg,1523.0,1000.0,1523000.0
6216.jpg,1300.0,808.0,1050400.0
6218.jpg,1020.0,687.0,700740.0
6219.jpg,1140.0,1126.0,1283640.0
6223.jpg,1504.0,900.0,1353600.0
6224.jpg,850.0,979.0,832150.0
6225.jpg,1300.0,1041.0,1353300.0
6226.jpg,1429.0,850.0,1214650.0
6227.jpg,1000.0,1126.0,1126000.0
6228.jpg,1094.0,950.0,1039300.0
6229.jpg,1200.0,654.0,784800.0
6230.jpg,1124.0,670.0,753080.0
6231.jpg,1020.0,650.0,663000.0
6233.jpg,1205.0,800.0,964000.0
6234.jpg,1074.0,785.0,843090.0
6235.jpg,621.0,650.0,403650.0
6236.jpg,1025.0,800.0,820000.0
6237.jpg,760.0,1010.0,767600.0
6238.jpg,900.0,641.0,576900.0
6239.jpg,1217.0,911.0,1108687.0
6240.jpg,1450.0,900.0,1305000.0
6244.jpg,1500.0,982.0,1473000.0
6245.jpg,1002.0,1200.0,1202400.0
6246.jpg,822.0,1200.0,986400.0
6247.jpg,1139.0,1200.0,1366800.0
6248.jpg,764.0,1012.0,773168.0
6250.jpg,706.0,950.0,670700.0
6251.jpg,900.0,1016.0,914400.0
6252.jpg,869.0,1100.0,955900.0
6256.jpg,806.0,1077.0,868062.0
6257.jpg,404.0,500.0,202000.0
6258.jpg,871.0,1122.0,977262.0
6259.jpg,960.0,870.0,835200.0
6261.jpg,951.0,770.0,732270.0
6262.jpg,1047.0,813.0,851211.0
6264.jpg,908.0,1256.0,1140448.0
6265.jpg,567.0,814.0,461538.0
6266.jpg,1415.0,800.0,1132000.0
6268.jpg,860.0,1200.0,1032000.0
6269.jpg,909.0,768.0,698112.0
6272.jpg,971.0,750.0,728250.0
6273.jpg,898.0,1300.0,1167400.0
6275.jpg,700.0,922.0,645400.0
6276.jpg,1096.0,643.0,704728.0
6278.jpg,1030.0,749.0,771470.0
6287.jpg,958.0,620.0,593960.0
6288.jpg,1235.0,700.0,864500.0
6289.jpg,953.0,650.0,619450.0
6290.jpg,1000.0,661.0,661000.0
6291.jpg,1122.0,500.0,561000.0
6292.jpg,1102.0,500.0,551000.0
6293.jpg,1100.0,510.0,561000.0
6294.jpg,1300.0,1083.0,1407900.0
6295.jpg,1400.0,1045.0,1463000.0
6296.jpg,1414.0,800.0,1131200.0
6297.jpg,1021.0,800.0,816800.0
6298.jpg,1174.0,813.0,954462.0
6307.jpg,1222.0,931.0,1137682.0
6309.jpg,1400.0,748.0,1047200.0
6310.jpg,1400.0,813.0,1138200.0
6313.jpg,1200.0,831.0,997200.0
6314.jpg,1223.0,734.0,897682.0
6315.jpg,1232.0,720.0,887040.0
6316.jpg,1446.0,900.0,1301400.0
6317.jpg,1128.0,781.0,880968.0
6319.jpg,1110.0,826.0,916860.0
6320.jpg,1218.0,814.0,991452.0
6321.jpg,1009.0,700.0,706300.0
6349.jpg,1116.0,1400.0,1562400.0
6360.jpg,1000.0,1348.0,1348000.0
6361.jpg,1222.0,1000.0,1222000.0
6362.jpg,813.0,1200.0,975600.0
6363.jpg,800.0,1123.0,898400.0
6364.jpg,1100.0,835.0,918500.0
6365.jpg,939.0,1000.0,939000.0
6366.jpg,1200.0,737.0,884400.0
6367.jpg,1200.0,754.0,904800.0
6368.jpg,900.0,1094.0,984600.0
6369.jpg,1300.0,801.0,1041300.0
6370.jpg,1300.0,816.0,1060800.0
6373.jpg,800.0,1051.0,840800.0
6374.jpg,943.0,1100.0,1037300.0
6378.jpg,671.0,966.0,648186.0
6379.jpg,718.0,909.0,652662.0
6380.jpg,808.0,1000.0,808000.0
6381.jpg,758.0,1256.0,952048.0
6382.jpg,741.0,1255.0,929955.0
6383.jpg,1000.0,1297.0,1297000.0
6385.jpg,860.0,1200.0,1032000.0
6386.jpg,865.0,1200.0,1038000.0
6387.jpg,750.0,1001.0,750750.0
6388.jpg,850.0,1159.0,985150.0
6391.jpg,949.0,1200.0,1138800.0
6392.jpg,719.0,1000.0,719000.0
6394.jpg,1114.0,1400.0,1559600.0
6395.jpg,800.0,1028.0,822400.0
6406.jpg,919.0,1300.0,1194700.0
6407.jpg,1000.0,1177.0,1177000.0
6408.jpg,1425.0,1000.0,1425000.0
6409.jpg,1000.0,1369.0,1369000.0
6410.jpg,1000.0,1425.0,1425000.0
6411.jpg,1100.0,1573.0,1730300.0
6412.jpg,1010.0,750.0,757500.0
6413.jpg,1155.0,1500.0,1732500.0
6414.jpg,1604.0,600.0,962400.0
6415.jpg,1400.0,803.0,1124200.0
6416.jpg,1311.0,822.0,1077642.0
6417.jpg,1321.0,685.0,904885.0
6418.jpg,1108.0,900.0,997200.0
6419.jpg,800.0,1034.0,827200.0
6420.jpg,901.0,1100.0,991100.0
6421.jpg,858.0,1100.0,943800.0
6422.jpg,1100.0,932.0,1025200.0
6423.jpg,900.0,962.0,865800.0
6424.jpg,1600.0,614.0,982400.0
6425.jpg,1200.0,819.0,982800.0
6426.jpg,1400.0,672.0,940800.0
6427.jpg,904.0,1200.0,1084800.0
6428.jpg,900.0,1109.0,998100.0
6429.jpg,1255.0,1250.0,1568750.0
6430.jpg,695.0,900.0,625500.0
6431.jpg,800.0,1207.0,965600.0
6432.jpg,1690.0,650.0,1098500.0
6433.jpg,1690.0,535.0,904150.0
6434.jpg,448.0,600.0,268800.0
6435.jpg,680.0,900.0,612000.0
6448.jpg,1083.0,1300.0,1407900.0
6449.jpg,659.0,1230.0,810570.0
6451.jpg,1300.0,955.0,1241500.0
6452.jpg,1218.0,784.0,954912.0
6453.jpg,1025.0,1229.0,1259725.0
6454.jpg,713.0,1200.0,855600.0
6471.jpg,1000.0,1225.0,1225000.0
6472.jpg,1002.0,1200.0,1202400.0
6475.jpg,703.0,1118.0,785954.0
6476.jpg,1300.0,844.0,1097200.0
6477.jpg,767.0,1090.0,836030.0
6478.jpg,767.0,1090.0,836030.0
6479.jpg,1400.0,915.0,1281000.0
6480.jpg,750.0,1121.0,840750.0
6481.jpg,1014.0,720.0,730080.0
6486.jpg,688.0,841.0,578608.0
6489.jpg,800.0,1472.0,1177600.0
6490.jpg,869.0,1017.0,883773.0
6491.jpg,900.0,1753.0,1577700.0
6492.jpg,700.0,1692.0,1184400.0
6494.jpg,900.0,1574.0,1416600.0
6498.jpg,1010.0,1400.0,1414000.0
6501.jpg,633.0,755.0,477915.0
6508.jpg,929.0,700.0,650300.0
6511.jpg,1312.0,1200.0,1574400.0
6512.jpg,1212.0,800.0,969600.0
6513.jpg,1438.0,900.0,1294200.0
6514.jpg,900.0,1045.0,940500.0
6515.jpg,770.0,882.0,679140.0
6516.jpg,801.0,981.0,785781.0
6517.jpg,1000.0,1232.0,1232000.0
6518.jpg,568.0,850.0,482800.0
6519.jpg,850.0,1041.0,884850.0
6520.jpg,680.0,896.0,609280.0
6521.jpg,986.0,1253.0,1235458.0
6522.jpg,1359.0,1000.0,1359000.0
6523.jpg,1300.0,1032.0,1341600.0
6524.jpg,1000.0,1216.0,1216000.0
6525.jpg,900.0,1087.0,978300.0
6526.jpg,1010.0,700.0,707000.0
6527.jpg,1200.0,1321.0,1585200.0
6528.jpg,698.0,798.0,557004.0
6529.jpg,1300.0,1012.0,1315600.0
6532.jpg,1197.0,868.0,1038996.0
6533.jpg,1500.0,996.0,1494000.0
6534.jpg,1300.0,975.0,1267500.0
6535.jpg,1004.0,1300.0,1305200.0
6536.jpg,847.0,1196.0,1013012.0
6537.jpg,1450.0,920.0,1334000.0
6538.jpg,1100.0,1401.0,1541100.0
6540.jpg,1200.0,738.0,885600.0
6543.jpg,900.0,1267.0,1140300.0
6550.jpg,1292.0,1000.0,1292000.0
6551.jpg,900.0,1321.0,1188900.0
6552.jpg,2004.0,700.0,1402800.0
6557.jpg,957.0,665.0,636405.0
6558.jpg,1310.0,687.0,899970.0
6564.jpg,1411.0,750.0,1058250.0
6566.jpg,1060.0,650.0,689000.0
6568.jpg,1211.0,750.0,908250.0
6585.jpg,1070.0,804.0,860280.0
6586.jpg,1025.0,918.0,940950.0
6587.jpg,802.0,1105.0,886210.0
6588.jpg,977.0,850.0,830450.0
6590.jpg,1441.0,1000.0,1441000.0
6591.jpg,1400.0,1148.0,1607200.0
6592.jpg,1774.0,1400.0,2483600.0
6593.jpg,1163.0,900.0,1046700.0
6594.jpg,1500.0,1209.0,1813500.0
6595.jpg,1420.0,1442.0,2047640.0
6596.jpg,1500.0,1122.0,1683000.0
6597.jpg,925.0,1300.0,1202500.0
6598.jpg,1152.0,1200.0,1382400.0
6599.jpg,1400.0,1102.0,1542800.0
6600.jpg,1200.0,1014.0,1216800.0
6601.jpg,1114.0,1400.0,1559600.0
6602.jpg,1100.0,1428.0,1570800.0
6603.jpg,1372.0,1100.0,1509200.0
6604.jpg,1204.0,1000.0,1204000.0
6605.jpg,1127.0,900.0,1014300.0
6606.jpg,1249.0,1000.0,1249000.0
6607.jpg,1007.0,800.0,805600.0
6608.jpg,1357.0,1100.0,1492700.0
6609.jpg,1400.0,1109.0,1552600.0
6610.jpg,1100.0,1343.0,1477300.0
6611.jpg,1149.0,1400.0,1608600.0
6614.jpg,1300.0,1118.0,1453400.0
6615.jpg,1121.0,1400.0,1569400.0
6616.jpg,953.0,1213.0,1155989.0
6617.jpg,1097.0,929.0,1019113.0
6618.jpg,1130.0,1400.0,1582000.0
6619.jpg,988.0,1300.0,1284400.0
6620.jpg,774.0,750.0,580500.0
6621.jpg,671.0,850.0,570350.0
6622.jpg,824.0,1102.0,908048.0
6623.jpg,885.0,1083.0,958455.0
6624.jpg,957.0,1300.0,1244100.0
6625.jpg,1199.0,800.0,959200.0
6628.jpg,623.0,899.0,560077.0
6638.jpg,1255.0,926.0,1162130.0
6641.jpg,650.0,928.0,603200.0
6642.jpg,867.0,1080.0,936360.0
6657.jpg,652.0,800.0,521600.0
6658.jpg,928.0,750.0,696000.0
6659.jpg,1045.0,850.0,888250.0
6660.jpg,1076.0,900.0,968400.0
6661.jpg,991.0,1300.0,1288300.0
6662.jpg,1432.0,995.0,1424840.0
6663.jpg,850.0,1105.0,939250.0
6664.jpg,932.0,1300.0,1211600.0
6665.jpg,800.0,1032.0,825600.0
6666.jpg,1088.0,1299.0,1413312.0
6676.jpg,1067.0,760.0,810920.0
6677.jpg,1030.0,749.0,771470.0
6678.jpg,900.0,1051.0,945900.0
6680.jpg,1600.0,733.0,1172800.0
6681.jpg,1060.0,1295.0,1372700.0
6682.jpg,904.0,1255.0,1134520.0
6684.jpg,459.0,651.0,298809.0
6685.jpg,885.0,1017.0,900045.0
6689.jpg,1017.0,700.0,711900.0
6691.jpg,970.0,1240.0,1202800.0
6692.jpg,1583.0,800.0,1266400.0
6702.jpg,1000.0,1193.0,1193000.0
6703.jpg,700.0,980.0,686000.0
6704.jpg,618.0,850.0,525300.0
6709.jpg,1024.0,1093.0,1119232.0
6712.jpg,1400.0,736.0,1030400.0
6714.jpg,700.0,1030.0,721000.0
6718.jpg,800.0,1104.0,883200.0
6719.jpg,1400.0,975.0,1365000.0
6720.jpg,738.0,1050.0,774900.0
6721.jpg,737.0,950.0,700150.0
6723.jpg,1207.0,770.0,929390.0
6724.jpg,950.0,1077.0,1023150.0
6725.jpg,1155.0,800.0,924000.0
6726.jpg,1145.0,780.0,893100.0
6727.jpg,1178.0,770.0,907060.0
6729.jpg,820.0,1010.0,828200.0
6730.jpg,902.0,1400.0,1262800.0
6732.jpg,880.0,1300.0,1144000.0
6733.jpg,880.0,1200.0,1056000.0
6737.jpg,885.0,1200.0,1062000.0
6738.jpg,892.0,1200.0,1070400.0
6739.jpg,850.0,1101.0,935850.0
6741.jpg,1650.0,900.0,1485000.0
6742.jpg,1038.0,804.0,834552.0
6743.jpg,1372.0,1000.0,1372000.0
6744.jpg,1121.0,700.0,784700.0
6745.jpg,1036.0,644.0,667184.0
6746.jpg,1400.0,893.0,1250200.0
6747.jpg,1007.0,1200.0,1208400.0
6748.jpg,1128.0,1100.0,1240800.0
6749.jpg,1420.0,1000.0,1420000.0
6750.jpg,810.0,430.0,348300.0
6751.jpg,803.0,954.0,766062.0
6752.jpg,1101.0,750.0,825750.0
6753.jpg,1045.0,701.0,732545.0
6754.jpg,750.0,1001.0,750750.0
6755.jpg,1025.0,722.0,740050.0
6756.jpg,863.0,611.0,527293.0
6757.jpg,1122.0,700.0,785400.0
6758.jpg,882.0,600.0,529200.0
6759.jpg,889.0,602.0,535178.0
6760.jpg,974.0,628.0,611672.0
6761.jpg,1123.0,730.0,819790.0
6762.jpg,1186.0,730.0,865780.0
6763.jpg,1149.0,698.0,802002.0
6764.jpg,1112.0,730.0,811760.0
6765.jpg,1030.0,769.0,792070.0
6766.jpg,807.0,664.0,535848.0
6767.jpg,847.0,602.0,509894.0
6768.jpg,876.0,600.0,525600.0
6769.jpg,1021.0,695.0,709595.0
6770.jpg,984.0,659.0,648456.0
6771.jpg,1024.0,771.0,789504.0
6772.jpg,1100.0,852.0,937200.0
6773.jpg,800.0,1120.0,896000.0
6774.jpg,994.0,596.0,592424.0
6775.jpg,1254.0,640.0,802560.0
6776.jpg,802.0,1019.0,817238.0
6777.jpg,800.0,1020.0,816000.0
6778.jpg,770.0,1067.0,821590.0
6779.jpg,1353.0,1000.0,1353000.0
6780.jpg,1353.0,1000.0,1353000.0
6781.jpg,1104.0,700.0,772800.0
6782.jpg,1342.0,770.0,1033340.0
6783.jpg,1093.0,708.0,773844.0
6784.jpg,1337.0,770.0,1029490.0
6785.jpg,986.0,667.0,657662.0
6786.jpg,992.0,666.0,660672.0
6787.jpg,1214.0,770.0,934780.0
6788.jpg,1165.0,720.0,838800.0
6789.jpg,1098.0,683.0,749934.0
6790.jpg,973.0,636.0,618828.0
6791.jpg,1026.0,770.0,790020.0
6792.jpg,1082.0,770.0,833140.0
6793.jpg,1160.0,800.0,928000.0
6794.jpg,1080.0,606.0,654480.0
6795.jpg,1024.0,781.0,799744.0
6796.jpg,1273.0,900.0,1145700.0
6797.jpg,1297.0,773.0,1002581.0
6798.jpg,1228.0,750.0,921000.0
6799.jpg,1251.0,770.0,963270.0
6800.jpg,700.0,1184.0,828800.0
6801.jpg,911.0,952.0,867272.0
6802.jpg,1292.0,770.0,994840.0
6803.jpg,1036.0,870.0,901320.0
6804.jpg,1120.0,927.0,1038240.0
6805.jpg,976.0,668.0,651968.0
6806.jpg,1030.0,779.0,802370.0
6808.jpg,1110.0,650.0,721500.0
6809.jpg,1500.0,850.0,1275000.0
6810.jpg,1362.0,900.0,1225800.0
6811.jpg,1029.0,758.0,779982.0
6812.jpg,949.0,890.0,844610.0
6813.jpg,1175.0,700.0,822500.0
6814.jpg,1048.0,620.0,649760.0
6815.jpg,1029.0,758.0,779982.0
6816.jpg,1054.0,769.0,810526.0
6817.jpg,1200.0,678.0,813600.0
6818.jpg,1030.0,776.0,799280.0
6819.jpg,1046.0,770.0,805420.0
6820.jpg,1202.0,660.0,793320.0
6821.jpg,1261.0,770.0,970970.0
6822.jpg,1538.0,900.0,1384200.0
6823.jpg,1205.0,740.0,891700.0
6824.jpg,939.0,734.0,689226.0
6825.jpg,1441.0,1100.0,1585100.0
6826.jpg,1189.0,700.0,832300.0
6827.jpg,1270.0,850.0,1079500.0
6828.jpg,1313.0,800.0,1050400.0
6829.jpg,1063.0,770.0,818510.0
6830.jpg,1113.0,770.0,857010.0
6831.jpg,1037.0,617.0,639829.0
6832.jpg,1081.0,800.0,864800.0
6833.jpg,730.0,1280.0,934400.0
6834.jpg,988.0,802.0,792376.0
6835.jpg,700.0,1235.0,864500.0
6836.jpg,1079.0,720.0,776880.0
6837.jpg,1030.0,854.0,879620.0
6838.jpg,1248.0,770.0,960960.0
6839.jpg,1030.0,772.0,795160.0
6840.jpg,1185.0,702.0,831870.0
6841.jpg,1030.0,800.0,824000.0
6842.jpg,1154.0,702.0,810108.0
6843.jpg,1300.0,905.0,1176500.0
6844.jpg,1073.0,824.0,884152.0
6845.jpg,806.0,900.0,725400.0
6846.jpg,1096.0,770.0,843920.0
6847.jpg,1087.0,602.0,654374.0
6848.jpg,1201.0,760.0,912760.0
6849.jpg,1038.0,773.0,802374.0
6850.jpg,1157.0,700.0,809900.0
6851.jpg,1296.0,676.0,876096.0
6852.jpg,1001.0,907.0,907907.0
6853.jpg,1030.0,941.0,969230.0
6854.jpg,1199.0,700.0,839300.0
6855.jpg,1040.0,510.0,530400.0
6856.jpg,1253.0,768.0,962304.0
6857.jpg,1319.0,650.0,857350.0
6858.jpg,1409.0,861.0,1213149.0
6859.jpg,1008.0,984.0,991872.0
6860.jpg,1270.0,767.0,974090.0
6861.jpg,1162.0,770.0,894740.0
6862.jpg,1191.0,733.0,873003.0
6863.jpg,1165.0,730.0,850450.0
6864.jpg,1217.0,700.0,851900.0
6865.jpg,801.0,1008.0,807408.0
6866.jpg,971.0,604.0,586484.0
6867.jpg,1046.0,1200.0,1255200.0
6868.jpg,1150.0,1149.0,1321350.0
6869.jpg,1200.0,1049.0,1258800.0
6870.jpg,1173.0,720.0,844560.0
6871.jpg,882.0,950.0,837900.0
6872.jpg,1145.0,730.0,835850.0
6873.jpg,1218.0,768.0,935424.0
6874.jpg,816.0,1001.0,816816.0
6875.jpg,840.0,1029.0,864360.0
6876.jpg,1200.0,749.0,898800.0
6877.jpg,900.0,1266.0,1139400.0
6878.jpg,1000.0,1204.0,1204000.0
6879.jpg,1034.0,700.0,723800.0
6880.jpg,702.0,1016.0,713232.0
6881.jpg,1117.0,700.0,781900.0
6882.jpg,1300.0,806.0,1047800.0
6883.jpg,1224.0,1000.0,1224000.0
6884.jpg,1300.0,1029.0,1337700.0
6911.jpg,1100.0,861.0,947100.0
6912.jpg,1100.0,830.0,913000.0
6913.jpg,1400.0,1074.0,1503600.0
6914.jpg,1300.0,897.0,1166100.0
6915.jpg,555.0,810.0,449550.0
6916.jpg,901.0,1400.0,1261400.0
6917.jpg,757.0,1240.0,938680.0
6918.jpg,611.0,860.0,525460.0
6919.jpg,727.0,820.0,596140.0
6920.jpg,801.0,1179.0,944379.0
6921.jpg,665.0,852.0,566580.0
6922.jpg,850.0,1188.0,1009800.0
6923.jpg,650.0,1044.0,678600.0
6924.jpg,462.0,700.0,323400.0
6925.jpg,750.0,1467.0,1100250.0
6926.jpg,900.0,1203.0,1082700.0
6927.jpg,1000.0,1458.0,1458000.0
6988.jpg,602.0,781.0,470162.0
6989.jpg,520.0,390.0,202800.0
6990.jpg,1129.0,1500.0,1693500.0
6991.jpg,1421.0,1000.0,1421000.0
6992.jpg,1109.0,1200.0,1330800.0
6993.jpg,1064.0,1300.0,1383200.0
6994.jpg,1012.0,1300.0,1315600.0
6995.jpg,1300.0,952.0,1237600.0
6996.jpg,1000.0,968.0,968000.0
6997.jpg,800.0,1169.0,935200.0
6998.jpg,750.0,1106.0,829500.0
6999.jpg,1225.0,700.0,857500.0
7000.jpg,952.0,1300.0,1237600.0
7001.jpg,1210.0,981.0,1187010.0
7002.jpg,1200.0,1067.0,1280400.0
7003.jpg,1629.0,800.0,1303200.0
7005.jpg,678.0,756.0,512568.0
7006.jpg,850.0,1228.0,1043800.0
7007.jpg,750.0,1131.0,848250.0
7008.jpg,1017.0,791.0,804447.0
7009.jpg,1366.0,1000.0,1366000.0
7010.jpg,1400.0,1051.0,1471400.0
7011.jpg,900.0,667.0,600300.0
7012.jpg,1126.0,759.0,854634.0
7013.jpg,1077.0,787.0,847599.0
7014.jpg,1125.0,1000.0,1125000.0
7015.jpg,807.0,1030.0,831210.0
7016.jpg,900.0,919.0,827100.0
7020.jpg,904.0,1253.0,1132712.0
7022.jpg,959.0,703.0,674177.0
7023.jpg,1126.0,1200.0,1351200.0
7024.jpg,770.0,1132.0,871640.0
7025.jpg,1216.0,1000.0,1216000.0
7026.jpg,600.0,913.0,547800.0
7027.jpg,700.0,573.0,401100.0
7028.jpg,1747.0,900.0,1572300.0
7029.jpg,1018.0,1300.0,1323400.0
7034.jpg,666.0,812.0,540792.0
7037.jpg,807.0,1040.0,839280.0
7038.jpg,730.0,880.0,642400.0
7039.jpg,1300.0,1352.0,1757600.0
7040.jpg,1094.0,1129.0,1235126.0
7041.jpg,931.0,1300.0,1210300.0
7042.jpg,861.0,622.0,535542.0
7043.jpg,1200.0,1603.0,1923600.0
7044.jpg,567.0,573.0,324891.0
7045.jpg,1101.0,1400.0,1541400.0
7046.jpg,1089.0,776.0,845064.0
7047.jpg,1339.0,1700.0,2276300.0
7048.jpg,1188.0,912.0,1083456.0
7049.jpg,1000.0,1308.0,1308000.0
7050.jpg,1700.0,1268.0,2155600.0
7051.jpg,1251.0,912.0,1140912.0
7052.jpg,1320.0,1700.0,2244000.0
7053.jpg,1549.0,1200.0,1858800.0
7054.jpg,1059.0,1400.0,1482600.0
7055.jpg,1400.0,1081.0,1513400.0
7056.jpg,591.0,750.0,443250.0
7057.jpg,1000.0,1129.0,1129000.0
7058.jpg,1023.0,1400.0,1432200.0
7059.jpg,638.0,700.0,446600.0
7060.jpg,1700.0,1259.0,2140300.0
7061.jpg,1050.0,453.0,475650.0
7062.jpg,725.0,900.0,652500.0
7063.jpg,1353.0,1700.0,2300100.0
7064.jpg,737.0,900.0,663300.0
7065.jpg,1119.0,900.0,1007100.0
7066.jpg,1316.0,1700.0,2237200.0
7067.jpg,730.0,900.0,657000.0
7068.jpg,900.0,1182.0,1063800.0
7069.jpg,1241.0,950.0,1178950.0
7070.jpg,1450.0,1900.0,2755000.0
7071.jpg,1513.0,1100.0,1664300.0
7072.jpg,1216.0,902.0,1096832.0
7073.jpg,675.0,980.0,661500.0
7074.jpg,691.0,830.0,573530.0
7075.jpg,1356.0,1700.0,2305200.0
7076.jpg,900.0,1058.0,952200.0
7077.jpg,1300.0,1000.0,1300000.0
7078.jpg,1339.0,1200.0,1606800.0
7079.jpg,900.0,1238.0,1114200.0
7080.jpg,882.0,688.0,606816.0
7081.jpg,1400.0,1432.0,2004800.0
7082.jpg,1300.0,1561.0,2029300.0
7083.jpg,1319.0,1800.0,2374200.0
7084.jpg,1000.0,1362.0,1362000.0
7085.jpg,1200.0,1615.0,1938000.0
7086.jpg,743.0,1001.0,743743.0
7087.jpg,1100.0,1495.0,1644500.0
7088.jpg,1000.0,1263.0,1263000.0
7089.jpg,1590.0,1500.0,2385000.0
7090.jpg,1060.0,1001.0,1061060.0
7091.jpg,908.0,1102.0,1000616.0
7092.jpg,907.0,1101.0,998607.0
7093.jpg,900.0,1025.0,922500.0
7094.jpg,647.0,946.0,612062.0
7095.jpg,731.0,900.0,657900.0
7096.jpg,970.0,668.0,647960.0
7097.jpg,566.0,975.0,551850.0
7098.jpg,800.0,1050.0,840000.0
7099.jpg,1027.0,1000.0,1027000.0
7100.jpg,1169.0,1100.0,1285900.0
7101.jpg,1200.0,1521.0,1825200.0
7102.jpg,827.0,1000.0,827000.0
7103.jpg,701.0,860.0,602860.0
7104.jpg,858.0,1050.0,900900.0
7105.jpg,809.0,1000.0,809000.0
7106.jpg,770.0,850.0,654500.0
7107.jpg,634.0,800.0,507200.0
7108.jpg,1125.0,1800.0,2025000.0
7109.jpg,1109.0,1500.0,1663500.0
7110.jpg,900.0,1122.0,1009800.0
7111.jpg,1000.0,1375.0,1375000.0
7112.jpg,1300.0,1701.0,2211300.0
7113.jpg,1039.0,1400.0,1454600.0
7114.jpg,1048.0,591.0,619368.0
7115.jpg,1000.0,1354.0,1354000.0
7116.jpg,1300.0,1700.0,2210000.0
7117.jpg,946.0,669.0,632874.0
7118.jpg,1297.0,1600.0,2075200.0
7119.jpg,1416.0,1700.0,2407200.0
7120.jpg,1292.0,1600.0,2067200.0
7121.jpg,1284.0,1000.0,1284000.0
7122.jpg,1123.0,1300.0,1459900.0
7123.jpg,747.0,860.0,642420.0
7124.jpg,1020.0,630.0,642600.0
7125.jpg,699.0,850.0,594150.0
7126.jpg,1246.0,900.0,1121400.0
7127.jpg,1200.0,1300.0,1560000.0
7128.jpg,1547.0,1100.0,1701700.0
7129.jpg,1000.0,1359.0,1359000.0
7130.jpg,1095.0,700.0,766500.0
7131.jpg,1000.0,1124.0,1124000.0
7132.jpg,1000.0,1313.0,1313000.0
7133.jpg,933.0,1020.0,951660.0
7134.jpg,1242.0,1700.0,2111400.0
7135.jpg,1000.0,1341.0,1341000.0
7136.jpg,1312.0,1900.0,2492800.0
7137.jpg,1000.0,1381.0,1381000.0
7138.jpg,733.0,900.0,659700.0
7139.jpg,850.0,1084.0,921400.0
7140.jpg,1008.0,1400.0,1411200.0
7141.jpg,1152.0,770.0,887040.0
7142.jpg,1073.0,774.0,830502.0
7143.jpg,1522.0,2000.0,3044000.0
7144.jpg,1210.0,2000.0,2420000.0
7145.jpg,900.0,1139.0,1025100.0
7146.jpg,1321.0,1800.0,2377800.0
7147.jpg,1700.0,1232.0,2094400.0
7148.jpg,956.0,1200.0,1147200.0
7149.jpg,1000.0,1034.0,1034000.0
7150.jpg,1327.0,1000.0,1327000.0
7151.jpg,1206.0,1800.0,2170800.0
7152.jpg,900.0,1349.0,1214100.0
7153.jpg,820.0,1000.0,820000.0
7154.jpg,1000.0,1309.0,1309000.0
7155.jpg,1123.0,1400.0,1572200.0
7156.jpg,1234.0,1000.0,1234000.0
7157.jpg,1000.0,1302.0,1302000.0
7158.jpg,574.0,700.0,401800.0
7159.jpg,570.0,700.0,399000.0
7160.jpg,563.0,700.0,394100.0
7161.jpg,1026.0,1400.0,1436400.0
7162.jpg,800.0,1460.0,1168000.0
7163.jpg,704.0,860.0,605440.0
7164.jpg,1000.0,1361.0,1361000.0
7165.jpg,1529.0,2000.0,3058000.0
7166.jpg,1261.0,1800.0,2269800.0
7167.jpg,939.0,733.0,688287.0
7168.jpg,1409.0,1600.0,2254400.0
7169.jpg,850.0,1044.0,887400.0
7170.jpg,1342.0,2000.0,2684000.0
7171.jpg,627.0,960.0,601920.0
7172.jpg,1000.0,1357.0,1357000.0
7173.jpg,1278.0,1700.0,2172600.0
7174.jpg,1102.0,1500.0,1653000.0
7175.jpg,694.0,838.0,581572.0
7176.jpg,695.0,766.0,532370.0
7177.jpg,1370.0,1800.0,2466000.0
7178.jpg,1196.0,1600.0,1913600.0
7179.jpg,1249.0,1000.0,1249000.0
7180.jpg,1400.0,1029.0,1440600.0
7181.jpg,1344.0,1600.0,2150400.0
7182.jpg,1900.0,1575.0,2992500.0
7183.jpg,1380.0,2000.0,2760000.0
7184.jpg,741.0,900.0,666900.0
7185.jpg,1192.0,1600.0,1907200.0
7186.jpg,1500.0,1034.0,1551000.0
7187.jpg,1499.0,1700.0,2548300.0
7188.jpg,1097.0,1600.0,1755200.0
7189.jpg,1407.0,1700.0,2391900.0
7190.jpg,1152.0,800.0,921600.0
7191.jpg,1800.0,1543.0,2777400.0
7192.jpg,1401.0,1900.0,2661900.0
7193.jpg,1014.0,912.0,924768.0
7194.jpg,1434.0,1000.0,1434000.0
7195.jpg,1318.0,1800.0,2372400.0
7196.jpg,1327.0,1800.0,2388600.0
7197.jpg,1392.0,1900.0,2644800.0
7198.jpg,1251.0,1700.0,2126700.0
7199.jpg,1394.0,1900.0,2648600.0
7200.jpg,1346.0,2000.0,2692000.0
7201.jpg,1466.0,2000.0,2932000.0
7202.jpg,2000.0,1621.0,3242000.0
7203.jpg,1200.0,1507.0,1808400.0
7204.jpg,841.0,1100.0,925100.0
7205.jpg,1000.0,1213.0,1213000.0
7206.jpg,1027.0,1400.0,1437800.0
7207.jpg,1030.0,764.0,786920.0
7208.jpg,1446.0,1700.0,2458200.0
7209.jpg,1161.0,1600.0,1857600.0
7210.jpg,775.0,680.0,527000.0
7211.jpg,1000.0,1502.0,1502000.0
7213.jpg,1082.0,700.0,757400.0
7214.jpg,610.0,848.0,517280.0
7215.jpg,1266.0,900.0,1139400.0
7216.jpg,1000.0,1814.0,1814000.0
7217.jpg,667.0,1320.0,880440.0
7218.jpg,1047.0,815.0,853305.0
7219.jpg,1040.0,1400.0,1456000.0
7220.jpg,1400.0,821.0,1149400.0
7221.jpg,1134.0,1400.0,1587600.0
7222.jpg,975.0,1255.0,1223625.0
7223.jpg,1118.0,800.0,894400.0
7224.jpg,613.0,950.0,582350.0
7225.jpg,1040.0,1255.0,1305200.0
7226.jpg,968.0,1200.0,1161600.0
7228.jpg,577.0,828.0,477756.0
7229.jpg,853.0,1256.0,1071368.0
7231.jpg,1237.0,900.0,1113300.0
7232.jpg,961.0,750.0,720750.0
7233.jpg,1402.0,700.0,981400.0
7234.jpg,874.0,874.0,763876.0
7236.jpg,1255.0,1108.0,1390540.0
7237.jpg,1127.0,1100.0,1239700.0
7239.jpg,1281.0,700.0,896700.0
7240.jpg,991.0,807.0,799737.0
7241.jpg,1286.0,617.0,793462.0
7242.jpg,955.0,850.0,811750.0
7243.jpg,1303.0,650.0,846950.0
7244.jpg,1083.0,770.0,833910.0
7247.jpg,1024.0,636.0,651264.0
7248.jpg,1044.0,825.0,861300.0
7249.jpg,1251.0,658.0,823158.0
7250.jpg,1175.0,600.0,705000.0
7251.jpg,801.0,974.0,780174.0
7252.jpg,1268.0,650.0,824200.0
7253.jpg,1200.0,763.0,915600.0
7254.jpg,1460.0,900.0,1314000.0
7255.jpg,1199.0,688.0,824912.0
7256.jpg,1407.0,821.0,1155147.0
7261.jpg,850.0,1068.0,907800.0
7262.jpg,850.0,1076.0,914600.0
7263.jpg,783.0,1000.0,783000.0
7264.jpg,786.0,1000.0,786000.0
7270.jpg,1062.0,1300.0,1380600.0
7271.jpg,1000.0,1240.0,1240000.0
7274.jpg,820.0,1100.0,902000.0
7276.jpg,1074.0,1200.0,1288800.0
7277.jpg,1085.0,1300.0,1410500.0
7278.jpg,873.0,1100.0,960300.0
7286.jpg,867.0,1400.0,1213800.0
7287.jpg,1086.0,1000.0,1086000.0
7288.jpg,858.0,1200.0,1029600.0
7289.jpg,861.0,1020.0,878220.0
7290.jpg,866.0,1300.0,1125800.0
7291.jpg,1000.0,1151.0,1151000.0
7292.jpg,1000.0,1071.0,1071000.0
7293.jpg,1392.0,799.0,1112208.0
7294.jpg,900.0,1043.0,938700.0
7295.jpg,1300.0,851.0,1106300.0
7296.jpg,869.0,1300.0,1129700.0
7297.jpg,1000.0,1150.0,1150000.0
7298.jpg,843.0,747.0,629721.0
7299.jpg,1000.0,1186.0,1186000.0
7300.jpg,713.0,1300.0,926900.0
7301.jpg,780.0,1200.0,936000.0
7302.jpg,570.0,1600.0,912000.0
7303.jpg,632.0,1600.0,1011200.0
7304.jpg,835.0,1200.0,1002000.0
7305.jpg,737.0,1020.0,751740.0
7309.jpg,1027.0,775.0,795925.0
7310.jpg,1514.0,900.0,1362600.0
7311.jpg,1004.0,1400.0,1405600.0
7314.jpg,1345.0,1100.0,1479500.0
7315.jpg,514.0,1100.0,565400.0
7316.jpg,800.0,1122.0,897600.0
7317.jpg,950.0,1167.0,1108650.0
7318.jpg,1020.0,1700.0,1734000.0
7319.jpg,1188.0,836.0,993168.0
7320.jpg,1087.0,780.0,847860.0
7322.jpg,1250.0,663.0,828750.0
7323.jpg,1380.0,800.0,1104000.0
7324.jpg,1025.0,853.0,874325.0
7327.jpg,722.0,910.0,657020.0
7332.jpg,1255.0,1148.0,1440740.0
7333.jpg,1000.0,1275.0,1275000.0
7337.jpg,1269.0,608.0,771552.0
7338.jpg,858.0,1400.0,1201200.0
7339.jpg,974.0,750.0,730500.0
7340.jpg,1100.0,1163.0,1279300.0
7341.jpg,1100.0,1315.0,1446500.0
7342.jpg,680.0,1500.0,1020000.0
7343.jpg,643.0,930.0,597990.0
7344.jpg,1100.0,1218.0,1339800.0
7345.jpg,643.0,900.0,578700.0
7346.jpg,900.0,1203.0,1082700.0
7347.jpg,1045.0,586.0,612370.0
7348.jpg,718.0,1030.0,739540.0
7349.jpg,900.0,1003.0,902700.0
7350.jpg,930.0,1065.0,990450.0
7351.jpg,1339.0,610.0,816790.0
7352.jpg,1100.0,677.0,744700.0
7353.jpg,1164.0,1100.0,1280400.0
7354.jpg,1100.0,1130.0,1243000.0
7355.jpg,730.0,1019.0,743870.0
7356.jpg,691.0,1068.0,737988.0
7357.jpg,1203.0,1200.0,1443600.0
7359.jpg,1216.0,1100.0,1337600.0
7360.jpg,936.0,790.0,739440.0
7361.jpg,1100.0,1208.0,1328800.0
7362.jpg,650.0,1106.0,718900.0
7363.jpg,1082.0,553.0,598346.0
7364.jpg,1173.0,950.0,1114350.0
7365.jpg,670.0,960.0,643200.0
7366.jpg,1039.0,1000.0,1039000.0
7367.jpg,916.0,1300.0,1190800.0
7368.jpg,715.0,1039.0,742885.0
7369.jpg,1328.0,1200.0,1593600.0
7370.jpg,1088.0,1007.0,1095616.0
7371.jpg,1100.0,1335.0,1468500.0
7372.jpg,711.0,1011.0,718821.0
7373.jpg,1100.0,1345.0,1479500.0
7374.jpg,757.0,1200.0,908400.0
7375.jpg,881.0,1003.0,883643.0
7376.jpg,676.0,975.0,659100.0
7377.jpg,857.0,860.0,737020.0
7378.jpg,946.0,874.0,826804.0
7379.jpg,901.0,818.0,737018.0
7380.jpg,800.0,1168.0,934400.0
7381.jpg,970.0,900.0,873000.0
7382.jpg,1205.0,1100.0,1325500.0
7383.jpg,1056.0,689.0,727584.0
7384.jpg,1200.0,919.0,1102800.0
7385.jpg,985.0,731.0,720035.0
7386.jpg,692.0,1072.0,741824.0
7387.jpg,775.0,966.0,748650.0
7388.jpg,729.0,1010.0,736290.0
7389.jpg,900.0,1301.0,1170900.0
7390.jpg,1000.0,1334.0,1334000.0
7392.jpg,1500.0,1003.0,1504500.0
7393.jpg,709.0,990.0,701910.0
7394.jpg,648.0,1145.0,741960.0
7395.jpg,1347.0,900.0,1212300.0
7396.jpg,1000.0,1216.0,1216000.0
7397.jpg,899.0,606.0,544794.0
7398.jpg,1126.0,750.0,844500.0
7399.jpg,1425.0,525.0,748125.0
7400.jpg,960.0,683.0,655680.0
7401.jpg,869.0,863.0,749947.0
7402.jpg,1409.0,526.0,741134.0
7404.jpg,660.0,950.0,627000.0
7405.jpg,675.0,980.0,661500.0
7406.jpg,801.0,920.0,736920.0
7407.jpg,1259.0,596.0,750364.0
7408.jpg,725.0,1020.0,739500.0
7409.jpg,962.0,667.0,641654.0
7410.jpg,1265.0,576.0,728640.0
7411.jpg,777.0,950.0,738150.0
7412.jpg,732.0,1007.0,737124.0
7413.jpg,765.0,965.0,738225.0
7414.jpg,1092.0,680.0,742560.0
7416.jpg,1291.0,1000.0,1291000.0
7417.jpg,921.0,790.0,727590.0
7418.jpg,614.0,1167.0,716538.0
7419.jpg,900.0,1333.0,1199700.0
7420.jpg,928.0,807.0,748896.0
7421.jpg,900.0,1331.0,1197900.0
7422.jpg,650.0,1423.0,924950.0
7423.jpg,771.0,900.0,693900.0
7425.jpg,800.0,1444.0,1155200.0
7426.jpg,792.0,920.0,728640.0
7427.jpg,716.0,1027.0,735332.0
7428.jpg,1150.0,904.0,1039600.0
7429.jpg,1141.0,929.0,1059989.0
7430.jpg,763.0,1600.0,1220800.0
7431.jpg,800.0,1214.0,971200.0
7432.jpg,770.0,1152.0,887040.0
7433.jpg,900.0,1086.0,977400.0
7434.jpg,1000.0,1201.0,1201000.0
7435.jpg,800.0,524.0,419200.0
7436.jpg,1208.0,1100.0,1328800.0
7437.jpg,700.0,1162.0,813400.0
7438.jpg,1422.0,522.0,742284.0
7439.jpg,1173.0,605.0,709665.0
7440.jpg,844.0,838.0,707272.0
7441.jpg,1090.0,664.0,723760.0
7442.jpg,1147.0,900.0,1032300.0
7462.jpg,1500.0,821.0,1231500.0
7463.jpg,1053.0,770.0,810810.0
7464.jpg,912.0,1200.0,1094400.0
7465.jpg,1414.0,900.0,1272600.0
7466.jpg,1417.0,900.0,1275300.0
7467.jpg,1000.0,1219.0,1219000.0
7468.jpg,753.0,1400.0,1054200.0
7469.jpg,864.0,1200.0,1036800.0
7470.jpg,495.0,1400.0,693000.0
7471.jpg,429.0,1200.0,514800.0
7473.jpg,953.0,770.0,733810.0
7474.jpg,655.0,1000.0,655000.0
7475.jpg,945.0,650.0,614250.0
7478.jpg,1332.0,1000.0,1332000.0
7479.jpg,1000.0,1231.0,1231000.0
7481.jpg,1240.0,1000.0,1240000.0
7487.jpg,635.0,882.0,560070.0
7488.jpg,1025.0,899.0,921475.0
7489.jpg,1011.0,850.0,859350.0
7490.jpg,1100.0,750.0,825000.0
7491.jpg,1000.0,1312.0,1312000.0
7492.jpg,1200.0,901.0,1081200.0
7493.jpg,900.0,1225.0,1102500.0
7494.jpg,1000.0,1287.0,1287000.0
7495.jpg,1000.0,1447.0,1447000.0
7496.jpg,1453.0,768.0,1115904.0
7497.jpg,850.0,1081.0,918850.0
7498.jpg,1300.0,900.0,1170000.0
7499.jpg,1454.0,768.0,1116672.0
7500.jpg,624.0,970.0,605280.0
7501.jpg,900.0,1363.0,1226700.0
7502.jpg,1212.0,900.0,1090800.0
7503.jpg,900.0,1114.0,1002600.0
7504.jpg,600.0,1078.0,646800.0
7505.jpg,849.0,1063.0,902487.0
7506.jpg,1370.0,800.0,1096000.0
7507.jpg,1170.0,1400.0,1638000.0
7508.jpg,900.0,1267.0,1140300.0
7509.jpg,850.0,1062.0,902700.0
7510.jpg,1300.0,1088.0,1414400.0
7511.jpg,790.0,630.0,497700.0
7512.jpg,975.0,917.0,894075.0
7513.jpg,1287.0,1000.0,1287000.0
7514.jpg,576.0,991.0,570816.0
7518.jpg,900.0,1122.0,1009800.0
7519.jpg,667.0,970.0,646990.0
7520.jpg,802.0,720.0,577440.0
7521.jpg,1469.0,800.0,1175200.0
7522.jpg,1114.0,1100.0,1225400.0
7523.jpg,801.0,1307.0,1046907.0
7524.jpg,1003.0,900.0,902700.0
7525.jpg,844.0,662.0,558728.0
7526.jpg,1003.0,1040.0,1043120.0
7527.jpg,1000.0,1453.0,1453000.0
7528.jpg,909.0,1300.0,1181700.0
7529.jpg,1255.0,1256.0,1576280.0
7530.jpg,1539.0,770.0,1185030.0
7531.jpg,1147.0,900.0,1032300.0
7532.jpg,475.0,600.0,285000.0
7533.jpg,881.0,1256.0,1106536.0
7534.jpg,1320.0,750.0,990000.0
7535.jpg,901.0,680.0,612680.0
7536.jpg,917.0,700.0,641900.0
7537.jpg,1008.0,891.0,898128.0
7538.jpg,770.0,1041.0,801570.0
7539.jpg,1250.0,1040.0,1300000.0
7540.jpg,1000.0,1237.0,1237000.0
7541.jpg,1300.0,958.0,1245400.0
7542.jpg,1300.0,955.0,1241500.0
7543.jpg,810.0,1047.0,848070.0
7544.jpg,1244.0,750.0,933000.0
7545.jpg,1700.0,709.0,1205300.0
7546.jpg,1213.0,1000.0,1213000.0
7547.jpg,1247.0,630.0,785610.0
7548.jpg,830.0,672.0,557760.0
7549.jpg,1000.0,1285.0,1285000.0
7550.jpg,1000.0,1216.0,1216000.0
7551.jpg,1110.0,1100.0,1221000.0
7552.jpg,1142.0,1100.0,1256200.0
7553.jpg,692.0,850.0,588200.0
7554.jpg,924.0,1300.0,1201200.0
7555.jpg,919.0,1300.0,1194700.0
7556.jpg,1832.0,600.0,1099200.0
7557.jpg,1821.0,600.0,1092600.0
7558.jpg,1300.0,1050.0,1365000.0
7559.jpg,1469.0,760.0,1116440.0
7560.jpg,1450.0,760.0,1102000.0
7561.jpg,1400.0,762.0,1066800.0
7562.jpg,1400.0,704.0,985600.0
7563.jpg,1616.0,800.0,1292800.0
7564.jpg,1000.0,1300.0,1300000.0
7565.jpg,1537.0,760.0,1168120.0
7566.jpg,1200.0,932.0,1118400.0
7567.jpg,936.0,1200.0,1123200.0
7571.jpg,1300.0,856.0,1112800.0
7573.jpg,1381.0,900.0,1242900.0
7574.jpg,1231.0,1000.0,1231000.0
7575.jpg,576.0,888.0,511488.0
7576.jpg,1319.0,900.0,1187100.0
7577.jpg,800.0,1300.0,1040000.0
7578.jpg,637.0,804.0,512148.0
7579.jpg,520.0,390.0,202800.0
7580.jpg,1000.0,664.0,664000.0
7581.jpg,970.0,906.0,878820.0
7582.jpg,1613.0,700.0,1129100.0
7583.jpg,1395.0,900.0,1255500.0
7584.jpg,1390.0,900.0,1251000.0
7585.jpg,850.0,1356.0,1152600.0
7586.jpg,673.0,799.0,537727.0
7587.jpg,800.0,1053.0,842400.0
7588.jpg,924.0,1200.0,1108800.0
7589.jpg,866.0,1200.0,1039200.0
7590.jpg,747.0,900.0,672300.0
7591.jpg,1156.0,1500.0,1734000.0
7592.jpg,900.0,1150.0,1035000.0
7593.jpg,689.0,1150.0,792350.0
7595.jpg,850.0,1142.0,970700.0
7596.jpg,492.0,937.0,461004.0
7597.jpg,961.0,912.0,876432.0
7598.jpg,700.0,1108.0,775600.0
7599.jpg,481.0,579.0,278499.0
7601.jpg,900.0,1195.0,1075500.0
7602.jpg,611.0,800.0,488800.0
7603.jpg,703.0,1071.0,752913.0
7604.jpg,900.0,1326.0,1193400.0
7607.jpg,800.0,1376.0,1100800.0
7608.jpg,463.0,779.0,360677.0
7609.jpg,850.0,1193.0,1014050.0
7610.jpg,932.0,1255.0,1169660.0
7611.jpg,900.0,1109.0,998100.0
7612.jpg,1000.0,1280.0,1280000.0
7613.jpg,1000.0,1253.0,1253000.0
7614.jpg,850.0,1155.0,981750.0
7615.jpg,721.0,1050.0,757050.0
7616.jpg,830.0,1000.0,830000.0
7617.jpg,850.0,1018.0,865300.0
7618.jpg,1000.0,1276.0,1276000.0
7619.jpg,946.0,1200.0,1135200.0
7620.jpg,1000.0,1222.0,1222000.0
7621.jpg,800.0,963.0,770400.0
7625.jpg,900.0,1145.0,1030500.0
7626.jpg,775.0,959.0,743225.0
7627.jpg,766.0,959.0,734594.0
7628.jpg,731.0,959.0,701029.0
7629.jpg,723.0,959.0,693357.0
7630.jpg,1036.0,1300.0,1346800.0
7631.jpg,900.0,1146.0,1031400.0
7632.jpg,296.0,410.0,121360.0
7633.jpg,750.0,964.0,723000.0
7634.jpg,726.0,848.0,615648.0
7635.jpg,900.0,1125.0,1012500.0
7636.jpg,900.0,1183.0,1064700.0
7648.jpg,1104.0,1500.0,1656000.0
7649.jpg,966.0,1366.0,1319556.0
7652.jpg,1007.0,800.0,805600.0
7663.jpg,1100.0,1416.0,1557600.0
7664.jpg,900.0,1218.0,1096200.0
7665.jpg,850.0,1098.0,933300.0
7666.jpg,1020.0,746.0,760920.0
7667.jpg,1096.0,750.0,822000.0
7668.jpg,800.0,1058.0,846400.0
7673.jpg,1200.0,1200.0,1440000.0
7674.jpg,1075.0,1289.0,1385675.0
7675.jpg,1541.0,1324.0,2040284.0
7677.jpg,700.0,906.0,634200.0
7678.jpg,700.0,935.0,654500.0
7679.jpg,566.0,1020.0,577320.0
7682.jpg,1036.0,1200.0,1243200.0
7683.jpg,700.0,930.0,651000.0
7684.jpg,700.0,936.0,655200.0
7686.jpg,993.0,1208.0,1199544.0
7687.jpg,1400.0,1412.0,1976800.0
7688.jpg,1400.0,1075.0,1505000.0
7689.jpg,1167.0,1457.0,1700319.0
7690.jpg,1000.0,1300.0,1300000.0
7691.jpg,1317.0,897.0,1181349.0
7692.jpg,900.0,1091.0,981900.0
7693.jpg,1181.0,1457.0,1720717.0
7694.jpg,810.0,1166.0,944460.0
7695.jpg,1300.0,910.0,1183000.0
7696.jpg,1222.0,1000.0,1222000.0
7697.jpg,884.0,1400.0,1237600.0
7698.jpg,800.0,1107.0,885600.0
7699.jpg,1300.0,1009.0,1311700.0
7700.jpg,645.0,889.0,573405.0
7701.jpg,1120.0,1400.0,1568000.0
7702.jpg,1066.0,1300.0,1385800.0
7703.jpg,1146.0,1457.0,1669722.0
7704.jpg,1200.0,864.0,1036800.0
7705.jpg,1009.0,1602.0,1616418.0
7706.jpg,1100.0,1332.0,1465200.0
7707.jpg,1467.0,1100.0,1613700.0
7708.jpg,707.0,1010.0,714070.0
7709.jpg,685.0,1050.0,719250.0
7710.jpg,1673.0,1000.0,1673000.0
7711.jpg,1044.0,1000.0,1044000.0
7712.jpg,900.0,1068.0,961200.0
7713.jpg,754.0,950.0,716300.0
7714.jpg,1091.0,1045.0,1140095.0
7715.jpg,1348.0,898.0,1210504.0
7718.jpg,664.0,834.0,553776.0
7725.jpg,1337.0,900.0,1203300.0
7726.jpg,1057.0,857.0,905849.0
7727.jpg,700.0,1018.0,712600.0
7729.jpg,1300.0,1102.0,1432600.0
7730.jpg,926.0,1400.0,1296400.0
7731.jpg,1535.0,800.0,1228000.0
7732.jpg,531.0,679.0,360549.0
7734.jpg,1185.0,839.0,994215.0
7735.jpg,971.0,1250.0,1213750.0
7736.jpg,750.0,568.0,426000.0
7737.jpg,616.0,905.0,557480.0
7738.jpg,1178.0,1022.0,1203916.0
7739.jpg,1300.0,1033.0,1342900.0
7740.jpg,841.0,1249.0,1050409.0
7741.jpg,1074.0,800.0,859200.0
7742.jpg,900.0,1197.0,1077300.0
7743.jpg,800.0,672.0,537600.0
7744.jpg,1030.0,862.0,887860.0
7745.jpg,1007.0,900.0,906300.0
7747.jpg,952.0,730.0,694960.0
7748.jpg,1253.0,878.0,1100134.0
7749.jpg,1342.0,1000.0,1342000.0
7750.jpg,980.0,1206.0,1181880.0
7751.jpg,1301.0,1000.0,1301000.0
7753.jpg,558.0,886.0,494388.0
7754.jpg,1388.0,900.0,1249200.0
7755.jpg,1000.0,1150.0,1150000.0
7758.jpg,1255.0,932.0,1169660.0
7759.jpg,495.0,1043.0,516285.0
7760.jpg,490.0,1032.0,505680.0
7761.jpg,622.0,1239.0,770658.0
7764.jpg,800.0,1168.0,934400.0
7765.jpg,900.0,1069.0,962100.0
7766.jpg,796.0,1255.0,998980.0
7767.jpg,708.0,1300.0,920400.0
7768.jpg,450.0,1374.0,618300.0
7769.jpg,1210.0,873.0,1056330.0
7770.jpg,1176.0,770.0,905520.0
7771.jpg,1030.0,810.0,834300.0
7772.jpg,1166.0,990.0,1154340.0
7773.jpg,929.0,1600.0,1486400.0
7774.jpg,1233.0,1400.0,1726200.0
7775.jpg,1511.0,1000.0,1511000.0
7776.jpg,950.0,1200.0,1140000.0
7777.jpg,1400.0,855.0,1197000.0
7778.jpg,1255.0,878.0,1101890.0
7779.jpg,650.0,851.0,553150.0
7780.jpg,681.0,800.0,544800.0
7781.jpg,1000.0,1081.0,1081000.0
7782.jpg,1030.0,845.0,870350.0
7783.jpg,1168.0,818.0,955424.0
7784.jpg,944.0,788.0,743872.0
7800.jpg,2459.0,450.0,1106550.0
7801.jpg,1885.0,550.0,1036750.0
7802.jpg,1800.0,583.0,1049400.0
7803.jpg,1299.0,750.0,974250.0
7804.jpg,1100.0,1238.0,1361800.0
7805.jpg,1000.0,1220.0,1220000.0
7806.jpg,1000.0,1294.0,1294000.0
7807.jpg,1000.0,1279.0,1279000.0
7808.jpg,1200.0,821.0,985200.0
7809.jpg,1000.0,1286.0,1286000.0
7810.jpg,1000.0,1287.0,1287000.0
7811.jpg,1000.0,1324.0,1324000.0
7812.jpg,1000.0,1334.0,1334000.0
7813.jpg,1000.0,1369.0,1369000.0
7814.jpg,790.0,964.0,761560.0
7815.jpg,779.0,966.0,752514.0
7816.jpg,766.0,964.0,738424.0
7817.jpg,786.0,958.0,752988.0
7818.jpg,752.0,960.0,721920.0
7819.jpg,1200.0,947.0,1136400.0
7820.jpg,900.0,1102.0,991800.0
7821.jpg,784.0,962.0,754208.0
7822.jpg,1200.0,712.0,854400.0
7823.jpg,1264.0,1100.0,1390400.0
7839.jpg,1184.0,770.0,911680.0
7840.jpg,1317.0,800.0,1053600.0
7841.jpg,800.0,1106.0,884800.0
7842.jpg,997.0,732.0,729804.0
7844.jpg,923.0,1200.0,1107600.0
7845.jpg,650.0,472.0,306800.0
7846.jpg,1000.0,1310.0,1310000.0
7848.jpg,1114.0,1400.0,1559600.0
7849.jpg,1054.0,700.0,737800.0
7850.jpg,751.0,820.0,615820.0
7851.jpg,720.0,1016.0,731520.0
7853.jpg,822.0,1077.0,885294.0
7854.jpg,800.0,1094.0,875200.0
7855.jpg,1325.0,1000.0,1325000.0
7856.jpg,800.0,1047.0,837600.0
7857.jpg,1150.0,769.0,884350.0
7858.jpg,808.0,1116.0,901728.0
7859.jpg,806.0,1010.0,814060.0
7860.jpg,1200.0,885.0,1062000.0
7861.jpg,900.0,1471.0,1323900.0
7869.jpg,1039.0,1120.0,1163680.0
7871.jpg,1200.0,1050.0,1260000.0
7872.jpg,1235.0,1000.0,1235000.0
7874.jpg,900.0,1268.0,1141200.0
7875.jpg,914.0,1200.0,1096800.0
7876.jpg,1004.0,1300.0,1305200.0
7878.jpg,1200.0,871.0,1045200.0
7879.jpg,1044.0,780.0,814320.0
7881.jpg,1500.0,1121.0,1681500.0
7882.jpg,1500.0,1127.0,1690500.0
7883.jpg,668.0,840.0,561120.0
7884.jpg,554.0,800.0,443200.0
7885.jpg,555.0,1545.0,857475.0
7886.jpg,531.0,1545.0,820395.0
7887.jpg,545.0,1518.0,827310.0
7888.jpg,542.0,1510.0,818420.0
7889.jpg,764.0,1700.0,1298800.0
7895.jpg,1255.0,959.0,1203545.0
7896.jpg,1119.0,1004.0,1123476.0
7898.jpg,712.0,1400.0,996800.0
7977.jpg,850.0,1082.0,919700.0
7978.jpg,816.0,1200.0,979200.0
7980.jpg,712.0,1200.0,854400.0
7981.jpg,1000.0,1305.0,1305000.0
7982.jpg,900.0,1069.0,962100.0
7983.jpg,900.0,1026.0,923400.0
7985.jpg,639.0,900.0,575100.0
7986.jpg,750.0,975.0,731250.0
7987.jpg,685.0,1058.0,724730.0
7988.jpg,938.0,1255.0,1177190.0
7989.jpg,1029.0,1300.0,1337700.0
7990.jpg,1300.0,1008.0,1310400.0
7991.jpg,750.0,1032.0,774000.0
7992.jpg,850.0,1077.0,915450.0
7994.jpg,577.0,850.0,490450.0
7996.jpg,1145.0,1000.0,1145000.0
7997.jpg,943.0,1300.0,1225900.0
7998.jpg,735.0,1137.0,835695.0
7999.jpg,1185.0,1500.0,1777500.0
8001.jpg,1009.0,1200.0,1210800.0
8002.jpg,1000.0,1247.0,1247000.0
8003.jpg,1200.0,1060.0,1272000.0
8004.jpg,905.0,997.0,902285.0
8005.jpg,1000.0,901.0,901000.0
8006.jpg,762.0,1003.0,764286.0
8007.jpg,1220.0,1000.0,1220000.0
8008.jpg,1207.0,1000.0,1207000.0
8009.jpg,815.0,1200.0,978000.0
8010.jpg,1200.0,1017.0,1220400.0
8011.jpg,900.0,1221.0,1098900.0
8012.jpg,800.0,1009.0,807200.0
8013.jpg,800.0,1014.0,811200.0
8014.jpg,750.0,1015.0,761250.0
8015.jpg,980.0,811.0,794780.0
8016.jpg,1090.0,1000.0,1090000.0
8017.jpg,1129.0,770.0,869330.0
8018.jpg,1106.0,770.0,851620.0
8019.jpg,1215.0,981.0,1191915.0
8020.jpg,989.0,1256.0,1242184.0
8021.jpg,923.0,1200.0,1107600.0
8022.jpg,805.0,1055.0,849275.0
8023.jpg,1100.0,1327.0,1459700.0
8029.jpg,800.0,1099.0,879200.0
8030.jpg,850.0,1211.0,1029350.0
8031.jpg,1404.0,1003.0,1408212.0
8032.jpg,1336.0,1047.0,1398792.0
8033.jpg,565.0,1278.0,722070.0
8034.jpg,981.0,1300.0,1275300.0
8035.jpg,1000.0,1389.0,1389000.0
8036.jpg,1000.0,1234.0,1234000.0
8037.jpg,904.0,1200.0,1084800.0
8040.jpg,900.0,1246.0,1121400.0
8041.jpg,1502.0,1000.0,1502000.0
8042.jpg,859.0,1300.0,1116700.0
8043.jpg,1114.0,1000.0,1114000.0
8044.jpg,750.0,1005.0,753750.0
8046.jpg,1134.0,900.0,1020600.0
8047.jpg,1218.0,952.0,1159536.0
8048.jpg,900.0,1315.0,1183500.0
8049.jpg,801.0,1043.0,835443.0
8050.jpg,845.0,1079.0,911755.0
8052.jpg,678.0,900.0,610200.0
8053.jpg,1200.0,642.0,770400.0
8054.jpg,1195.0,944.0,1128080.0
8057.jpg,1600.0,1151.0,1841600.0
8058.jpg,1001.0,1700.0,1701700.0
8059.jpg,900.0,1533.0,1379700.0
8060.jpg,1100.0,1383.0,1521300.0
8061.jpg,1208.0,1100.0,1328800.0
8062.jpg,1230.0,900.0,1107000.0
8063.jpg,1000.0,1665.0,1665000.0
8064.jpg,1441.0,900.0,1296900.0
8065.jpg,1300.0,1341.0,1743300.0
8066.jpg,1617.0,1000.0,1617000.0
8067.jpg,1400.0,1109.0,1552600.0
8068.jpg,1300.0,1024.0,1331200.0
8069.jpg,1400.0,1160.0,1624000.0
8070.jpg,1257.0,900.0,1131300.0
8071.jpg,1407.0,1100.0,1547700.0
8072.jpg,1002.0,1200.0,1202400.0
8073.jpg,1054.0,1300.0,1370200.0
8074.jpg,864.0,1100.0,950400.0
8075.jpg,1047.0,850.0,889950.0
8076.jpg,1174.0,1400.0,1643600.0
8077.jpg,1333.0,900.0,1199700.0
8078.jpg,1316.0,1050.0,1381800.0
8079.jpg,1400.0,1009.0,1412600.0
8080.jpg,1527.0,1100.0,1679700.0
8081.jpg,1324.0,1100.0,1456400.0
8082.jpg,1238.0,1000.0,1238000.0
8083.jpg,1372.0,1100.0,1509200.0
8084.jpg,1300.0,1057.0,1374100.0
8085.jpg,1300.0,1133.0,1472900.0
8086.jpg,1206.0,1000.0,1206000.0
8087.jpg,1242.0,1000.0,1242000.0
8088.jpg,1263.0,1112.0,1404456.0
8089.jpg,1334.0,1105.0,1474070.0
8090.jpg,1339.0,1088.0,1456832.0
8091.jpg,1044.0,1300.0,1357200.0
8092.jpg,1300.0,1027.0,1335100.0
8093.jpg,1400.0,1149.0,1608600.0
8094.jpg,1034.0,1400.0,1447600.0
8095.jpg,1200.0,1540.0,1848000.0
8096.jpg,1113.0,1300.0,1446900.0
8097.jpg,1318.0,1600.0,2108800.0
8098.jpg,1400.0,1127.0,1577800.0
8099.jpg,1305.0,1050.0,1370250.0
8100.jpg,1035.0,1300.0,1345500.0
8101.jpg,1339.0,1062.0,1422018.0
8102.jpg,1261.0,1000.0,1261000.0
8103.jpg,1203.0,1000.0,1203000.0
8104.jpg,1116.0,900.0,1004400.0
8105.jpg,1045.0,1300.0,1358500.0
8106.jpg,1380.0,1000.0,1380000.0
8107.jpg,1075.0,1300.0,1397500.0
8108.jpg,1520.0,1200.0,1824000.0
8109.jpg,1300.0,1014.0,1318200.0
8110.jpg,1220.0,1000.0,1220000.0
8111.jpg,1210.0,1000.0,1210000.0
8112.jpg,1100.0,1441.0,1585100.0
8113.jpg,1000.0,1308.0,1308000.0
8114.jpg,1088.0,1400.0,1523200.0
8115.jpg,1045.0,1400.0,1463000.0
8116.jpg,1183.0,1453.0,1718899.0
8117.jpg,1085.0,1459.0,1583015.0
8118.jpg,1565.0,1115.0,1744975.0
8119.jpg,1347.0,900.0,1212300.0
8120.jpg,1077.0,900.0,969300.0
8121.jpg,1373.0,1100.0,1510300.0
8122.jpg,1161.0,1454.0,1688094.0
8123.jpg,1000.0,1239.0,1239000.0
8124.jpg,1045.0,1300.0,1358500.0
8125.jpg,1200.0,1006.0,1207200.0
8126.jpg,1100.0,1369.0,1505900.0
8127.jpg,1300.0,1022.0,1328600.0
8128.jpg,1263.0,1000.0,1263000.0
8129.jpg,1338.0,1095.0,1465110.0
8130.jpg,1300.0,1050.0,1365000.0
8131.jpg,1400.0,1085.0,1519000.0
8132.jpg,1000.0,1256.0,1256000.0
8133.jpg,929.0,738.0,685602.0
8134.jpg,1252.0,1000.0,1252000.0
8135.jpg,1111.0,900.0,999900.0
8136.jpg,1344.0,1044.0,1403136.0
8137.jpg,1131.0,1400.0,1583400.0
8138.jpg,1311.0,972.0,1274292.0
8139.jpg,1100.0,1341.0,1475100.0
8140.jpg,1300.0,1004.0,1305200.0
8141.jpg,1110.0,900.0,999000.0
8142.jpg,1000.0,1306.0,1306000.0
8144.jpg,1225.0,1000.0,1225000.0
8145.jpg,1229.0,1000.0,1229000.0
8151.jpg,1238.0,1000.0,1238000.0
8152.jpg,1642.0,1000.0,1642000.0
8153.jpg,1583.0,1100.0,1741300.0
8154.jpg,1316.0,1100.0,1447600.0
8155.jpg,1043.0,1300.0,1355900.0
8156.jpg,1098.0,1300.0,1427400.0
8157.jpg,1041.0,1300.0,1353300.0
8167.jpg,1126.0,1412.0,1589912.0
8168.jpg,670.0,851.0,570170.0
8169.jpg,1265.0,1500.0,1897500.0
8170.jpg,810.0,1246.0,1009260.0
8171.jpg,728.0,1000.0,728000.0
8172.jpg,1469.0,550.0,807950.0
8173.jpg,1300.0,952.0,1237600.0
8174.jpg,1051.0,770.0,809270.0
8175.jpg,700.0,850.0,595000.0
8176.jpg,1369.0,900.0,1232100.0
8177.jpg,622.0,824.0,512528.0
8178.jpg,800.0,1052.0,841600.0
8179.jpg,700.0,890.0,623000.0
8181.jpg,1382.0,670.0,925940.0
8182.jpg,1111.0,709.0,787699.0
8183.jpg,996.0,1250.0,1245000.0
8184.jpg,1100.0,1524.0,1676400.0
8185.jpg,764.0,979.0,747956.0
8186.jpg,750.0,974.0,730500.0
8187.jpg,694.0,890.0,617660.0
8189.jpg,822.0,991.0,814602.0
8190.jpg,900.0,1323.0,1190700.0
8191.jpg,1036.0,850.0,880600.0
8192.jpg,792.0,1100.0,871200.0
8194.jpg,1540.0,800.0,1232000.0
8196.jpg,799.0,1080.0,862920.0
8197.jpg,1000.0,1209.0,1209000.0
8198.jpg,1030.0,639.0,658170.0
8206.jpg,1177.0,800.0,941600.0
8207.jpg,1326.0,636.0,843336.0
8208.jpg,1600.0,1191.0,1905600.0
8209.jpg,1124.0,858.0,964392.0
8210.jpg,900.0,1120.0,1008000.0
8211.jpg,953.0,1200.0,1143600.0
8212.jpg,807.0,1224.0,987768.0
8213.jpg,1152.0,800.0,921600.0
8214.jpg,789.0,1100.0,867900.0
8215.jpg,1056.0,851.0,898656.0
8216.jpg,1152.0,1200.0,1382400.0
8217.jpg,874.0,1100.0,961400.0
8218.jpg,1006.0,1126.0,1132756.0
8219.jpg,953.0,850.0,810050.0
8220.jpg,1277.0,1000.0,1277000.0
8221.jpg,1408.0,1100.0,1548800.0
8222.jpg,964.0,900.0,867600.0
8223.jpg,1094.0,900.0,984600.0
8224.jpg,1370.0,1700.0,2329000.0
8225.jpg,827.0,1033.0,854291.0
8226.jpg,1000.0,1234.0,1234000.0
8227.jpg,982.0,850.0,834700.0
8228.jpg,1048.0,800.0,838400.0
8229.jpg,1300.0,1594.0,2072200.0
8230.jpg,1000.0,1214.0,1214000.0
8231.jpg,900.0,1096.0,986400.0
8232.jpg,1365.0,1700.0,2320500.0
8233.jpg,949.0,910.0,863590.0
8234.jpg,1261.0,1114.0,1404754.0
8235.jpg,950.0,1201.0,1140950.0
8236.jpg,1300.0,1600.0,2080000.0
8237.jpg,800.0,1001.0,800800.0
8238.jpg,900.0,1092.0,982800.0
8239.jpg,900.0,1118.0,1006200.0
8240.jpg,850.0,1074.0,912900.0
8241.jpg,1000.0,1300.0,1300000.0
8242.jpg,900.0,1273.0,1145700.0
8243.jpg,967.0,1255.0,1213585.0
8244.jpg,1400.0,1158.0,1621200.0
8245.jpg,984.0,870.0,856080.0
8246.jpg,846.0,1000.0,846000.0
8247.jpg,1251.0,770.0,963270.0
8248.jpg,1023.0,810.0,828630.0
8249.jpg,817.0,1000.0,817000.0
8250.jpg,1081.0,770.0,832370.0
8251.jpg,1000.0,1241.0,1241000.0
8252.jpg,1009.0,830.0,837470.0
8253.jpg,1034.0,850.0,878900.0
8254.jpg,1400.0,1086.0,1520400.0
8255.jpg,1396.0,1100.0,1535600.0
8256.jpg,1241.0,989.0,1227349.0
8257.jpg,1160.0,900.0,1044000.0
8258.jpg,1024.0,800.0,819200.0
8259.jpg,800.0,1019.0,815200.0
8260.jpg,1023.0,800.0,818400.0
8261.jpg,900.0,1087.0,978300.0
8262.jpg,900.0,1080.0,972000.0
8263.jpg,1200.0,812.0,974400.0
8265.jpg,959.0,754.0,723086.0
8266.jpg,1100.0,1138.0,1251800.0
8267.jpg,360.0,600.0,216000.0
8268.jpg,397.0,600.0,238200.0
8269.jpg,310.0,600.0,186000.0
8270.jpg,1237.0,900.0,1113300.0
8271.jpg,829.0,658.0,545482.0
8272.jpg,660.0,948.0,625680.0
8273.jpg,1508.0,510.0,769080.0
8276.jpg,1156.0,905.0,1046180.0
8279.jpg,919.0,631.0,579889.0
8282.jpg,1402.0,900.0,1261800.0
8283.jpg,1254.0,950.0,1191300.0
8284.jpg,1412.0,1000.0,1412000.0
8285.jpg,1277.0,1000.0,1277000.0
8286.jpg,1237.0,1000.0,1237000.0
8287.jpg,850.0,1093.0,929050.0
8288.jpg,1000.0,1281.0,1281000.0
8289.jpg,850.0,1031.0,876350.0
8290.jpg,619.0,900.0,557100.0
8291.jpg,878.0,1100.0,965800.0
8292.jpg,901.0,867.0,781167.0
8293.jpg,800.0,1105.0,884000.0
8295.jpg,800.0,1000.0,800000.0
8296.jpg,800.0,1165.0,932000.0
8297.jpg,1110.0,706.0,783660.0
8298.jpg,700.0,1336.0,935200.0
8315.jpg,1022.0,1300.0,1328600.0
8317.jpg,1400.0,778.0,1089200.0
8318.jpg,1005.0,1300.0,1306500.0
8319.jpg,1300.0,1075.0,1397500.0
8322.jpg,1200.0,808.0,969600.0
8327.jpg,1000.0,1262.0,1262000.0
8328.jpg,1000.0,1244.0,1244000.0
8340.jpg,802.0,1338.0,1073076.0
8341.jpg,766.0,1270.0,972820.0
8342.jpg,767.0,970.0,743990.0
8343.jpg,650.0,1246.0,809900.0
8344.jpg,650.0,1250.0,812500.0
8345.jpg,1311.0,680.0,891480.0
8346.jpg,1059.0,770.0,815430.0
8347.jpg,700.0,1604.0,1122800.0
8348.jpg,708.0,1600.0,1132800.0
8349.jpg,800.0,1142.0,913600.0
8350.jpg,491.0,867.0,425697.0
8351.jpg,696.0,870.0,605520.0
8352.jpg,646.0,850.0,549100.0
8353.jpg,900.0,1219.0,1097100.0
8354.jpg,746.0,1007.0,751222.0
8355.jpg,850.0,1273.0,1082050.0
8356.jpg,750.0,1237.0,927750.0
8357.jpg,882.0,1300.0,1146600.0
8358.jpg,1000.0,1348.0,1348000.0
8359.jpg,1400.0,848.0,1187200.0
8360.jpg,670.0,1140.0,763800.0
8361.jpg,882.0,1300.0,1146600.0
8362.jpg,1026.0,1200.0,1231200.0
8363.jpg,1000.0,1154.0,1154000.0
8364.jpg,713.0,1000.0,713000.0
8365.jpg,735.0,1000.0,735000.0
8366.jpg,750.0,1381.0,1035750.0
8368.jpg,732.0,995.0,728340.0
8369.jpg,1000.0,1319.0,1319000.0
8370.jpg,1020.0,635.0,647700.0
8371.jpg,1259.0,700.0,881300.0
8372.jpg,1520.0,700.0,1064000.0
8373.jpg,1028.0,693.0,712404.0
8377.jpg,918.0,1400.0,1285200.0
8378.jpg,750.0,1046.0,784500.0
8379.jpg,1612.0,600.0,967200.0
8380.jpg,2122.0,700.0,1485400.0
8381.jpg,1164.0,550.0,640200.0
8382.jpg,1200.0,859.0,1030800.0
8383.jpg,1200.0,725.0,870000.0
8384.jpg,985.0,1500.0,1477500.0
8385.jpg,815.0,1300.0,1059500.0
8386.jpg,1100.0,1452.0,1597200.0
8387.jpg,900.0,920.0,828000.0
8389.jpg,959.0,759.0,727881.0
8390.jpg,1171.0,877.0,1026967.0
8391.jpg,1343.0,1000.0,1343000.0
8394.jpg,1116.0,835.0,931860.0
8395.jpg,751.0,1078.0,809578.0
8396.jpg,801.0,1025.0,821025.0
8397.jpg,850.0,1187.0,1008950.0
8398.jpg,708.0,989.0,700212.0
8399.jpg,924.0,1244.0,1149456.0
8400.jpg,801.0,1076.0,861876.0
8401.jpg,712.0,1078.0,767536.0
8402.jpg,1000.0,1207.0,1207000.0
8403.jpg,1230.0,900.0,1107000.0
8404.jpg,1049.0,814.0,853886.0
8407.jpg,900.0,1321.0,1188900.0
8408.jpg,900.0,1129.0,1016100.0
8409.jpg,878.0,1400.0,1229200.0
8410.jpg,803.0,1200.0,963600.0
8411.jpg,1002.0,1134.0,1136268.0
8412.jpg,1067.0,1300.0,1387100.0
8413.jpg,900.0,1071.0,963900.0
8414.jpg,986.0,1253.0,1235458.0
8415.jpg,649.0,900.0,584100.0
8416.jpg,1400.0,961.0,1345400.0
8418.jpg,570.0,750.0,427500.0
8420.jpg,1000.0,1526.0,1526000.0
8421.jpg,800.0,1571.0,1256800.0
8423.jpg,1023.0,1291.0,1320693.0
8424.jpg,1017.0,1256.0,1277352.0
8425.jpg,870.0,1043.0,907410.0
8427.jpg,1000.0,1503.0,1503000.0
8428.jpg,954.0,1400.0,1335600.0
8429.jpg,900.0,1299.0,1169100.0
8430.jpg,1654.0,650.0,1075100.0
8431.jpg,976.0,1200.0,1171200.0
8432.jpg,770.0,1001.0,770770.0
8433.jpg,846.0,1300.0,1099800.0
8434.jpg,908.0,1122.0,1018776.0
8435.jpg,1002.0,1122.0,1124244.0
8436.jpg,900.0,1295.0,1165500.0
8437.jpg,1100.0,1122.0,1234200.0
8440.jpg,1023.0,900.0,920700.0
8441.jpg,1321.0,800.0,1056800.0
8442.jpg,923.0,1100.0,1015300.0
8443.jpg,929.0,1100.0,1021900.0
8444.jpg,870.0,1177.0,1023990.0
8445.jpg,1057.0,900.0,951300.0
8446.jpg,1358.0,770.0,1045660.0
8447.jpg,1000.0,1134.0,1134000.0
8448.jpg,684.0,826.0,564984.0
8449.jpg,766.0,952.0,729232.0
8450.jpg,1200.0,970.0,1164000.0
8451.jpg,1050.0,1210.0,1270500.0
8452.jpg,803.0,1000.0,803000.0
8453.jpg,900.0,1343.0,1208700.0
8454.jpg,600.0,696.0,417600.0
8455.jpg,598.0,710.0,424580.0
8456.jpg,602.0,706.0,425012.0
8457.jpg,530.0,660.0,349800.0
8458.jpg,602.0,716.0,431032.0
8459.jpg,800.0,1553.0,1242400.0
8460.jpg,800.0,1564.0,1251200.0
8461.jpg,1000.0,1042.0,1042000.0
8463.jpg,1300.0,1609.0,2091700.0
8464.jpg,1000.0,1708.0,1708000.0
8465.jpg,582.0,928.0,540096.0
8466.jpg,688.0,842.0,579296.0
8467.jpg,1021.0,1123.0,1146583.0
8468.jpg,1024.0,843.0,863232.0
8469.jpg,1274.0,1200.0,1528800.0
8470.jpg,762.0,930.0,708660.0
8471.jpg,866.0,1500.0,1299000.0
8472.jpg,792.0,966.0,765072.0
8473.jpg,788.0,960.0,756480.0
8474.jpg,920.0,804.0,739680.0
8477.jpg,1052.0,1300.0,1367600.0
8478.jpg,800.0,937.0,749600.0
8479.jpg,800.0,985.0,788000.0
8480.jpg,800.0,1210.0,968000.0
8482.jpg,993.0,1062.0,1054566.0
8483.jpg,650.0,1218.0,791700.0
8484.jpg,930.0,1100.0,1023000.0
8491.jpg,1349.0,1000.0,1349000.0
8492.jpg,1244.0,850.0,1057400.0
8493.jpg,1500.0,1117.0,1675500.0
8494.jpg,1145.0,800.0,916000.0
8500.jpg,453.0,800.0,362400.0
8501.jpg,520.0,390.0,202800.0
8503.jpg,1007.0,850.0,855950.0
8504.jpg,1126.0,810.0,912060.0
8507.jpg,1043.0,880.0,917840.0
8508.jpg,1000.0,1370.0,1370000.0
8509.jpg,986.0,1300.0,1281800.0
8510.jpg,900.0,1214.0,1092600.0
8511.jpg,900.0,1218.0,1096200.0
8513.jpg,932.0,670.0,624440.0
8514.jpg,805.0,970.0,780850.0
8515.jpg,1096.0,820.0,898720.0
8516.jpg,1100.0,712.0,783200.0
8517.jpg,1052.0,766.0,805832.0
8519.jpg,1287.0,900.0,1158300.0
8520.jpg,1099.0,730.0,802270.0
8521.jpg,1400.0,1014.0,1419600.0
8522.jpg,1400.0,1205.0,1687000.0
8523.jpg,1100.0,777.0,854700.0
8525.jpg,1060.0,768.0,814080.0
8526.jpg,1062.0,700.0,743400.0
8527.jpg,1300.0,828.0,1076400.0
8528.jpg,1095.0,765.0,837675.0
8529.jpg,1500.0,932.0,1398000.0
8530.jpg,1250.0,809.0,1011250.0
8531.jpg,1500.0,824.0,1236000.0
8532.jpg,1603.0,1200.0,1923600.0
8533.jpg,1599.0,900.0,1439100.0
8534.jpg,1000.0,1205.0,1205000.0
8535.jpg,1102.0,800.0,881600.0
8536.jpg,1371.0,900.0,1233900.0
8537.jpg,1302.0,770.0,1002540.0
8538.jpg,1420.0,1057.0,1500940.0
8540.jpg,1520.0,1000.0,1520000.0
8541.jpg,1400.0,1000.0,1400000.0
8543.jpg,1150.0,850.0,977500.0
8544.jpg,1100.0,741.0,815100.0
8545.jpg,1200.0,905.0,1086000.0
8546.jpg,1355.0,800.0,1084000.0
8547.jpg,1369.0,999.0,1367631.0
8548.jpg,1089.0,818.0,890802.0
8550.jpg,614.0,924.0,567336.0
8551.jpg,1000.0,1461.0,1461000.0
8552.jpg,1105.0,830.0,917150.0
8553.jpg,1119.0,897.0,1003743.0
8554.jpg,1051.0,770.0,809270.0
8555.jpg,830.0,677.0,561910.0
8556.jpg,1145.0,780.0,893100.0
8557.jpg,940.0,656.0,616640.0
8558.jpg,1115.0,874.0,974510.0
8563.jpg,1198.0,950.0,1138100.0
8564.jpg,984.0,700.0,688800.0
8565.jpg,907.0,670.0,607690.0
8566.jpg,870.0,1021.0,888270.0
8567.jpg,1497.0,1100.0,1646700.0
8571.jpg,1035.0,770.0,796950.0
8572.jpg,1407.0,1000.0,1407000.0
8573.jpg,1424.0,1100.0,1566400.0
8574.jpg,1088.0,840.0,913920.0
8575.jpg,1219.0,901.0,1098319.0
8576.jpg,951.0,947.0,900597.0
8577.jpg,1126.0,790.0,889540.0
8578.jpg,1057.0,790.0,835030.0
8579.jpg,900.0,697.0,627300.0
8580.jpg,1047.0,784.0,820848.0
8581.jpg,995.0,750.0,746250.0
8582.jpg,1173.0,900.0,1055700.0
8583.jpg,935.0,680.0,635800.0
8584.jpg,1166.0,770.0,897820.0
8585.jpg,1000.0,1321.0,1321000.0
8586.jpg,1090.0,700.0,763000.0
8587.jpg,1478.0,1100.0,1625800.0
8588.jpg,1255.0,902.0,1132010.0
8589.jpg,605.0,800.0,484000.0
8590.jpg,1147.0,850.0,974950.0
8591.jpg,1012.0,800.0,809600.0
8592.jpg,1089.0,858.0,934362.0
8593.jpg,1087.0,820.0,891340.0
8594.jpg,1426.0,1000.0,1426000.0
8595.jpg,1118.0,810.0,905580.0
8596.jpg,1240.0,986.0,1222640.0
8597.jpg,932.0,670.0,624440.0
8598.jpg,1240.0,740.0,917600.0
8599.jpg,1030.0,809.0,833270.0
8612.jpg,1000.0,825.0,825000.0
8613.jpg,1011.0,950.0,960450.0
8614.jpg,1165.0,800.0,932000.0
8615.jpg,1000.0,1161.0,1161000.0
8616.jpg,918.0,626.0,574668.0
8617.jpg,1400.0,969.0,1356600.0
8618.jpg,1062.0,1300.0,1380600.0
8639.jpg,900.0,1443.0,1298700.0
8640.jpg,901.0,1200.0,1081200.0
8641.jpg,1043.0,1100.0,1147300.0
8642.jpg,792.0,649.0,514008.0
8643.jpg,1205.0,600.0,723000.0
8644.jpg,1381.0,950.0,1311950.0
8645.jpg,850.0,1015.0,862750.0
8647.jpg,1048.0,1400.0,1467200.0
8648.jpg,898.0,1000.0,898000.0
8649.jpg,913.0,1300.0,1186900.0
8650.jpg,800.0,551.0,440800.0
8653.jpg,871.0,1300.0,1132300.0
8654.jpg,1000.0,1472.0,1472000.0
8657.jpg,800.0,1168.0,934400.0
8660.jpg,800.0,1112.0,889600.0
8661.jpg,716.0,1005.0,719580.0
8662.jpg,1195.0,794.0,948830.0
8663.jpg,1074.0,804.0,863496.0
8668.jpg,1408.0,1000.0,1408000.0
8670.jpg,1200.0,891.0,1069200.0
8671.jpg,1223.0,500.0,611500.0
8672.jpg,1153.0,850.0,980050.0
8673.jpg,1177.0,721.0,848617.0
8691.jpg,1233.0,900.0,1109700.0
8692.jpg,768.0,1107.0,850176.0
8694.jpg,846.0,1420.0,1201320.0
8696.jpg,737.0,900.0,663300.0
8698.jpg,1300.0,904.0,1175200.0
8699.jpg,1124.0,770.0,865480.0
8700.jpg,1004.0,1080.0,1084320.0
8701.jpg,1300.0,1475.0,1917500.0
8702.jpg,1267.0,1400.0,1773800.0
8703.jpg,957.0,1300.0,1244100.0
8704.jpg,528.0,1020.0,538560.0
8706.jpg,1055.0,1300.0,1371500.0
8707.jpg,810.0,1016.0,822960.0
8708.jpg,700.0,1035.0,724500.0
8709.jpg,726.0,971.0,704946.0
8711.jpg,1000.0,1232.0,1232000.0
8712.jpg,805.0,1026.0,825930.0
8713.jpg,875.0,1010.0,883750.0
8714.jpg,1000.0,1097.0,1097000.0
8724.jpg,850.0,1205.0,1024250.0
8746.jpg,855.0,1100.0,940500.0
8747.jpg,1077.0,800.0,861600.0
8749.jpg,800.0,596.0,476800.0
8750.jpg,636.0,898.0,571128.0
8751.jpg,899.0,721.0,648179.0
8752.jpg,840.0,650.0,546000.0
8753.jpg,847.0,640.0,542080.0
8754.jpg,1404.0,900.0,1263600.0
8755.jpg,1020.0,782.0,797640.0
8756.jpg,800.0,500.0,400000.0
8757.jpg,1327.0,1000.0,1327000.0
8760.jpg,1521.0,1200.0,1825200.0
8762.jpg,1446.0,722.0,1044012.0
8763.jpg,1500.0,947.0,1420500.0
8764.jpg,1100.0,755.0,830500.0
8765.jpg,1100.0,748.0,822800.0
8766.jpg,1030.0,793.0,816790.0
8767.jpg,1000.0,1349.0,1349000.0
8770.jpg,1300.0,1007.0,1309100.0
8771.jpg,1200.0,760.0,912000.0
8789.jpg,1136.0,1700.0,1931200.0
8790.jpg,1067.0,770.0,821590.0
8791.jpg,1312.0,1000.0,1312000.0
8792.jpg,1450.0,1000.0,1450000.0
8794.jpg,1600.0,925.0,1480000.0
8795.jpg,1154.0,845.0,975130.0
8801.jpg,900.0,1208.0,1087200.0
8802.jpg,674.0,880.0,593120.0
8803.jpg,548.0,830.0,454840.0
8804.jpg,559.0,887.0,495833.0
8807.jpg,800.0,1174.0,939200.0
8808.jpg,820.0,1128.0,924960.0
8809.jpg,692.0,958.0,662936.0
8810.jpg,1088.0,1000.0,1088000.0
8812.jpg,850.0,1019.0,866150.0
8813.jpg,1379.0,450.0,620550.0
8814.jpg,1197.0,690.0,825930.0
8815.jpg,1100.0,791.0,870100.0
8816.jpg,1100.0,985.0,1083500.0
8817.jpg,1300.0,1022.0,1328600.0
8823.jpg,1300.0,876.0,1138800.0
8824.jpg,300.0,1224.0,367200.0
8826.jpg,1200.0,798.0,957600.0
8827.jpg,1357.0,850.0,1153450.0
8828.jpg,548.0,503.0,275644.0
8829.jpg,1151.0,770.0,886270.0
8830.jpg,1024.0,776.0,794624.0
8831.jpg,900.0,1071.0,963900.0
8832.jpg,1329.0,900.0,1196100.0
8833.jpg,1000.0,1308.0,1308000.0
8834.jpg,920.0,1080.0,993600.0
8835.jpg,1069.0,1300.0,1389700.0
8836.jpg,1000.0,1226.0,1226000.0
8837.jpg,964.0,1200.0,1156800.0
8838.jpg,1400.0,935.0,1309000.0
8839.jpg,1400.0,949.0,1328600.0
8840.jpg,1000.0,1228.0,1228000.0
8841.jpg,1400.0,873.0,1222200.0
8842.jpg,1400.0,888.0,1243200.0
8843.jpg,850.0,1100.0,935000.0
8844.jpg,795.0,1200.0,954000.0
8846.jpg,1038.0,868.0,900984.0
8847.jpg,891.0,600.0,534600.0
8849.jpg,959.0,738.0,707742.0
8852.jpg,1289.0,1100.0,1417900.0
8853.jpg,871.0,1136.0,989456.0
8854.jpg,800.0,939.0,751200.0
8855.jpg,1221.0,1000.0,1221000.0
8856.jpg,1250.0,962.0,1202500.0
8857.jpg,1002.0,962.0,963924.0
8858.jpg,1091.0,850.0,927350.0
8859.jpg,700.0,901.0,630700.0
8860.jpg,700.0,850.0,595000.0
8861.jpg,881.0,1060.0,933860.0
8862.jpg,1218.0,919.0,1119342.0
8863.jpg,801.0,920.0,736920.0
8865.jpg,760.0,897.0,681720.0
8868.jpg,850.0,719.0,611150.0
8869.jpg,1300.0,1011.0,1314300.0
8870.jpg,1300.0,1084.0,1409200.0
8871.jpg,1300.0,956.0,1242800.0
8872.jpg,881.0,1134.0,999054.0
8883.jpg,1189.0,1294.0,1538566.0
8884.jpg,905.0,700.0,633500.0
8885.jpg,653.0,900.0,587700.0
8886.jpg,1058.0,1300.0,1375400.0
8887.jpg,1000.0,1172.0,1172000.0
8888.jpg,1069.0,1300.0,1389700.0
8889.jpg,1004.0,1300.0,1305200.0
8890.jpg,1000.0,1205.0,1205000.0
8891.jpg,1000.0,1218.0,1218000.0
8892.jpg,800.0,1209.0,967200.0
8904.jpg,1030.0,786.0,809580.0
8905.jpg,1243.0,900.0,1118700.0
8906.jpg,885.0,1200.0,1062000.0
8907.jpg,1100.0,1325.0,1457500.0
8910.jpg,1400.0,1024.0,1433600.0
8911.jpg,796.0,1086.0,864456.0
8913.jpg,1200.0,1112.0,1334400.0
8914.jpg,804.0,1095.0,880380.0
8917.jpg,1400.0,935.0,1309000.0
8921.jpg,1030.0,843.0,868290.0
8922.jpg,800.0,1003.0,802400.0
8923.jpg,1237.0,850.0,1051450.0
8924.jpg,820.0,661.0,542020.0
8925.jpg,1030.0,776.0,799280.0
8926.jpg,1182.0,770.0,910140.0
8927.jpg,1139.0,903.0,1028517.0
8928.jpg,804.0,916.0,736464.0
8929.jpg,1000.0,768.0,768000.0
8930.jpg,1239.0,850.0,1053150.0
8931.jpg,1441.0,1000.0,1441000.0
8932.jpg,1015.0,1000.0,1015000.0
8934.jpg,1169.0,806.0,942214.0
8935.jpg,1047.0,770.0,806190.0
8936.jpg,1030.0,704.0,725120.0
8937.jpg,1000.0,1154.0,1154000.0
8938.jpg,1160.0,770.0,893200.0
8939.jpg,1200.0,741.0,889200.0
8940.jpg,1300.0,842.0,1094600.0
8941.jpg,1211.0,770.0,932470.0
8942.jpg,1130.0,870.0,983100.0
8943.jpg,1067.0,850.0,906950.0
8945.jpg,1190.0,900.0,1071000.0
8948.jpg,1105.0,1300.0,1436500.0
8950.jpg,850.0,1103.0,937550.0
8951.jpg,900.0,1125.0,1012500.0
8952.jpg,900.0,1138.0,1024200.0
8953.jpg,1414.0,1000.0,1414000.0
8954.jpg,950.0,534.0,507300.0
8955.jpg,1600.0,746.0,1193600.0
8956.jpg,1400.0,871.0,1219400.0
8957.jpg,845.0,1200.0,1014000.0
8958.jpg,657.0,900.0,591300.0
8960.jpg,1397.0,1096.0,1531112.0
8962.jpg,1126.0,1486.0,1673236.0
8963.jpg,900.0,1310.0,1179000.0
8964.jpg,801.0,1374.0,1100574.0
8965.jpg,960.0,1348.0,1294080.0
8968.jpg,891.0,1134.0,1010394.0
8974.jpg,1200.0,776.0,931200.0
8975.jpg,1348.0,845.0,1139060.0
8976.jpg,1069.0,750.0,801750.0
8980.jpg,1300.0,915.0,1189500.0
8982.jpg,1126.0,944.0,1062944.0
8983.jpg,1500.0,1128.0,1692000.0
8984.jpg,1500.0,1157.0,1735500.0
8989.jpg,772.0,1000.0,772000.0
8990.jpg,680.0,898.0,610640.0
8991.jpg,929.0,650.0,603850.0
8992.jpg,1433.0,937.0,1342721.0
8993.jpg,822.0,1001.0,822822.0
8994.jpg,1000.0,1385.0,1385000.0
8995.jpg,1097.0,883.0,968651.0
8996.jpg,1234.0,1500.0,1851000.0
8997.jpg,1100.0,1362.0,1498200.0
8998.jpg,1030.0,816.0,840480.0
8999.jpg,839.0,1001.0,839839.0
9000.jpg,809.0,950.0,768550.0
9001.jpg,399.0,449.0,179151.0
9002.jpg,1125.0,890.0,1001250.0
9003.jpg,824.0,1100.0,906400.0
9004.jpg,908.0,1100.0,998800.0
9005.jpg,775.0,1400.0,1085000.0
9006.jpg,650.0,1149.0,746850.0
9007.jpg,729.0,1300.0,947700.0
9010.jpg,1177.0,850.0,1000450.0
9027.jpg,575.0,915.0,526125.0
9028.jpg,1042.0,1400.0,1458800.0
9029.jpg,1400.0,1074.0,1503600.0
9030.jpg,1334.0,800.0,1067200.0
9031.jpg,1300.0,1141.0,1483300.0
9032.jpg,1400.0,1026.0,1436400.0
9033.jpg,1400.0,1070.0,1498000.0
9034.jpg,1015.0,1300.0,1319500.0
9035.jpg,1008.0,1500.0,1512000.0
9036.jpg,1134.0,1400.0,1587600.0
9037.jpg,1122.0,1400.0,1570800.0
9038.jpg,1060.0,1400.0,1484000.0
9039.jpg,1300.0,1051.0,1366300.0
9040.jpg,1300.0,1004.0,1305200.0
9041.jpg,1363.0,1100.0,1499300.0
9043.jpg,1636.0,900.0,1472400.0
9044.jpg,1444.0,1100.0,1588400.0
9045.jpg,1212.0,1500.0,1818000.0
9048.jpg,750.0,965.0,723750.0
9049.jpg,649.0,813.0,527637.0
9050.jpg,700.0,868.0,607600.0
9051.jpg,1000.0,1463.0,1463000.0
9052.jpg,768.0,900.0,691200.0
9053.jpg,601.0,800.0,480800.0
9054.jpg,816.0,1079.0,880464.0
9055.jpg,705.0,840.0,592200.0
9057.jpg,1002.0,902.0,903804.0
9059.jpg,1319.0,770.0,1015630.0
9060.jpg,1000.0,875.0,875000.0
9061.jpg,807.0,1034.0,834438.0
9062.jpg,1027.0,886.0,909922.0
9063.jpg,1046.0,1030.0,1077380.0
9064.jpg,1230.0,1000.0,1230000.0
9067.jpg,1217.0,988.0,1202396.0
9068.jpg,1039.0,814.0,845746.0
9069.jpg,1100.0,1372.0,1509200.0
9070.jpg,1053.0,997.0,1049841.0
9072.jpg,1307.0,950.0,1241650.0
9073.jpg,672.0,816.0,548352.0
9074.jpg,1343.0,900.0,1208700.0
9075.jpg,1017.0,669.0,680373.0
9076.jpg,1004.0,1050.0,1054200.0
9077.jpg,840.0,976.0,819840.0
9078.jpg,1167.0,777.0,906759.0
9079.jpg,647.0,898.0,581006.0
9080.jpg,1340.0,1000.0,1340000.0
9081.jpg,1400.0,1366.0,1912400.0
9082.jpg,780.0,1105.0,861900.0
9083.jpg,810.0,976.0,790560.0
9084.jpg,1094.0,1300.0,1422200.0
9085.jpg,754.0,990.0,746460.0
9086.jpg,1000.0,1408.0,1408000.0
9088.jpg,734.0,1013.0,743542.0
9089.jpg,1200.0,847.0,1016400.0
9090.jpg,1000.0,1273.0,1273000.0
9091.jpg,1256.0,900.0,1130400.0
9092.jpg,806.0,1134.0,914004.0
9093.jpg,1179.0,897.0,1057563.0
9095.jpg,1201.0,874.0,1049674.0
9096.jpg,1030.0,833.0,857990.0
9097.jpg,850.0,1144.0,972400.0
9098.jpg,1189.0,989.0,1175921.0
9101.jpg,723.0,900.0,650700.0
9105.jpg,1333.0,900.0,1199700.0
9106.jpg,700.0,899.0,629300.0
9107.jpg,1200.0,719.0,862800.0
9108.jpg,1200.0,651.0,781200.0
9109.jpg,1000.0,1260.0,1260000.0
9110.jpg,1500.0,830.0,1245000.0
9111.jpg,1207.0,828.0,999396.0
9112.jpg,1050.0,1413.0,1483650.0
9114.jpg,1200.0,838.0,1005600.0
9115.jpg,864.0,1200.0,1036800.0
9116.jpg,1213.0,770.0,934010.0
9117.jpg,1188.0,1000.0,1188000.0
9118.jpg,900.0,1203.0,1082700.0
9119.jpg,1400.0,1011.0,1415400.0
9120.jpg,1046.0,800.0,836800.0
9121.jpg,1214.0,900.0,1092600.0
9122.jpg,1113.0,1500.0,1669500.0
9123.jpg,900.0,1200.0,1080000.0
9124.jpg,800.0,1205.0,964000.0
9125.jpg,900.0,1228.0,1105200.0
9126.jpg,1342.0,900.0,1207800.0
9127.jpg,900.0,1097.0,987300.0
9128.jpg,1285.0,850.0,1092250.0
9129.jpg,800.0,1078.0,862400.0
9130.jpg,800.0,1194.0,955200.0
9131.jpg,1158.0,950.0,1100100.0
9132.jpg,800.0,1086.0,868800.0
9133.jpg,850.0,1085.0,922250.0
9134.jpg,800.0,1163.0,930400.0
9135.jpg,856.0,1300.0,1112800.0
9136.jpg,900.0,1438.0,1294200.0
9137.jpg,1123.0,900.0,1010700.0
9146.jpg,1140.0,950.0,1083000.0
9147.jpg,900.0,1120.0,1008000.0
9148.jpg,800.0,565.0,452000.0
9149.jpg,1128.0,800.0,902400.0
9150.jpg,563.0,800.0,450400.0
9151.jpg,571.0,800.0,456800.0
9152.jpg,850.0,1080.0,918000.0
9153.jpg,586.0,862.0,505132.0
9154.jpg,876.0,1100.0,963600.0
9155.jpg,900.0,1351.0,1215900.0
9156.jpg,868.0,596.0,517328.0
9157.jpg,1136.0,800.0,908800.0
9158.jpg,1000.0,1323.0,1323000.0
9159.jpg,1192.0,800.0,953600.0
9160.jpg,812.0,1004.0,815248.0
9161.jpg,800.0,1068.0,854400.0
9162.jpg,950.0,1388.0,1318600.0
9163.jpg,763.0,938.0,715694.0
9164.jpg,1200.0,1434.0,1720800.0
9167.jpg,629.0,960.0,603840.0
9168.jpg,900.0,1063.0,956700.0
9169.jpg,542.0,700.0,379400.0
9170.jpg,840.0,1006.0,845040.0
9171.jpg,816.0,1120.0,913920.0
9172.jpg,592.0,858.0,507936.0
9173.jpg,950.0,1697.0,1612150.0
9174.jpg,950.0,1700.0,1615000.0
9175.jpg,460.0,800.0,368000.0
9176.jpg,1239.0,1000.0,1239000.0
9177.jpg,1200.0,1387.0,1664400.0
9178.jpg,706.0,1632.0,1152192.0
9179.jpg,713.0,1632.0,1163616.0
9180.jpg,917.0,727.0,666659.0
9181.jpg,1000.0,1493.0,1493000.0
9182.jpg,1313.0,1000.0,1313000.0
9183.jpg,824.0,640.0,527360.0
9185.jpg,600.0,862.0,517200.0
9186.jpg,900.0,919.0,827100.0
9187.jpg,1078.0,800.0,862400.0
9188.jpg,1100.0,1393.0,1532300.0
9189.jpg,1259.0,1400.0,1762600.0
9190.jpg,622.0,700.0,435400.0
9201.jpg,1024.0,750.0,768000.0
9202.jpg,1077.0,800.0,861600.0
9203.jpg,1068.0,800.0,854400.0
9206.jpg,1255.0,912.0,1144560.0
9209.jpg,800.0,1348.0,1078400.0
9210.jpg,1320.0,961.0,1268520.0
9211.jpg,1063.0,1300.0,1381900.0
9212.jpg,808.0,1069.0,863752.0
9213.jpg,1001.0,1300.0,1301300.0
9214.jpg,1500.0,890.0,1335000.0
9215.jpg,1500.0,890.0,1335000.0
9216.jpg,1508.0,1000.0,1508000.0
9217.jpg,1500.0,979.0,1468500.0
9218.jpg,1009.0,1300.0,1311700.0
9219.jpg,1008.0,1300.0,1310400.0
9220.jpg,1007.0,1300.0,1309100.0
9221.jpg,900.0,1368.0,1231200.0
9223.jpg,1000.0,1210.0,1210000.0
9224.jpg,850.0,1212.0,1030200.0
9225.jpg,1000.0,1410.0,1410000.0
9226.jpg,1000.0,1404.0,1404000.0
9227.jpg,900.0,1177.0,1059300.0
9231.jpg,837.0,1200.0,1004400.0
9232.jpg,1087.0,900.0,978300.0
9233.jpg,1200.0,1149.0,1378800.0
9234.jpg,1446.0,900.0,1301400.0
9235.jpg,1431.0,900.0,1287900.0
9236.jpg,1154.0,900.0,1038600.0
9237.jpg,1100.0,900.0,990000.0
9238.jpg,967.0,1250.0,1208750.0
9239.jpg,950.0,1104.0,1048800.0
9240.jpg,1011.0,1300.0,1314300.0
9241.jpg,1071.0,1300.0,1392300.0
9242.jpg,1515.0,900.0,1363500.0
9243.jpg,1500.0,902.0,1353000.0
9244.jpg,950.0,1162.0,1103900.0
9245.jpg,1207.0,800.0,965600.0
9246.jpg,1098.0,770.0,845460.0
9248.jpg,1030.0,777.0,800310.0
9249.jpg,1300.0,1061.0,1379300.0
9250.jpg,1030.0,774.0,797220.0
9251.jpg,908.0,580.0,526640.0
9252.jpg,1204.0,900.0,1083600.0
9253.jpg,671.0,1700.0,1140700.0
9254.jpg,907.0,1100.0,997700.0
9255.jpg,750.0,1190.0,892500.0
9256.jpg,806.0,1228.0,989768.0
9257.jpg,659.0,931.0,613529.0
9258.jpg,1207.0,802.0,968014.0
9259.jpg,1372.0,1000.0,1372000.0
9260.jpg,1100.0,1207.0,1327700.0
9261.jpg,1125.0,1600.0,1800000.0
9262.jpg,1020.0,966.0,985320.0
9263.jpg,666.0,857.0,570762.0
9265.jpg,694.0,1100.0,763400.0
9266.jpg,703.0,1255.0,882265.0
9274.jpg,941.0,1200.0,1129200.0
9280.jpg,974.0,782.0,761668.0
9281.jpg,974.0,660.0,642840.0
9282.jpg,852.0,1100.0,937200.0
9283.jpg,900.0,1089.0,980100.0
9284.jpg,835.0,910.0,759850.0
9285.jpg,1870.0,550.0,1028500.0
9286.jpg,1100.0,811.0,892100.0
9287.jpg,1100.0,817.0,898700.0
9288.jpg,628.0,964.0,605392.0
9289.jpg,368.0,968.0,356224.0
9290.jpg,842.0,840.0,707280.0
9291.jpg,800.0,1620.0,1296000.0
9292.jpg,790.0,964.0,761560.0
9293.jpg,800.0,1660.0,1328000.0
9294.jpg,520.0,390.0,202800.0
9295.jpg,662.0,966.0,639492.0
9296.jpg,810.0,807.0,653670.0
9297.jpg,520.0,390.0,202800.0
9298.jpg,520.0,390.0,202800.0
9299.jpg,888.0,752.0,667776.0
9300.jpg,850.0,1259.0,1070150.0
9301.jpg,1846.0,700.0,1292200.0
9302.jpg,847.0,1100.0,931700.0
9303.jpg,1106.0,770.0,851620.0
9304.jpg,900.0,1143.0,1028700.0
9305.jpg,940.0,698.0,656120.0
9306.jpg,721.0,900.0,648900.0
9307.jpg,735.0,900.0,661500.0
9308.jpg,1400.0,891.0,1247400.0
9309.jpg,800.0,961.0,768800.0
9310.jpg,949.0,900.0,854100.0
9311.jpg,1127.0,777.0,875679.0
9312.jpg,807.0,1100.0,887700.0
9313.jpg,1112.0,770.0,856240.0
9314.jpg,900.0,1067.0,960300.0
9315.jpg,898.0,688.0,617824.0
9316.jpg,745.0,900.0,670500.0
9317.jpg,579.0,950.0,550050.0
9318.jpg,808.0,1100.0,888800.0
9319.jpg,1107.0,770.0,852390.0
9320.jpg,900.0,1007.0,906300.0
9321.jpg,806.0,1152.0,928512.0
9322.jpg,1252.0,1060.0,1327120.0
9323.jpg,1097.0,662.0,726214.0
9325.jpg,1454.0,550.0,799700.0
9326.jpg,1285.0,1500.0,1927500.0
9327.jpg,870.0,791.0,688170.0
9329.jpg,739.0,946.0,699094.0
9330.jpg,1240.0,1000.0,1240000.0
9331.jpg,1016.0,1200.0,1219200.0
9332.jpg,1400.0,865.0,1211000.0
9333.jpg,1008.0,1200.0,1209600.0
9334.jpg,700.0,1004.0,702800.0
9335.jpg,1466.0,850.0,1246100.0
9336.jpg,1471.0,850.0,1250350.0
9337.jpg,1000.0,1094.0,1094000.0
9338.jpg,1104.0,1000.0,1104000.0
9339.jpg,1100.0,1161.0,1277100.0
9340.jpg,709.0,1015.0,719635.0
9341.jpg,1012.0,703.0,711436.0
9343.jpg,1063.0,1400.0,1488200.0
9344.jpg,1000.0,1267.0,1267000.0
9345.jpg,803.0,1041.0,835923.0
9346.jpg,969.0,1238.0,1199622.0
9348.jpg,716.0,993.0,710988.0
9349.jpg,650.0,930.0,604500.0
9350.jpg,774.0,1900.0,1470600.0
9351.jpg,900.0,1151.0,1035900.0
9352.jpg,1000.0,1313.0,1313000.0
9353.jpg,800.0,1146.0,916800.0
9354.jpg,853.0,1400.0,1194200.0
9357.jpg,1185.0,1500.0,1777500.0
9358.jpg,357.0,409.0,146013.0
9359.jpg,307.0,380.0,116660.0
9360.jpg,359.0,385.0,138215.0
9361.jpg,1169.0,1400.0,1636600.0
9362.jpg,800.0,1163.0,930400.0
9363.jpg,800.0,1169.0,935200.0
9364.jpg,550.0,788.0,433400.0
9365.jpg,600.0,894.0,536400.0
9366.jpg,642.0,935.0,600270.0
9368.jpg,745.0,1100.0,819500.0
9369.jpg,608.0,900.0,547200.0
9370.jpg,1126.0,1361.0,1532486.0
9371.jpg,1032.0,1300.0,1341600.0
9372.jpg,1000.0,1319.0,1319000.0
9373.jpg,1500.0,1213.0,1819500.0
9374.jpg,1500.0,1019.0,1528500.0
9375.jpg,1491.0,894.0,1332954.0
9376.jpg,1400.0,823.0,1152200.0
9380.jpg,997.0,1227.0,1223319.0
9381.jpg,1168.0,770.0,899360.0
9382.jpg,1311.0,1000.0,1311000.0
9383.jpg,1315.0,800.0,1052000.0
9384.jpg,1286.0,600.0,771600.0
9385.jpg,1225.0,1200.0,1470000.0
9386.jpg,1357.0,900.0,1221300.0
9387.jpg,1436.0,1100.0,1579600.0
9388.jpg,1234.0,900.0,1110600.0
9389.jpg,1165.0,900.0,1048500.0
9390.jpg,829.0,1100.0,911900.0
9391.jpg,1147.0,1100.0,1261700.0
9392.jpg,1266.0,1000.0,1266000.0
9393.jpg,1600.0,939.0,1502400.0
9394.jpg,1000.0,1274.0,1274000.0
9395.jpg,1000.0,1326.0,1326000.0
9396.jpg,1184.0,1000.0,1184000.0
9397.jpg,1357.0,850.0,1153450.0
9398.jpg,1269.0,900.0,1142100.0
9399.jpg,800.0,1106.0,884800.0
9400.jpg,1163.0,800.0,930400.0
9401.jpg,1000.0,1290.0,1290000.0
9402.jpg,1129.0,770.0,869330.0
9403.jpg,1287.0,770.0,990990.0
9404.jpg,1232.0,1000.0,1232000.0
9405.jpg,1029.0,1255.0,1291395.0
9406.jpg,900.0,1107.0,996300.0
9407.jpg,850.0,1094.0,929900.0
9408.jpg,1000.0,1277.0,1277000.0
9409.jpg,1215.0,1000.0,1215000.0
9410.jpg,1000.0,1184.0,1184000.0
9411.jpg,1000.0,1354.0,1354000.0
9412.jpg,1000.0,1235.0,1235000.0
9413.jpg,826.0,1000.0,826000.0
9414.jpg,1221.0,1000.0,1221000.0
9415.jpg,1511.0,1200.0,1813200.0
9416.jpg,1000.0,1317.0,1317000.0
9417.jpg,950.0,1259.0,1196050.0
9418.jpg,800.0,978.0,782400.0
9419.jpg,675.0,850.0,573750.0
9420.jpg,700.0,900.0,630000.0
9421.jpg,1218.0,1000.0,1218000.0
9422.jpg,1089.0,1350.0,1470150.0
9423.jpg,1000.0,1238.0,1238000.0
9424.jpg,678.0,850.0,576300.0
9425.jpg,1000.0,1283.0,1283000.0
9426.jpg,770.0,950.0,731500.0
9427.jpg,1000.0,1325.0,1325000.0
9428.jpg,700.0,850.0,595000.0
9429.jpg,1000.0,1292.0,1292000.0
9431.jpg,1000.0,1189.0,1189000.0
9432.jpg,1248.0,1000.0,1248000.0
9433.jpg,1664.0,1100.0,1830400.0
9434.jpg,1189.0,1000.0,1189000.0
9435.jpg,1130.0,750.0,847500.0
9436.jpg,1255.0,750.0,941250.0
9437.jpg,1000.0,1236.0,1236000.0
9438.jpg,1000.0,1189.0,1189000.0
9439.jpg,1234.0,1000.0,1234000.0
9440.jpg,1004.0,800.0,803200.0
9441.jpg,1270.0,900.0,1143000.0
9442.jpg,1394.0,1100.0,1533400.0
9443.jpg,1200.0,1000.0,1200000.0
9444.jpg,1210.0,900.0,1089000.0
9445.jpg,977.0,770.0,752290.0
9446.jpg,1217.0,1000.0,1217000.0
9447.jpg,1215.0,900.0,1093500.0
9449.jpg,800.0,1057.0,845600.0
9450.jpg,1305.0,900.0,1174500.0
9451.jpg,1400.0,1103.0,1544200.0
9452.jpg,1232.0,1000.0,1232000.0
9453.jpg,1300.0,863.0,1121900.0
9454.jpg,987.0,1250.0,1233750.0
9455.jpg,1309.0,1000.0,1309000.0
9456.jpg,1262.0,900.0,1135800.0
9464.jpg,487.0,600.0,292200.0
9465.jpg,920.0,1255.0,1154600.0
9466.jpg,930.0,1329.0,1235970.0
9469.jpg,765.0,1013.0,774945.0
9471.jpg,1094.0,761.0,832534.0
9475.jpg,1021.0,700.0,714700.0
9476.jpg,1043.0,700.0,730100.0
9477.jpg,1400.0,756.0,1058400.0
9483.jpg,1426.0,900.0,1283400.0
9485.jpg,1190.0,800.0,952000.0
9487.jpg,1000.0,1044.0,1044000.0
9488.jpg,651.0,1046.0,680946.0
9489.jpg,650.0,1044.0,678600.0
9514.jpg,1298.0,770.0,999460.0
9515.jpg,900.0,1025.0,922500.0
9516.jpg,650.0,1322.0,859300.0
9517.jpg,1400.0,1101.0,1541400.0
9518.jpg,946.0,1251.0,1183446.0
9519.jpg,1220.0,1002.0,1222440.0
9520.jpg,850.0,992.0,843200.0
9523.jpg,755.0,950.0,717250.0
9524.jpg,1039.0,832.0,864448.0
9525.jpg,1324.0,1000.0,1324000.0
9527.jpg,1096.0,702.0,769392.0
9529.jpg,1030.0,816.0,840480.0
9530.jpg,1245.0,929.0,1156605.0
9531.jpg,592.0,650.0,384800.0
9532.jpg,466.0,618.0,287988.0
9533.jpg,772.0,1051.0,811372.0
9537.jpg,801.0,1009.0,808209.0
9546.jpg,1408.0,950.0,1337600.0
9547.jpg,755.0,987.0,745185.0
9548.jpg,850.0,964.0,819400.0
9549.jpg,1031.0,790.0,814490.0
9550.jpg,1200.0,560.0,672000.0
9551.jpg,898.0,1200.0,1077600.0
9552.jpg,1255.0,1000.0,1255000.0
9553.jpg,1255.0,824.0,1034120.0
9555.jpg,784.0,998.0,782432.0
9556.jpg,790.0,1001.0,790790.0
9557.jpg,752.0,962.0,723424.0
9558.jpg,650.0,900.0,585000.0
9560.jpg,893.0,1100.0,982300.0
9561.jpg,823.0,1050.0,864150.0
9562.jpg,1002.0,1255.0,1257510.0
9563.jpg,1165.0,1255.0,1462075.0
9564.jpg,1377.0,900.0,1239300.0
9565.jpg,900.0,1221.0,1098900.0
9567.jpg,783.0,1003.0,785349.0
9588.jpg,1030.0,710.0,731300.0
9589.jpg,750.0,1359.0,1019250.0
9596.jpg,788.0,1123.0,884924.0
9597.jpg,1350.0,1000.0,1350000.0
9599.jpg,700.0,951.0,665700.0
9603.jpg,1350.0,990.0,1336500.0
9604.jpg,861.0,1100.0,947100.0
9606.jpg,1117.0,1400.0,1563800.0
9607.jpg,800.0,1194.0,955200.0
9608.jpg,936.0,1400.0,1310400.0
9609.jpg,1361.0,900.0,1224900.0
9617.jpg,821.0,1500.0,1231500.0
9618.jpg,791.0,1500.0,1186500.0
9619.jpg,1000.0,1348.0,1348000.0
9620.jpg,1600.0,727.0,1163200.0
9621.jpg,1030.0,936.0,964080.0
9622.jpg,1200.0,837.0,1004400.0
9623.jpg,1182.0,703.0,830946.0
9624.jpg,1323.0,800.0,1058400.0
9625.jpg,595.0,1700.0,1011500.0
9626.jpg,1000.0,1208.0,1208000.0
9627.jpg,800.0,1566.0,1252800.0
9628.jpg,589.0,1700.0,1001300.0
9629.jpg,1327.0,1700.0,2255900.0
9630.jpg,1100.0,1231.0,1354100.0
9631.jpg,1000.0,1248.0,1248000.0
9632.jpg,1030.0,1300.0,1339000.0
9633.jpg,900.0,1233.0,1109700.0
9634.jpg,900.0,1233.0,1109700.0
9635.jpg,897.0,1300.0,1166100.0
9636.jpg,904.0,1300.0,1175200.0
9637.jpg,925.0,1200.0,1110000.0
9638.jpg,1000.0,1305.0,1305000.0
9639.jpg,526.0,1800.0,946800.0
9640.jpg,1000.0,1510.0,1510000.0
9641.jpg,1030.0,1400.0,1442000.0
9643.jpg,649.0,1600.0,1038400.0
9644.jpg,652.0,1600.0,1043200.0
9645.jpg,1200.0,1042.0,1250400.0
9646.jpg,1200.0,1053.0,1263600.0
9647.jpg,755.0,1300.0,981500.0
9648.jpg,1200.0,1609.0,1930800.0
9649.jpg,1000.0,1313.0,1313000.0
9650.jpg,1000.0,1323.0,1323000.0
9651.jpg,1002.0,1300.0,1302600.0
9652.jpg,1000.0,1439.0,1439000.0
9653.jpg,1022.0,1600.0,1635200.0
9654.jpg,672.0,950.0,638400.0
9655.jpg,853.0,1250.0,1066250.0
9656.jpg,936.0,1400.0,1310400.0
9657.jpg,766.0,1020.0,781320.0
9658.jpg,1184.0,1600.0,1894400.0
9659.jpg,900.0,1296.0,1166400.0
9660.jpg,903.0,1200.0,1083600.0
9661.jpg,1000.0,1329.0,1329000.0
9662.jpg,1200.0,1385.0,1662000.0
9663.jpg,1030.0,1350.0,1390500.0
9664.jpg,800.0,1113.0,890400.0
9665.jpg,808.0,1200.0,969600.0
9666.jpg,1072.0,1600.0,1715200.0
9667.jpg,1080.0,1400.0,1512000.0
9668.jpg,1000.0,1446.0,1446000.0
9669.jpg,1129.0,1500.0,1693500.0
9670.jpg,836.0,1300.0,1086800.0
9671.jpg,1005.0,1300.0,1306500.0
9672.jpg,801.0,1059.0,848259.0
9673.jpg,900.0,1371.0,1233900.0
9674.jpg,806.0,1082.0,872092.0
9675.jpg,801.0,1200.0,961200.0
9676.jpg,1000.0,1151.0,1151000.0
9677.jpg,1000.0,1304.0,1304000.0
9678.jpg,683.0,900.0,614700.0
9679.jpg,1400.0,958.0,1341200.0
9680.jpg,900.0,1006.0,905400.0
9681.jpg,900.0,1384.0,1245600.0
9682.jpg,1212.0,900.0,1090800.0
9683.jpg,1200.0,1345.0,1614000.0
9684.jpg,703.0,1003.0,705109.0
9686.jpg,948.0,1200.0,1137600.0
9687.jpg,1000.0,1432.0,1432000.0
9688.jpg,843.0,750.0,632250.0
9689.jpg,806.0,1001.0,806806.0
9690.jpg,1000.0,1346.0,1346000.0
9691.jpg,1041.0,1400.0,1457400.0
9692.jpg,1071.0,1400.0,1499400.0
9693.jpg,1400.0,926.0,1296400.0
9694.jpg,600.0,807.0,484200.0
9695.jpg,713.0,700.0,499100.0
9696.jpg,450.0,1581.0,711450.0
9697.jpg,875.0,1400.0,1225000.0
9698.jpg,1000.0,1290.0,1290000.0
9699.jpg,800.0,1303.0,1042400.0
9700.jpg,1537.0,800.0,1229600.0
9701.jpg,1478.0,1000.0,1478000.0
9702.jpg,704.0,900.0,633600.0
9703.jpg,1453.0,1000.0,1453000.0
9704.jpg,1100.0,1464.0,1610400.0
9705.jpg,434.0,700.0,303800.0
9706.jpg,788.0,1200.0,945600.0
9707.jpg,1096.0,1400.0,1534400.0
9708.jpg,950.0,1408.0,1337600.0
9709.jpg,818.0,1100.0,899800.0
9711.jpg,1442.0,1000.0,1442000.0
9712.jpg,1000.0,1344.0,1344000.0
9713.jpg,1000.0,1327.0,1327000.0
9714.jpg,1002.0,1500.0,1503000.0
9715.jpg,1000.0,1327.0,1327000.0
9716.jpg,750.0,1142.0,856500.0
9717.jpg,1000.0,1381.0,1381000.0
9718.jpg,1000.0,1314.0,1314000.0
9719.jpg,1000.0,1381.0,1381000.0
9720.jpg,980.0,1400.0,1372000.0
9721.jpg,1019.0,1200.0,1222800.0
9722.jpg,876.0,1300.0,1138800.0
9723.jpg,735.0,1100.0,808500.0
9724.jpg,921.0,828.0,762588.0
9725.jpg,800.0,1145.0,916000.0
9726.jpg,907.0,1400.0,1269800.0
9727.jpg,822.0,1200.0,986400.0
9728.jpg,968.0,1300.0,1258400.0
9729.jpg,1082.0,1600.0,1731200.0
9730.jpg,1080.0,1400.0,1512000.0
9731.jpg,1063.0,1400.0,1488200.0
9732.jpg,1028.0,1500.0,1542000.0
9733.jpg,1500.0,963.0,1444500.0
9734.jpg,1100.0,1525.0,1677500.0
9735.jpg,811.0,1001.0,811811.0
9736.jpg,1024.0,1500.0,1536000.0
9737.jpg,701.0,1074.0,752874.0
9740.jpg,965.0,700.0,675500.0
9741.jpg,997.0,1500.0,1495500.0
9742.jpg,1000.0,1345.0,1345000.0
9744.jpg,1039.0,1400.0,1454600.0
9745.jpg,1000.0,1339.0,1339000.0
9746.jpg,1000.0,1313.0,1313000.0
9747.jpg,730.0,990.0,722700.0
9748.jpg,782.0,1100.0,860200.0
9749.jpg,856.0,1100.0,941600.0
9750.jpg,1200.0,756.0,907200.0
9751.jpg,1180.0,770.0,908600.0
9752.jpg,1524.0,1000.0,1524000.0
9753.jpg,1200.0,763.0,915600.0
9754.jpg,1000.0,1500.0,1500000.0
9755.jpg,1148.0,718.0,824264.0
9756.jpg,1000.0,1465.0,1465000.0
9757.jpg,1000.0,1290.0,1290000.0
9758.jpg,970.0,1023.0,992310.0
9759.jpg,1000.0,1431.0,1431000.0
9760.jpg,1014.0,1500.0,1521000.0
9761.jpg,1001.0,1317.0,1318317.0
9762.jpg,677.0,894.0,605238.0
9763.jpg,1155.0,1600.0,1848000.0
9764.jpg,678.0,1000.0,678000.0
9765.jpg,925.0,2000.0,1850000.0
9766.jpg,800.0,2123.0,1698400.0
9767.jpg,566.0,900.0,509400.0
9768.jpg,700.0,717.0,501900.0
9769.jpg,780.0,1123.0,875940.0
9770.jpg,1000.0,1571.0,1571000.0
9771.jpg,900.0,1398.0,1258200.0
9772.jpg,630.0,1316.0,829080.0
9773.jpg,522.0,870.0,454140.0
9774.jpg,638.0,1800.0,1148400.0
9775.jpg,603.0,1345.0,811035.0
9776.jpg,800.0,1960.0,1568000.0
9777.jpg,1012.0,1600.0,1619200.0
9778.jpg,1000.0,1359.0,1359000.0
9779.jpg,812.0,1296.0,1052352.0
9780.jpg,1000.0,1427.0,1427000.0
9781.jpg,360.0,1000.0,360000.0
9782.jpg,1144.0,1700.0,1944800.0
9783.jpg,850.0,1387.0,1178950.0
9784.jpg,1117.0,720.0,804240.0
9785.jpg,1000.0,848.0,848000.0
9786.jpg,871.0,948.0,825708.0
9787.jpg,808.0,1011.0,816888.0
9788.jpg,944.0,820.0,774080.0
9789.jpg,1030.0,779.0,802370.0
9790.jpg,1087.0,740.0,804380.0
9791.jpg,678.0,699.0,473922.0
9792.jpg,1307.0,900.0,1176300.0
9793.jpg,1076.0,1300.0,1398800.0
9794.jpg,1000.0,1428.0,1428000.0
9795.jpg,900.0,1263.0,1136700.0
9796.jpg,1116.0,1500.0,1674000.0
9797.jpg,1000.0,1331.0,1331000.0
9798.jpg,1000.0,1565.0,1565000.0
9799.jpg,1023.0,1400.0,1432200.0
9800.jpg,750.0,1011.0,758250.0
9801.jpg,804.0,763.0,613452.0
9802.jpg,1062.0,700.0,743400.0
9803.jpg,420.0,845.0,354900.0
9804.jpg,750.0,1037.0,777750.0
9805.jpg,1030.0,565.0,581950.0
9806.jpg,601.0,1054.0,633454.0
9807.jpg,900.0,1228.0,1105200.0
9808.jpg,710.0,1005.0,713550.0
9809.jpg,891.0,1200.0,1069200.0
9810.jpg,1017.0,1300.0,1322100.0
9811.jpg,1000.0,1349.0,1349000.0
9812.jpg,1400.0,875.0,1225000.0
9813.jpg,1000.0,1343.0,1343000.0
9814.jpg,1015.0,1340.0,1360100.0
9815.jpg,916.0,1300.0,1190800.0
9816.jpg,901.0,1011.0,910911.0
9817.jpg,700.0,1036.0,725200.0
9818.jpg,1500.0,943.0,1414500.0
9819.jpg,1000.0,1243.0,1243000.0
9820.jpg,1000.0,1243.0,1243000.0
9822.jpg,979.0,1500.0,1468500.0
9823.jpg,903.0,1200.0,1083600.0
9824.jpg,1000.0,1477.0,1477000.0
9825.jpg,1000.0,1324.0,1324000.0
9826.jpg,1000.0,1470.0,1470000.0
9828.jpg,625.0,938.0,586250.0
9829.jpg,900.0,1412.0,1270800.0
9830.jpg,700.0,1040.0,728000.0
9831.jpg,1000.0,1512.0,1512000.0
9832.jpg,658.0,650.0,427700.0
9833.jpg,1400.0,942.0,1318800.0
9834.jpg,981.0,1400.0,1373400.0
9835.jpg,821.0,1239.0,1017219.0
9836.jpg,695.0,950.0,660250.0
9837.jpg,1041.0,1400.0,1457400.0
9838.jpg,650.0,987.0,641550.0
9840.jpg,1320.0,1000.0,1320000.0
9841.jpg,900.0,1209.0,1088100.0
9842.jpg,900.0,1182.0,1063800.0
9843.jpg,1000.0,1481.0,1481000.0
9844.jpg,1282.0,1000.0,1282000.0
9845.jpg,1400.0,1019.0,1426600.0
9846.jpg,1030.0,829.0,853870.0
9848.jpg,849.0,1200.0,1018800.0
9849.jpg,703.0,1032.0,725496.0
9850.jpg,700.0,1086.0,760200.0
9851.jpg,602.0,931.0,560462.0
9852.jpg,950.0,1312.0,1246400.0
9853.jpg,1000.0,1409.0,1409000.0
9854.jpg,1023.0,1400.0,1432200.0
9855.jpg,500.0,567.0,283500.0
9856.jpg,700.0,1032.0,722400.0
9857.jpg,1017.0,750.0,762750.0
9858.jpg,900.0,1473.0,1325700.0
9859.jpg,541.0,499.0,269959.0
9860.jpg,535.0,499.0,266965.0
9861.jpg,1459.0,1000.0,1459000.0
9862.jpg,693.0,1000.0,693000.0
9863.jpg,706.0,1000.0,706000.0
9864.jpg,718.0,1000.0,718000.0
9865.jpg,826.0,1200.0,991200.0
9866.jpg,900.0,1327.0,1194300.0
9867.jpg,1327.0,900.0,1194300.0
9868.jpg,1028.0,1300.0,1336400.0
9869.jpg,714.0,1100.0,785400.0
9870.jpg,701.0,998.0,699598.0
9871.jpg,700.0,466.0,326200.0
9872.jpg,826.0,1020.0,842520.0
9873.jpg,990.0,1400.0,1386000.0
9874.jpg,1008.0,1400.0,1411200.0
9875.jpg,885.0,1300.0,1150500.0
9876.jpg,1011.0,1500.0,1516500.0
9878.jpg,1200.0,1306.0,1567200.0
9879.jpg,1000.0,1349.0,1349000.0
9880.jpg,1000.0,1499.0,1499000.0
9881.jpg,1223.0,800.0,978400.0
9931.jpg,1257.0,873.0,1097361.0
9932.jpg,1000.0,1449.0,1449000.0
9933.jpg,957.0,1268.0,1213476.0
9934.jpg,611.0,1665.0,1017315.0
9935.jpg,603.0,1665.0,1003995.0
9936.jpg,900.0,1225.0,1102500.0
9937.jpg,1400.0,901.0,1261400.0
9938.jpg,1881.0,800.0,1504800.0
9939.jpg,1278.0,850.0,1086300.0
9940.jpg,1185.0,700.0,829500.0
9942.jpg,1532.0,900.0,1378800.0
9943.jpg,1000.0,1207.0,1207000.0
9944.jpg,771.0,1400.0,1079400.0
9945.jpg,1100.0,1317.0,1448700.0
9946.jpg,800.0,1200.0,960000.0
9947.jpg,697.0,900.0,627300.0
9948.jpg,772.0,1200.0,926400.0
9949.jpg,744.0,1000.0,744000.0
9950.jpg,1000.0,1319.0,1319000.0
9951.jpg,1137.0,1500.0,1705500.0
9952.jpg,1004.0,1284.0,1289136.0
9953.jpg,679.0,900.0,611100.0
9955.jpg,1051.0,1600.0,1681600.0
9957.jpg,802.0,600.0,481200.0
9958.jpg,1131.0,700.0,791700.0
9959.jpg,1095.0,800.0,876000.0
9960.jpg,1099.0,800.0,879200.0
9961.jpg,800.0,912.0,729600.0
9967.jpg,524.0,940.0,492560.0
9969.jpg,900.0,1079.0,971100.0
9971.jpg,696.0,900.0,626400.0
9973.jpg,1408.0,1000.0,1408000.0
9974.jpg,850.0,1236.0,1050600.0
9975.jpg,900.0,1244.0,1119600.0
9976.jpg,1115.0,1400.0,1561000.0
9977.jpg,623.0,900.0,560700.0
9979.jpg,852.0,1300.0,1107600.0
9980.jpg,850.0,1089.0,925650.0
9981.jpg,685.0,850.0,582250.0
9982.jpg,800.0,1047.0,837600.0
9983.jpg,856.0,1001.0,856856.0
9986.jpg,800.0,1228.0,982400.0
9989.jpg,900.0,1002.0,901800.0
9990.jpg,800.0,1047.0,837600.0
9991.jpg,801.0,1000.0,801000.0
9992.jpg,782.0,986.0,771052.0
9993.jpg,1400.0,1112.0,1556800.0
9994.jpg,1210.0,1200.0,1452000.0
9995.jpg,855.0,754.0,644670.0
9996.jpg,750.0,1130.0,847500.0
9998.jpg,710.0,1000.0,710000.0
9999.jpg,800.0,637.0,509600.0
10000.jpg,1191.0,830.0,988530.0
10001.jpg,1052.0,1300.0,1367600.0
10002.jpg,1008.0,1300.0,1310400.0
10003.jpg,1064.0,1300.0,1383200.0
10004.jpg,1015.0,1300.0,1319500.0
10005.jpg,900.0,1198.0,1078200.0
10006.jpg,900.0,1211.0,1089900.0
10007.jpg,750.0,1046.0,784500.0
10008.jpg,789.0,1080.0,852120.0
10009.jpg,790.0,1056.0,834240.0
10010.jpg,789.0,1058.0,834762.0
10011.jpg,780.0,1057.0,824460.0
10012.jpg,1151.0,1500.0,1726500.0
10013.jpg,801.0,1089.0,872289.0
10014.jpg,1034.0,1256.0,1298704.0
10015.jpg,850.0,1009.0,857650.0
10016.jpg,672.0,906.0,608832.0
10017.jpg,1285.0,1000.0,1285000.0
10018.jpg,1000.0,1463.0,1463000.0
10023.jpg,911.0,901.0,820811.0
10024.jpg,782.0,1240.0,969680.0
10025.jpg,1300.0,1065.0,1384500.0
10026.jpg,1005.0,1300.0,1306500.0
10027.jpg,806.0,1200.0,967200.0
10028.jpg,1200.0,1418.0,1701600.0
10029.jpg,1000.0,1311.0,1311000.0
10036.jpg,1119.0,1400.0,1566600.0
10037.jpg,900.0,1261.0,1134900.0
10038.jpg,1000.0,1005.0,1005000.0
10039.jpg,637.0,800.0,509600.0
10040.jpg,718.0,1300.0,933400.0
10041.jpg,1157.0,1000.0,1157000.0
10042.jpg,437.0,1509.0,659433.0
10043.jpg,453.0,1489.0,674517.0
10044.jpg,428.0,1502.0,642856.0
10045.jpg,448.0,1491.0,667968.0
10046.jpg,900.0,1317.0,1185300.0
10047.jpg,880.0,820.0,721600.0
10048.jpg,600.0,994.0,596400.0
10049.jpg,550.0,1641.0,902550.0
10050.jpg,600.0,1752.0,1051200.0
10051.jpg,800.0,1135.0,908000.0
10052.jpg,370.0,900.0,333000.0
10054.jpg,850.0,1290.0,1096500.0
10055.jpg,600.0,1815.0,1089000.0
10056.jpg,600.0,1773.0,1063800.0
10057.jpg,700.0,1266.0,886200.0
10058.jpg,911.0,1100.0,1002100.0
10059.jpg,646.0,1750.0,1130500.0
10060.jpg,500.0,1927.0,963500.0
10061.jpg,600.0,1752.0,1051200.0
10062.jpg,700.0,1730.0,1211000.0
10063.jpg,700.0,994.0,695800.0
10064.jpg,756.0,1600.0,1209600.0
10065.jpg,984.0,950.0,934800.0
10068.jpg,800.0,1089.0,871200.0
10075.jpg,959.0,1297.0,1243823.0
10077.jpg,1514.0,1012.0,1532168.0
10078.jpg,1189.0,906.0,1077234.0
10079.jpg,1375.0,800.0,1100000.0
10080.jpg,983.0,646.0,635018.0
10081.jpg,1400.0,1004.0,1405600.0
10082.jpg,1147.0,1400.0,1605800.0
10083.jpg,905.0,1260.0,1140300.0
10084.jpg,964.0,950.0,915800.0
10085.jpg,1200.0,1158.0,1389600.0
10087.jpg,1406.0,1000.0,1406000.0
10088.jpg,1300.0,962.0,1250600.0
10089.jpg,1300.0,975.0,1267500.0
10090.jpg,1300.0,963.0,1251900.0
10091.jpg,1200.0,778.0,933600.0
10092.jpg,1300.0,981.0,1275300.0
10093.jpg,1200.0,785.0,942000.0
10094.jpg,1889.0,850.0,1605650.0
10095.jpg,1143.0,908.0,1037844.0
10096.jpg,1029.0,936.0,963144.0
10097.jpg,1350.0,824.0,1112400.0
10098.jpg,1119.0,900.0,1007100.0
10100.jpg,1206.0,847.0,1021482.0
10101.jpg,1100.0,1200.0,1320000.0
10102.jpg,1000.0,1253.0,1253000.0
10103.jpg,1029.0,800.0,823200.0
10111.jpg,777.0,1050.0,815850.0
10112.jpg,1420.0,900.0,1278000.0
10119.jpg,988.0,1300.0,1284400.0
10120.jpg,1600.0,1251.0,2001600.0
10121.jpg,1307.0,1000.0,1307000.0
10123.jpg,1245.0,900.0,1120500.0
10124.jpg,1228.0,1000.0,1228000.0
10125.jpg,1434.0,1100.0,1577400.0
10126.jpg,1000.0,1306.0,1306000.0
10127.jpg,1139.0,800.0,911200.0
10128.jpg,1364.0,1100.0,1500400.0
10129.jpg,1026.0,632.0,648432.0
10133.jpg,1452.0,1000.0,1452000.0
10134.jpg,960.0,700.0,672000.0
10135.jpg,1200.0,773.0,927600.0
10136.jpg,1175.0,701.0,823675.0
10137.jpg,1097.0,836.0,917092.0
10138.jpg,1100.0,656.0,721600.0
10140.jpg,1224.0,900.0,1101600.0
10142.jpg,1400.0,991.0,1387400.0
10143.jpg,1248.0,979.0,1221792.0
10144.jpg,1096.0,900.0,986400.0
10145.jpg,1434.0,950.0,1362300.0
10147.jpg,1079.0,790.0,852410.0
10148.jpg,1320.0,1100.0,1452000.0
10149.jpg,1417.0,1100.0,1558700.0
10150.jpg,1140.0,740.0,843600.0
10151.jpg,1024.0,800.0,819200.0
10152.jpg,1160.0,900.0,1044000.0
10153.jpg,800.0,440.0,352000.0
10154.jpg,991.0,602.0,596582.0
10155.jpg,1054.0,607.0,639778.0
10156.jpg,800.0,529.0,423200.0
10157.jpg,1500.0,1036.0,1554000.0
10158.jpg,1300.0,875.0,1137500.0
10159.jpg,1086.0,790.0,857940.0
10160.jpg,1275.0,660.0,841500.0
10161.jpg,1184.0,754.0,892736.0
10162.jpg,839.0,610.0,511790.0
10164.jpg,1400.0,988.0,1383200.0
10165.jpg,880.0,699.0,615120.0
10166.jpg,782.0,1000.0,782000.0
10175.jpg,1196.0,800.0,956800.0
10176.jpg,1190.0,1253.0,1491070.0
10177.jpg,529.0,1626.0,860154.0
10178.jpg,766.0,1000.0,766000.0
10179.jpg,1400.0,1080.0,1512000.0
10180.jpg,600.0,1057.0,634200.0
10181.jpg,1100.0,935.0,1028500.0
10182.jpg,1100.0,1456.0,1601600.0
10183.jpg,1571.0,592.0,930032.0
10184.jpg,1000.0,1068.0,1068000.0
10185.jpg,1855.0,900.0,1669500.0
10186.jpg,928.0,1100.0,1020800.0
10187.jpg,967.0,1145.0,1107215.0
10189.jpg,1100.0,1500.0,1650000.0
10190.jpg,1298.0,638.0,828124.0
10191.jpg,1200.0,1236.0,1483200.0
10192.jpg,1500.0,1169.0,1753500.0
10193.jpg,1300.0,1328.0,1726400.0
10194.jpg,1200.0,858.0,1029600.0
10195.jpg,1087.0,1000.0,1087000.0
10196.jpg,605.0,1500.0,907500.0
10197.jpg,827.0,1020.0,843540.0
10198.jpg,1000.0,1510.0,1510000.0
10199.jpg,570.0,923.0,526110.0
10200.jpg,850.0,914.0,776900.0
10201.jpg,1300.0,1027.0,1335100.0
10202.jpg,1425.0,1000.0,1425000.0
10203.jpg,745.0,1200.0,894000.0
10204.jpg,700.0,1393.0,975100.0
10205.jpg,800.0,1190.0,952000.0
10206.jpg,650.0,1412.0,917800.0
10207.jpg,1382.0,1000.0,1382000.0
10208.jpg,650.0,1420.0,923000.0
10209.jpg,331.0,525.0,173775.0
10210.jpg,800.0,1107.0,885600.0
10211.jpg,850.0,1053.0,895050.0
10212.jpg,874.0,570.0,498180.0
10213.jpg,1019.0,850.0,866150.0
10214.jpg,800.0,1026.0,820800.0
10215.jpg,700.0,913.0,639100.0
10216.jpg,1000.0,1158.0,1158000.0
10217.jpg,942.0,654.0,616068.0
10218.jpg,1400.0,854.0,1195600.0
10219.jpg,1400.0,1069.0,1496600.0
10220.jpg,1100.0,1217.0,1338700.0
10221.jpg,620.0,1137.0,704940.0
10222.jpg,750.0,1235.0,926250.0
10223.jpg,687.0,1400.0,961800.0
10224.jpg,1032.0,1250.0,1290000.0
10225.jpg,771.0,1000.0,771000.0
10226.jpg,700.0,890.0,623000.0
10228.jpg,771.0,950.0,732450.0
10229.jpg,900.0,1132.0,1018800.0
10230.jpg,407.0,500.0,203500.0
10231.jpg,1047.0,1300.0,1361100.0
10233.jpg,991.0,1300.0,1288300.0
10234.jpg,658.0,900.0,592200.0
10235.jpg,1571.0,1100.0,1728100.0
10236.jpg,1150.0,1000.0,1150000.0
10237.jpg,953.0,900.0,857700.0
10238.jpg,1035.0,900.0,931500.0
10239.jpg,956.0,1200.0,1147200.0
10240.jpg,1200.0,678.0,813600.0
10241.jpg,1010.0,731.0,738310.0
10242.jpg,1356.0,900.0,1220400.0
10243.jpg,1000.0,1255.0,1255000.0
10245.jpg,1030.0,824.0,848720.0
10246.jpg,967.0,700.0,676900.0
10247.jpg,1062.0,720.0,764640.0
10268.jpg,950.0,1138.0,1081100.0
10269.jpg,586.0,850.0,498100.0
10274.jpg,884.0,1200.0,1060800.0
10277.jpg,900.0,1574.0,1416600.0
10281.jpg,1300.0,1000.0,1300000.0
10283.jpg,1116.0,1400.0,1562400.0
10284.jpg,1135.0,1420.0,1611700.0
10285.jpg,1348.0,1000.0,1348000.0
10286.jpg,1126.0,1390.0,1565140.0
10288.jpg,1148.0,1400.0,1607200.0
10290.jpg,929.0,1254.0,1164966.0
10291.jpg,693.0,900.0,623700.0
10297.jpg,1400.0,1139.0,1594600.0
10301.jpg,1126.0,1453.0,1636078.0
10302.jpg,1323.0,1000.0,1323000.0
10303.jpg,1149.0,1400.0,1608600.0
10304.jpg,1347.0,1000.0,1347000.0
10305.jpg,735.0,1018.0,748230.0
10306.jpg,1000.0,1303.0,1303000.0
10307.jpg,1100.0,1113.0,1224300.0
10312.jpg,1078.0,1000.0,1078000.0
10313.jpg,839.0,1200.0,1006800.0
10314.jpg,835.0,1200.0,1002000.0
10318.jpg,700.0,900.0,630000.0
10319.jpg,744.0,900.0,669600.0
10320.jpg,903.0,1100.0,993300.0
10321.jpg,800.0,1141.0,912800.0
10322.jpg,1214.0,1500.0,1821000.0
10346.jpg,1000.0,1088.0,1088000.0
10347.jpg,1000.0,1084.0,1084000.0
10348.jpg,900.0,1028.0,925200.0
10349.jpg,803.0,950.0,762850.0
10350.jpg,638.0,1004.0,640552.0
10352.jpg,1157.0,650.0,752050.0
10353.jpg,1619.0,1100.0,1780900.0
10354.jpg,1400.0,812.0,1136800.0
10355.jpg,1264.0,770.0,973280.0
10356.jpg,1255.0,709.0,889795.0
10357.jpg,1251.0,712.0,890712.0
10358.jpg,1015.0,650.0,659750.0
10360.jpg,1100.0,741.0,815100.0
10376.jpg,900.0,1099.0,989100.0
10380.jpg,1000.0,1180.0,1180000.0
10381.jpg,932.0,1253.0,1167796.0
10382.jpg,938.0,1200.0,1125600.0
10383.jpg,980.0,1340.0,1313200.0
10384.jpg,697.0,919.0,640543.0
10385.jpg,853.0,1281.0,1092693.0
10386.jpg,749.0,1116.0,835884.0
10387.jpg,850.0,1131.0,961350.0
10388.jpg,1126.0,800.0,900800.0
10389.jpg,908.0,983.0,892564.0
10391.jpg,1044.0,799.0,834156.0
10392.jpg,1135.0,810.0,919350.0
10393.jpg,1253.0,950.0,1190350.0
10396.jpg,965.0,1400.0,1351000.0
10397.jpg,858.0,1100.0,943800.0
10398.jpg,1400.0,959.0,1342600.0
10424.jpg,801.0,1013.0,811413.0
10425.jpg,1468.0,800.0,1174400.0
10426.jpg,1100.0,1240.0,1364000.0
10427.jpg,1552.0,700.0,1086400.0
10428.jpg,970.0,1300.0,1261000.0
10429.jpg,1320.0,900.0,1188000.0
10430.jpg,1100.0,1118.0,1229800.0
10431.jpg,1322.0,900.0,1189800.0
10432.jpg,1000.0,1143.0,1143000.0
10433.jpg,977.0,1300.0,1270100.0
10434.jpg,1351.0,710.0,959210.0
10435.jpg,800.0,1296.0,1036800.0
10438.jpg,925.0,1078.0,997150.0
10441.jpg,660.0,900.0,594000.0
10442.jpg,735.0,800.0,588000.0
10443.jpg,661.0,850.0,561850.0
10444.jpg,1412.0,750.0,1059000.0
10445.jpg,861.0,941.0,810201.0
10446.jpg,863.0,942.0,812946.0
10447.jpg,1258.0,820.0,1031560.0
10448.jpg,1332.0,1000.0,1332000.0
10449.jpg,1334.0,800.0,1067200.0
10450.jpg,590.0,800.0,472000.0
10451.jpg,1267.0,700.0,886900.0
10452.jpg,857.0,890.0,762730.0
10453.jpg,1188.0,1200.0,1425600.0
10454.jpg,897.0,958.0,859326.0
10455.jpg,1128.0,1400.0,1579200.0
10456.jpg,1123.0,1400.0,1572200.0
10457.jpg,1009.0,755.0,761795.0
10458.jpg,718.0,1000.0,718000.0
10459.jpg,720.0,1000.0,720000.0
10460.jpg,1027.0,740.0,759980.0
10461.jpg,1280.0,1400.0,1792000.0
10462.jpg,1032.0,730.0,753360.0
10463.jpg,1000.0,1398.0,1398000.0
10464.jpg,669.0,1200.0,802800.0
10465.jpg,800.0,992.0,793600.0
10466.jpg,1000.0,1173.0,1173000.0
10467.jpg,830.0,1059.0,878970.0
10469.jpg,970.0,956.0,927320.0
10470.jpg,961.0,1500.0,1441500.0
10471.jpg,1250.0,771.0,963750.0
10472.jpg,737.0,1015.0,748055.0
10473.jpg,653.0,930.0,607290.0
10474.jpg,669.0,934.0,624846.0
10475.jpg,876.0,1100.0,963600.0
10476.jpg,800.0,1325.0,1060000.0
10477.jpg,822.0,1008.0,828576.0
10480.jpg,700.0,824.0,576800.0
10481.jpg,800.0,961.0,768800.0
10482.jpg,1030.0,792.0,815760.0
10483.jpg,1006.0,787.0,791722.0
10484.jpg,1131.0,850.0,961350.0
10485.jpg,1096.0,773.0,847208.0
10486.jpg,1090.0,770.0,839300.0
10487.jpg,800.0,1088.0,870400.0
10488.jpg,1123.0,1039.0,1166797.0
10489.jpg,850.0,1185.0,1007250.0
10490.jpg,650.0,821.0,533650.0
10491.jpg,700.0,1024.0,716800.0
10492.jpg,750.0,1002.0,751500.0
10493.jpg,1030.0,780.0,803400.0
10494.jpg,1600.0,1240.0,1984000.0
10495.jpg,1292.0,1001.0,1293292.0
10496.jpg,1132.0,1500.0,1698000.0
10497.jpg,1101.0,1000.0,1101000.0
10498.jpg,1028.0,1046.0,1075288.0
10499.jpg,1000.0,1309.0,1309000.0
10500.jpg,1030.0,826.0,850780.0
10501.jpg,1539.0,1000.0,1539000.0
10502.jpg,1004.0,1336.0,1341344.0
10503.jpg,804.0,699.0,561996.0
10504.jpg,1549.0,1185.0,1835565.0
10505.jpg,850.0,994.0,844900.0
10506.jpg,660.0,872.0,575520.0
10507.jpg,650.0,879.0,571350.0
10508.jpg,800.0,1052.0,841600.0
10509.jpg,850.0,1036.0,880600.0
10510.jpg,1240.0,671.0,832040.0
10511.jpg,850.0,1149.0,976650.0
10512.jpg,1001.0,1287.0,1288287.0
10513.jpg,1020.0,701.0,715020.0
10514.jpg,1025.0,770.0,789250.0
10515.jpg,850.0,1065.0,905250.0
10516.jpg,851.0,1063.0,904613.0
10517.jpg,750.0,973.0,729750.0
10518.jpg,800.0,1100.0,880000.0
10519.jpg,800.0,1101.0,880800.0
10520.jpg,800.0,1033.0,826400.0
10521.jpg,800.0,1131.0,904800.0
10522.jpg,1201.0,860.0,1032860.0
10523.jpg,1126.0,1400.0,1576400.0
10524.jpg,1056.0,1300.0,1372800.0
10525.jpg,800.0,1170.0,936000.0
10526.jpg,1198.0,850.0,1018300.0
10527.jpg,1001.0,1171.0,1172171.0
10528.jpg,1543.0,908.0,1401044.0
10529.jpg,1191.0,1500.0,1786500.0
10530.jpg,700.0,805.0,563500.0
10531.jpg,1346.0,846.0,1138716.0
10532.jpg,800.0,1156.0,924800.0
10533.jpg,950.0,1110.0,1054500.0
10534.jpg,1040.0,850.0,884000.0
10535.jpg,800.0,1142.0,913600.0
10536.jpg,809.0,953.0,770977.0
10537.jpg,1512.0,1300.0,1965600.0
10538.jpg,750.0,1215.0,911250.0
10539.jpg,850.0,1019.0,866150.0
10540.jpg,1300.0,953.0,1238900.0
10541.jpg,750.0,1197.0,897750.0
10542.jpg,800.0,1037.0,829600.0
10543.jpg,800.0,1034.0,827200.0
10544.jpg,1030.0,753.0,775590.0
10545.jpg,950.0,785.0,745750.0
10546.jpg,880.0,1009.0,887920.0
10547.jpg,800.0,1124.0,899200.0
10548.jpg,1000.0,729.0,729000.0
10574.jpg,1000.0,833.0,833000.0
10575.jpg,1073.0,1249.0,1340177.0
10576.jpg,1009.0,1300.0,1311700.0
10577.jpg,1102.0,1249.0,1376398.0
10578.jpg,723.0,1254.0,906642.0
10579.jpg,1123.0,1511.0,1696853.0
10580.jpg,1078.0,1253.0,1350734.0
10581.jpg,730.0,1255.0,916150.0
10591.jpg,1207.0,800.0,965600.0
10592.jpg,1704.0,800.0,1363200.0
10593.jpg,1100.0,1435.0,1578500.0
10594.jpg,1366.0,800.0,1092800.0
10595.jpg,1128.0,1275.0,1438200.0
10598.jpg,1346.0,1000.0,1346000.0
10599.jpg,801.0,1100.0,881100.0
10601.jpg,1069.0,700.0,748300.0
10602.jpg,1007.0,771.0,776397.0
10603.jpg,932.0,1254.0,1168728.0
10604.jpg,707.0,948.0,670236.0
10605.jpg,1196.0,750.0,897000.0
10606.jpg,1031.0,600.0,618600.0
10607.jpg,901.0,650.0,585650.0
10608.jpg,900.0,1118.0,1006200.0
10621.jpg,1232.0,1000.0,1232000.0
10627.jpg,870.0,1100.0,957000.0
10628.jpg,1170.0,810.0,947700.0
10630.jpg,1431.0,900.0,1287900.0
10631.jpg,1290.0,900.0,1161000.0
10632.jpg,1365.0,800.0,1092000.0
10633.jpg,1233.0,700.0,863100.0
10634.jpg,1430.0,1129.0,1614470.0
10635.jpg,1431.0,1438.0,2057778.0
10636.jpg,1018.0,1359.0,1383462.0
10637.jpg,1309.0,1000.0,1309000.0
10638.jpg,1036.0,1357.0,1405852.0
10639.jpg,850.0,1057.0,898450.0
10640.jpg,1126.0,1500.0,1689000.0
10641.jpg,1000.0,1358.0,1358000.0
10642.jpg,1000.0,1341.0,1341000.0
10643.jpg,1095.0,900.0,985500.0
10644.jpg,1600.0,1265.0,2024000.0
10645.jpg,900.0,1209.0,1088100.0
10646.jpg,1248.0,1100.0,1372800.0
10647.jpg,736.0,900.0,662400.0
10648.jpg,1335.0,1000.0,1335000.0
10649.jpg,1335.0,1436.0,1917060.0
10650.jpg,1510.0,1000.0,1510000.0
10651.jpg,1125.0,1400.0,1575000.0
10652.jpg,805.0,1200.0,966000.0
10653.jpg,616.0,889.0,547624.0
10654.jpg,1167.0,800.0,933600.0
10655.jpg,1168.0,1456.0,1700608.0
10656.jpg,1083.0,750.0,812250.0
10657.jpg,1115.0,800.0,892000.0
10658.jpg,1200.0,810.0,972000.0
10659.jpg,1336.0,1600.0,2137600.0
10660.jpg,1200.0,1566.0,1879200.0
10661.jpg,1199.0,1457.0,1746943.0
10662.jpg,1279.0,1000.0,1279000.0
10663.jpg,1306.0,900.0,1175400.0
10664.jpg,1000.0,1247.0,1247000.0
10665.jpg,1549.0,1224.0,1895976.0
10666.jpg,906.0,800.0,724800.0
10667.jpg,1258.0,1100.0,1383800.0
10668.jpg,800.0,1071.0,856800.0
10669.jpg,1200.0,1352.0,1622400.0
10670.jpg,1100.0,1119.0,1230900.0
10671.jpg,1480.0,1600.0,2368000.0
10672.jpg,1100.0,1105.0,1215500.0
10673.jpg,1500.0,1201.0,1801500.0
10674.jpg,1700.0,1257.0,2136900.0
10675.jpg,1600.0,1193.0,1908800.0
10676.jpg,1501.0,1200.0,1801200.0
10677.jpg,1600.0,1376.0,2201600.0
10678.jpg,907.0,1100.0,997700.0
10679.jpg,1335.0,700.0,934500.0
10680.jpg,784.0,1186.0,929824.0
10681.jpg,1533.0,850.0,1303050.0
10682.jpg,866.0,1133.0,981178.0
10683.jpg,866.0,1097.0,950002.0
10684.jpg,900.0,1216.0,1094400.0
10685.jpg,876.0,600.0,525600.0
10686.jpg,1050.0,966.0,1014300.0
10687.jpg,1434.0,1300.0,1864200.0
10688.jpg,1516.0,1200.0,1819200.0
10689.jpg,1456.0,1000.0,1456000.0
10690.jpg,696.0,800.0,556800.0
10691.jpg,1015.0,1300.0,1319500.0
10692.jpg,800.0,1409.0,1127200.0
10693.jpg,1100.0,1407.0,1547700.0
10694.jpg,1504.0,1200.0,1804800.0
10695.jpg,1417.0,1326.0,1878942.0
10696.jpg,1100.0,1555.0,1710500.0
10697.jpg,1000.0,1006.0,1006000.0
10698.jpg,1306.0,1000.0,1306000.0
10699.jpg,900.0,1083.0,974700.0
10700.jpg,1292.0,1600.0,2067200.0
10701.jpg,1005.0,1400.0,1407000.0
10702.jpg,1407.0,1000.0,1407000.0
10703.jpg,1100.0,1170.0,1287000.0
10704.jpg,906.0,900.0,815400.0
10705.jpg,1473.0,1333.0,1963509.0
10706.jpg,1118.0,1000.0,1118000.0
10707.jpg,1115.0,1000.0,1115000.0
10708.jpg,800.0,1311.0,1048800.0
10709.jpg,860.0,950.0,817000.0
10710.jpg,1088.0,1000.0,1088000.0
10711.jpg,1100.0,1190.0,1309000.0
10712.jpg,800.0,1414.0,1131200.0
10713.jpg,1300.0,1030.0,1339000.0
10714.jpg,1200.0,1248.0,1497600.0
10715.jpg,910.0,1447.0,1316770.0
10716.jpg,879.0,800.0,703200.0
10717.jpg,814.0,1300.0,1058200.0
10718.jpg,1106.0,1100.0,1216600.0
10719.jpg,1280.0,1280.0,1638400.0
10720.jpg,1600.0,1482.0,2371200.0
10721.jpg,1100.0,1624.0,1786400.0
10722.jpg,1000.0,1214.0,1214000.0
10723.jpg,1399.0,1000.0,1399000.0
10724.jpg,1444.0,1100.0,1588400.0
10725.jpg,911.0,1300.0,1184300.0
10726.jpg,1421.0,600.0,852600.0
10727.jpg,1300.0,1011.0,1314300.0
10728.jpg,1307.0,1000.0,1307000.0
10729.jpg,1214.0,1200.0,1456800.0
10730.jpg,1322.0,1100.0,1454200.0
10731.jpg,687.0,800.0,549600.0
10732.jpg,1361.0,891.0,1212651.0
10733.jpg,900.0,908.0,817200.0
10734.jpg,1600.0,1232.0,1971200.0
10771.jpg,1003.0,1400.0,1404200.0
10773.jpg,850.0,1100.0,935000.0
10774.jpg,800.0,1023.0,818400.0
10775.jpg,1336.0,1001.0,1337336.0
10776.jpg,815.0,1003.0,817445.0
10777.jpg,850.0,1075.0,913750.0
10778.jpg,900.0,1140.0,1026000.0
10779.jpg,1190.0,1400.0,1666000.0
10780.jpg,750.0,1089.0,816750.0
10781.jpg,1030.0,827.0,851810.0
10782.jpg,1198.0,920.0,1102160.0
10783.jpg,850.0,1148.0,975800.0
10784.jpg,880.0,1121.0,986480.0
10785.jpg,900.0,1337.0,1203300.0
10786.jpg,1050.0,803.0,843150.0
10787.jpg,1060.0,806.0,854360.0
10788.jpg,916.0,756.0,692496.0
10789.jpg,1345.0,1050.0,1412250.0
10790.jpg,809.0,1092.0,883428.0
10791.jpg,1397.0,752.0,1050544.0
10792.jpg,750.0,1138.0,853500.0
10793.jpg,1241.0,1022.0,1268302.0
10794.jpg,802.0,1091.0,874982.0
10795.jpg,850.0,1108.0,941800.0
10796.jpg,1165.0,770.0,897050.0
10797.jpg,1025.0,781.0,800525.0
10798.jpg,1144.0,900.0,1029600.0
10799.jpg,900.0,1158.0,1042200.0
10800.jpg,1380.0,500.0,690000.0
10801.jpg,1378.0,500.0,689000.0
10802.jpg,500.0,1593.0,796500.0
10803.jpg,500.0,1408.0,704000.0
10804.jpg,1220.0,950.0,1159000.0
10805.jpg,850.0,1137.0,966450.0
10806.jpg,1055.0,850.0,896750.0
10807.jpg,850.0,1004.0,853400.0
10808.jpg,820.0,1098.0,900360.0
10809.jpg,750.0,1164.0,873000.0
10810.jpg,800.0,1075.0,860000.0
10811.jpg,1178.0,880.0,1036640.0
10812.jpg,1141.0,850.0,969850.0
10813.jpg,1206.0,990.0,1193940.0
10814.jpg,801.0,1206.0,966006.0
10815.jpg,809.0,1078.0,872102.0
10816.jpg,750.0,895.0,671250.0
10817.jpg,1381.0,1000.0,1381000.0
10818.jpg,1092.0,920.0,1004640.0
10819.jpg,800.0,1077.0,861600.0
10820.jpg,1030.0,746.0,768380.0
10821.jpg,967.0,820.0,792940.0
10822.jpg,801.0,1067.0,854667.0
10823.jpg,906.0,1110.0,1005660.0
10824.jpg,980.0,1112.0,1089760.0
10825.jpg,1001.0,1232.0,1233232.0
10826.jpg,820.0,1008.0,826560.0
10827.jpg,804.0,1072.0,861888.0
10828.jpg,920.0,1126.0,1035920.0
10829.jpg,850.0,1133.0,963050.0
10830.jpg,920.0,1168.0,1074560.0
10831.jpg,850.0,1138.0,967300.0
10832.jpg,1018.0,1012.0,1030216.0
10833.jpg,1032.0,1015.0,1047480.0
10834.jpg,1133.0,770.0,872410.0
10835.jpg,1030.0,824.0,848720.0
10836.jpg,1176.0,900.0,1058400.0
10837.jpg,880.0,1066.0,938080.0
10838.jpg,900.0,1204.0,1083600.0
10839.jpg,850.0,1047.0,889950.0
10840.jpg,900.0,1117.0,1005300.0
10841.jpg,850.0,1129.0,959650.0
10842.jpg,880.0,1075.0,946000.0
10843.jpg,1095.0,850.0,930750.0
10844.jpg,1500.0,1214.0,1821000.0
10845.jpg,900.0,688.0,619200.0
10846.jpg,1124.0,850.0,955400.0
10847.jpg,1024.0,800.0,819200.0
10848.jpg,1020.0,1200.0,1224000.0
10879.jpg,1171.0,900.0,1053900.0
10880.jpg,1420.0,1070.0,1519400.0
10881.jpg,1161.0,850.0,986850.0
10882.jpg,832.0,1001.0,832832.0
10883.jpg,1225.0,700.0,857500.0
10884.jpg,1259.0,720.0,906480.0
10885.jpg,1030.0,849.0,874470.0
10886.jpg,1207.0,1001.0,1208207.0
10887.jpg,1250.0,998.0,1247500.0
10888.jpg,1830.0,580.0,1061400.0
10889.jpg,1814.0,580.0,1052120.0
10890.jpg,806.0,1070.0,862420.0
10891.jpg,714.0,1118.0,798252.0
10892.jpg,850.0,959.0,815150.0
10893.jpg,1000.0,1141.0,1141000.0
10894.jpg,1075.0,850.0,913750.0
10897.jpg,1250.0,818.0,1022500.0
10898.jpg,1500.0,921.0,1381500.0
10899.jpg,1017.0,733.0,745461.0
10900.jpg,783.0,1100.0,861300.0
10901.jpg,1020.0,795.0,810900.0
10902.jpg,1243.0,900.0,1118700.0
10903.jpg,1285.0,850.0,1092250.0
10904.jpg,1420.0,1038.0,1473960.0
10905.jpg,1062.0,905.0,961110.0
10907.jpg,824.0,750.0,618000.0
10908.jpg,1385.0,900.0,1246500.0
10909.jpg,800.0,553.0,442400.0
10911.jpg,800.0,1036.0,828800.0
10912.jpg,1100.0,1449.0,1593900.0
10929.jpg,1325.0,900.0,1192500.0
10930.jpg,1100.0,595.0,654500.0
10931.jpg,900.0,534.0,480600.0
10932.jpg,800.0,477.0,381600.0
10933.jpg,1300.0,929.0,1207700.0
10954.jpg,800.0,1191.0,952800.0
10955.jpg,800.0,1143.0,914400.0
10956.jpg,1239.0,1000.0,1239000.0
10959.jpg,1400.0,1139.0,1594600.0
10960.jpg,1008.0,800.0,806400.0
10961.jpg,800.0,957.0,765600.0
10964.jpg,882.0,1200.0,1058400.0
10978.jpg,964.0,720.0,694080.0
10979.jpg,1096.0,871.0,954616.0
10980.jpg,1096.0,870.0,953520.0
10981.jpg,1100.0,852.0,937200.0
10982.jpg,1100.0,1312.0,1443200.0
10984.jpg,950.0,710.0,674500.0
10985.jpg,1400.0,834.0,1167600.0
10986.jpg,1081.0,1255.0,1356655.0
10988.jpg,783.0,1000.0,783000.0
10989.jpg,1099.0,872.0,958328.0
10990.jpg,1292.0,1500.0,1938000.0
10991.jpg,1000.0,1310.0,1310000.0
10992.jpg,1348.0,1000.0,1348000.0
10994.jpg,1140.0,1420.0,1618800.0
10995.jpg,1300.0,1002.0,1302600.0
10996.jpg,902.0,1100.0,992200.0
10997.jpg,1015.0,800.0,812000.0
10999.jpg,738.0,1078.0,795564.0
11000.jpg,700.0,1015.0,710500.0
11001.jpg,1121.0,1769.0,1983049.0
11003.jpg,911.0,1200.0,1093200.0
11004.jpg,700.0,951.0,665700.0
11005.jpg,1119.0,900.0,1007100.0
11006.jpg,1000.0,1013.0,1013000.0
11007.jpg,700.0,1736.0,1215200.0
11009.jpg,1159.0,1000.0,1159000.0
11010.jpg,1216.0,778.0,946048.0
11012.jpg,1100.0,851.0,936100.0
11015.jpg,1251.0,784.0,980784.0
11016.jpg,1250.0,1040.0,1300000.0
11018.jpg,900.0,1093.0,983700.0
11019.jpg,900.0,1127.0,1014300.0
11033.jpg,728.0,1200.0,873600.0
11034.jpg,699.0,900.0,629100.0
11035.jpg,995.0,1286.0,1279570.0
11043.jpg,800.0,1159.0,927200.0
11044.jpg,1133.0,1300.0,1472900.0
11045.jpg,848.0,950.0,805600.0
11046.jpg,1133.0,858.0,972114.0
11047.jpg,1126.0,770.0,867020.0
11048.jpg,1100.0,1332.0,1465200.0
11049.jpg,1099.0,760.0,835240.0
11050.jpg,1000.0,662.0,662000.0
11051.jpg,1170.0,721.0,843570.0
11052.jpg,1400.0,834.0,1167600.0
11053.jpg,869.0,1133.0,984577.0
11054.jpg,1200.0,944.0,1132800.0
11055.jpg,1246.0,905.0,1127630.0
11056.jpg,969.0,1249.0,1210281.0
11058.jpg,1210.0,878.0,1062380.0
11059.jpg,446.0,640.0,285440.0
11062.jpg,1184.0,956.0,1131904.0
11063.jpg,1120.0,700.0,784000.0
11066.jpg,1210.0,1000.0,1210000.0
11067.jpg,1235.0,753.0,929955.0
11068.jpg,961.0,850.0,816850.0
11070.jpg,1310.0,900.0,1179000.0
11072.jpg,1221.0,1100.0,1343100.0
11073.jpg,1200.0,1296.0,1555200.0
11074.jpg,1200.0,1247.0,1496400.0
11076.jpg,700.0,550.0,385000.0
11077.jpg,1017.0,1243.0,1264131.0
11080.jpg,762.0,889.0,677418.0
11091.jpg,600.0,778.0,466800.0
11094.jpg,804.0,997.0,801588.0
11095.jpg,864.0,1100.0,950400.0
11096.jpg,925.0,1100.0,1017500.0
11097.jpg,700.0,888.0,621600.0
11098.jpg,737.0,693.0,510741.0
11099.jpg,1102.0,1400.0,1542800.0
11100.jpg,900.0,1087.0,978300.0
11101.jpg,700.0,853.0,597100.0
11102.jpg,861.0,700.0,602700.0
11103.jpg,951.0,1253.0,1191603.0
11104.jpg,439.0,600.0,263400.0
11105.jpg,750.0,1063.0,797250.0
11106.jpg,807.0,1017.0,820719.0
11107.jpg,464.0,600.0,278400.0
11109.jpg,900.0,1110.0,999000.0
11112.jpg,1097.0,635.0,696595.0
11113.jpg,1095.0,631.0,690945.0
11117.jpg,1694.0,1000.0,1694000.0
11118.jpg,500.0,653.0,326500.0
11119.jpg,465.0,650.0,302250.0
11120.jpg,800.0,1058.0,846400.0
11121.jpg,900.0,1152.0,1036800.0
11122.jpg,700.0,947.0,662900.0
11123.jpg,936.0,1198.0,1121328.0
11125.jpg,1152.0,800.0,921600.0
11126.jpg,800.0,1181.0,944800.0
11127.jpg,900.0,1234.0,1110600.0
11128.jpg,1212.0,800.0,969600.0
11129.jpg,1133.0,900.0,1019700.0
11130.jpg,1195.0,1000.0,1195000.0
11131.jpg,1225.0,900.0,1102500.0
11132.jpg,1030.0,770.0,793100.0
11133.jpg,920.0,700.0,644000.0
11134.jpg,1217.0,943.0,1147631.0
11135.jpg,800.0,1303.0,1042400.0
11136.jpg,701.0,1199.0,840499.0
11137.jpg,1068.0,1255.0,1340340.0
11138.jpg,1000.0,1235.0,1235000.0
11139.jpg,850.0,1048.0,890800.0
11140.jpg,545.0,580.0,316100.0
11141.jpg,802.0,1094.0,877388.0
11142.jpg,802.0,1127.0,903854.0
11143.jpg,1100.0,1514.0,1665400.0
11144.jpg,803.0,1102.0,884906.0
11145.jpg,1359.0,1000.0,1359000.0
11146.jpg,648.0,802.0,519696.0
11147.jpg,1500.0,954.0,1431000.0
11148.jpg,1500.0,920.0,1380000.0
11149.jpg,1000.0,1213.0,1213000.0
11150.jpg,1500.0,949.0,1423500.0
11151.jpg,1100.0,1333.0,1466300.0
11152.jpg,1500.0,910.0,1365000.0
11153.jpg,1094.0,1400.0,1531600.0
11154.jpg,1081.0,1400.0,1513400.0
11155.jpg,1100.0,1467.0,1613700.0
11156.jpg,1100.0,1351.0,1486100.0
11157.jpg,1025.0,1326.0,1359150.0
11158.jpg,1041.0,1328.0,1382448.0
11159.jpg,1019.0,1329.0,1354251.0
11160.jpg,1046.0,1332.0,1393272.0
11161.jpg,387.0,1900.0,735300.0
11163.jpg,1000.0,1407.0,1407000.0
11164.jpg,1000.0,1232.0,1232000.0
11165.jpg,900.0,1110.0,999000.0
11166.jpg,904.0,1100.0,994400.0
11167.jpg,859.0,1500.0,1288500.0
11168.jpg,1328.0,900.0,1195200.0
11169.jpg,825.0,676.0,557700.0
11170.jpg,900.0,1254.0,1128600.0
11171.jpg,1223.0,1200.0,1467600.0
11172.jpg,1325.0,800.0,1060000.0
11173.jpg,863.0,950.0,819850.0
11176.jpg,1225.0,1000.0,1225000.0
11177.jpg,1040.0,1000.0,1040000.0
11178.jpg,1452.0,750.0,1089000.0
11179.jpg,931.0,1000.0,931000.0
11180.jpg,949.0,1100.0,1043900.0
11181.jpg,935.0,1000.0,935000.0
11182.jpg,801.0,1100.0,881100.0
11183.jpg,1141.0,800.0,912800.0
11184.jpg,863.0,1100.0,949300.0
11185.jpg,843.0,1000.0,843000.0
11186.jpg,860.0,1100.0,946000.0
11187.jpg,900.0,1071.0,963900.0
11188.jpg,1141.0,820.0,935620.0
11189.jpg,933.0,1046.0,975918.0
11190.jpg,929.0,1200.0,1114800.0
11191.jpg,1109.0,1100.0,1219900.0
11192.jpg,778.0,1300.0,1011400.0
11193.jpg,1024.0,1012.0,1036288.0
11194.jpg,1286.0,1008.0,1296288.0
11195.jpg,1166.0,1050.0,1224300.0
11196.jpg,950.0,950.0,902500.0
11197.jpg,1053.0,684.0,720252.0
11199.jpg,680.0,1242.0,844560.0
11200.jpg,787.0,1100.0,865700.0
11201.jpg,1056.0,1050.0,1108800.0
11202.jpg,1025.0,1026.0,1051650.0
11203.jpg,790.0,1120.0,884800.0
11204.jpg,724.0,1190.0,861560.0
11205.jpg,755.0,1160.0,875800.0
11206.jpg,999.0,870.0,869130.0
11207.jpg,1137.0,1000.0,1137000.0
11208.jpg,1319.0,634.0,836246.0
11209.jpg,1147.0,1000.0,1147000.0
11210.jpg,900.0,800.0,720000.0
11211.jpg,753.0,1120.0,843360.0
11212.jpg,691.0,1220.0,843020.0
11213.jpg,703.0,890.0,625670.0
11214.jpg,684.0,848.0,580032.0
11215.jpg,702.0,880.0,617760.0
11216.jpg,688.0,930.0,639840.0
11422.jpg,708.0,1300.0,920400.0
11423.jpg,727.0,1003.0,729181.0
11424.jpg,900.0,1237.0,1113300.0
11441.jpg,1325.0,850.0,1126250.0
11442.jpg,906.0,916.0,829896.0
11443.jpg,566.0,866.0,490156.0
11444.jpg,456.0,796.0,362976.0
11446.jpg,900.0,849.0,764100.0
11447.jpg,474.0,782.0,370668.0
11448.jpg,1111.0,1500.0,1666500.0
11449.jpg,1001.0,1200.0,1201200.0
11450.jpg,1000.0,1341.0,1341000.0
11451.jpg,1300.0,852.0,1107600.0
11452.jpg,1032.0,1100.0,1135200.0
11453.jpg,1316.0,800.0,1052800.0
11454.jpg,1300.0,802.0,1042600.0
11455.jpg,1000.0,1222.0,1222000.0
11456.jpg,1000.0,1274.0,1274000.0
11457.jpg,1100.0,851.0,936100.0
11458.jpg,900.0,1200.0,1080000.0
11459.jpg,1500.0,771.0,1156500.0
11460.jpg,1178.0,800.0,942400.0
11461.jpg,1100.0,904.0,994400.0
11462.jpg,1000.0,1201.0,1201000.0
11463.jpg,1075.0,1200.0,1290000.0
11464.jpg,1132.0,1100.0,1245200.0
11465.jpg,1000.0,1206.0,1206000.0
11466.jpg,900.0,1206.0,1085400.0
11467.jpg,1420.0,800.0,1136000.0
11468.jpg,1359.0,800.0,1087200.0
11469.jpg,1000.0,1221.0,1221000.0
11470.jpg,1000.0,1208.0,1208000.0
11471.jpg,1400.0,839.0,1174600.0
11472.jpg,1000.0,1213.0,1213000.0
11473.jpg,1000.0,1251.0,1251000.0
11474.jpg,946.0,900.0,851400.0
11475.jpg,1531.0,800.0,1224800.0
11476.jpg,1056.0,927.0,978912.0
11477.jpg,876.0,1118.0,979368.0
11478.jpg,1000.0,1251.0,1251000.0
11479.jpg,1100.0,1168.0,1284800.0
11480.jpg,924.0,1300.0,1201200.0
11481.jpg,1110.0,1172.0,1300920.0
11482.jpg,1101.0,1100.0,1211100.0
11483.jpg,748.0,1100.0,822800.0
11484.jpg,1075.0,1300.0,1397500.0
11485.jpg,1300.0,911.0,1184300.0
11486.jpg,908.0,1100.0,998800.0
11487.jpg,1400.0,852.0,1192800.0
11488.jpg,1400.0,880.0,1232000.0
11489.jpg,1200.0,889.0,1066800.0
11494.jpg,1295.0,1000.0,1295000.0
11496.jpg,1124.0,1400.0,1573600.0
11499.jpg,1618.0,900.0,1456200.0
11501.jpg,1300.0,947.0,1231100.0
11502.jpg,1264.0,1100.0,1390400.0
11503.jpg,900.0,1354.0,1218600.0
11504.jpg,1063.0,701.0,745163.0
11505.jpg,900.0,1477.0,1329300.0
11506.jpg,720.0,1030.0,741600.0
11507.jpg,1100.0,1365.0,1501500.0
11508.jpg,700.0,515.0,360500.0
11509.jpg,1107.0,1106.0,1224342.0
11510.jpg,800.0,1384.0,1107200.0
11511.jpg,1400.0,1100.0,1540000.0
11512.jpg,731.0,1011.0,739041.0
11513.jpg,984.0,820.0,806880.0
11514.jpg,1100.0,1154.0,1269400.0
11515.jpg,800.0,1127.0,901600.0
11516.jpg,750.0,1068.0,801000.0
11517.jpg,944.0,700.0,660800.0
11518.jpg,776.0,1080.0,838080.0
11519.jpg,850.0,1018.0,865300.0
11520.jpg,941.0,900.0,846900.0
11521.jpg,1200.0,769.0,922800.0
11522.jpg,900.0,1103.0,992700.0
11523.jpg,1200.0,828.0,993600.0
11525.jpg,1153.0,1256.0,1448168.0
11526.jpg,1200.0,1306.0,1567200.0
11527.jpg,750.0,929.0,696750.0
11528.jpg,1021.0,1000.0,1021000.0
11530.jpg,654.0,785.0,513390.0
11531.jpg,629.0,900.0,566100.0
11532.jpg,623.0,827.0,515221.0
11533.jpg,1007.0,1300.0,1309100.0
11534.jpg,1161.0,1107.0,1285227.0
11536.jpg,1072.0,1402.0,1502944.0
11537.jpg,1257.0,1188.0,1493316.0
11538.jpg,500.0,656.0,328000.0
11539.jpg,674.0,850.0,572900.0
11540.jpg,727.0,875.0,636125.0
11541.jpg,809.0,1020.0,825180.0
11544.jpg,850.0,1071.0,910350.0
11545.jpg,750.0,960.0,720000.0
11546.jpg,922.0,1200.0,1106400.0
11547.jpg,897.0,800.0,717600.0
11548.jpg,825.0,1050.0,866250.0
11549.jpg,856.0,1050.0,898800.0
11550.jpg,800.0,1005.0,804000.0
11551.jpg,1240.0,1600.0,1984000.0
11552.jpg,1200.0,1409.0,1690800.0
11553.jpg,762.0,850.0,647700.0
11554.jpg,669.0,894.0,598086.0
11555.jpg,742.0,1005.0,745710.0
11556.jpg,647.0,870.0,562890.0
11557.jpg,959.0,1255.0,1203545.0
11558.jpg,1000.0,1350.0,1350000.0
11559.jpg,1049.0,1400.0,1468600.0
11560.jpg,900.0,1174.0,1056600.0
11561.jpg,1100.0,1443.0,1587300.0
11562.jpg,820.0,1154.0,946280.0
11563.jpg,1135.0,1400.0,1589000.0
11564.jpg,900.0,1216.0,1094400.0
11565.jpg,1005.0,1600.0,1608000.0
11566.jpg,803.0,1061.0,851983.0
11567.jpg,939.0,1200.0,1126800.0
11568.jpg,905.0,1200.0,1086000.0
11569.jpg,1112.0,1500.0,1668000.0
11570.jpg,1230.0,900.0,1107000.0
11572.jpg,1400.0,1120.0,1568000.0
11575.jpg,900.0,1115.0,1003500.0
11584.jpg,1156.0,900.0,1040400.0
11587.jpg,718.0,900.0,646200.0
11589.jpg,1216.0,886.0,1077376.0
11590.jpg,1375.0,1100.0,1512500.0
11591.jpg,927.0,1200.0,1112400.0
11592.jpg,1200.0,952.0,1142400.0
11593.jpg,1087.0,768.0,834816.0
11594.jpg,1080.0,700.0,756000.0
11595.jpg,1250.0,922.0,1152500.0
11596.jpg,1097.0,742.0,813974.0
11597.jpg,1213.0,800.0,970400.0
11598.jpg,1025.0,774.0,793350.0
11599.jpg,1024.0,805.0,824320.0
11600.jpg,1204.0,700.0,842800.0
11603.jpg,950.0,660.0,627000.0
11604.jpg,1163.0,820.0,953660.0
11606.jpg,1117.0,1400.0,1563800.0
11607.jpg,826.0,980.0,809480.0
11608.jpg,1200.0,1441.0,1729200.0
11611.jpg,700.0,588.0,411600.0
11612.jpg,1223.0,800.0,978400.0
11613.jpg,1345.0,1600.0,2152000.0
11614.jpg,1200.0,1500.0,1800000.0
11615.jpg,853.0,1202.0,1025306.0
11616.jpg,770.0,1040.0,800800.0
11617.jpg,1022.0,770.0,786940.0
11618.jpg,1162.0,850.0,987700.0
11619.jpg,1164.0,850.0,989400.0
11632.jpg,920.0,719.0,661480.0
11637.jpg,880.0,1000.0,880000.0
11638.jpg,811.0,1000.0,811000.0
11639.jpg,1000.0,1356.0,1356000.0
11641.jpg,1268.0,900.0,1141200.0
11643.jpg,1108.0,1300.0,1440400.0
11644.jpg,1012.0,1300.0,1315600.0
11646.jpg,850.0,1027.0,872950.0
11647.jpg,935.0,1030.0,963050.0
11651.jpg,1011.0,800.0,808800.0
11652.jpg,900.0,690.0,621000.0
11653.jpg,993.0,690.0,685170.0
11654.jpg,794.0,900.0,714600.0
11655.jpg,792.0,1077.0,852984.0
11657.jpg,1408.0,700.0,985600.0
11658.jpg,1065.0,1200.0,1278000.0
11659.jpg,1056.0,1200.0,1267200.0
11660.jpg,1300.0,1020.0,1326000.0
11661.jpg,1000.0,1200.0,1200000.0
11662.jpg,701.0,941.0,659641.0
11663.jpg,1021.0,1200.0,1225200.0
11664.jpg,641.0,780.0,499980.0
11665.jpg,634.0,780.0,494520.0
11666.jpg,858.0,1200.0,1029600.0
11667.jpg,946.0,1200.0,1135200.0
11668.jpg,864.0,1200.0,1036800.0
11669.jpg,2021.0,600.0,1212600.0
11670.jpg,2062.0,600.0,1237200.0
11671.jpg,1229.0,900.0,1106100.0
11672.jpg,783.0,838.0,656154.0
11673.jpg,676.0,712.0,481312.0
11674.jpg,950.0,710.0,674500.0
11675.jpg,1000.0,1232.0,1232000.0
11676.jpg,805.0,1200.0,966000.0
11677.jpg,793.0,850.0,674050.0
11678.jpg,1231.0,900.0,1107900.0
11679.jpg,551.0,900.0,495900.0
11680.jpg,1100.0,952.0,1047200.0
11681.jpg,686.0,850.0,583100.0
11682.jpg,1100.0,1217.0,1338700.0
11683.jpg,648.0,863.0,559224.0
11684.jpg,1200.0,923.0,1107600.0
11685.jpg,1028.0,1200.0,1233600.0
11686.jpg,1320.0,1000.0,1320000.0
11687.jpg,1028.0,1200.0,1233600.0
11688.jpg,700.0,1501.0,1050700.0
11689.jpg,1085.0,1200.0,1302000.0
11690.jpg,1213.0,900.0,1091700.0
11691.jpg,1200.0,908.0,1089600.0
11692.jpg,932.0,1100.0,1025200.0
11693.jpg,906.0,1017.0,921402.0
11694.jpg,1200.0,910.0,1092000.0
11695.jpg,1100.0,936.0,1029600.0
11700.jpg,1134.0,1100.0,1247400.0
11701.jpg,1000.0,1312.0,1312000.0
11702.jpg,949.0,900.0,854100.0
11703.jpg,1314.0,720.0,946080.0
11704.jpg,481.0,1222.0,587782.0
11705.jpg,1043.0,1025.0,1069075.0
11706.jpg,926.0,527.0,488002.0
11707.jpg,505.0,1222.0,617110.0
11708.jpg,1000.0,971.0,971000.0
11709.jpg,1030.0,1000.0,1030000.0
11710.jpg,600.0,1344.0,806400.0
11711.jpg,1000.0,921.0,921000.0
11712.jpg,600.0,1336.0,801600.0
11713.jpg,1000.0,728.0,728000.0
11714.jpg,1109.0,1100.0,1219900.0
11715.jpg,1300.0,744.0,967200.0
11716.jpg,697.0,850.0,592450.0
11717.jpg,390.0,1000.0,390000.0
11718.jpg,1000.0,976.0,976000.0
11719.jpg,384.0,1000.0,384000.0
11720.jpg,1100.0,1040.0,1144000.0
11721.jpg,900.0,1104.0,993600.0
11722.jpg,620.0,616.0,381920.0
11723.jpg,1100.0,1013.0,1114300.0
11724.jpg,339.0,900.0,305100.0
11725.jpg,1200.0,1137.0,1364400.0
11726.jpg,605.0,742.0,448910.0
11727.jpg,1200.0,1126.0,1351200.0
11728.jpg,1119.0,1000.0,1119000.0
11729.jpg,850.0,810.0,688500.0
11730.jpg,1100.0,1074.0,1181400.0
11731.jpg,950.0,539.0,512050.0
11732.jpg,1245.0,1200.0,1494000.0
11733.jpg,1058.0,1400.0,1481200.0
11734.jpg,751.0,900.0,675900.0
11735.jpg,700.0,1430.0,1001000.0
11736.jpg,1300.0,872.0,1133600.0
11737.jpg,1257.0,1200.0,1508400.0
11738.jpg,680.0,1600.0,1088000.0
11739.jpg,1200.0,1112.0,1334400.0
11740.jpg,1448.0,700.0,1013600.0
11741.jpg,1004.0,1200.0,1204800.0
11742.jpg,1009.0,1200.0,1210800.0
11743.jpg,854.0,1500.0,1281000.0
11744.jpg,679.0,950.0,645050.0
11745.jpg,900.0,1167.0,1050300.0
11746.jpg,900.0,1168.0,1051200.0
11747.jpg,1042.0,1000.0,1042000.0
11748.jpg,1034.0,1000.0,1034000.0
11749.jpg,605.0,950.0,574750.0
11750.jpg,1080.0,1000.0,1080000.0
11751.jpg,1066.0,1000.0,1066000.0
11752.jpg,1400.0,905.0,1267000.0
11753.jpg,1000.0,1214.0,1214000.0
11754.jpg,660.0,800.0,528000.0
11755.jpg,995.0,651.0,647745.0
11756.jpg,765.0,870.0,665550.0
11757.jpg,1000.0,413.0,413000.0
11758.jpg,1087.0,1000.0,1087000.0
11759.jpg,874.0,1500.0,1311000.0
11760.jpg,1095.0,1000.0,1095000.0
11761.jpg,769.0,1400.0,1076600.0
11762.jpg,1116.0,1000.0,1116000.0
11763.jpg,1047.0,1000.0,1047000.0
11764.jpg,750.0,662.0,496500.0
11765.jpg,738.0,650.0,479700.0
11766.jpg,1097.0,1000.0,1097000.0
11767.jpg,980.0,676.0,662480.0
11768.jpg,1173.0,1000.0,1173000.0
11769.jpg,1119.0,1000.0,1119000.0
11770.jpg,1141.0,1000.0,1141000.0
11771.jpg,820.0,614.0,503480.0
11772.jpg,1017.0,1000.0,1017000.0
11773.jpg,1059.0,1000.0,1059000.0
11774.jpg,1089.0,1000.0,1089000.0
11775.jpg,765.0,650.0,497250.0
11776.jpg,1095.0,1000.0,1095000.0
11777.jpg,916.0,1200.0,1099200.0
11778.jpg,900.0,1202.0,1081800.0
11779.jpg,714.0,900.0,642600.0
11780.jpg,867.0,1200.0,1040400.0
11781.jpg,1076.0,1000.0,1076000.0
11782.jpg,1091.0,1000.0,1091000.0
11783.jpg,1058.0,1050.0,1110900.0
11784.jpg,801.0,1400.0,1121400.0
11785.jpg,1000.0,1185.0,1185000.0
11786.jpg,1064.0,1000.0,1064000.0
11787.jpg,1155.0,1000.0,1155000.0
11788.jpg,1115.0,1000.0,1115000.0
11789.jpg,1000.0,1520.0,1520000.0
11790.jpg,935.0,1400.0,1309000.0
11791.jpg,1303.0,950.0,1237850.0
11792.jpg,905.0,1044.0,944820.0
11793.jpg,1300.0,800.0,1040000.0
11794.jpg,971.0,1200.0,1165200.0
11795.jpg,608.0,750.0,456000.0
11796.jpg,693.0,950.0,658350.0
11797.jpg,658.0,854.0,561932.0
11798.jpg,504.0,926.0,466704.0
11799.jpg,620.0,900.0,558000.0
11800.jpg,525.0,962.0,505050.0
11801.jpg,900.0,1330.0,1197000.0
11802.jpg,673.0,1000.0,673000.0
11803.jpg,732.0,1300.0,951600.0
11806.jpg,720.0,1000.0,720000.0
11807.jpg,980.0,1300.0,1274000.0
11808.jpg,640.0,900.0,576000.0
11809.jpg,1000.0,688.0,688000.0
11810.jpg,900.0,1327.0,1194300.0
11811.jpg,1000.0,1502.0,1502000.0
11812.jpg,1400.0,807.0,1129800.0
11813.jpg,626.0,950.0,594700.0
11814.jpg,433.0,1100.0,476300.0
11815.jpg,443.0,1100.0,487300.0
11816.jpg,444.0,1100.0,488400.0
11817.jpg,446.0,1100.0,490600.0
11818.jpg,1400.0,1090.0,1526000.0
11819.jpg,714.0,1090.0,778260.0
11820.jpg,1640.0,900.0,1476000.0
11821.jpg,1093.0,779.0,851447.0
11822.jpg,1400.0,1090.0,1526000.0
11823.jpg,682.0,1090.0,743380.0
11824.jpg,770.0,1200.0,924000.0
11825.jpg,1407.0,1000.0,1407000.0
11826.jpg,627.0,880.0,551760.0
11827.jpg,900.0,1349.0,1214100.0
11828.jpg,900.0,1358.0,1222200.0
11829.jpg,800.0,717.0,573600.0
11833.jpg,1166.0,900.0,1049400.0
11834.jpg,1500.0,924.0,1386000.0
11835.jpg,750.0,1066.0,799500.0
11837.jpg,859.0,1068.0,917412.0
11842.jpg,840.0,1061.0,891240.0
11843.jpg,1248.0,902.0,1125696.0
11844.jpg,900.0,1253.0,1127700.0
11845.jpg,900.0,1254.0,1128600.0
11846.jpg,850.0,1150.0,977500.0
11847.jpg,700.0,1050.0,735000.0
11848.jpg,875.0,1000.0,875000.0
11849.jpg,718.0,1100.0,789800.0
11850.jpg,1000.0,1214.0,1214000.0
11851.jpg,931.0,1200.0,1117200.0
11854.jpg,870.0,661.0,575070.0
11856.jpg,1600.0,910.0,1456000.0
11857.jpg,926.0,650.0,601900.0
11858.jpg,1051.0,700.0,735700.0
11859.jpg,1248.0,794.0,990912.0
11861.jpg,868.0,1050.0,911400.0
11864.jpg,1000.0,1778.0,1778000.0
11865.jpg,983.0,810.0,796230.0
11866.jpg,810.0,1033.0,836730.0
11867.jpg,910.0,850.0,773500.0
11868.jpg,950.0,1327.0,1260650.0
11869.jpg,1000.0,1288.0,1288000.0
11870.jpg,1027.0,1250.0,1283750.0
11871.jpg,1000.0,1183.0,1183000.0
11872.jpg,1177.0,900.0,1059300.0
11873.jpg,1013.0,1300.0,1316900.0
11874.jpg,812.0,1060.0,860720.0
11875.jpg,1500.0,1159.0,1738500.0
11876.jpg,743.0,904.0,671672.0
11877.jpg,1043.0,850.0,886550.0
11878.jpg,1400.0,1055.0,1477000.0
11879.jpg,1026.0,800.0,820800.0
11880.jpg,1242.0,1049.0,1302858.0
11881.jpg,750.0,980.0,735000.0
11882.jpg,939.0,750.0,704250.0
11883.jpg,1100.0,1457.0,1602700.0
11884.jpg,1100.0,1207.0,1327700.0
11886.jpg,725.0,1251.0,906975.0
11889.jpg,496.0,491.0,243536.0
11890.jpg,600.0,804.0,482400.0
11891.jpg,479.0,489.0,234231.0
11897.jpg,705.0,1006.0,709230.0
11898.jpg,1005.0,1296.0,1302480.0
11899.jpg,796.0,1005.0,799980.0
11900.jpg,650.0,820.0,533000.0
11901.jpg,723.0,900.0,650700.0
11902.jpg,1156.0,1000.0,1156000.0
11903.jpg,829.0,1080.0,895320.0
11910.jpg,1350.0,810.0,1093500.0
11911.jpg,1255.0,837.0,1050435.0
11912.jpg,1248.0,901.0,1124448.0
11914.jpg,1100.0,880.0,968000.0
11915.jpg,963.0,1200.0,1155600.0
11916.jpg,1120.0,1400.0,1568000.0
11920.jpg,1200.0,815.0,978000.0
11922.jpg,1200.0,1050.0,1260000.0
11925.jpg,930.0,748.0,695640.0
11938.jpg,900.0,1099.0,989100.0
11939.jpg,800.0,1016.0,812800.0
11940.jpg,1400.0,808.0,1131200.0
11942.jpg,1242.0,750.0,931500.0
11948.jpg,1163.0,1400.0,1628200.0
11953.jpg,815.0,922.0,751430.0
11959.jpg,1225.0,950.0,1163750.0
11961.jpg,1500.0,1136.0,1704000.0
11962.jpg,1500.0,1115.0,1672500.0
11965.jpg,1320.0,1000.0,1320000.0
11966.jpg,1234.0,900.0,1110600.0
11967.jpg,818.0,610.0,498980.0
11969.jpg,1034.0,920.0,951280.0
11970.jpg,1255.0,1189.0,1492195.0
11971.jpg,823.0,1094.0,900362.0
11972.jpg,802.0,1049.0,841298.0
11973.jpg,800.0,964.0,771200.0
11974.jpg,804.0,1053.0,846612.0
11975.jpg,750.0,1188.0,891000.0
11976.jpg,770.0,1038.0,799260.0
11977.jpg,822.0,1111.0,913242.0
11978.jpg,807.0,1111.0,896577.0
11979.jpg,1203.0,680.0,818040.0
11980.jpg,804.0,1014.0,815256.0
11981.jpg,806.0,1017.0,819702.0
11982.jpg,850.0,1217.0,1034450.0
11983.jpg,580.0,1477.0,856660.0
11984.jpg,770.0,1081.0,832370.0
11985.jpg,850.0,1115.0,947750.0
11986.jpg,801.0,1038.0,831438.0
11987.jpg,802.0,1045.0,838090.0
11988.jpg,833.0,1009.0,840497.0
11989.jpg,801.0,1016.0,813816.0
11990.jpg,821.0,1011.0,830031.0
11991.jpg,807.0,1010.0,815070.0
11992.jpg,809.0,1011.0,817899.0
11993.jpg,836.0,1010.0,844360.0
11994.jpg,802.0,961.0,770722.0
11995.jpg,801.0,995.0,796995.0
11996.jpg,808.0,1010.0,816080.0
11997.jpg,1257.0,770.0,967890.0
11998.jpg,836.0,1064.0,889504.0
11999.jpg,750.0,1201.0,900750.0
12000.jpg,807.0,1044.0,842508.0
12001.jpg,801.0,1116.0,893916.0
12002.jpg,810.0,1014.0,821340.0
12003.jpg,801.0,976.0,781776.0
12004.jpg,828.0,1001.0,828828.0
12005.jpg,815.0,1007.0,820705.0
12006.jpg,801.0,1048.0,839448.0
12007.jpg,1262.0,720.0,908640.0
12008.jpg,550.0,1465.0,805750.0
12009.jpg,813.0,1011.0,821943.0
12010.jpg,670.0,1141.0,764470.0
12011.jpg,830.0,1001.0,830830.0
12012.jpg,550.0,1469.0,807950.0
12013.jpg,801.0,977.0,782577.0
12014.jpg,651.0,1000.0,651000.0
12015.jpg,1085.0,1010.0,1095850.0
12016.jpg,665.0,1271.0,845215.0
12017.jpg,700.0,1289.0,902300.0
12018.jpg,1030.0,912.0,939360.0
12019.jpg,808.0,1064.0,859712.0
12020.jpg,804.0,1066.0,857064.0
12021.jpg,770.0,942.0,725340.0
12022.jpg,688.0,990.0,681120.0
12023.jpg,912.0,1300.0,1185600.0
12024.jpg,802.0,1076.0,862952.0
12025.jpg,1000.0,1246.0,1246000.0
12026.jpg,832.0,1073.0,892736.0
12027.jpg,1002.0,838.0,839676.0
12028.jpg,876.0,879.0,770004.0
12029.jpg,750.0,1109.0,831750.0
12030.jpg,998.0,708.0,706584.0
12031.jpg,810.0,1009.0,817290.0
12032.jpg,750.0,1119.0,839250.0
12033.jpg,850.0,1033.0,878050.0
12034.jpg,770.0,1067.0,821590.0
12035.jpg,803.0,1085.0,871255.0
12036.jpg,801.0,1090.0,873090.0
12037.jpg,843.0,1012.0,853116.0
12038.jpg,1033.0,834.0,861522.0
12039.jpg,750.0,916.0,687000.0
12040.jpg,750.0,915.0,686250.0
12041.jpg,804.0,969.0,779076.0
12042.jpg,1127.0,1400.0,1577800.0
12043.jpg,722.0,1900.0,1371800.0
12044.jpg,822.0,1001.0,822822.0
12045.jpg,721.0,1900.0,1369900.0
12046.jpg,829.0,1000.0,829000.0
12047.jpg,809.0,996.0,805764.0
12048.jpg,750.0,1132.0,849000.0
12049.jpg,810.0,932.0,754920.0
12050.jpg,750.0,988.0,741000.0
12051.jpg,806.0,1063.0,856778.0
12052.jpg,767.0,1005.0,770835.0
12053.jpg,1056.0,780.0,823680.0
12054.jpg,806.0,1016.0,818896.0
12055.jpg,850.0,1117.0,949450.0
12056.jpg,934.0,1010.0,943340.0
12057.jpg,801.0,1076.0,861876.0
12058.jpg,750.0,914.0,685500.0
12059.jpg,802.0,1079.0,865358.0
12060.jpg,801.0,1004.0,804204.0
12061.jpg,750.0,914.0,685500.0
12062.jpg,801.0,985.0,788985.0
12063.jpg,795.0,1000.0,795000.0
12064.jpg,801.0,1044.0,836244.0
12065.jpg,1000.0,920.0,920000.0
12066.jpg,580.0,1286.0,745880.0
12067.jpg,604.0,1327.0,801508.0
12068.jpg,759.0,1004.0,762036.0
12069.jpg,983.0,1024.0,1006592.0
12070.jpg,801.0,1042.0,834642.0
12071.jpg,1176.0,701.0,824376.0
12072.jpg,801.0,982.0,786582.0
12073.jpg,804.0,985.0,791940.0
12074.jpg,367.0,900.0,330300.0
12075.jpg,1000.0,1208.0,1208000.0
12076.jpg,1100.0,1322.0,1454200.0
12077.jpg,803.0,970.0,778910.0
12078.jpg,819.0,1001.0,819819.0
12079.jpg,770.0,1102.0,848540.0
12080.jpg,848.0,1068.0,905664.0
12081.jpg,809.0,1035.0,837315.0
12082.jpg,840.0,1001.0,840840.0
12083.jpg,801.0,1157.0,926757.0
12084.jpg,807.0,1016.0,819912.0
12085.jpg,806.0,931.0,750386.0
12086.jpg,827.0,1100.0,909700.0
12087.jpg,750.0,1043.0,782250.0
12088.jpg,801.0,1098.0,879498.0
12089.jpg,802.0,1081.0,866962.0
12090.jpg,804.0,1114.0,895656.0
12091.jpg,950.0,989.0,939550.0
12092.jpg,850.0,1216.0,1033600.0
12093.jpg,560.0,1616.0,904960.0
12094.jpg,560.0,1636.0,916160.0
12095.jpg,807.0,984.0,794088.0
12096.jpg,806.0,982.0,791492.0
12097.jpg,807.0,972.0,784404.0
12098.jpg,1030.0,707.0,728210.0
12453.jpg,1000.0,1464.0,1464000.0
12454.jpg,1000.0,1478.0,1478000.0
12455.jpg,1000.0,1278.0,1278000.0
12456.jpg,723.0,820.0,592860.0
12457.jpg,800.0,1162.0,929600.0
12458.jpg,546.0,700.0,382200.0
12459.jpg,850.0,1169.0,993650.0
12460.jpg,1000.0,1309.0,1309000.0
12461.jpg,800.0,988.0,790400.0
12462.jpg,800.0,1045.0,836000.0
12463.jpg,682.0,900.0,613800.0
12464.jpg,637.0,914.0,582218.0
12465.jpg,840.0,1300.0,1092000.0
12466.jpg,830.0,955.0,792650.0
12467.jpg,467.0,800.0,373600.0
12468.jpg,705.0,880.0,620400.0
12469.jpg,740.0,1010.0,747400.0
12470.jpg,801.0,1300.0,1041300.0
12471.jpg,837.0,917.0,767529.0
12472.jpg,672.0,822.0,552384.0
12473.jpg,656.0,756.0,495936.0
12474.jpg,971.0,1400.0,1359400.0
12475.jpg,900.0,1537.0,1383300.0
12476.jpg,1228.0,1600.0,1964800.0
12477.jpg,418.0,800.0,334400.0
12478.jpg,852.0,1400.0,1192800.0
12479.jpg,683.0,1169.0,798427.0
12480.jpg,1044.0,885.0,923940.0
12481.jpg,702.0,900.0,631800.0
12482.jpg,900.0,1054.0,948600.0
12483.jpg,711.0,1300.0,924300.0
12484.jpg,689.0,1300.0,895700.0
12485.jpg,800.0,1396.0,1116800.0
12487.jpg,1049.0,1300.0,1363700.0
12488.jpg,801.0,1100.0,881100.0
12489.jpg,1000.0,1186.0,1186000.0
12490.jpg,415.0,700.0,290500.0
12491.jpg,1107.0,1600.0,1771200.0
12492.jpg,820.0,974.0,798680.0
12493.jpg,1085.0,770.0,835450.0
12494.jpg,900.0,1066.0,959400.0
12495.jpg,1000.0,1218.0,1218000.0
12496.jpg,995.0,1256.0,1249720.0
12497.jpg,722.0,1100.0,794200.0
12498.jpg,1146.0,2000.0,2292000.0
12499.jpg,1241.0,1000.0,1241000.0
12502.jpg,1400.0,1135.0,1589000.0
12503.jpg,1028.0,1250.0,1285000.0
12504.jpg,1100.0,1106.0,1216600.0
12505.jpg,900.0,1523.0,1370700.0
12506.jpg,846.0,1200.0,1015200.0
12507.jpg,982.0,887.0,871034.0
12508.jpg,900.0,952.0,856800.0
12509.jpg,750.0,1289.0,966750.0
12510.jpg,750.0,1294.0,970500.0
12511.jpg,1105.0,1200.0,1326000.0
12512.jpg,900.0,1011.0,909900.0
12513.jpg,1038.0,900.0,934200.0
12514.jpg,800.0,1020.0,816000.0
12515.jpg,800.0,1039.0,831200.0
12516.jpg,750.0,1055.0,791250.0
12517.jpg,1215.0,900.0,1093500.0
12518.jpg,1322.0,1500.0,1983000.0
12519.jpg,1347.0,1500.0,2020500.0
12520.jpg,700.0,1138.0,796600.0
12521.jpg,1142.0,1600.0,1827200.0
12522.jpg,1142.0,1600.0,1827200.0
12523.jpg,1000.0,1394.0,1394000.0
12524.jpg,976.0,1256.0,1225856.0
12525.jpg,1152.0,770.0,887040.0
12526.jpg,959.0,1183.0,1134497.0
12527.jpg,951.0,1183.0,1125033.0
12528.jpg,1395.0,1200.0,1674000.0
12530.jpg,1000.0,1394.0,1394000.0
12531.jpg,1200.0,1352.0,1622400.0
12532.jpg,935.0,1200.0,1122000.0
12533.jpg,913.0,900.0,821700.0
12534.jpg,800.0,633.0,506400.0
12535.jpg,800.0,1049.0,839200.0
12536.jpg,1300.0,860.0,1118000.0
12537.jpg,805.0,1100.0,885500.0
12538.jpg,733.0,900.0,659700.0
12539.jpg,1200.0,1438.0,1725600.0
12542.jpg,802.0,1000.0,802000.0
12543.jpg,765.0,820.0,627300.0
12546.jpg,668.0,920.0,614560.0
12547.jpg,1262.0,1400.0,1766800.0
12548.jpg,1400.0,1171.0,1639400.0
12549.jpg,900.0,1365.0,1228500.0
12550.jpg,831.0,1100.0,914100.0
12554.jpg,849.0,1030.0,874470.0
12555.jpg,1458.0,1000.0,1458000.0
12556.jpg,870.0,1373.0,1194510.0
12563.jpg,1423.0,900.0,1280700.0
12564.jpg,900.0,624.0,561600.0
12565.jpg,1100.0,1406.0,1546600.0
12566.jpg,706.0,966.0,681996.0
12567.jpg,1156.0,843.0,974508.0
12568.jpg,1335.0,954.0,1273590.0
12569.jpg,1400.0,1049.0,1468600.0
12570.jpg,1049.0,1300.0,1363700.0
12573.jpg,1158.0,990.0,1146420.0
12574.jpg,1255.0,1095.0,1374225.0
12575.jpg,1122.0,1300.0,1458600.0
12576.jpg,1107.0,1299.0,1437993.0
12577.jpg,1500.0,1052.0,1578000.0
12578.jpg,590.0,864.0,509760.0
12579.jpg,1545.0,1200.0,1854000.0
12580.jpg,800.0,1230.0,984000.0
12581.jpg,1250.0,972.0,1215000.0
12582.jpg,1500.0,1039.0,1558500.0
12584.jpg,1264.0,1000.0,1264000.0
12585.jpg,1211.0,1000.0,1211000.0
12586.jpg,692.0,848.0,586816.0
12587.jpg,652.0,868.0,565936.0
12588.jpg,1401.0,1100.0,1541100.0
12589.jpg,920.0,1101.0,1012920.0
12590.jpg,1452.0,1200.0,1742400.0
12591.jpg,1000.0,1164.0,1164000.0
12592.jpg,684.0,850.0,581400.0
12596.jpg,1052.0,750.0,789000.0
12597.jpg,1255.0,1006.0,1262530.0
12598.jpg,1253.0,701.0,878353.0
12599.jpg,1251.0,809.0,1012059.0
12607.jpg,1190.0,1300.0,1547000.0
12608.jpg,1031.0,1300.0,1340300.0
12613.jpg,1220.0,1255.0,1531100.0
12617.jpg,988.0,1300.0,1284400.0
12618.jpg,836.0,600.0,501600.0
12619.jpg,800.0,1088.0,870400.0
12620.jpg,871.0,650.0,566150.0
12622.jpg,1200.0,880.0,1056000.0
12624.jpg,1039.0,770.0,800030.0
12625.jpg,800.0,1231.0,984800.0
12626.jpg,600.0,767.0,460200.0
12627.jpg,712.0,889.0,632968.0
12628.jpg,668.0,920.0,614560.0
12629.jpg,536.0,700.0,375200.0
12630.jpg,1345.0,1000.0,1345000.0
12631.jpg,1066.0,1255.0,1337830.0
12633.jpg,900.0,1223.0,1100700.0
12634.jpg,769.0,620.0,476780.0
12635.jpg,1084.0,770.0,834680.0
12636.jpg,747.0,1100.0,821700.0
12638.jpg,688.0,999.0,687312.0
12639.jpg,608.0,865.0,525920.0
12640.jpg,617.0,831.0,512727.0
12641.jpg,677.0,1001.0,677677.0
12642.jpg,647.0,920.0,595240.0
12643.jpg,900.0,1038.0,934200.0
12647.jpg,1300.0,961.0,1249300.0
12648.jpg,1300.0,852.0,1107600.0
12649.jpg,783.0,750.0,587250.0
12650.jpg,808.0,1002.0,809616.0
12651.jpg,800.0,989.0,791200.0
12652.jpg,1270.0,649.0,824230.0
12653.jpg,1042.0,735.0,765870.0
12655.jpg,1000.0,1005.0,1005000.0
12658.jpg,900.0,1091.0,981900.0
12659.jpg,1000.0,1237.0,1237000.0
12664.jpg,1107.0,1500.0,1660500.0
12665.jpg,700.0,1701.0,1190700.0
12675.jpg,1032.0,1400.0,1444800.0
12676.jpg,906.0,1200.0,1087200.0
12681.jpg,1149.0,900.0,1034100.0
12683.jpg,1244.0,1054.0,1311176.0
12687.jpg,554.0,800.0,443200.0
12689.jpg,950.0,1143.0,1085850.0
12691.jpg,776.0,1020.0,791520.0
12695.jpg,900.0,1176.0,1058400.0
12696.jpg,850.0,1162.0,987700.0
12697.jpg,850.0,1151.0,978350.0
12699.jpg,1515.0,1000.0,1515000.0
12711.jpg,1404.0,900.0,1263600.0
12712.jpg,1349.0,900.0,1214100.0
12714.jpg,796.0,962.0,765752.0
12715.jpg,806.0,600.0,483600.0
12718.jpg,960.0,786.0,754560.0
12719.jpg,1251.0,1027.0,1284777.0
12720.jpg,1041.0,1300.0,1353300.0
12721.jpg,729.0,809.0,589761.0
12722.jpg,1136.0,1300.0,1476800.0
12724.jpg,950.0,1310.0,1244500.0
12725.jpg,809.0,1280.0,1035520.0
12726.jpg,920.0,1250.0,1150000.0
12727.jpg,1179.0,1005.0,1184895.0
12728.jpg,1214.0,1100.0,1335400.0
12729.jpg,1250.0,916.0,1145000.0
12730.jpg,1026.0,1187.0,1217862.0
12731.jpg,1200.0,1034.0,1240800.0
12732.jpg,1268.0,1000.0,1268000.0
12733.jpg,1116.0,1006.0,1122696.0
12734.jpg,1323.0,750.0,992250.0
12735.jpg,1024.0,1242.0,1271808.0
12736.jpg,1000.0,1229.0,1229000.0
12737.jpg,1020.0,1218.0,1242360.0
12738.jpg,1100.0,1117.0,1228700.0
12739.jpg,1024.0,1227.0,1256448.0
12741.jpg,688.0,866.0,595808.0
12751.jpg,1100.0,942.0,1036200.0
12752.jpg,900.0,1073.0,965700.0
12753.jpg,1165.0,1400.0,1631000.0
12754.jpg,1300.0,955.0,1241500.0
12755.jpg,963.0,780.0,751140.0
12756.jpg,900.0,1083.0,974700.0
12757.jpg,514.0,1467.0,754038.0
12758.jpg,508.0,1469.0,746252.0
12759.jpg,670.0,1500.0,1005000.0
12760.jpg,900.0,1195.0,1075500.0
12761.jpg,845.0,710.0,599950.0
12762.jpg,651.0,1006.0,654906.0
12764.jpg,739.0,980.0,724220.0
12765.jpg,595.0,1089.0,647955.0
12766.jpg,1000.0,1254.0,1254000.0
12767.jpg,850.0,1120.0,952000.0
12768.jpg,740.0,1004.0,742960.0
12769.jpg,816.0,900.0,734400.0
12770.jpg,643.0,1150.0,739450.0
12771.jpg,871.0,850.0,740350.0
12772.jpg,784.0,980.0,768320.0
12773.jpg,728.0,1030.0,749840.0
12774.jpg,355.0,1000.0,355000.0
12775.jpg,603.0,1350.0,814050.0
12776.jpg,750.0,1035.0,776250.0
12777.jpg,750.0,1053.0,789750.0
12778.jpg,737.0,950.0,700150.0
12779.jpg,1000.0,1331.0,1331000.0
12780.jpg,600.0,1108.0,664800.0
12781.jpg,581.0,1108.0,643748.0
12782.jpg,1086.0,650.0,705900.0
12783.jpg,737.0,930.0,685410.0
12784.jpg,802.0,940.0,753880.0
12785.jpg,931.0,650.0,605150.0
12786.jpg,700.0,1208.0,845600.0
12787.jpg,880.0,1047.0,921360.0
12788.jpg,750.0,1024.0,768000.0
12789.jpg,832.0,1058.0,880256.0
12790.jpg,750.0,1125.0,843750.0
12791.jpg,1348.0,1000.0,1348000.0
12792.jpg,383.0,1904.0,729232.0
12793.jpg,411.0,2015.0,828165.0
12794.jpg,616.0,869.0,535304.0
12795.jpg,597.0,1150.0,686550.0
12796.jpg,764.0,700.0,534800.0
12797.jpg,541.0,1250.0,676250.0
12798.jpg,730.0,1010.0,737300.0
12799.jpg,455.0,1250.0,568750.0
12800.jpg,878.0,1300.0,1141400.0
12801.jpg,850.0,1061.0,901850.0
12802.jpg,539.0,1250.0,673750.0
12803.jpg,900.0,1195.0,1075500.0
12804.jpg,823.0,700.0,576100.0
12805.jpg,366.0,1903.0,696498.0
12806.jpg,405.0,2001.0,810405.0
12807.jpg,627.0,896.0,561792.0
12808.jpg,621.0,1150.0,714150.0
12809.jpg,565.0,1310.0,740150.0
12810.jpg,795.0,1300.0,1033500.0
12811.jpg,1011.0,722.0,729942.0
12812.jpg,686.0,1080.0,740880.0
12813.jpg,511.0,1194.0,610134.0
12814.jpg,937.0,670.0,627790.0
12815.jpg,626.0,887.0,555262.0
12816.jpg,733.0,1020.0,747660.0
12817.jpg,795.0,1300.0,1033500.0
12818.jpg,513.0,1448.0,742824.0
12819.jpg,507.0,1444.0,732108.0
12820.jpg,780.0,950.0,741000.0
12821.jpg,813.0,1400.0,1138200.0
12822.jpg,1177.0,640.0,753280.0
12823.jpg,1021.0,710.0,724910.0
12824.jpg,800.0,937.0,749600.0
12825.jpg,818.0,1400.0,1145200.0
12826.jpg,798.0,940.0,750120.0
12827.jpg,843.0,1300.0,1095900.0
12828.jpg,705.0,489.0,344745.0
12829.jpg,963.0,780.0,751140.0
12830.jpg,724.0,880.0,637120.0
12831.jpg,768.0,939.0,721152.0
12832.jpg,777.0,930.0,722610.0
12833.jpg,736.0,899.0,661664.0
12834.jpg,511.0,1430.0,730730.0
12835.jpg,500.0,1448.0,724000.0
12836.jpg,1000.0,1389.0,1389000.0
12837.jpg,596.0,1230.0,733080.0
12838.jpg,1000.0,1096.0,1096000.0
12839.jpg,654.0,1130.0,739020.0
12840.jpg,1400.0,768.0,1075200.0
12841.jpg,483.0,945.0,456435.0
12842.jpg,383.0,1433.0,548839.0
12843.jpg,470.0,945.0,444150.0
12844.jpg,700.0,1172.0,820400.0
12845.jpg,381.0,1433.0,545973.0
12846.jpg,587.0,1230.0,722010.0
12847.jpg,900.0,1046.0,941400.0
12848.jpg,657.0,1123.0,737811.0
12849.jpg,1244.0,607.0,755108.0
12850.jpg,1000.0,1220.0,1220000.0
12851.jpg,1000.0,1223.0,1223000.0
12852.jpg,528.0,1510.0,797280.0
12853.jpg,639.0,896.0,572544.0
12854.jpg,461.0,1307.0,602527.0
12855.jpg,473.0,1300.0,614900.0
12856.jpg,502.0,1451.0,728402.0
12857.jpg,606.0,895.0,542370.0
12858.jpg,1035.0,1400.0,1449000.0
12859.jpg,1000.0,1345.0,1345000.0
12860.jpg,950.0,1271.0,1207450.0
12861.jpg,950.0,1264.0,1200800.0
12862.jpg,730.0,1008.0,735840.0
12863.jpg,1000.0,1054.0,1054000.0
12864.jpg,1000.0,1108.0,1108000.0
12865.jpg,642.0,784.0,503328.0
12866.jpg,715.0,950.0,679250.0
12867.jpg,850.0,940.0,799000.0
12868.jpg,850.0,951.0,808350.0
12869.jpg,850.0,947.0,804950.0
12870.jpg,1009.0,766.0,772894.0
12871.jpg,1264.0,1000.0,1264000.0
12872.jpg,900.0,1222.0,1099800.0
12873.jpg,900.0,1352.0,1216800.0
12874.jpg,785.0,960.0,753600.0
12875.jpg,863.0,1300.0,1121900.0
12876.jpg,1000.0,1171.0,1171000.0
12877.jpg,900.0,1202.0,1081800.0
12878.jpg,984.0,780.0,767520.0
12879.jpg,1306.0,503.0,656918.0
12880.jpg,1000.0,1088.0,1088000.0
12881.jpg,1145.0,1400.0,1603000.0
12882.jpg,1036.0,1400.0,1450400.0
12883.jpg,1400.0,1106.0,1548400.0
12884.jpg,1400.0,1107.0,1549800.0
12885.jpg,1700.0,1072.0,1822400.0
12886.jpg,900.0,1213.0,1091700.0
12887.jpg,1136.0,1500.0,1704000.0
12888.jpg,1700.0,1258.0,2138600.0
12889.jpg,759.0,1100.0,834900.0
12890.jpg,900.0,1284.0,1155600.0
12891.jpg,1011.0,1500.0,1516500.0
12894.jpg,820.0,1049.0,860180.0
12895.jpg,805.0,1026.0,825930.0
12896.jpg,900.0,1077.0,969300.0
12901.jpg,1216.0,796.0,967936.0
12903.jpg,1196.0,782.0,935272.0
12904.jpg,1213.0,797.0,966761.0
12905.jpg,1016.0,1400.0,1422400.0
12907.jpg,1150.0,1300.0,1495000.0
12908.jpg,1013.0,1255.0,1271315.0
12909.jpg,1116.0,1400.0,1562400.0
12910.jpg,1060.0,1300.0,1378000.0
12911.jpg,950.0,1281.0,1216950.0
12912.jpg,995.0,1500.0,1492500.0
12913.jpg,944.0,1100.0,1038400.0
12914.jpg,1000.0,1495.0,1495000.0
12915.jpg,1100.0,1287.0,1415700.0
12916.jpg,1000.0,1342.0,1342000.0
12918.jpg,1050.0,1215.0,1275750.0
12919.jpg,900.0,1116.0,1004400.0
12920.jpg,1086.0,550.0,597300.0
12923.jpg,900.0,1263.0,1136700.0
12924.jpg,884.0,1100.0,972400.0
12925.jpg,955.0,1153.0,1101115.0
12928.jpg,630.0,1266.0,797580.0
12929.jpg,1300.0,857.0,1114100.0
12938.jpg,1201.0,1600.0,1921600.0
12949.jpg,1000.0,849.0,849000.0
12950.jpg,900.0,1094.0,984600.0
12951.jpg,900.0,1285.0,1156500.0
12952.jpg,900.0,1048.0,943200.0
12953.jpg,750.0,1137.0,852750.0
12954.jpg,900.0,1062.0,955800.0
12955.jpg,800.0,1146.0,916800.0
12956.jpg,800.0,1145.0,916000.0
12957.jpg,900.0,1060.0,954000.0
12958.jpg,900.0,1055.0,949500.0
12959.jpg,800.0,1145.0,916000.0
12960.jpg,800.0,1146.0,916800.0
12961.jpg,900.0,1054.0,948600.0
12962.jpg,900.0,1272.0,1144800.0
12977.jpg,905.0,1300.0,1176500.0
12978.jpg,1000.0,1087.0,1087000.0
12979.jpg,1300.0,1025.0,1332500.0
12980.jpg,1200.0,1302.0,1562400.0
12981.jpg,1123.0,700.0,786100.0
12982.jpg,1045.0,770.0,804650.0
12983.jpg,1077.0,770.0,829290.0
12984.jpg,1204.0,900.0,1083600.0
12985.jpg,1348.0,1100.0,1482800.0
12986.jpg,904.0,1200.0,1084800.0
12989.jpg,1003.0,1300.0,1303900.0
12994.jpg,1402.0,1000.0,1402000.0
12995.jpg,1187.0,998.0,1184626.0
13000.jpg,736.0,1094.0,805184.0
13001.jpg,1138.0,800.0,910400.0
13002.jpg,1678.0,700.0,1174600.0
13003.jpg,1400.0,725.0,1015000.0
13004.jpg,1015.0,1200.0,1218000.0
13005.jpg,1146.0,1100.0,1260600.0
13006.jpg,954.0,1200.0,1144800.0
13007.jpg,1600.0,702.0,1123200.0
13008.jpg,1400.0,718.0,1005200.0
13009.jpg,929.0,1200.0,1114800.0
13010.jpg,964.0,1200.0,1156800.0
13011.jpg,951.0,1200.0,1141200.0
13012.jpg,1000.0,1200.0,1200000.0
13013.jpg,1215.0,800.0,972000.0
13014.jpg,1460.0,800.0,1168000.0
13015.jpg,1432.0,800.0,1145600.0
13016.jpg,1372.0,900.0,1234800.0
13017.jpg,900.0,1205.0,1084500.0
13018.jpg,1300.0,932.0,1211600.0
13019.jpg,900.0,1082.0,973800.0
13020.jpg,1300.0,855.0,1111500.0
13021.jpg,1000.0,1210.0,1210000.0
13022.jpg,928.0,1200.0,1113600.0
13023.jpg,900.0,1211.0,1089900.0
13024.jpg,1000.0,1207.0,1207000.0
13025.jpg,1300.0,700.0,910000.0
13026.jpg,1065.0,900.0,958500.0
13027.jpg,1032.0,1200.0,1238400.0
13029.jpg,1026.0,350.0,359100.0
13030.jpg,850.0,1078.0,916300.0
13031.jpg,1400.0,515.0,721000.0
13034.jpg,949.0,1400.0,1328600.0
13035.jpg,1300.0,763.0,991900.0
13037.jpg,1001.0,1500.0,1501500.0
13048.jpg,1100.0,752.0,827200.0
13051.jpg,479.0,650.0,311350.0
13055.jpg,1000.0,1240.0,1240000.0
13056.jpg,1400.0,1110.0,1554000.0
13057.jpg,986.0,1115.0,1099390.0
13058.jpg,900.0,1114.0,1002600.0
13059.jpg,1030.0,1236.0,1273080.0
13060.jpg,1096.0,1000.0,1096000.0
13065.jpg,1500.0,1549.0,2323500.0
13066.jpg,1500.0,1198.0,1797000.0
13067.jpg,1487.0,1300.0,1933100.0
13068.jpg,1317.0,1300.0,1712100.0
13069.jpg,1075.0,1400.0,1505000.0
13070.jpg,1100.0,1616.0,1777600.0
13071.jpg,1000.0,1604.0,1604000.0
13072.jpg,1100.0,743.0,817300.0
13073.jpg,1000.0,858.0,858000.0
13074.jpg,1421.0,850.0,1207850.0
13075.jpg,1428.0,1000.0,1428000.0
13076.jpg,1000.0,834.0,834000.0
13077.jpg,970.0,1013.0,982610.0
13078.jpg,1249.0,1500.0,1873500.0
13079.jpg,1400.0,1471.0,2059400.0
13080.jpg,1384.0,1300.0,1799200.0
13081.jpg,1500.0,1540.0,2310000.0
13082.jpg,1084.0,1000.0,1084000.0
13083.jpg,1100.0,1302.0,1432200.0
13084.jpg,1429.0,1400.0,2000600.0
13085.jpg,1511.0,1200.0,1813200.0
13086.jpg,1462.0,1200.0,1754400.0
13087.jpg,1156.0,851.0,983756.0
13088.jpg,1200.0,1641.0,1969200.0
13095.jpg,750.0,1008.0,756000.0
13096.jpg,1057.0,1250.0,1321250.0
13097.jpg,773.0,938.0,725074.0
13098.jpg,474.0,783.0,371142.0
13099.jpg,452.0,600.0,271200.0
13100.jpg,637.0,734.0,467558.0
13114.jpg,800.0,1100.0,880000.0
13115.jpg,1023.0,1000.0,1023000.0
13116.jpg,900.0,1064.0,957600.0
13117.jpg,744.0,1200.0,892800.0
13118.jpg,1099.0,950.0,1044050.0
13120.jpg,1024.0,805.0,824320.0
13121.jpg,1017.0,766.0,779022.0
13122.jpg,1302.0,944.0,1229088.0
13123.jpg,1400.0,1130.0,1582000.0
13124.jpg,674.0,1720.0,1159280.0
13125.jpg,573.0,860.0,492780.0
13126.jpg,1009.0,1400.0,1412600.0
13129.jpg,900.0,1043.0,938700.0
13130.jpg,720.0,1029.0,740880.0
13131.jpg,950.0,1282.0,1217900.0
13132.jpg,411.0,1230.0,505530.0
13133.jpg,876.0,1226.0,1073976.0
13134.jpg,727.0,1200.0,872400.0
13135.jpg,408.0,1233.0,503064.0
13136.jpg,691.0,1400.0,967400.0
13137.jpg,750.0,1069.0,801750.0
13138.jpg,380.0,1138.0,432440.0
13139.jpg,1068.0,1400.0,1495200.0
13140.jpg,900.0,927.0,834300.0
13141.jpg,820.0,1010.0,828200.0
13142.jpg,800.0,1603.0,1282400.0
13143.jpg,1027.0,1300.0,1335100.0
13144.jpg,930.0,1200.0,1116000.0
13145.jpg,810.0,1600.0,1296000.0
13146.jpg,1068.0,1300.0,1388400.0
13147.jpg,1007.0,1300.0,1309100.0
13148.jpg,1096.0,1300.0,1424800.0
13149.jpg,1021.0,1300.0,1327300.0
13150.jpg,975.0,1400.0,1365000.0
13151.jpg,783.0,1400.0,1096200.0
13153.jpg,1000.0,712.0,712000.0
13154.jpg,1100.0,816.0,897600.0
13155.jpg,604.0,913.0,551452.0
13156.jpg,926.0,900.0,833400.0
13157.jpg,1100.0,1200.0,1320000.0
13158.jpg,1000.0,1229.0,1229000.0
13159.jpg,911.0,700.0,637700.0
13160.jpg,1102.0,900.0,991800.0
13162.jpg,805.0,1200.0,966000.0
13163.jpg,1400.0,965.0,1351000.0
13164.jpg,1076.0,1100.0,1183600.0
13165.jpg,1100.0,1139.0,1252900.0
13166.jpg,943.0,1200.0,1131600.0
13167.jpg,1067.0,1100.0,1173700.0
13168.jpg,1017.0,1300.0,1322100.0
13169.jpg,1115.0,1200.0,1338000.0
13170.jpg,1000.0,1217.0,1217000.0
13171.jpg,554.0,1700.0,941800.0
13172.jpg,549.0,1700.0,933300.0
13173.jpg,546.0,1700.0,928200.0
13174.jpg,555.0,1700.0,943500.0
13175.jpg,839.0,1255.0,1052945.0
13176.jpg,700.0,905.0,633500.0
13180.jpg,655.0,450.0,294750.0
13184.jpg,1207.0,800.0,965600.0
13185.jpg,906.0,1100.0,996600.0
13186.jpg,1098.0,770.0,845460.0
13192.jpg,1032.0,1400.0,1444800.0
13193.jpg,529.0,750.0,396750.0
13194.jpg,830.0,1020.0,846600.0
13195.jpg,818.0,1100.0,899800.0
13196.jpg,524.0,650.0,340600.0
13197.jpg,822.0,640.0,526080.0
13198.jpg,1200.0,1051.0,1261200.0
13199.jpg,1000.0,1172.0,1172000.0
13200.jpg,700.0,1018.0,712600.0
13201.jpg,1250.0,523.0,653750.0
13202.jpg,1007.0,1300.0,1309100.0
13203.jpg,806.0,998.0,804388.0
13204.jpg,700.0,910.0,637000.0
13205.jpg,800.0,1120.0,896000.0
13206.jpg,1000.0,1500.0,1500000.0
13207.jpg,1191.0,963.0,1146933.0
13208.jpg,625.0,947.0,591875.0
13209.jpg,802.0,1033.0,828466.0
13210.jpg,700.0,1182.0,827400.0
13211.jpg,700.0,1223.0,856100.0
13212.jpg,1028.0,1400.0,1439200.0
13213.jpg,806.0,1060.0,854360.0
13214.jpg,691.0,940.0,649540.0
13215.jpg,800.0,1096.0,876800.0
13217.jpg,777.0,679.0,527583.0
13218.jpg,1030.0,807.0,831210.0
13219.jpg,1000.0,1596.0,1596000.0
13220.jpg,923.0,1200.0,1107600.0
13230.jpg,1210.0,601.0,727210.0
13231.jpg,1000.0,1237.0,1237000.0
13232.jpg,800.0,1077.0,861600.0
13233.jpg,713.0,988.0,704444.0
13234.jpg,1203.0,800.0,962400.0
13235.jpg,1492.0,800.0,1193600.0
13236.jpg,955.0,1244.0,1188020.0
13237.jpg,900.0,1339.0,1205100.0
13238.jpg,1100.0,1257.0,1382700.0
13239.jpg,1349.0,1100.0,1483900.0
13240.jpg,1226.0,800.0,980800.0
13241.jpg,850.0,1041.0,884850.0
13242.jpg,1100.0,1206.0,1326600.0
13243.jpg,664.0,1100.0,730400.0
13244.jpg,1086.0,770.0,836220.0
13245.jpg,750.0,1019.0,764250.0
13246.jpg,800.0,1041.0,832800.0
13247.jpg,600.0,1223.0,733800.0
13248.jpg,636.0,1100.0,699600.0
13251.jpg,630.0,767.0,483210.0
13263.jpg,1003.0,1200.0,1203600.0
13267.jpg,1200.0,756.0,907200.0
13269.jpg,772.0,900.0,694800.0
13278.jpg,850.0,1110.0,943500.0
13279.jpg,900.0,947.0,852300.0
13280.jpg,614.0,856.0,525584.0
13281.jpg,1200.0,917.0,1100400.0
13309.jpg,1426.0,1000.0,1426000.0
13311.jpg,1400.0,1066.0,1492400.0
13312.jpg,1227.0,1000.0,1227000.0
13313.jpg,537.0,800.0,429600.0
13314.jpg,1141.0,950.0,1083950.0
13315.jpg,700.0,930.0,651000.0
13323.jpg,750.0,1130.0,847500.0
13324.jpg,1000.0,1164.0,1164000.0
13326.jpg,767.0,1100.0,843700.0
13328.jpg,1100.0,820.0,902000.0
13330.jpg,1198.0,850.0,1018300.0
13331.jpg,1400.0,881.0,1233400.0
13332.jpg,750.0,947.0,710250.0
13333.jpg,961.0,1255.0,1206055.0
13334.jpg,800.0,520.0,416000.0
13336.jpg,1400.0,1047.0,1465800.0
13337.jpg,968.0,830.0,803440.0
13338.jpg,1250.0,911.0,1138750.0
13339.jpg,1098.0,850.0,933300.0
13340.jpg,1200.0,878.0,1053600.0
13341.jpg,1491.0,1200.0,1789200.0
13342.jpg,700.0,915.0,640500.0
13344.jpg,850.0,1204.0,1023400.0
13345.jpg,815.0,1050.0,855750.0
13346.jpg,800.0,1313.0,1050400.0
13347.jpg,1100.0,700.0,770000.0
13348.jpg,1041.0,1300.0,1353300.0
13349.jpg,827.0,970.0,802190.0
13350.jpg,950.0,1269.0,1205550.0
13351.jpg,1088.0,1253.0,1363264.0
13352.jpg,1400.0,1079.0,1510600.0
13353.jpg,1100.0,1438.0,1581800.0
13354.jpg,925.0,1100.0,1017500.0
13355.jpg,685.0,819.0,561015.0
13357.jpg,835.0,1171.0,977785.0
13358.jpg,1300.0,1492.0,1939600.0
13359.jpg,1352.0,800.0,1081600.0
13360.jpg,708.0,948.0,671184.0
13363.jpg,1086.0,800.0,868800.0
13364.jpg,672.0,957.0,643104.0
13365.jpg,1141.0,850.0,969850.0
13366.jpg,1255.0,912.0,1144560.0
13367.jpg,1400.0,1002.0,1402800.0
13368.jpg,900.0,1257.0,1131300.0
13369.jpg,800.0,1083.0,866400.0
13370.jpg,1010.0,700.0,707000.0
13371.jpg,1366.0,1000.0,1366000.0
13377.jpg,944.0,1300.0,1227200.0
13393.jpg,1210.0,750.0,907500.0
13394.jpg,1249.0,700.0,874300.0
13395.jpg,1300.0,928.0,1206400.0
13396.jpg,1199.0,950.0,1139050.0
13414.jpg,1466.0,1000.0,1466000.0
13415.jpg,1129.0,1000.0,1129000.0
13416.jpg,1500.0,1148.0,1722000.0
13417.jpg,1000.0,1317.0,1317000.0
13418.jpg,1000.0,1279.0,1279000.0
13420.jpg,900.0,1094.0,984600.0
13421.jpg,1000.0,1284.0,1284000.0
13422.jpg,750.0,1038.0,778500.0
13423.jpg,1046.0,1400.0,1464400.0
13424.jpg,1082.0,1400.0,1514800.0
13425.jpg,1006.0,1200.0,1207200.0
13426.jpg,1341.0,1600.0,2145600.0
13427.jpg,1200.0,1570.0,1884000.0
13428.jpg,653.0,650.0,424450.0
13429.jpg,892.0,1200.0,1070400.0
13430.jpg,800.0,898.0,718400.0
13431.jpg,804.0,800.0,643200.0
13432.jpg,900.0,1178.0,1060200.0
13435.jpg,859.0,1300.0,1116700.0
13437.jpg,750.0,927.0,695250.0
13438.jpg,1147.0,900.0,1032300.0
13439.jpg,1000.0,1342.0,1342000.0
13440.jpg,1423.0,1000.0,1423000.0
13441.jpg,1430.0,850.0,1215500.0
13442.jpg,700.0,1609.0,1126300.0
13443.jpg,700.0,1522.0,1065400.0
13444.jpg,1300.0,839.0,1090700.0
13445.jpg,1300.0,854.0,1110200.0
13446.jpg,700.0,1742.0,1219400.0
13447.jpg,700.0,1707.0,1194900.0
13448.jpg,1500.0,872.0,1308000.0
13449.jpg,1100.0,1139.0,1252900.0
13450.jpg,870.0,1169.0,1017030.0
13451.jpg,1000.0,1205.0,1205000.0
13454.jpg,942.0,720.0,678240.0
13455.jpg,1255.0,844.0,1059220.0
13462.jpg,526.0,600.0,315600.0
13463.jpg,1000.0,1359.0,1359000.0
13464.jpg,801.0,1189.0,952389.0
13465.jpg,773.0,1400.0,1082200.0
13466.jpg,772.0,864.0,667008.0
13467.jpg,602.0,1114.0,670628.0
13468.jpg,900.0,989.0,890100.0
13469.jpg,1000.0,1368.0,1368000.0
13470.jpg,740.0,986.0,729640.0
13471.jpg,1294.0,750.0,970500.0
13472.jpg,850.0,1230.0,1045500.0
13473.jpg,1007.0,1300.0,1309100.0
13474.jpg,680.0,1000.0,680000.0
13475.jpg,407.0,1251.0,509157.0
13476.jpg,900.0,1401.0,1260900.0
13477.jpg,867.0,1300.0,1127100.0
13478.jpg,800.0,1230.0,984000.0
13479.jpg,900.0,1073.0,965700.0
13480.jpg,985.0,748.0,736780.0
13481.jpg,1006.0,1200.0,1207200.0
13483.jpg,1000.0,1218.0,1218000.0
13484.jpg,900.0,1081.0,972900.0
13485.jpg,1132.0,1000.0,1132000.0
13486.jpg,1430.0,1100.0,1573000.0
13496.jpg,1123.0,820.0,920860.0
13498.jpg,1333.0,600.0,799800.0
13499.jpg,1202.0,800.0,961600.0
13500.jpg,1478.0,900.0,1330200.0
13501.jpg,1000.0,796.0,796000.0
13505.jpg,900.0,1233.0,1109700.0
13506.jpg,704.0,973.0,684992.0
13507.jpg,900.0,1058.0,952200.0
13508.jpg,1200.0,1308.0,1569600.0
13509.jpg,1000.0,1099.0,1099000.0
13510.jpg,1200.0,770.0,924000.0
13511.jpg,1527.0,1000.0,1527000.0
13512.jpg,581.0,600.0,348600.0
13513.jpg,837.0,1100.0,920700.0
13548.jpg,920.0,692.0,636640.0
13551.jpg,1600.0,772.0,1235200.0
13552.jpg,700.0,807.0,564900.0
13556.jpg,1300.0,1053.0,1368900.0
13557.jpg,1030.0,894.0,920820.0
13558.jpg,928.0,1200.0,1113600.0
13559.jpg,1500.0,1016.0,1524000.0
13560.jpg,1214.0,864.0,1048896.0
13561.jpg,1032.0,890.0,918480.0
13562.jpg,1059.0,812.0,859908.0
13564.jpg,1158.0,900.0,1042200.0
13565.jpg,866.0,940.0,814040.0
13566.jpg,1224.0,1000.0,1224000.0
13567.jpg,964.0,800.0,771200.0
13568.jpg,995.0,800.0,796000.0
13571.jpg,1198.0,975.0,1168050.0
13572.jpg,1200.0,775.0,930000.0
13573.jpg,1350.0,1006.0,1358100.0
13574.jpg,899.0,700.0,629300.0
13575.jpg,1000.0,1276.0,1276000.0
13576.jpg,962.0,1200.0,1154400.0
13577.jpg,844.0,1062.0,896328.0
13578.jpg,959.0,1200.0,1150800.0
13579.jpg,956.0,1200.0,1147200.0
13580.jpg,957.0,1200.0,1148400.0
13581.jpg,1200.0,1064.0,1276800.0
13582.jpg,944.0,850.0,802400.0
13583.jpg,1246.0,1000.0,1246000.0
13584.jpg,861.0,1100.0,947100.0
13585.jpg,900.0,1304.0,1173600.0
13586.jpg,1000.0,1284.0,1284000.0
13587.jpg,771.0,1000.0,771000.0
13588.jpg,950.0,1381.0,1311950.0
13589.jpg,1100.0,1293.0,1422300.0
13590.jpg,1100.0,1291.0,1420100.0
13591.jpg,1100.0,1353.0,1488300.0
13592.jpg,1100.0,1339.0,1472900.0
13593.jpg,1047.0,815.0,853305.0
13594.jpg,985.0,790.0,778150.0
13595.jpg,1211.0,1500.0,1816500.0
13596.jpg,1223.0,1000.0,1223000.0
13597.jpg,813.0,980.0,796740.0
13598.jpg,1511.0,1200.0,1813200.0
13599.jpg,812.0,1030.0,836360.0
13600.jpg,989.0,1300.0,1285700.0
13601.jpg,958.0,1200.0,1149600.0
13602.jpg,1291.0,1400.0,1807400.0
13603.jpg,1536.0,924.0,1419264.0
13604.jpg,1209.0,1400.0,1692600.0
13605.jpg,1363.0,873.0,1189899.0
13606.jpg,1097.0,849.0,931353.0
13607.jpg,850.0,1025.0,871250.0
13608.jpg,1272.0,1000.0,1272000.0
13609.jpg,884.0,1103.0,975052.0
13610.jpg,791.0,970.0,767270.0
13611.jpg,1255.0,1027.0,1288885.0
13624.jpg,635.0,920.0,584200.0
13625.jpg,499.0,1000.0,499000.0
13627.jpg,1302.0,900.0,1171800.0
13628.jpg,956.0,1000.0,956000.0
13629.jpg,1452.0,1000.0,1452000.0
13630.jpg,956.0,600.0,573600.0
13631.jpg,662.0,900.0,595800.0
13632.jpg,1400.0,1129.0,1580600.0
13634.jpg,900.0,990.0,891000.0
13635.jpg,900.0,1701.0,1530900.0
13636.jpg,1224.0,1200.0,1468800.0
13640.jpg,1200.0,1110.0,1332000.0
13641.jpg,1206.0,900.0,1085400.0
13642.jpg,700.0,947.0,662900.0
13643.jpg,1058.0,800.0,846400.0
13644.jpg,1200.0,1142.0,1370400.0
13650.jpg,876.0,1001.0,876876.0
13651.jpg,1028.0,1200.0,1233600.0
13652.jpg,812.0,1546.0,1255352.0
13653.jpg,1546.0,799.0,1235254.0
13654.jpg,1546.0,818.0,1264628.0
13666.jpg,922.0,762.0,702564.0
13667.jpg,750.0,1111.0,833250.0
13668.jpg,716.0,920.0,658720.0
13669.jpg,818.0,1001.0,818818.0
13670.jpg,730.0,1120.0,817600.0
13671.jpg,905.0,916.0,828980.0
13672.jpg,702.0,1066.0,748332.0
13673.jpg,750.0,1089.0,816750.0
13674.jpg,750.0,984.0,738000.0
13675.jpg,901.0,984.0,886584.0
13676.jpg,1030.0,735.0,757050.0
13677.jpg,406.0,600.0,243600.0
13678.jpg,730.0,1141.0,832930.0
13679.jpg,652.0,1067.0,695684.0
13680.jpg,801.0,1258.0,1007658.0
13681.jpg,650.0,996.0,647400.0
13682.jpg,801.0,1181.0,945981.0
13683.jpg,750.0,1270.0,952500.0
13684.jpg,750.0,1149.0,861750.0
13685.jpg,750.0,1100.0,825000.0
13686.jpg,902.0,980.0,883960.0
13687.jpg,730.0,1099.0,802270.0
13688.jpg,701.0,1186.0,831386.0
13689.jpg,1577.0,900.0,1419300.0
13690.jpg,950.0,817.0,776150.0
13691.jpg,950.0,826.0,784700.0
13692.jpg,1037.0,887.0,919819.0
13693.jpg,750.0,1233.0,924750.0
13694.jpg,987.0,820.0,809340.0
13695.jpg,850.0,1250.0,1062500.0
13696.jpg,730.0,1187.0,866510.0
13697.jpg,760.0,1045.0,794200.0
13698.jpg,678.0,1025.0,694950.0
13702.jpg,1178.0,850.0,1001300.0
13728.jpg,1000.0,1197.0,1197000.0
13729.jpg,901.0,1500.0,1351500.0
13730.jpg,878.0,1100.0,965800.0
13733.jpg,865.0,1255.0,1085575.0
13734.jpg,613.0,957.0,586641.0
13735.jpg,698.0,1003.0,700094.0
13736.jpg,850.0,966.0,821100.0
13737.jpg,649.0,951.0,617199.0
13738.jpg,1900.0,583.0,1107700.0
13739.jpg,1055.0,1400.0,1477000.0
13742.jpg,972.0,1255.0,1219860.0
13743.jpg,660.0,872.0,575520.0
13744.jpg,1466.0,850.0,1246100.0
13745.jpg,1471.0,850.0,1250350.0
13746.jpg,1000.0,1107.0,1107000.0
13747.jpg,1000.0,1108.0,1108000.0
13748.jpg,1000.0,1093.0,1093000.0
13749.jpg,1097.0,1000.0,1097000.0
13750.jpg,1085.0,1000.0,1085000.0
13751.jpg,1085.0,1000.0,1085000.0
13752.jpg,1058.0,1400.0,1481200.0
13753.jpg,1203.0,1200.0,1443600.0
13754.jpg,605.0,750.0,453750.0
13755.jpg,644.0,1400.0,901600.0
13756.jpg,880.0,1141.0,1004080.0
13757.jpg,1000.0,502.0,502000.0
13758.jpg,1131.0,1500.0,1696500.0
13759.jpg,885.0,1251.0,1107135.0
13760.jpg,1100.0,1211.0,1332100.0
13761.jpg,900.0,1138.0,1024200.0
13762.jpg,1000.0,1408.0,1408000.0
13763.jpg,580.0,798.0,462840.0
13764.jpg,1061.0,950.0,1007950.0
13765.jpg,1155.0,1100.0,1270500.0
13766.jpg,1005.0,1300.0,1306500.0
13767.jpg,900.0,1083.0,974700.0
13768.jpg,801.0,1048.0,839448.0
13769.jpg,1430.0,860.0,1229800.0
13770.jpg,1170.0,900.0,1053000.0
13771.jpg,1278.0,1200.0,1533600.0
13772.jpg,1000.0,1136.0,1136000.0
13775.jpg,924.0,1120.0,1034880.0
13776.jpg,762.0,1079.0,822198.0
13777.jpg,1044.0,692.0,722448.0
13780.jpg,1200.0,905.0,1086000.0
13781.jpg,1200.0,701.0,841200.0
13782.jpg,827.0,1204.0,995708.0
13783.jpg,880.0,1159.0,1019920.0
13785.jpg,1300.0,916.0,1190800.0
13789.jpg,1402.0,1000.0,1402000.0
13792.jpg,1250.0,763.0,953750.0
13793.jpg,1208.0,770.0,930160.0
13801.jpg,1150.0,855.0,983250.0
13802.jpg,823.0,1207.0,993361.0
13803.jpg,1244.0,807.0,1003908.0
13804.jpg,1238.0,674.0,834412.0
13806.jpg,1000.0,1132.0,1132000.0
13807.jpg,1120.0,1300.0,1456000.0
13809.jpg,1127.0,1600.0,1803200.0
13810.jpg,950.0,710.0,674500.0
13820.jpg,850.0,607.0,515950.0
13821.jpg,1030.0,872.0,898160.0
13822.jpg,800.0,1052.0,841600.0
13823.jpg,1144.0,907.0,1037608.0
13824.jpg,900.0,1118.0,1006200.0
13829.jpg,1420.0,636.0,903120.0
13844.jpg,1300.0,923.0,1199900.0
13845.jpg,850.0,1126.0,957100.0
13846.jpg,1033.0,770.0,795410.0
13847.jpg,1202.0,821.0,986842.0
13848.jpg,1100.0,1406.0,1546600.0
13849.jpg,1200.0,1281.0,1537200.0
13850.jpg,1174.0,750.0,880500.0
13851.jpg,900.0,1178.0,1060200.0
13852.jpg,1293.0,809.0,1046037.0
13853.jpg,1382.0,920.0,1271440.0
13854.jpg,1020.0,646.0,658920.0
13855.jpg,1200.0,850.0,1020000.0
13856.jpg,1199.0,900.0,1079100.0
13857.jpg,1076.0,776.0,834976.0
13858.jpg,850.0,1004.0,853400.0
13859.jpg,700.0,1013.0,709100.0
13860.jpg,1100.0,1384.0,1522400.0
13861.jpg,1353.0,1000.0,1353000.0
13862.jpg,800.0,1038.0,830400.0
13863.jpg,1100.0,1399.0,1538900.0
13864.jpg,1311.0,1700.0,2228700.0
13865.jpg,900.0,1128.0,1015200.0
13866.jpg,1004.0,715.0,717860.0
13867.jpg,1100.0,1424.0,1566400.0
13868.jpg,780.0,1033.0,805740.0
13869.jpg,1030.0,806.0,830180.0
13870.jpg,1210.0,937.0,1133770.0
13871.jpg,866.0,1255.0,1086830.0
13872.jpg,1030.0,749.0,771470.0
13873.jpg,1030.0,800.0,824000.0
13874.jpg,1325.0,1000.0,1325000.0
13875.jpg,1255.0,986.0,1237430.0
13876.jpg,1255.0,1000.0,1255000.0
13877.jpg,1000.0,800.0,800000.0
13878.jpg,1028.0,810.0,832680.0
13879.jpg,1000.0,778.0,778000.0
13880.jpg,1030.0,743.0,765290.0
13881.jpg,918.0,1300.0,1193400.0
13882.jpg,821.0,1056.0,866976.0
13883.jpg,1030.0,775.0,798250.0
13884.jpg,1030.0,793.0,816790.0
13885.jpg,1030.0,696.0,716880.0
13886.jpg,1023.0,730.0,746790.0
13887.jpg,1024.0,720.0,737280.0
13888.jpg,754.0,1014.0,764556.0
13889.jpg,800.0,1007.0,805600.0
13890.jpg,1300.0,1014.0,1318200.0
13891.jpg,1027.0,784.0,805168.0
13892.jpg,763.0,950.0,724850.0
13893.jpg,809.0,1008.0,815472.0
13894.jpg,810.0,1186.0,960660.0
13895.jpg,800.0,1030.0,824000.0
13896.jpg,1030.0,879.0,905370.0
13897.jpg,795.0,983.0,781485.0
13898.jpg,1006.0,800.0,804800.0
13899.jpg,999.0,700.0,699300.0
13900.jpg,1030.0,731.0,752930.0
13901.jpg,1029.0,732.0,753228.0
13902.jpg,1031.0,758.0,781498.0
13903.jpg,800.0,1033.0,826400.0
13918.jpg,1205.0,887.0,1068835.0
13919.jpg,850.0,1045.0,888250.0
13926.jpg,781.0,988.0,771628.0
13929.jpg,750.0,1244.0,933000.0
13930.jpg,928.0,728.0,675584.0
13931.jpg,1020.0,651.0,664020.0
13932.jpg,1453.0,900.0,1307700.0
13933.jpg,709.0,974.0,690566.0
13935.jpg,1300.0,802.0,1042600.0
13936.jpg,1034.0,770.0,796180.0
13937.jpg,1000.0,1394.0,1394000.0
13938.jpg,650.0,1198.0,778700.0
13939.jpg,550.0,1341.0,737550.0
13941.jpg,798.0,1050.0,837900.0
13949.jpg,1119.0,1001.0,1120119.0
13954.jpg,1002.0,1200.0,1202400.0
13956.jpg,1071.0,800.0,856800.0
13957.jpg,1029.0,774.0,796446.0
13959.jpg,1070.0,1300.0,1391000.0
13960.jpg,1063.0,1300.0,1381900.0
13961.jpg,1200.0,953.0,1143600.0
13962.jpg,800.0,990.0,792000.0
13963.jpg,933.0,1255.0,1170915.0
13964.jpg,1139.0,1400.0,1594600.0
13965.jpg,1100.0,1443.0,1587300.0
13970.jpg,1001.0,849.0,849849.0
13971.jpg,750.0,1079.0,809250.0
13972.jpg,1030.0,821.0,845630.0
13973.jpg,1000.0,1203.0,1203000.0
13974.jpg,1100.0,1307.0,1437700.0
13975.jpg,1004.0,1300.0,1305200.0
13976.jpg,1045.0,1300.0,1358500.0
13977.jpg,750.0,1019.0,764250.0
13978.jpg,700.0,1530.0,1071000.0
13979.jpg,1400.0,1397.0,1955800.0
13980.jpg,1082.0,750.0,811500.0
13981.jpg,900.0,999.0,899100.0
13983.jpg,1030.0,826.0,850780.0
13984.jpg,1000.0,1425.0,1425000.0
13986.jpg,606.0,762.0,461772.0
13987.jpg,550.0,1088.0,598400.0
13988.jpg,708.0,800.0,566400.0
13993.jpg,1215.0,850.0,1032750.0
13994.jpg,945.0,629.0,594405.0
13995.jpg,1155.0,800.0,924000.0
13998.jpg,1107.0,852.0,943164.0
14004.jpg,956.0,700.0,669200.0
14005.jpg,1396.0,974.0,1359704.0
14006.jpg,1232.0,1000.0,1232000.0
14009.jpg,1117.0,700.0,781900.0
14013.jpg,1255.0,796.0,998980.0
14015.jpg,1400.0,1239.0,1734600.0
14017.jpg,1000.0,674.0,674000.0
14019.jpg,1121.0,800.0,896800.0
14020.jpg,1016.0,1400.0,1422400.0
14022.jpg,1852.0,800.0,1481600.0
14023.jpg,1124.0,900.0,1011600.0
14024.jpg,850.0,1076.0,914600.0
14025.jpg,800.0,1118.0,894400.0
14026.jpg,824.0,990.0,815760.0
14031.jpg,1000.0,1211.0,1211000.0
14032.jpg,935.0,1200.0,1122000.0
14033.jpg,1300.0,800.0,1040000.0
14034.jpg,1300.0,821.0,1067300.0
14035.jpg,1000.0,1209.0,1209000.0
14036.jpg,1000.0,1211.0,1211000.0
14037.jpg,2020.0,700.0,1414000.0
14038.jpg,937.0,1200.0,1124400.0
14039.jpg,1255.0,749.0,939995.0
14040.jpg,1259.0,759.0,955581.0
14041.jpg,1146.0,800.0,916800.0
14042.jpg,1000.0,1225.0,1225000.0
14043.jpg,1007.0,1300.0,1309100.0
14044.jpg,1000.0,1281.0,1281000.0
14045.jpg,903.0,1700.0,1535100.0
14046.jpg,750.0,902.0,676500.0
14047.jpg,750.0,967.0,725250.0
14048.jpg,1000.0,1341.0,1341000.0
14049.jpg,1355.0,900.0,1219500.0
14050.jpg,900.0,1611.0,1449900.0
14051.jpg,650.0,484.0,314600.0
14052.jpg,800.0,1156.0,924800.0
14053.jpg,987.0,800.0,789600.0
14054.jpg,983.0,800.0,786400.0
14056.jpg,786.0,1600.0,1257600.0
14057.jpg,1619.0,800.0,1295200.0
14060.jpg,1000.0,1217.0,1217000.0
14061.jpg,744.0,1100.0,818400.0
14062.jpg,1000.0,1279.0,1279000.0
14063.jpg,738.0,543.0,400734.0
14064.jpg,1000.0,1213.0,1213000.0
14065.jpg,1064.0,1000.0,1064000.0
14066.jpg,1018.0,1000.0,1018000.0
14068.jpg,1019.0,1000.0,1019000.0
14069.jpg,1000.0,1510.0,1510000.0
14070.jpg,924.0,1300.0,1201200.0
14071.jpg,601.0,1500.0,901500.0
14072.jpg,589.0,1500.0,883500.0
14073.jpg,850.0,1033.0,878050.0
14074.jpg,800.0,1028.0,822400.0
14076.jpg,1000.0,1252.0,1252000.0
14077.jpg,1030.0,1093.0,1125790.0
14078.jpg,1083.0,1000.0,1083000.0
14079.jpg,753.0,1005.0,756765.0
14080.jpg,1001.0,1300.0,1301300.0
14081.jpg,700.0,1310.0,917000.0
14082.jpg,1007.0,1000.0,1007000.0
14083.jpg,1050.0,959.0,1006950.0
14084.jpg,1050.0,964.0,1012200.0
14085.jpg,940.0,1177.0,1106380.0
14086.jpg,942.0,1079.0,1016418.0
14087.jpg,1105.0,1200.0,1326000.0
14088.jpg,1096.0,1205.0,1320680.0
14089.jpg,1102.0,1197.0,1319094.0
14090.jpg,1117.0,1187.0,1325879.0
14091.jpg,1300.0,900.0,1170000.0
14092.jpg,967.0,1300.0,1257100.0
14093.jpg,607.0,1468.0,891076.0
14099.jpg,1000.0,1156.0,1156000.0
14100.jpg,1190.0,689.0,819910.0
14101.jpg,752.0,900.0,676800.0
14102.jpg,1160.0,760.0,881600.0
14103.jpg,1200.0,1435.0,1722000.0
14104.jpg,898.0,1100.0,987800.0
14105.jpg,798.0,1084.0,865032.0
14106.jpg,1053.0,1300.0,1368900.0
14107.jpg,675.0,1200.0,810000.0
14108.jpg,1100.0,781.0,859100.0
14109.jpg,843.0,1000.0,843000.0
14111.jpg,841.0,1050.0,883050.0
14112.jpg,529.0,650.0,343850.0
14113.jpg,950.0,1550.0,1472500.0
14114.jpg,900.0,1147.0,1032300.0
14115.jpg,1002.0,1255.0,1257510.0
14116.jpg,730.0,1150.0,839500.0
14117.jpg,728.0,1150.0,837200.0
14118.jpg,1000.0,1528.0,1528000.0
14119.jpg,1000.0,1325.0,1325000.0
14121.jpg,807.0,1030.0,831210.0
14122.jpg,1000.0,1349.0,1349000.0
14123.jpg,549.0,700.0,384300.0
14125.jpg,900.0,1375.0,1237500.0
14127.jpg,1222.0,1100.0,1344200.0
14134.jpg,1089.0,770.0,838530.0
14135.jpg,1200.0,831.0,997200.0
14136.jpg,1110.0,1400.0,1554000.0
14138.jpg,1300.0,1435.0,1865500.0
14139.jpg,951.0,900.0,855900.0
14140.jpg,900.0,1147.0,1032300.0
14141.jpg,800.0,1030.0,824000.0
14142.jpg,1225.0,900.0,1102500.0
14143.jpg,1303.0,900.0,1172700.0
14144.jpg,900.0,651.0,585900.0
14145.jpg,1292.0,900.0,1162800.0
14147.jpg,813.0,990.0,804870.0
14148.jpg,973.0,1255.0,1221115.0
14149.jpg,812.0,1255.0,1019060.0
14159.jpg,1000.0,1089.0,1089000.0
14161.jpg,1000.0,1104.0,1104000.0
14162.jpg,615.0,795.0,488925.0
14163.jpg,709.0,1012.0,717508.0
14165.jpg,703.0,750.0,527250.0
14166.jpg,1089.0,1300.0,1415700.0
14170.jpg,1225.0,1000.0,1225000.0
14173.jpg,1255.0,1000.0,1255000.0
14174.jpg,960.0,1200.0,1152000.0
14183.jpg,700.0,835.0,584500.0
14184.jpg,650.0,1046.0,679900.0
14185.jpg,860.0,1200.0,1032000.0
14187.jpg,800.0,1011.0,808800.0
14188.jpg,892.0,1299.0,1158708.0
14189.jpg,800.0,1022.0,817600.0
14191.jpg,821.0,1081.0,887501.0
14194.jpg,800.0,1074.0,859200.0
14199.jpg,848.0,1122.0,951456.0
14200.jpg,1400.0,1109.0,1552600.0
14203.jpg,649.0,950.0,616550.0
14204.jpg,702.0,1282.0,899964.0
14205.jpg,1064.0,780.0,829920.0
14206.jpg,1003.0,1300.0,1303900.0
14207.jpg,1163.0,1200.0,1395600.0
14208.jpg,1400.0,687.0,961800.0
14210.jpg,943.0,614.0,579002.0
14212.jpg,680.0,813.0,552840.0
14214.jpg,606.0,850.0,515100.0
14215.jpg,732.0,1098.0,803736.0
14216.jpg,1300.0,883.0,1147900.0
14218.jpg,1246.0,858.0,1069068.0
14219.jpg,1301.0,1000.0,1301000.0
14220.jpg,1157.0,895.0,1035515.0
14221.jpg,1382.0,1050.0,1451100.0
14222.jpg,700.0,1201.0,840700.0
14223.jpg,800.0,1037.0,829600.0
14226.jpg,1238.0,1090.0,1349420.0
14227.jpg,1300.0,1011.0,1314300.0
14228.jpg,1033.0,1300.0,1342900.0
14229.jpg,1304.0,900.0,1173600.0
14230.jpg,1300.0,930.0,1209000.0
14231.jpg,1500.0,887.0,1330500.0
14232.jpg,1000.0,1368.0,1368000.0
14235.jpg,1300.0,913.0,1186900.0
14238.jpg,1148.0,770.0,883960.0
14250.jpg,869.0,1200.0,1042800.0
14254.jpg,1000.0,1391.0,1391000.0
14268.jpg,922.0,765.0,705330.0
14270.jpg,1099.0,819.0,900081.0
14271.jpg,1100.0,847.0,931700.0
14272.jpg,1500.0,1085.0,1627500.0
14273.jpg,800.0,1104.0,883200.0
14277.jpg,900.0,636.0,572400.0
14278.jpg,1124.0,838.0,941912.0
14279.jpg,1228.0,1124.0,1380272.0
14280.jpg,1302.0,900.0,1171800.0
14281.jpg,1639.0,1000.0,1639000.0
14282.jpg,1416.0,900.0,1274400.0
14283.jpg,1000.0,1394.0,1394000.0
14284.jpg,1300.0,1030.0,1339000.0
14285.jpg,1300.0,1036.0,1346800.0
14286.jpg,1378.0,1000.0,1378000.0
14287.jpg,1000.0,1300.0,1300000.0
14288.jpg,1001.0,1200.0,1201200.0
14289.jpg,1073.0,1300.0,1394900.0
14290.jpg,1000.0,1229.0,1229000.0
14291.jpg,800.0,1010.0,808000.0
14292.jpg,1009.0,1000.0,1009000.0
14293.jpg,900.0,1123.0,1010700.0
14294.jpg,1005.0,1200.0,1206000.0
14295.jpg,1300.0,1005.0,1306500.0
14296.jpg,1022.0,1300.0,1328600.0
14297.jpg,1227.0,1000.0,1227000.0
14298.jpg,1321.0,1000.0,1321000.0
14299.jpg,1026.0,1300.0,1333800.0
14300.jpg,1036.0,1300.0,1346800.0
14301.jpg,1300.0,1012.0,1315600.0
14302.jpg,1000.0,1394.0,1394000.0
14303.jpg,1272.0,1000.0,1272000.0
14304.jpg,1300.0,1002.0,1302600.0
14305.jpg,1000.0,1209.0,1209000.0
14306.jpg,1075.0,850.0,913750.0
14307.jpg,1200.0,832.0,998400.0
14308.jpg,1306.0,1000.0,1306000.0
14309.jpg,1300.0,1024.0,1331200.0
14310.jpg,1042.0,900.0,937800.0
14311.jpg,1036.0,1300.0,1346800.0
14312.jpg,1422.0,1000.0,1422000.0
14313.jpg,1026.0,1300.0,1333800.0
14314.jpg,1000.0,1188.0,1188000.0
14315.jpg,1000.0,1248.0,1248000.0
14316.jpg,1006.0,1300.0,1307800.0
14317.jpg,1007.0,1300.0,1309100.0
14318.jpg,1239.0,1000.0,1239000.0
14319.jpg,1300.0,1012.0,1315600.0
14320.jpg,1000.0,1544.0,1544000.0
14321.jpg,1031.0,1300.0,1340300.0
14322.jpg,1036.0,1300.0,1346800.0
14323.jpg,600.0,1106.0,663600.0
14324.jpg,1404.0,1100.0,1544400.0
14325.jpg,1217.0,900.0,1095300.0
14326.jpg,1045.0,1300.0,1358500.0
14327.jpg,986.0,700.0,690200.0
14328.jpg,1039.0,800.0,831200.0
14329.jpg,1129.0,900.0,1016100.0
14330.jpg,1300.0,1026.0,1333800.0
14331.jpg,800.0,1028.0,822400.0
14332.jpg,1309.0,1000.0,1309000.0
14333.jpg,1000.0,1254.0,1254000.0
14334.jpg,900.0,1128.0,1015200.0
14335.jpg,1084.0,1400.0,1517600.0
14336.jpg,1403.0,1441.0,2021723.0
14337.jpg,1300.0,1013.0,1316900.0
14338.jpg,1000.0,1521.0,1521000.0
14339.jpg,1034.0,1400.0,1447600.0
14340.jpg,1407.0,1000.0,1407000.0
14341.jpg,1250.0,971.0,1213750.0
14342.jpg,1568.0,1172.0,1837696.0
14343.jpg,1000.0,1321.0,1321000.0
14344.jpg,1000.0,1425.0,1425000.0
14345.jpg,1636.0,1125.0,1840500.0
14346.jpg,1000.0,1310.0,1310000.0
14347.jpg,1339.0,1000.0,1339000.0
14348.jpg,1000.0,1331.0,1331000.0
14349.jpg,1606.0,1200.0,1927200.0
14350.jpg,1439.0,1000.0,1439000.0
14351.jpg,1571.0,1159.0,1820789.0
14352.jpg,1000.0,1583.0,1583000.0
14353.jpg,1000.0,1334.0,1334000.0
14354.jpg,573.0,1200.0,687600.0
14355.jpg,1300.0,1014.0,1318200.0
14356.jpg,1300.0,1008.0,1310400.0
14357.jpg,1047.0,1400.0,1465800.0
14358.jpg,1364.0,1000.0,1364000.0
14359.jpg,1421.0,1000.0,1421000.0
14360.jpg,1306.0,1000.0,1306000.0
14361.jpg,1000.0,1415.0,1415000.0
14362.jpg,900.0,1665.0,1498500.0
14363.jpg,1027.0,1300.0,1335100.0
14364.jpg,1400.0,1001.0,1401400.0
14365.jpg,1092.0,1300.0,1419600.0
14366.jpg,812.0,1000.0,812000.0
14367.jpg,1400.0,1025.0,1435000.0
14368.jpg,1427.0,1050.0,1498350.0
14369.jpg,1101.0,1400.0,1541400.0
14370.jpg,1300.0,905.0,1176500.0
14371.jpg,1419.0,1000.0,1419000.0
14372.jpg,1306.0,1000.0,1306000.0
14373.jpg,1292.0,800.0,1033600.0
14374.jpg,1207.0,1000.0,1207000.0
14375.jpg,1400.0,1009.0,1412600.0
14376.jpg,1405.0,1000.0,1405000.0
14377.jpg,1060.0,900.0,954000.0
14378.jpg,1400.0,1004.0,1405600.0
14379.jpg,1040.0,1400.0,1456000.0
14380.jpg,1100.0,1249.0,1373900.0
14381.jpg,800.0,1021.0,816800.0
14382.jpg,850.0,1029.0,874650.0
14383.jpg,1168.0,750.0,876000.0
14384.jpg,1183.0,900.0,1064700.0
14385.jpg,850.0,1145.0,973250.0
14386.jpg,1600.0,804.0,1286400.0
14387.jpg,1263.0,900.0,1136700.0
14388.jpg,1200.0,945.0,1134000.0
14389.jpg,2100.0,767.0,1610700.0
14390.jpg,1343.0,1000.0,1343000.0
14391.jpg,1382.0,1000.0,1382000.0
14392.jpg,1060.0,1600.0,1696000.0
14393.jpg,1300.0,1024.0,1331200.0
14394.jpg,1433.0,1100.0,1576300.0
14395.jpg,1086.0,1400.0,1520400.0
14396.jpg,1113.0,1500.0,1669500.0
14397.jpg,1107.0,1500.0,1660500.0
14398.jpg,1159.0,1300.0,1506700.0
14399.jpg,1135.0,1000.0,1135000.0
14400.jpg,1149.0,900.0,1034100.0
14401.jpg,1000.0,1302.0,1302000.0
14402.jpg,1200.0,924.0,1108800.0
14403.jpg,900.0,1308.0,1177200.0
14404.jpg,1000.0,1341.0,1341000.0
14405.jpg,1000.0,1468.0,1468000.0
14406.jpg,1313.0,1100.0,1444300.0
14407.jpg,1307.0,1000.0,1307000.0
14408.jpg,960.0,763.0,732480.0
14464.jpg,810.0,950.0,769500.0
14473.jpg,1476.0,1000.0,1476000.0
14474.jpg,740.0,1015.0,751100.0
14475.jpg,594.0,750.0,445500.0
14476.jpg,1059.0,1300.0,1376700.0
14477.jpg,1054.0,1300.0,1370200.0
14478.jpg,926.0,1200.0,1111200.0
14479.jpg,775.0,495.0,383625.0
14480.jpg,864.0,822.0,710208.0
14481.jpg,684.0,815.0,557460.0
14482.jpg,800.0,1014.0,811200.0
14483.jpg,695.0,861.0,598395.0
14484.jpg,950.0,1243.0,1180850.0
14485.jpg,693.0,1100.0,762300.0
14486.jpg,800.0,800.0,640000.0
14487.jpg,786.0,1058.0,831588.0
14488.jpg,901.0,1100.0,991100.0
14489.jpg,683.0,1040.0,710320.0
14490.jpg,770.0,1095.0,843150.0
14491.jpg,970.0,990.0,960300.0
14492.jpg,850.0,1143.0,971550.0
14496.jpg,1023.0,800.0,818400.0
14497.jpg,1461.0,1000.0,1461000.0
14498.jpg,550.0,472.0,259600.0
14499.jpg,1737.0,1100.0,1910700.0
14500.jpg,900.0,1147.0,1032300.0
14501.jpg,1049.0,800.0,839200.0
14502.jpg,668.0,802.0,535736.0
14503.jpg,962.0,805.0,774410.0
14504.jpg,775.0,958.0,742450.0
14505.jpg,1700.0,1208.0,2053600.0
14506.jpg,883.0,1244.0,1098452.0
14507.jpg,750.0,1154.0,865500.0
14508.jpg,900.0,1138.0,1024200.0
14509.jpg,831.0,1001.0,831831.0
14511.jpg,1103.0,1600.0,1764800.0
14513.jpg,1010.0,900.0,909000.0
14514.jpg,1456.0,770.0,1121120.0
14515.jpg,1200.0,828.0,993600.0
14516.jpg,1351.0,700.0,945700.0
14517.jpg,1190.0,1300.0,1547000.0
14519.jpg,1045.0,1366.0,1427470.0
14521.jpg,1000.0,782.0,782000.0
14522.jpg,872.0,1078.0,940016.0
14524.jpg,750.0,892.0,669000.0
14525.jpg,1200.0,1277.0,1532400.0
14526.jpg,970.0,994.0,964180.0
14527.jpg,908.0,730.0,662840.0
14528.jpg,1075.0,690.0,741750.0
14529.jpg,962.0,814.0,783068.0
14530.jpg,581.0,911.0,529291.0
14531.jpg,561.0,600.0,336600.0
14532.jpg,821.0,939.0,770919.0
14533.jpg,1500.0,602.0,903000.0
14534.jpg,1700.0,569.0,967300.0
14535.jpg,1406.0,550.0,773300.0
14536.jpg,708.0,1600.0,1132800.0
14537.jpg,670.0,1562.0,1046540.0
14538.jpg,1145.0,920.0,1053400.0
14539.jpg,600.0,1997.0,1198200.0
14540.jpg,600.0,1950.0,1170000.0
14541.jpg,600.0,2019.0,1211400.0
14542.jpg,600.0,2082.0,1249200.0
14543.jpg,600.0,1995.0,1197000.0
14544.jpg,1100.0,1111.0,1222100.0
14545.jpg,1100.0,1106.0,1216600.0
14546.jpg,1598.0,1000.0,1598000.0
14547.jpg,1100.0,1114.0,1225400.0
14548.jpg,1100.0,1127.0,1239700.0
14549.jpg,1000.0,1027.0,1027000.0
14550.jpg,1083.0,900.0,974700.0
14551.jpg,800.0,979.0,783200.0
14552.jpg,1000.0,1168.0,1168000.0
14553.jpg,800.0,1544.0,1235200.0
14554.jpg,408.0,1431.0,583848.0
14555.jpg,886.0,1250.0,1107500.0
14556.jpg,652.0,980.0,638960.0
14557.jpg,1000.0,1149.0,1149000.0
14558.jpg,680.0,882.0,599760.0
14560.jpg,791.0,556.0,439796.0
14561.jpg,1182.0,1500.0,1773000.0
14562.jpg,900.0,1240.0,1116000.0
14563.jpg,1000.0,1301.0,1301000.0
14564.jpg,900.0,1463.0,1316700.0
14565.jpg,1500.0,1165.0,1747500.0
14566.jpg,1134.0,1300.0,1474200.0
14567.jpg,1516.0,1100.0,1667600.0
14568.jpg,1178.0,1500.0,1767000.0
14569.jpg,1000.0,1237.0,1237000.0
14570.jpg,750.0,1036.0,777000.0
14571.jpg,829.0,1009.0,836461.0
14572.jpg,1181.0,1500.0,1771500.0
14573.jpg,1000.0,1375.0,1375000.0
14575.jpg,800.0,950.0,760000.0
14576.jpg,850.0,1117.0,949450.0
14577.jpg,1056.0,924.0,975744.0
14578.jpg,800.0,1013.0,810400.0
14579.jpg,750.0,1057.0,792750.0
14581.jpg,809.0,1185.0,958665.0
14582.jpg,1400.0,1104.0,1545600.0
14583.jpg,608.0,1005.0,611040.0
14584.jpg,1500.0,1204.0,1806000.0
14585.jpg,1300.0,1014.0,1318200.0
14586.jpg,1402.0,1201.0,1683802.0
14587.jpg,1400.0,982.0,1374800.0
14588.jpg,1095.0,780.0,854100.0
14589.jpg,850.0,1034.0,878900.0
14590.jpg,1006.0,1317.0,1324902.0
14591.jpg,900.0,1404.0,1263600.0
14592.jpg,1277.0,1100.0,1404700.0
14593.jpg,801.0,1028.0,823428.0
14594.jpg,730.0,1007.0,735110.0
14595.jpg,985.0,769.0,757465.0
14596.jpg,760.0,992.0,753920.0
14597.jpg,1400.0,1118.0,1565200.0
14598.jpg,1080.0,770.0,831600.0
14599.jpg,1200.0,1005.0,1206000.0
14600.jpg,900.0,1024.0,921600.0
14601.jpg,800.0,1024.0,819200.0
14602.jpg,947.0,650.0,615550.0
14603.jpg,801.0,1405.0,1125405.0
14604.jpg,1020.0,1200.0,1224000.0
14605.jpg,628.0,800.0,502400.0
14606.jpg,750.0,1125.0,843750.0
14607.jpg,850.0,1206.0,1025100.0
14608.jpg,1206.0,1255.0,1513530.0
14609.jpg,1058.0,1001.0,1059058.0
14610.jpg,1000.0,1525.0,1525000.0
14611.jpg,800.0,1322.0,1057600.0
14612.jpg,850.0,1198.0,1018300.0
14614.jpg,869.0,800.0,695200.0
14615.jpg,1051.0,1350.0,1418850.0
14617.jpg,1447.0,750.0,1085250.0
14618.jpg,800.0,1140.0,912000.0
14619.jpg,850.0,739.0,628150.0
14620.jpg,1073.0,1253.0,1344469.0
14622.jpg,1002.0,1255.0,1257510.0
14623.jpg,1009.0,1200.0,1210800.0
14624.jpg,600.0,853.0,511800.0
14625.jpg,700.0,851.0,595700.0
14627.jpg,832.0,1000.0,832000.0
14641.jpg,1007.0,798.0,803586.0
14642.jpg,807.0,1064.0,858648.0
14643.jpg,850.0,1050.0,892500.0
14644.jpg,682.0,850.0,579700.0
14645.jpg,950.0,1139.0,1082050.0
14646.jpg,1074.0,802.0,861348.0
14647.jpg,900.0,1157.0,1041300.0
14649.jpg,732.0,900.0,658800.0
14650.jpg,1078.0,800.0,862400.0
14651.jpg,861.0,990.0,852390.0
14652.jpg,1258.0,850.0,1069300.0
14653.jpg,1100.0,1437.0,1580700.0
14654.jpg,1021.0,1049.0,1071029.0
14655.jpg,1107.0,900.0,996300.0
14656.jpg,700.0,867.0,606900.0
14657.jpg,1080.0,1400.0,1512000.0
14658.jpg,818.0,1020.0,834360.0
14659.jpg,810.0,1028.0,832680.0
14660.jpg,1400.0,1012.0,1416800.0
14661.jpg,1075.0,797.0,856775.0
14662.jpg,1023.0,840.0,859320.0
14674.jpg,1110.0,770.0,854700.0
14675.jpg,1250.0,858.0,1072500.0
14677.jpg,1167.0,1400.0,1633800.0
14678.jpg,1294.0,900.0,1164600.0
14679.jpg,900.0,1177.0,1059300.0
14680.jpg,1002.0,1255.0,1257510.0
14684.jpg,786.0,1121.0,881106.0
14685.jpg,900.0,1313.0,1181700.0
14687.jpg,1416.0,1000.0,1416000.0
14689.jpg,777.0,1060.0,823620.0
14690.jpg,1000.0,1102.0,1102000.0
14691.jpg,387.0,490.0,189630.0
14692.jpg,720.0,1159.0,834480.0
14693.jpg,942.0,1200.0,1130400.0
14694.jpg,562.0,900.0,505800.0
14695.jpg,757.0,900.0,681300.0
14696.jpg,971.0,1250.0,1213750.0
14699.jpg,770.0,1177.0,906290.0
14700.jpg,1067.0,770.0,821590.0
14701.jpg,1063.0,770.0,818510.0
14702.jpg,850.0,1118.0,950300.0
14703.jpg,850.0,1130.0,960500.0
14704.jpg,1100.0,808.0,888800.0
14705.jpg,1100.0,802.0,882200.0
14706.jpg,1069.0,1300.0,1389700.0
14707.jpg,1000.0,1226.0,1226000.0
14708.jpg,964.0,1200.0,1156800.0
14709.jpg,1400.0,935.0,1309000.0
14710.jpg,1400.0,949.0,1328600.0
14711.jpg,1000.0,1228.0,1228000.0
14712.jpg,1400.0,820.0,1148000.0
14713.jpg,1400.0,829.0,1160600.0
14715.jpg,850.0,1100.0,935000.0
14718.jpg,1070.0,1300.0,1391000.0
14719.jpg,1009.0,1300.0,1311700.0
14720.jpg,1000.0,1333.0,1333000.0
14721.jpg,936.0,1250.0,1170000.0
14722.jpg,1200.0,1018.0,1221600.0
14725.jpg,576.0,840.0,483840.0
14747.jpg,750.0,1165.0,873750.0
14748.jpg,750.0,1124.0,843000.0
14749.jpg,620.0,750.0,465000.0
14750.jpg,600.0,957.0,574200.0
14760.jpg,1055.0,1600.0,1688000.0
14761.jpg,698.0,500.0,349000.0
14765.jpg,840.0,1122.0,942480.0
14807.jpg,1617.0,1000.0,1617000.0
14808.jpg,1300.0,800.0,1040000.0
14809.jpg,1300.0,810.0,1053000.0
14811.jpg,752.0,1100.0,827200.0
14812.jpg,1000.0,1318.0,1318000.0
14814.jpg,600.0,961.0,576600.0
14817.jpg,774.0,1130.0,874620.0
14818.jpg,742.0,1140.0,845880.0
14819.jpg,769.0,1100.0,845900.0
14820.jpg,775.0,1100.0,852500.0
14821.jpg,867.0,1200.0,1040400.0
14822.jpg,1148.0,780.0,895440.0
14823.jpg,1082.0,750.0,811500.0
14824.jpg,1221.0,800.0,976800.0
14825.jpg,1057.0,900.0,951300.0
14826.jpg,900.0,1309.0,1178100.0
14827.jpg,859.0,1200.0,1030800.0
14828.jpg,850.0,1368.0,1162800.0
14829.jpg,1000.0,1200.0,1200000.0
14830.jpg,1067.0,980.0,1045660.0
14831.jpg,960.0,1094.0,1050240.0
14832.jpg,1000.0,1280.0,1280000.0
14833.jpg,1018.0,960.0,977280.0
14834.jpg,847.0,1150.0,974050.0
14835.jpg,1000.0,1211.0,1211000.0
14836.jpg,1000.0,1198.0,1198000.0
14837.jpg,750.0,1154.0,865500.0
14838.jpg,1000.0,1134.0,1134000.0
14839.jpg,568.0,1200.0,681600.0
14840.jpg,1400.0,864.0,1209600.0
14841.jpg,1062.0,1167.0,1239354.0
14842.jpg,876.0,970.0,849720.0
14843.jpg,900.0,1179.0,1061100.0
14844.jpg,864.0,951.0,821664.0
14845.jpg,1134.0,780.0,884520.0
14846.jpg,850.0,1021.0,867850.0
14847.jpg,988.0,900.0,889200.0
14848.jpg,966.0,920.0,888720.0
14849.jpg,850.0,1102.0,936700.0
14850.jpg,834.0,1100.0,917400.0
14851.jpg,1088.0,850.0,924800.0
14852.jpg,1472.0,602.0,886144.0
14853.jpg,1373.0,750.0,1029750.0
14854.jpg,860.0,950.0,817000.0
14855.jpg,851.0,939.0,799089.0
14856.jpg,1230.0,684.0,841320.0
14857.jpg,865.0,1000.0,865000.0
14858.jpg,1184.0,930.0,1101120.0
14859.jpg,912.0,1050.0,957600.0
14860.jpg,1113.0,900.0,1001700.0
14861.jpg,857.0,1100.0,942700.0
14862.jpg,800.0,1356.0,1084800.0
14863.jpg,755.0,1180.0,890900.0
14864.jpg,765.0,1180.0,902700.0
14865.jpg,800.0,1072.0,857600.0
14866.jpg,706.0,1000.0,706000.0
14867.jpg,900.0,1085.0,976500.0
14868.jpg,666.0,1250.0,832500.0
14869.jpg,800.0,1105.0,884000.0
14870.jpg,1052.0,1000.0,1052000.0
14871.jpg,800.0,1154.0,923200.0
14872.jpg,1182.0,810.0,957420.0
14873.jpg,876.0,950.0,832200.0
14874.jpg,1190.0,800.0,952000.0
14875.jpg,944.0,650.0,613600.0
14876.jpg,965.0,950.0,916750.0
14877.jpg,893.0,870.0,776910.0
14878.jpg,1135.0,850.0,964750.0
14879.jpg,1195.0,800.0,956000.0
14880.jpg,1123.0,780.0,875940.0
14881.jpg,986.0,1020.0,1005720.0
14882.jpg,818.0,960.0,785280.0
14883.jpg,1074.0,850.0,912900.0
14884.jpg,813.0,1150.0,934950.0
14885.jpg,1098.0,1000.0,1098000.0
14886.jpg,723.0,1100.0,795300.0
14887.jpg,1703.0,580.0,987740.0
14888.jpg,1418.0,690.0,978420.0
14889.jpg,932.0,1200.0,1118400.0
14890.jpg,1028.0,930.0,956040.0
14891.jpg,1161.0,800.0,928800.0
14892.jpg,751.0,1070.0,803570.0
14893.jpg,700.0,1111.0,777700.0
14894.jpg,1071.0,1059.0,1134189.0
14895.jpg,991.0,1032.0,1022712.0
14896.jpg,625.0,916.0,572500.0
14897.jpg,837.0,1001.0,837837.0
14899.jpg,874.0,1200.0,1048800.0
14900.jpg,900.0,882.0,793800.0
14902.jpg,1373.0,850.0,1167050.0
14903.jpg,1085.0,830.0,900550.0
14904.jpg,900.0,1157.0,1041300.0
14905.jpg,1376.0,850.0,1169600.0
14906.jpg,867.0,1200.0,1040400.0
14907.jpg,881.0,1050.0,925050.0
14908.jpg,701.0,1024.0,717824.0
14909.jpg,1342.0,850.0,1140700.0
14910.jpg,744.0,1200.0,892800.0
14911.jpg,816.0,1200.0,979200.0
14912.jpg,985.0,860.0,847100.0
14913.jpg,1339.0,850.0,1138150.0
14914.jpg,772.0,970.0,748840.0
14915.jpg,812.0,950.0,771400.0
14916.jpg,956.0,800.0,764800.0
14917.jpg,693.0,1300.0,900900.0
14918.jpg,1212.0,800.0,969600.0
14919.jpg,1204.0,800.0,963200.0
14920.jpg,969.0,900.0,872100.0
14921.jpg,1202.0,800.0,961600.0
14922.jpg,800.0,1091.0,872800.0
14923.jpg,900.0,1069.0,962100.0
14924.jpg,1044.0,900.0,939600.0
14925.jpg,830.0,1020.0,846600.0
14926.jpg,900.0,1145.0,1030500.0
14927.jpg,1223.0,800.0,978400.0
14928.jpg,1212.0,780.0,945360.0
14929.jpg,810.0,1150.0,931500.0
14930.jpg,610.0,1227.0,748470.0
14931.jpg,937.0,1020.0,955740.0
14932.jpg,1201.0,800.0,960800.0
14933.jpg,849.0,1150.0,976350.0
14934.jpg,700.0,1116.0,781200.0
14935.jpg,600.0,1480.0,888000.0
14936.jpg,1192.0,800.0,953600.0
14937.jpg,871.0,860.0,749060.0
14938.jpg,700.0,1170.0,819000.0
14939.jpg,1309.0,850.0,1112650.0
14940.jpg,1344.0,1101.0,1479744.0
14941.jpg,1312.0,850.0,1115200.0
14942.jpg,1176.0,800.0,940800.0
14943.jpg,1366.0,800.0,1092800.0
14944.jpg,829.0,1150.0,953350.0
14945.jpg,1102.0,800.0,881600.0
14946.jpg,652.0,1500.0,978000.0
14947.jpg,629.0,1500.0,943500.0
14948.jpg,629.0,1500.0,943500.0
14949.jpg,650.0,1500.0,975000.0
14950.jpg,692.0,1500.0,1038000.0
14951.jpg,661.0,1500.0,991500.0
14952.jpg,1094.0,800.0,875200.0
14953.jpg,644.0,1000.0,644000.0
14954.jpg,852.0,805.0,685860.0
14955.jpg,818.0,850.0,695300.0
14956.jpg,733.0,900.0,659700.0
14957.jpg,907.0,980.0,888860.0
14958.jpg,941.0,925.0,870425.0
14959.jpg,1016.0,960.0,975360.0
14960.jpg,1070.0,1073.0,1148110.0
14961.jpg,900.0,1162.0,1045800.0
14962.jpg,873.0,1026.0,895698.0
14963.jpg,794.0,1100.0,873400.0
14964.jpg,1015.0,860.0,872900.0
14965.jpg,748.0,1102.0,824296.0
14966.jpg,1323.0,1300.0,1719900.0
14967.jpg,800.0,1273.0,1018400.0
14969.jpg,1000.0,1350.0,1350000.0
14970.jpg,889.0,907.0,806323.0
14971.jpg,750.0,1136.0,852000.0
14972.jpg,950.0,992.0,942400.0
14973.jpg,850.0,950.0,807500.0
14974.jpg,812.0,1150.0,933800.0
14975.jpg,556.0,2030.0,1128680.0
14976.jpg,762.0,884.0,673608.0
14979.jpg,900.0,1294.0,1164600.0
14980.jpg,611.0,850.0,519350.0
14981.jpg,900.0,1053.0,947700.0
14982.jpg,783.0,1050.0,822150.0
14983.jpg,804.0,501.0,402804.0
14984.jpg,876.0,741.0,649116.0
14985.jpg,798.0,900.0,718200.0
14986.jpg,787.0,926.0,728762.0
14987.jpg,836.0,1000.0,836000.0
14988.jpg,1204.0,680.0,818720.0
14996.jpg,1001.0,1120.0,1121120.0
14997.jpg,684.0,860.0,588240.0
14998.jpg,1001.0,1184.0,1185184.0
14999.jpg,932.0,1200.0,1118400.0
15000.jpg,1133.0,880.0,997040.0
15001.jpg,528.0,800.0,422400.0
15002.jpg,1050.0,1517.0,1592850.0
15003.jpg,1255.0,1237.0,1552435.0
15005.jpg,800.0,1176.0,940800.0
15006.jpg,900.0,1172.0,1054800.0
15008.jpg,1000.0,1356.0,1356000.0
15009.jpg,800.0,1096.0,876800.0
15018.jpg,1010.0,1215.0,1227150.0
15019.jpg,1034.0,1300.0,1344200.0
15020.jpg,950.0,1245.0,1182750.0
15021.jpg,900.0,1008.0,907200.0
15022.jpg,784.0,970.0,760480.0
15023.jpg,750.0,971.0,728250.0
15024.jpg,1000.0,1243.0,1243000.0
15025.jpg,609.0,811.0,493899.0
15026.jpg,1000.0,1235.0,1235000.0
15027.jpg,854.0,1000.0,854000.0
15028.jpg,800.0,1080.0,864000.0
15029.jpg,770.0,1300.0,1001000.0
15032.jpg,880.0,1203.0,1058640.0
15094.jpg,900.0,1152.0,1036800.0
15095.jpg,1000.0,1186.0,1186000.0
15099.jpg,1392.0,900.0,1252800.0
15100.jpg,760.0,1070.0,813200.0
15101.jpg,850.0,1091.0,927350.0
15102.jpg,711.0,1600.0,1137600.0
15103.jpg,1062.0,1400.0,1486800.0
15105.jpg,1020.0,1235.0,1259700.0
15106.jpg,700.0,1667.0,1166900.0
15107.jpg,920.0,1255.0,1154600.0
15110.jpg,738.0,1000.0,738000.0
15111.jpg,1234.0,1002.0,1236468.0
15113.jpg,1379.0,800.0,1103200.0
15114.jpg,1047.0,760.0,795720.0
15115.jpg,1100.0,644.0,708400.0
15116.jpg,1143.0,1300.0,1485900.0
15118.jpg,825.0,1100.0,907500.0
15119.jpg,776.0,679.0,526904.0
15121.jpg,750.0,1040.0,780000.0
15122.jpg,692.0,1080.0,747360.0
15123.jpg,700.0,1086.0,760200.0
15124.jpg,700.0,922.0,645400.0
15125.jpg,673.0,1200.0,807600.0
15126.jpg,1438.0,900.0,1294200.0
15127.jpg,820.0,1154.0,946280.0
15128.jpg,820.0,1150.0,943000.0
15129.jpg,1000.0,1174.0,1174000.0
15130.jpg,782.0,1002.0,783564.0
15131.jpg,1141.0,814.0,928774.0
15132.jpg,1204.0,900.0,1083600.0
15133.jpg,821.0,1001.0,821821.0
15150.jpg,673.0,867.0,583491.0
15152.jpg,1289.0,900.0,1160100.0
15154.jpg,650.0,644.0,418600.0
15155.jpg,840.0,1019.0,855960.0
15156.jpg,848.0,630.0,534240.0
15157.jpg,802.0,1002.0,803604.0
15160.jpg,1099.0,934.0,1026466.0
15172.jpg,900.0,638.0,574200.0
15173.jpg,1500.0,1209.0,1813500.0
15174.jpg,1400.0,1126.0,1576400.0
15176.jpg,1119.0,800.0,895200.0
15177.jpg,1130.0,785.0,887050.0
15178.jpg,1015.0,800.0,812000.0
15180.jpg,1111.0,770.0,855470.0
15187.jpg,1209.0,900.0,1088100.0
15188.jpg,1037.0,830.0,860710.0
15189.jpg,1105.0,850.0,939250.0
15203.jpg,722.0,900.0,649800.0
15205.jpg,1335.0,1000.0,1335000.0
15206.jpg,920.0,635.0,584200.0
15207.jpg,1255.0,945.0,1185975.0
15208.jpg,1308.0,900.0,1177200.0
15209.jpg,1048.0,1400.0,1467200.0
15210.jpg,1097.0,864.0,947808.0
15211.jpg,1025.0,812.0,832300.0
15212.jpg,992.0,700.0,694400.0
15213.jpg,1000.0,648.0,648000.0
15214.jpg,729.0,1400.0,1020600.0
15215.jpg,630.0,960.0,604800.0
15216.jpg,1029.0,1000.0,1029000.0
15218.jpg,1000.0,1359.0,1359000.0
15220.jpg,1073.0,900.0,965700.0
15221.jpg,963.0,800.0,770400.0
15222.jpg,850.0,1093.0,929050.0
15223.jpg,790.0,1900.0,1501000.0
15224.jpg,729.0,952.0,694008.0
15226.jpg,1255.0,864.0,1084320.0
15227.jpg,1252.0,830.0,1039160.0
15228.jpg,972.0,1253.0,1217916.0
15229.jpg,1000.0,1094.0,1094000.0
15230.jpg,1580.0,900.0,1422000.0
15231.jpg,1403.0,900.0,1262700.0
15234.jpg,1255.0,932.0,1169660.0
15235.jpg,1255.0,919.0,1153345.0
15236.jpg,1050.0,820.0,861000.0
15237.jpg,1170.0,950.0,1111500.0
15238.jpg,1165.0,950.0,1106750.0
15239.jpg,1162.0,950.0,1103900.0
15240.jpg,1159.0,950.0,1101050.0
15241.jpg,1119.0,900.0,1007100.0
15242.jpg,1028.0,1297.0,1333316.0
15243.jpg,1079.0,1300.0,1402700.0
15244.jpg,1400.0,938.0,1313200.0
15245.jpg,947.0,1200.0,1136400.0
15246.jpg,1000.0,1220.0,1220000.0
15247.jpg,1516.0,900.0,1364400.0
15248.jpg,1407.0,900.0,1266300.0
15249.jpg,1015.0,1200.0,1218000.0
15250.jpg,1527.0,1000.0,1527000.0
15251.jpg,1254.0,1000.0,1254000.0
15252.jpg,1500.0,919.0,1378500.0
15253.jpg,1500.0,944.0,1416000.0
15254.jpg,1500.0,936.0,1404000.0
15255.jpg,1500.0,947.0,1420500.0
15256.jpg,1000.0,1324.0,1324000.0
15257.jpg,756.0,1600.0,1209600.0
15258.jpg,1100.0,1177.0,1294700.0
15259.jpg,1069.0,1300.0,1389700.0
15260.jpg,1500.0,914.0,1371000.0
15261.jpg,1550.0,900.0,1395000.0
15262.jpg,1011.0,1300.0,1314300.0
15263.jpg,1400.0,962.0,1346800.0
15269.jpg,800.0,1007.0,805600.0
15270.jpg,914.0,1103.0,1008142.0
15271.jpg,900.0,1038.0,934200.0
15272.jpg,850.0,980.0,833000.0
15273.jpg,800.0,968.0,774400.0
15275.jpg,1000.0,1324.0,1324000.0
15276.jpg,646.0,800.0,516800.0
15277.jpg,1033.0,1300.0,1342900.0
15279.jpg,1177.0,950.0,1118150.0
15282.jpg,900.0,1225.0,1102500.0
15283.jpg,850.0,1184.0,1006400.0
15284.jpg,570.0,879.0,501030.0
15285.jpg,569.0,651.0,370419.0
15287.jpg,1150.0,917.0,1054550.0
15288.jpg,520.0,390.0,202800.0
15289.jpg,520.0,390.0,202800.0
15290.jpg,520.0,390.0,202800.0
15291.jpg,1018.0,1247.0,1269446.0
15292.jpg,1033.0,1133.0,1170389.0
15293.jpg,1049.0,1200.0,1258800.0
15294.jpg,1172.0,1000.0,1172000.0
15295.jpg,646.0,800.0,516800.0
15296.jpg,665.0,820.0,545300.0
15297.jpg,700.0,1226.0,858200.0
15298.jpg,682.0,820.0,559240.0
15299.jpg,900.0,1033.0,929700.0
15300.jpg,652.0,800.0,521600.0
15301.jpg,1300.0,1047.0,1361100.0
15302.jpg,1000.0,1170.0,1170000.0
15303.jpg,825.0,1800.0,1485000.0
15304.jpg,668.0,900.0,601200.0
15305.jpg,910.0,1119.0,1018290.0
15306.jpg,606.0,1100.0,666600.0
15307.jpg,643.0,873.0,561339.0
15308.jpg,1000.0,1214.0,1214000.0
15309.jpg,1129.0,900.0,1016100.0
15310.jpg,1150.0,961.0,1105150.0
15311.jpg,981.0,778.0,763218.0
15312.jpg,1382.0,850.0,1174700.0
15314.jpg,1125.0,900.0,1012500.0
15315.jpg,900.0,1083.0,974700.0
15316.jpg,1300.0,788.0,1024400.0
15317.jpg,1300.0,792.0,1029600.0
15318.jpg,1300.0,744.0,967200.0
15319.jpg,1300.0,767.0,997100.0
15320.jpg,801.0,1230.0,985230.0
15323.jpg,1022.0,850.0,868700.0
15324.jpg,1136.0,1000.0,1136000.0
15325.jpg,810.0,1101.0,891810.0
15326.jpg,810.0,1113.0,901530.0
15327.jpg,868.0,1176.0,1020768.0
15328.jpg,1000.0,1174.0,1174000.0
15329.jpg,1030.0,822.0,846660.0
15330.jpg,1030.0,823.0,847690.0
15331.jpg,1030.0,813.0,837390.0
15332.jpg,1030.0,819.0,843570.0
15333.jpg,1030.0,827.0,851810.0
15334.jpg,1030.0,820.0,844600.0
15335.jpg,1030.0,825.0,849750.0
15336.jpg,1030.0,822.0,846660.0
15337.jpg,1030.0,850.0,875500.0
15338.jpg,1093.0,800.0,874400.0
15339.jpg,1109.0,800.0,887200.0
15340.jpg,1000.0,1346.0,1346000.0
15341.jpg,825.0,1010.0,833250.0
15342.jpg,800.0,916.0,732800.0
15343.jpg,1087.0,1000.0,1087000.0
15344.jpg,852.0,1100.0,937200.0
15345.jpg,1159.0,1000.0,1159000.0
15346.jpg,1030.0,807.0,831210.0
15347.jpg,1000.0,1229.0,1229000.0
15348.jpg,950.0,931.0,884450.0
15349.jpg,1166.0,1000.0,1166000.0
15350.jpg,700.0,1207.0,844900.0
15351.jpg,1000.0,1293.0,1293000.0
15352.jpg,1222.0,1000.0,1222000.0
15353.jpg,1000.0,1290.0,1290000.0
15354.jpg,850.0,961.0,816850.0
15355.jpg,1030.0,812.0,836360.0
15356.jpg,848.0,1100.0,932800.0
15357.jpg,1000.0,1569.0,1569000.0
15358.jpg,1000.0,1591.0,1591000.0
15359.jpg,1000.0,1580.0,1580000.0
15360.jpg,1000.0,1503.0,1503000.0
15361.jpg,750.0,1121.0,840750.0
15362.jpg,1176.0,770.0,905520.0
15363.jpg,1158.0,770.0,891660.0
15364.jpg,1241.0,630.0,781830.0
15365.jpg,1160.0,770.0,893200.0
15366.jpg,1073.0,770.0,826210.0
15367.jpg,466.0,578.0,269348.0
15368.jpg,1154.0,770.0,888580.0
15369.jpg,1151.0,770.0,886270.0
15374.jpg,900.0,1104.0,993600.0
15375.jpg,900.0,1050.0,945000.0
15376.jpg,900.0,1102.0,991800.0
15377.jpg,900.0,1117.0,1005300.0
15378.jpg,900.0,1114.0,1002600.0
15379.jpg,850.0,1075.0,913750.0
15380.jpg,850.0,1138.0,967300.0
15381.jpg,850.0,1107.0,940950.0
15382.jpg,850.0,1044.0,887400.0
15383.jpg,850.0,1113.0,946050.0
15384.jpg,624.0,792.0,494208.0
15385.jpg,1319.0,770.0,1015630.0
15386.jpg,1307.0,767.0,1002469.0
15387.jpg,999.0,1001.0,999999.0
15388.jpg,976.0,1001.0,976976.0
15389.jpg,973.0,1001.0,973973.0
15390.jpg,536.0,826.0,442736.0
15391.jpg,956.0,1001.0,956956.0
15392.jpg,890.0,1001.0,890890.0
15393.jpg,800.0,907.0,725600.0
15394.jpg,902.0,1001.0,902902.0
15395.jpg,548.0,836.0,458128.0
15396.jpg,800.0,1092.0,873600.0
15397.jpg,884.0,1001.0,884884.0
15398.jpg,871.0,1001.0,871871.0
15399.jpg,870.0,1001.0,870870.0
15400.jpg,864.0,1001.0,864864.0
15401.jpg,1007.0,1300.0,1309100.0
15402.jpg,924.0,1001.0,924924.0
15403.jpg,874.0,1001.0,874874.0
15404.jpg,657.0,855.0,561735.0
15405.jpg,939.0,1001.0,939939.0
15406.jpg,629.0,818.0,514522.0
15407.jpg,850.0,1178.0,1001300.0
15408.jpg,709.0,1148.0,813932.0
15409.jpg,850.0,1105.0,939250.0
15410.jpg,937.0,1001.0,937937.0
15411.jpg,950.0,974.0,925300.0
15412.jpg,738.0,832.0,614016.0
15413.jpg,983.0,1001.0,983983.0
15414.jpg,536.0,862.0,462032.0
15415.jpg,959.0,1001.0,959959.0
15416.jpg,933.0,1001.0,933933.0
15417.jpg,868.0,1000.0,868000.0
15418.jpg,869.0,1001.0,869869.0
15419.jpg,737.0,1000.0,737000.0
15420.jpg,812.0,900.0,730800.0
15421.jpg,935.0,1200.0,1122000.0
15422.jpg,915.0,1001.0,915915.0
15423.jpg,863.0,1001.0,863863.0
15424.jpg,875.0,1001.0,875875.0
15426.jpg,850.0,1041.0,884850.0
15427.jpg,800.0,1145.0,916000.0
15428.jpg,800.0,1139.0,911200.0
15429.jpg,913.0,900.0,821700.0
15430.jpg,914.0,900.0,822600.0
15431.jpg,850.0,1035.0,879750.0
15432.jpg,638.0,830.0,529540.0
15433.jpg,811.0,1162.0,942382.0
15434.jpg,646.0,588.0,379848.0
15436.jpg,1000.0,1099.0,1099000.0
15437.jpg,1100.0,1345.0,1479500.0
15438.jpg,1065.0,1300.0,1384500.0
15439.jpg,1271.0,1200.0,1525200.0
15440.jpg,1200.0,1381.0,1657200.0
15441.jpg,1305.0,1200.0,1566000.0
15442.jpg,1195.0,1369.0,1635955.0
15443.jpg,1270.0,1200.0,1524000.0
15444.jpg,1200.0,1380.0,1656000.0
15445.jpg,1282.0,1200.0,1538400.0
15446.jpg,1199.0,1369.0,1641431.0
15447.jpg,1286.0,1200.0,1543200.0
15448.jpg,801.0,963.0,771363.0
15449.jpg,1277.0,1496.0,1910392.0
15450.jpg,1196.0,1365.0,1632540.0
15451.jpg,1309.0,1200.0,1570800.0
15452.jpg,765.0,934.0,714510.0
15453.jpg,1030.0,1199.0,1234970.0
15454.jpg,1250.0,1200.0,1500000.0
15455.jpg,1283.0,1495.0,1918085.0
15456.jpg,1119.0,1296.0,1450224.0
15457.jpg,1189.0,1391.0,1653899.0
15458.jpg,1264.0,1200.0,1516800.0
15459.jpg,1189.0,1384.0,1645576.0
15460.jpg,939.0,1100.0,1032900.0
15461.jpg,1281.0,1200.0,1537200.0
15462.jpg,1403.0,1277.0,1791631.0
15463.jpg,1306.0,1200.0,1567200.0
15464.jpg,1195.0,1383.0,1652685.0
15465.jpg,1310.0,1200.0,1572000.0
15466.jpg,1403.0,1022.0,1433866.0
15467.jpg,1302.0,1200.0,1562400.0
15468.jpg,1184.0,1384.0,1638656.0
15469.jpg,1185.0,1379.0,1634115.0
15470.jpg,1681.0,800.0,1344800.0
15471.jpg,681.0,951.0,647631.0
15472.jpg,1227.0,954.0,1170558.0
15473.jpg,1034.0,1654.0,1710236.0
15474.jpg,1130.0,1200.0,1356000.0
15475.jpg,1127.0,1200.0,1352400.0
15476.jpg,1024.0,1200.0,1228800.0
15477.jpg,1615.0,951.0,1535865.0
15478.jpg,1186.0,1200.0,1423200.0
15479.jpg,1100.0,1426.0,1568600.0
15480.jpg,1184.0,1394.0,1650496.0
15481.jpg,1196.0,1200.0,1435200.0
15482.jpg,1022.0,1654.0,1690388.0
15483.jpg,1112.0,1297.0,1442264.0
15484.jpg,1099.0,1285.0,1412215.0
15485.jpg,1193.0,1200.0,1431600.0
15486.jpg,1099.0,1292.0,1419908.0
15487.jpg,1100.0,1446.0,1590600.0
15488.jpg,1176.0,1200.0,1411200.0
15489.jpg,1227.0,1384.0,1698168.0
15490.jpg,1275.0,1509.0,1923975.0
15491.jpg,1198.0,1200.0,1437600.0
15492.jpg,1266.0,1483.0,1877478.0
15493.jpg,1280.0,1509.0,1931520.0
15494.jpg,1276.0,1200.0,1531200.0
15495.jpg,1194.0,1408.0,1681152.0
15496.jpg,1275.0,1200.0,1530000.0
15497.jpg,1409.0,1018.0,1434362.0
15498.jpg,1270.0,1200.0,1524000.0
15499.jpg,1467.0,1000.0,1467000.0
15500.jpg,716.0,880.0,630080.0
15501.jpg,1189.0,1650.0,1961850.0
15502.jpg,1272.0,1200.0,1526400.0
15503.jpg,1185.0,1380.0,1635300.0
15504.jpg,1527.0,957.0,1461339.0
15505.jpg,1289.0,1200.0,1546800.0
15506.jpg,1587.0,882.0,1399734.0
15507.jpg,1199.0,1405.0,1684595.0
15508.jpg,1199.0,1408.0,1688192.0
15509.jpg,1293.0,1200.0,1551600.0
15510.jpg,1719.0,939.0,1614141.0
15511.jpg,1075.0,1200.0,1290000.0
15512.jpg,1202.0,1396.0,1677992.0
15513.jpg,1214.0,1200.0,1456800.0
15514.jpg,1193.0,1396.0,1665428.0
15515.jpg,1244.0,1200.0,1492800.0
15516.jpg,1110.0,1298.0,1440780.0
15517.jpg,1198.0,1377.0,1649646.0
15518.jpg,1112.0,1276.0,1418912.0
15519.jpg,1228.0,1200.0,1473600.0
15520.jpg,1110.0,1297.0,1439670.0
15521.jpg,1193.0,1406.0,1677358.0
15522.jpg,1096.0,1292.0,1416032.0
15523.jpg,1226.0,1200.0,1471200.0
15524.jpg,1192.0,1404.0,1673568.0
15525.jpg,1254.0,1200.0,1504800.0
15526.jpg,706.0,857.0,605042.0
15527.jpg,1124.0,1292.0,1452208.0
15528.jpg,1297.0,1200.0,1556400.0
15529.jpg,1195.0,1400.0,1673000.0
15530.jpg,1311.0,1200.0,1573200.0
15531.jpg,1122.0,1301.0,1459722.0
15532.jpg,1282.0,1200.0,1538400.0
15533.jpg,1100.0,1424.0,1566400.0
15534.jpg,1647.0,943.0,1553121.0
15535.jpg,1296.0,1200.0,1555200.0
15536.jpg,1284.0,1505.0,1932420.0
15537.jpg,1298.0,1200.0,1557600.0
15538.jpg,781.0,1000.0,781000.0
15539.jpg,1201.0,1407.0,1689807.0
15540.jpg,1107.0,1300.0,1439100.0
15541.jpg,1254.0,1200.0,1504800.0
15542.jpg,1170.0,1299.0,1519830.0
15543.jpg,909.0,1300.0,1181700.0
15544.jpg,1100.0,1318.0,1449800.0
15545.jpg,1300.0,1139.0,1480700.0
15546.jpg,1292.0,1100.0,1421200.0
15547.jpg,1290.0,1100.0,1419000.0
15548.jpg,1114.0,1296.0,1443744.0
15549.jpg,1260.0,1200.0,1512000.0
15550.jpg,1496.0,900.0,1346400.0
15551.jpg,1488.0,900.0,1339200.0
15552.jpg,800.0,1089.0,871200.0
15553.jpg,1627.0,900.0,1464300.0
15554.jpg,801.0,1068.0,855468.0
15555.jpg,1115.0,1300.0,1449500.0
15556.jpg,1102.0,1300.0,1432600.0
15557.jpg,1458.0,1000.0,1458000.0
15558.jpg,1200.0,1110.0,1332000.0
15559.jpg,1100.0,1279.0,1406900.0
15560.jpg,1500.0,859.0,1288500.0
15561.jpg,1000.0,1162.0,1162000.0
15562.jpg,790.0,962.0,759980.0
15563.jpg,1100.0,1297.0,1426700.0
15564.jpg,1105.0,1300.0,1436500.0
15565.jpg,1500.0,1085.0,1627500.0
15566.jpg,1908.0,700.0,1335600.0
15567.jpg,1000.0,1377.0,1377000.0
15568.jpg,1100.0,1253.0,1378300.0
15569.jpg,1200.0,1371.0,1645200.0
15570.jpg,1386.0,1200.0,1663200.0
15571.jpg,1600.0,929.0,1486400.0
15572.jpg,1500.0,1113.0,1669500.0
15573.jpg,1329.0,1200.0,1594800.0
15574.jpg,1693.0,700.0,1185100.0
15575.jpg,850.0,985.0,837250.0
15576.jpg,938.0,1100.0,1031800.0
15577.jpg,963.0,1100.0,1059300.0
15578.jpg,938.0,1100.0,1031800.0
15579.jpg,947.0,1100.0,1041700.0
15580.jpg,953.0,1100.0,1048300.0
15581.jpg,1100.0,1021.0,1123100.0
15582.jpg,1078.0,1100.0,1185800.0
15583.jpg,995.0,1100.0,1094500.0
15584.jpg,1068.0,1100.0,1174800.0
15585.jpg,904.0,1100.0,994400.0
15586.jpg,991.0,1100.0,1090100.0
15587.jpg,917.0,1100.0,1008700.0
15588.jpg,1100.0,995.0,1094500.0
15589.jpg,1100.0,915.0,1006500.0
15590.jpg,1100.0,879.0,966900.0
15591.jpg,1020.0,1110.0,1132200.0
15592.jpg,1096.0,1100.0,1205600.0
15593.jpg,1015.0,1100.0,1116500.0
15594.jpg,1100.0,992.0,1091200.0
15595.jpg,1100.0,1069.0,1175900.0
15596.jpg,1100.0,927.0,1019700.0
15597.jpg,1100.0,931.0,1024100.0
15598.jpg,1100.0,951.0,1046100.0
15599.jpg,1100.0,1008.0,1108800.0
15600.jpg,1100.0,947.0,1041700.0
15601.jpg,922.0,1100.0,1014200.0
15602.jpg,1034.0,1100.0,1137400.0
15603.jpg,839.0,1100.0,922900.0
15604.jpg,955.0,1100.0,1050500.0
15605.jpg,1100.0,981.0,1079100.0
15606.jpg,1100.0,1077.0,1184700.0
15607.jpg,991.0,1100.0,1090100.0
15608.jpg,1018.0,1100.0,1119800.0
15609.jpg,951.0,1100.0,1046100.0
15610.jpg,977.0,1100.0,1074700.0
15611.jpg,978.0,1100.0,1075800.0
15612.jpg,920.0,1100.0,1012000.0
15613.jpg,968.0,1100.0,1064800.0
15614.jpg,936.0,1100.0,1029600.0
15615.jpg,945.0,1100.0,1039500.0
15616.jpg,1100.0,1025.0,1127500.0
15617.jpg,943.0,1100.0,1037300.0
15618.jpg,981.0,1100.0,1079100.0
15619.jpg,1100.0,951.0,1046100.0
15620.jpg,939.0,1100.0,1032900.0
15621.jpg,951.0,1100.0,1046100.0
15622.jpg,1100.0,804.0,884400.0
15623.jpg,993.0,1100.0,1092300.0
15624.jpg,1100.0,1080.0,1188000.0
15625.jpg,910.0,1100.0,1001000.0
15626.jpg,949.0,1100.0,1043900.0
15627.jpg,926.0,1100.0,1018600.0
15628.jpg,953.0,1100.0,1048300.0
15629.jpg,960.0,1100.0,1056000.0
15630.jpg,921.0,1100.0,1013100.0
15631.jpg,936.0,1100.0,1029600.0
15632.jpg,920.0,1100.0,1012000.0
15633.jpg,941.0,1100.0,1035100.0
15634.jpg,1090.0,1100.0,1199000.0
15635.jpg,1366.0,800.0,1092800.0
15636.jpg,981.0,1100.0,1079100.0
15637.jpg,961.0,1100.0,1057100.0
15638.jpg,953.0,1100.0,1048300.0
15639.jpg,936.0,1100.0,1029600.0
15640.jpg,986.0,1100.0,1084600.0
15641.jpg,1100.0,1045.0,1149500.0
15642.jpg,936.0,1100.0,1029600.0
15643.jpg,962.0,1100.0,1058200.0
15644.jpg,1081.0,1100.0,1189100.0
15645.jpg,950.0,1100.0,1045000.0
15646.jpg,965.0,1100.0,1061500.0
15647.jpg,937.0,1100.0,1030700.0
15648.jpg,1024.0,1100.0,1126400.0
15649.jpg,923.0,1100.0,1015300.0
15650.jpg,1100.0,972.0,1069200.0
15651.jpg,958.0,1100.0,1053800.0
15652.jpg,887.0,1100.0,975700.0
15653.jpg,874.0,1100.0,961400.0
15654.jpg,1089.0,1100.0,1197900.0
15655.jpg,956.0,1100.0,1051600.0
15656.jpg,935.0,1100.0,1028500.0
15657.jpg,940.0,1100.0,1034000.0
15658.jpg,956.0,1100.0,1051600.0
15659.jpg,999.0,1100.0,1098900.0
15660.jpg,941.0,1100.0,1035100.0
15661.jpg,932.0,1100.0,1025200.0
15662.jpg,944.0,1100.0,1038400.0
15663.jpg,945.0,1100.0,1039500.0
15664.jpg,931.0,1100.0,1024100.0
15665.jpg,916.0,1100.0,1007600.0
15666.jpg,997.0,1100.0,1096700.0
15667.jpg,937.0,1100.0,1030700.0
15668.jpg,935.0,1100.0,1028500.0
15669.jpg,928.0,1100.0,1020800.0
15670.jpg,951.0,1100.0,1046100.0
15671.jpg,948.0,1100.0,1042800.0
15672.jpg,954.0,1100.0,1049400.0
15673.jpg,947.0,1100.0,1041700.0
15674.jpg,942.0,1100.0,1036200.0
15675.jpg,949.0,1100.0,1043900.0
15676.jpg,911.0,1100.0,1002100.0
15677.jpg,992.0,1100.0,1091200.0
15678.jpg,942.0,1100.0,1036200.0
15679.jpg,861.0,1100.0,947100.0
15680.jpg,1001.0,1100.0,1101100.0
15681.jpg,928.0,1100.0,1020800.0
15682.jpg,957.0,1100.0,1052700.0
15683.jpg,966.0,1100.0,1062600.0
15684.jpg,937.0,1100.0,1030700.0
15685.jpg,931.0,1100.0,1024100.0
15686.jpg,944.0,1100.0,1038400.0
15687.jpg,953.0,1100.0,1048300.0
15688.jpg,958.0,1100.0,1053800.0
15689.jpg,955.0,1100.0,1050500.0
15690.jpg,937.0,1100.0,1030700.0
15691.jpg,939.0,1100.0,1032900.0
15692.jpg,964.0,1100.0,1060400.0
15693.jpg,1026.0,1100.0,1128600.0
15694.jpg,994.0,1001.0,994994.0
15695.jpg,1245.0,1248.0,1553760.0
15696.jpg,1000.0,1050.0,1050000.0
15697.jpg,1000.0,1053.0,1053000.0
15698.jpg,1000.0,1044.0,1044000.0
15699.jpg,1000.0,1046.0,1046000.0
15700.jpg,1241.0,1246.0,1546286.0
15701.jpg,1000.0,1023.0,1023000.0
15702.jpg,1000.0,1023.0,1023000.0
15703.jpg,1000.0,1071.0,1071000.0
15704.jpg,1000.0,1060.0,1060000.0
15705.jpg,751.0,1400.0,1051400.0
15706.jpg,693.0,1400.0,970200.0
15707.jpg,687.0,1400.0,961800.0
15708.jpg,776.0,1400.0,1086400.0
15709.jpg,683.0,1400.0,956200.0
15710.jpg,667.0,1400.0,933800.0
15711.jpg,611.0,1400.0,855400.0
15712.jpg,734.0,1400.0,1027600.0
15713.jpg,679.0,1400.0,950600.0
15714.jpg,663.0,1400.0,928200.0
15715.jpg,752.0,1400.0,1052800.0
15716.jpg,661.0,1400.0,925400.0
15717.jpg,733.0,1400.0,1026200.0
15718.jpg,849.0,1400.0,1188600.0
15719.jpg,395.0,552.0,218040.0
15720.jpg,573.0,2000.0,1146000.0
15721.jpg,369.0,1196.0,441324.0
15722.jpg,338.0,1200.0,405600.0
15723.jpg,399.0,1200.0,478800.0
15724.jpg,365.0,1200.0,438000.0
15725.jpg,406.0,1183.0,480298.0
15726.jpg,411.0,1200.0,493200.0
15727.jpg,520.0,1128.0,586560.0
15728.jpg,525.0,1100.0,577500.0
15729.jpg,510.0,1200.0,612000.0
15730.jpg,345.0,1194.0,411930.0
15731.jpg,623.0,2000.0,1246000.0
15732.jpg,500.0,2035.0,1017500.0
15733.jpg,842.0,310.0,261020.0
15734.jpg,1101.0,1500.0,1651500.0
15735.jpg,1121.0,1500.0,1681500.0
15736.jpg,1046.0,1253.0,1310638.0
15737.jpg,800.0,908.0,726400.0
15738.jpg,702.0,860.0,603720.0
15739.jpg,1000.0,1119.0,1119000.0
15740.jpg,1000.0,1178.0,1178000.0
15742.jpg,950.0,966.0,917700.0
15743.jpg,1000.0,1008.0,1008000.0
15744.jpg,950.0,960.0,912000.0
15745.jpg,950.0,980.0,931000.0
15746.jpg,1000.0,1004.0,1004000.0
15747.jpg,1000.0,929.0,929000.0
15748.jpg,1000.0,929.0,929000.0
15749.jpg,1000.0,926.0,926000.0
15750.jpg,1000.0,935.0,935000.0
15751.jpg,1000.0,941.0,941000.0
15752.jpg,1000.0,935.0,935000.0
15753.jpg,911.0,1000.0,911000.0
15754.jpg,1000.0,956.0,956000.0
15755.jpg,1000.0,968.0,968000.0
15756.jpg,1000.0,980.0,980000.0
15757.jpg,1000.0,978.0,978000.0
15758.jpg,1000.0,949.0,949000.0
15759.jpg,1000.0,917.0,917000.0
15760.jpg,1000.0,923.0,923000.0
15761.jpg,1000.0,925.0,925000.0
15762.jpg,1000.0,926.0,926000.0
15763.jpg,1000.0,927.0,927000.0
15764.jpg,1000.0,929.0,929000.0
15765.jpg,1000.0,933.0,933000.0
15766.jpg,1000.0,924.0,924000.0
15767.jpg,1000.0,911.0,911000.0
15768.jpg,1000.0,912.0,912000.0
15769.jpg,1034.0,1004.0,1038136.0
15770.jpg,1000.0,908.0,908000.0
15771.jpg,1000.0,931.0,931000.0
15772.jpg,1000.0,943.0,943000.0
15773.jpg,1000.0,918.0,918000.0
15774.jpg,1000.0,900.0,900000.0
15775.jpg,1000.0,909.0,909000.0
15776.jpg,1000.0,889.0,889000.0
15777.jpg,1260.0,700.0,882000.0
15778.jpg,1001.0,927.0,927927.0
15779.jpg,1001.0,922.0,922922.0
15780.jpg,848.0,1000.0,848000.0
15781.jpg,901.0,1400.0,1261400.0
15782.jpg,1007.0,1300.0,1309100.0
15783.jpg,1033.0,730.0,754090.0
15784.jpg,600.0,1097.0,658200.0
15785.jpg,1114.0,700.0,779800.0
15786.jpg,1000.0,1206.0,1206000.0
15787.jpg,1089.0,700.0,762300.0
15788.jpg,1000.0,1293.0,1293000.0
15789.jpg,600.0,1030.0,618000.0
15790.jpg,1291.0,1000.0,1291000.0
15791.jpg,900.0,1412.0,1270800.0
15792.jpg,1000.0,1238.0,1238000.0
15793.jpg,1151.0,700.0,805700.0
15794.jpg,668.0,820.0,547760.0
15795.jpg,1182.0,730.0,862860.0
15796.jpg,1000.0,1343.0,1343000.0
15797.jpg,880.0,594.0,522720.0
15798.jpg,655.0,804.0,526620.0
15799.jpg,1077.0,370.0,398490.0
15800.jpg,1000.0,1337.0,1337000.0
15801.jpg,1062.0,690.0,732780.0
15802.jpg,1010.0,1000.0,1010000.0
15803.jpg,852.0,1001.0,852852.0
15804.jpg,925.0,1350.0,1248750.0
15805.jpg,957.0,925.0,885225.0
15806.jpg,840.0,1400.0,1176000.0
15807.jpg,1123.0,1400.0,1572200.0
15808.jpg,1150.0,770.0,885500.0
15809.jpg,1000.0,1207.0,1207000.0
15810.jpg,850.0,1002.0,851700.0
15811.jpg,1117.0,770.0,860090.0
15812.jpg,656.0,798.0,523488.0
15813.jpg,1167.0,770.0,898590.0
15814.jpg,1191.0,776.0,924216.0
15815.jpg,1479.0,1000.0,1479000.0
15816.jpg,655.0,792.0,518760.0
15817.jpg,758.0,922.0,698876.0
15818.jpg,872.0,1400.0,1220800.0
15819.jpg,1125.0,1400.0,1575000.0
15820.jpg,1157.0,770.0,890890.0
15821.jpg,622.0,768.0,477696.0
15822.jpg,1323.0,770.0,1018710.0
15823.jpg,1162.0,770.0,894740.0
15824.jpg,1000.0,1304.0,1304000.0
15825.jpg,1332.0,770.0,1025640.0
15826.jpg,1000.0,1062.0,1062000.0
15827.jpg,1162.0,770.0,894740.0
15828.jpg,622.0,797.0,495734.0
15833.jpg,1080.0,1400.0,1512000.0
15834.jpg,1200.0,1544.0,1852800.0
15835.jpg,900.0,1092.0,982800.0
15836.jpg,800.0,1186.0,948800.0
15837.jpg,800.0,1129.0,903200.0
15838.jpg,1235.0,1700.0,2099500.0
15839.jpg,1243.0,1700.0,2113100.0
15840.jpg,920.0,1024.0,942080.0
15841.jpg,610.0,1182.0,721020.0
15842.jpg,862.0,862.0,743044.0
15843.jpg,700.0,1148.0,803600.0
15844.jpg,700.0,1296.0,907200.0
15845.jpg,1084.0,650.0,704600.0
15846.jpg,780.0,1206.0,940680.0
15847.jpg,839.0,1001.0,839839.0
15848.jpg,850.0,1057.0,898450.0
15849.jpg,500.0,826.0,413000.0
15850.jpg,768.0,928.0,712704.0
15851.jpg,1700.0,743.0,1263100.0
15852.jpg,1160.0,780.0,904800.0
15853.jpg,711.0,1189.0,845379.0
15854.jpg,800.0,1159.0,927200.0
15855.jpg,802.0,1068.0,856536.0
15856.jpg,702.0,1102.0,773604.0
15857.jpg,709.0,1102.0,781318.0
15858.jpg,754.0,1104.0,832416.0
15859.jpg,950.0,954.0,906300.0
15860.jpg,950.0,952.0,904400.0
15861.jpg,900.0,908.0,817200.0
15862.jpg,901.0,900.0,810900.0
15863.jpg,950.0,957.0,909150.0
15864.jpg,952.0,972.0,925344.0
15865.jpg,1158.0,1200.0,1389600.0
15866.jpg,1000.0,1239.0,1239000.0
15867.jpg,898.0,800.0,718400.0
15868.jpg,650.0,1279.0,831350.0
15869.jpg,867.0,1001.0,867867.0
15870.jpg,650.0,1276.0,829400.0
15871.jpg,1022.0,700.0,715400.0
15872.jpg,650.0,1258.0,817700.0
15873.jpg,820.0,966.0,792120.0
15874.jpg,1195.0,655.0,782725.0
15875.jpg,800.0,1088.0,870400.0
15876.jpg,731.0,624.0,456144.0
15877.jpg,867.0,1001.0,867867.0
15878.jpg,1172.0,380.0,445360.0
15879.jpg,840.0,1020.0,856800.0
15880.jpg,1104.0,800.0,883200.0
15889.jpg,1121.0,1100.0,1233100.0
15890.jpg,800.0,1193.0,954400.0
15891.jpg,879.0,1300.0,1142700.0
15892.jpg,1000.0,1207.0,1207000.0
15895.jpg,545.0,1500.0,817500.0
15896.jpg,523.0,1700.0,889100.0
15897.jpg,795.0,1400.0,1113000.0
15898.jpg,807.0,1400.0,1129800.0
15901.jpg,1003.0,1136.0,1139408.0
15906.jpg,767.0,1700.0,1303900.0
15907.jpg,796.0,1700.0,1353200.0
15908.jpg,1600.0,1211.0,1937600.0
15909.jpg,750.0,1004.0,753000.0
15910.jpg,1000.0,1346.0,1346000.0
15911.jpg,1275.0,500.0,637500.0
15912.jpg,1274.0,500.0,637000.0
15913.jpg,1000.0,1315.0,1315000.0
15914.jpg,750.0,786.0,589500.0
15915.jpg,700.0,839.0,587300.0
15916.jpg,820.0,1136.0,931520.0
15917.jpg,767.0,1077.0,826059.0
15918.jpg,486.0,1334.0,648324.0
15919.jpg,500.0,1656.0,828000.0
15920.jpg,500.0,1629.0,814500.0
15921.jpg,500.0,1635.0,817500.0
15922.jpg,500.0,1656.0,828000.0
15923.jpg,500.0,1629.0,814500.0
15924.jpg,750.0,1412.0,1059000.0
15925.jpg,782.0,950.0,742900.0
15926.jpg,759.0,1001.0,759759.0
15927.jpg,912.0,1300.0,1185600.0
15928.jpg,861.0,1100.0,947100.0
15929.jpg,1000.0,1321.0,1321000.0
15930.jpg,1000.0,1311.0,1311000.0
15931.jpg,1010.0,752.0,759520.0
15932.jpg,949.0,1400.0,1328600.0
15933.jpg,1061.0,1300.0,1379300.0
15934.jpg,855.0,1100.0,940500.0
15935.jpg,1010.0,1300.0,1313000.0
15936.jpg,1100.0,1112.0,1223200.0
15937.jpg,950.0,1082.0,1027900.0
15938.jpg,1300.0,949.0,1233700.0
15939.jpg,1300.0,855.0,1111500.0
15941.jpg,900.0,1254.0,1128600.0
15942.jpg,851.0,1000.0,851000.0
15944.jpg,547.0,813.0,444711.0
15945.jpg,1150.0,796.0,915400.0
15946.jpg,1200.0,613.0,735600.0
15947.jpg,750.0,1209.0,906750.0
15948.jpg,1070.0,1300.0,1391000.0
15949.jpg,950.0,1112.0,1056400.0
15950.jpg,1727.0,1000.0,1727000.0
15951.jpg,850.0,1209.0,1027650.0
15952.jpg,1200.0,836.0,1003200.0
15953.jpg,1221.0,900.0,1098900.0
15954.jpg,1450.0,900.0,1305000.0
15955.jpg,1000.0,1013.0,1013000.0
15956.jpg,921.0,1400.0,1289400.0
15957.jpg,703.0,1400.0,984200.0
15958.jpg,700.0,1100.0,770000.0
15959.jpg,900.0,1195.0,1075500.0
15960.jpg,900.0,1017.0,915300.0
15961.jpg,580.0,1344.0,779520.0
15962.jpg,1140.0,1400.0,1596000.0
15963.jpg,900.0,958.0,862200.0
15964.jpg,800.0,1265.0,1012000.0
15969.jpg,500.0,1344.0,672000.0
15970.jpg,900.0,1308.0,1177200.0
15977.jpg,1128.0,1100.0,1240800.0
15978.jpg,987.0,1000.0,987000.0
15979.jpg,1000.0,813.0,813000.0
15981.jpg,600.0,967.0,580200.0
15982.jpg,1097.0,770.0,844690.0
15985.jpg,1100.0,926.0,1018600.0
15986.jpg,1000.0,1444.0,1444000.0
15987.jpg,817.0,1100.0,898700.0
15988.jpg,1061.0,900.0,954900.0
15989.jpg,725.0,1250.0,906250.0
15995.jpg,2288.0,430.0,983840.0
15996.jpg,1035.0,739.0,764865.0
15997.jpg,1365.0,737.0,1006005.0
15998.jpg,1302.0,737.0,959574.0
15999.jpg,759.0,1500.0,1138500.0
16000.jpg,826.0,1400.0,1156400.0
16001.jpg,900.0,1014.0,912600.0
16003.jpg,874.0,837.0,731538.0
16004.jpg,920.0,923.0,849160.0
16006.jpg,720.0,900.0,648000.0
16007.jpg,871.0,760.0,661960.0
16008.jpg,676.0,990.0,669240.0
16009.jpg,820.0,1079.0,884780.0
16010.jpg,900.0,1186.0,1067400.0
16011.jpg,500.0,1002.0,501000.0
16012.jpg,440.0,982.0,432080.0
16013.jpg,1089.0,770.0,838530.0
16014.jpg,900.0,1096.0,986400.0
16015.jpg,650.0,1032.0,670800.0
16016.jpg,945.0,900.0,850500.0
16017.jpg,945.0,900.0,850500.0
16018.jpg,942.0,900.0,847800.0
16019.jpg,791.0,1100.0,870100.0
16020.jpg,1293.0,900.0,1163700.0
16021.jpg,1213.0,770.0,934010.0
16022.jpg,820.0,1112.0,911840.0
16023.jpg,1035.0,800.0,828000.0
16024.jpg,900.0,1092.0,982800.0
16025.jpg,499.0,1518.0,757482.0
16026.jpg,750.0,974.0,730500.0
16027.jpg,789.0,1003.0,791367.0
16028.jpg,718.0,550.0,394900.0
16030.jpg,1233.0,600.0,739800.0
16031.jpg,683.0,1000.0,683000.0
16036.jpg,900.0,1200.0,1080000.0
16037.jpg,900.0,1039.0,935100.0
16038.jpg,800.0,1207.0,965600.0
16039.jpg,647.0,1600.0,1035200.0
16040.jpg,647.0,1600.0,1035200.0
16041.jpg,800.0,928.0,742400.0
16042.jpg,1433.0,800.0,1146400.0
16044.jpg,850.0,850.0,722500.0
16045.jpg,800.0,1097.0,877600.0
16046.jpg,900.0,1130.0,1017000.0
16068.jpg,1113.0,850.0,946050.0
16069.jpg,900.0,1110.0,999000.0
16070.jpg,800.0,1049.0,839200.0
16071.jpg,731.0,900.0,657900.0
16072.jpg,1000.0,1390.0,1390000.0
16073.jpg,922.0,1100.0,1014200.0
16074.jpg,700.0,1394.0,975800.0
16075.jpg,903.0,1068.0,964404.0
16077.jpg,1000.0,1022.0,1022000.0
16078.jpg,1115.0,1296.0,1445040.0
16079.jpg,858.0,1100.0,943800.0
16080.jpg,973.0,1255.0,1221115.0
16081.jpg,960.0,700.0,672000.0
16090.jpg,1040.0,837.0,870480.0
16092.jpg,1600.0,950.0,1520000.0
16093.jpg,1400.0,849.0,1188600.0
16094.jpg,1042.0,900.0,937800.0
16098.jpg,900.0,1229.0,1106100.0
16099.jpg,1000.0,1531.0,1531000.0
16121.jpg,1000.0,1144.0,1144000.0
16122.jpg,1005.0,1305.0,1311525.0
16123.jpg,950.0,1102.0,1046900.0
16124.jpg,1300.0,981.0,1275300.0
16125.jpg,1300.0,980.0,1274000.0
16126.jpg,1000.0,1201.0,1201000.0
16127.jpg,1083.0,1124.0,1217292.0
16128.jpg,1010.0,1200.0,1212000.0
16129.jpg,1000.0,1206.0,1206000.0
16130.jpg,1291.0,1000.0,1291000.0
16131.jpg,900.0,1182.0,1063800.0
16132.jpg,1306.0,1000.0,1306000.0
16133.jpg,1000.0,1223.0,1223000.0
16134.jpg,1000.0,1190.0,1190000.0
16135.jpg,1000.0,1201.0,1201000.0
16136.jpg,1014.0,1200.0,1216800.0
16137.jpg,1007.0,1200.0,1208400.0
16138.jpg,975.0,1200.0,1170000.0
16139.jpg,1300.0,873.0,1134900.0
16140.jpg,1183.0,780.0,922740.0
16141.jpg,1000.0,1286.0,1286000.0
16142.jpg,1109.0,1100.0,1219900.0
16143.jpg,1401.0,800.0,1120800.0
16144.jpg,1000.0,1327.0,1327000.0
16145.jpg,1014.0,1200.0,1216800.0
16146.jpg,1300.0,848.0,1102400.0
16147.jpg,1100.0,1204.0,1324400.0
16148.jpg,1018.0,1200.0,1221600.0
16149.jpg,1300.0,942.0,1224600.0
16150.jpg,1200.0,800.0,960000.0
16151.jpg,936.0,1300.0,1216800.0
16152.jpg,1200.0,1033.0,1239600.0
16153.jpg,1300.0,948.0,1232400.0
16154.jpg,1300.0,873.0,1134900.0
16155.jpg,1000.0,1239.0,1239000.0
16156.jpg,900.0,1159.0,1043100.0
16157.jpg,900.0,973.0,875700.0
16158.jpg,1163.0,1100.0,1279300.0
16159.jpg,986.0,940.0,926840.0
16160.jpg,909.0,690.0,627210.0
16161.jpg,930.0,652.0,606360.0
16165.jpg,1200.0,907.0,1088400.0
16166.jpg,1300.0,836.0,1086800.0
16167.jpg,1000.0,1167.0,1167000.0
16168.jpg,1000.0,1070.0,1070000.0
16169.jpg,1200.0,979.0,1174800.0
16170.jpg,1253.0,650.0,814450.0
16171.jpg,1300.0,627.0,815100.0
16172.jpg,934.0,502.0,468868.0
16173.jpg,881.0,1000.0,881000.0
16174.jpg,1000.0,1159.0,1159000.0
16175.jpg,858.0,1200.0,1029600.0
16176.jpg,1000.0,1176.0,1176000.0
16177.jpg,600.0,1779.0,1067400.0
16178.jpg,1300.0,901.0,1171300.0
16179.jpg,1304.0,900.0,1173600.0
16180.jpg,1320.0,900.0,1188000.0
16181.jpg,1319.0,900.0,1187100.0
16182.jpg,1200.0,846.0,1015200.0
16183.jpg,850.0,1036.0,880600.0
16184.jpg,1300.0,787.0,1023100.0
16185.jpg,1263.0,900.0,1136700.0
16186.jpg,1040.0,700.0,728000.0
16187.jpg,1183.0,770.0,910910.0
16188.jpg,933.0,1200.0,1119600.0
16189.jpg,942.0,994.0,936348.0
16191.jpg,1870.0,900.0,1683000.0
16192.jpg,1040.0,1048.0,1089920.0
16193.jpg,896.0,1448.0,1297408.0
16194.jpg,854.0,1013.0,865102.0
16195.jpg,604.0,858.0,518232.0
16197.jpg,802.0,996.0,798792.0
16198.jpg,399.0,729.0,290871.0
16201.jpg,800.0,1090.0,872000.0
16202.jpg,800.0,1172.0,937600.0
16212.jpg,1528.0,1000.0,1528000.0
16213.jpg,910.0,1100.0,1001000.0
16214.jpg,800.0,1066.0,852800.0
16220.jpg,1000.0,1216.0,1216000.0
16221.jpg,909.0,1100.0,999900.0
16222.jpg,700.0,1001.0,700700.0
16223.jpg,941.0,900.0,846900.0
16224.jpg,1010.0,1300.0,1313000.0
16225.jpg,650.0,574.0,373100.0
16226.jpg,1022.0,1000.0,1022000.0
16227.jpg,1100.0,1049.0,1153900.0
16228.jpg,1002.0,1000.0,1002000.0
16229.jpg,1027.0,1000.0,1027000.0
16230.jpg,934.0,680.0,635120.0
16231.jpg,1073.0,1300.0,1394900.0
16232.jpg,1013.0,1300.0,1316900.0
16233.jpg,1011.0,1300.0,1314300.0
16234.jpg,1318.0,1200.0,1581600.0
16235.jpg,770.0,1200.0,924000.0
16236.jpg,814.0,1100.0,895400.0
16242.jpg,1187.0,670.0,795290.0
16243.jpg,840.0,1012.0,850080.0
16244.jpg,1082.0,775.0,838550.0
16245.jpg,1009.0,650.0,655850.0
16254.jpg,1200.0,751.0,901200.0
16255.jpg,847.0,880.0,745360.0
16259.jpg,1400.0,1080.0,1512000.0
16261.jpg,1147.0,937.0,1074739.0
16262.jpg,841.0,1000.0,841000.0
16263.jpg,740.0,1000.0,740000.0
16264.jpg,1400.0,551.0,771400.0
16265.jpg,913.0,955.0,871915.0
16266.jpg,796.0,950.0,756200.0
16267.jpg,975.0,781.0,761475.0
16268.jpg,684.0,1100.0,752400.0
16269.jpg,900.0,1530.0,1377000.0
16270.jpg,703.0,1070.0,752210.0
16271.jpg,711.0,1049.0,745839.0
16272.jpg,722.0,1040.0,750880.0
16274.jpg,732.0,970.0,710040.0
16275.jpg,780.0,930.0,725400.0
16276.jpg,730.0,1030.0,751900.0
16277.jpg,728.0,1030.0,749840.0
16279.jpg,1114.0,680.0,757520.0
16280.jpg,519.0,1400.0,726600.0
16281.jpg,787.0,950.0,747650.0
16282.jpg,763.0,984.0,750792.0
16283.jpg,726.0,1037.0,752862.0
16284.jpg,1475.0,520.0,767000.0
16285.jpg,723.0,1035.0,748305.0
16286.jpg,524.0,1400.0,733600.0
16287.jpg,702.0,970.0,680940.0
16288.jpg,796.0,950.0,756200.0
16289.jpg,1000.0,1180.0,1180000.0
16290.jpg,950.0,1268.0,1204600.0
16291.jpg,957.0,790.0,756030.0
16292.jpg,949.0,790.0,749710.0
16293.jpg,709.0,1061.0,752249.0
16294.jpg,1000.0,1171.0,1171000.0
16295.jpg,950.0,1266.0,1202700.0
16296.jpg,900.0,1322.0,1189800.0
16297.jpg,1772.0,1200.0,2126400.0
16298.jpg,1075.0,698.0,750350.0
16299.jpg,1429.0,900.0,1286100.0
16300.jpg,1226.0,1100.0,1348600.0
16301.jpg,1100.0,1220.0,1342000.0
16302.jpg,856.0,870.0,744720.0
16303.jpg,541.0,1300.0,703300.0
16304.jpg,911.0,575.0,523825.0
16305.jpg,911.0,531.0,483741.0
16306.jpg,900.0,1315.0,1183500.0
16307.jpg,965.0,1300.0,1254500.0
16308.jpg,900.0,1223.0,1100700.0
16309.jpg,1868.0,800.0,1494400.0
16310.jpg,1700.0,715.0,1215500.0
16311.jpg,1025.0,742.0,760550.0
16312.jpg,950.0,790.0,750500.0
16313.jpg,949.0,800.0,759200.0
16314.jpg,396.0,1093.0,432828.0
16315.jpg,1029.0,551.0,566979.0
16316.jpg,763.0,950.0,724850.0
16317.jpg,611.0,1110.0,678210.0
16318.jpg,412.0,853.0,351436.0
16319.jpg,715.0,1040.0,743600.0
16320.jpg,800.0,1074.0,859200.0
16321.jpg,771.0,970.0,747870.0
16322.jpg,672.0,1042.0,700224.0
16323.jpg,1078.0,552.0,595056.0
16324.jpg,565.0,1300.0,734500.0
16325.jpg,736.0,1014.0,746304.0
16326.jpg,800.0,1028.0,822400.0
16327.jpg,900.0,1063.0,956700.0
16328.jpg,792.0,1500.0,1188000.0
16329.jpg,936.0,777.0,727272.0
16330.jpg,700.0,1305.0,913500.0
16331.jpg,850.0,1392.0,1183200.0
16332.jpg,787.0,1500.0,1180500.0
16333.jpg,655.0,1150.0,753250.0
16334.jpg,816.0,1059.0,864144.0
16335.jpg,926.0,1250.0,1157500.0
16336.jpg,1000.0,1170.0,1170000.0
16337.jpg,1347.0,900.0,1212300.0
16338.jpg,874.0,903.0,789222.0
16339.jpg,1200.0,800.0,960000.0
16340.jpg,1155.0,800.0,924000.0
16341.jpg,1100.0,800.0,880000.0
16342.jpg,1239.0,800.0,991200.0
16343.jpg,1200.0,827.0,992400.0
16344.jpg,1500.0,922.0,1383000.0
16345.jpg,1084.0,800.0,867200.0
16346.jpg,1014.0,800.0,811200.0
16347.jpg,1700.0,1237.0,2102900.0
16348.jpg,1235.0,1000.0,1235000.0
16349.jpg,1500.0,1136.0,1704000.0
16350.jpg,1817.0,750.0,1362750.0
16351.jpg,1301.0,1100.0,1431100.0
16352.jpg,1309.0,900.0,1178100.0
16353.jpg,1011.0,1300.0,1314300.0
16354.jpg,867.0,1300.0,1127100.0
16355.jpg,1318.0,1000.0,1318000.0
16356.jpg,1602.0,900.0,1441800.0
16357.jpg,954.0,1200.0,1144800.0
16358.jpg,711.0,900.0,639900.0
16359.jpg,1364.0,900.0,1227600.0
16360.jpg,624.0,850.0,530400.0
16361.jpg,646.0,850.0,549100.0
16362.jpg,1278.0,900.0,1150200.0
16363.jpg,1116.0,900.0,1004400.0
16364.jpg,667.0,950.0,633650.0
16365.jpg,1243.0,900.0,1118700.0
16366.jpg,900.0,1114.0,1002600.0
16367.jpg,1200.0,941.0,1129200.0
16368.jpg,948.0,1300.0,1232400.0
16369.jpg,1328.0,1000.0,1328000.0
16370.jpg,1233.0,1000.0,1233000.0
16371.jpg,750.0,1133.0,849750.0
16372.jpg,700.0,899.0,629300.0
16373.jpg,646.0,850.0,549100.0
16374.jpg,917.0,1200.0,1100400.0
16375.jpg,726.0,950.0,689700.0
16376.jpg,728.0,900.0,655200.0
16377.jpg,1300.0,926.0,1203800.0
16378.jpg,1708.0,1300.0,2220400.0
16379.jpg,1303.0,1500.0,1954500.0
16380.jpg,1200.0,859.0,1030800.0
16381.jpg,600.0,861.0,516600.0
16382.jpg,1000.0,1202.0,1202000.0
16383.jpg,800.0,1156.0,924800.0
16384.jpg,906.0,1200.0,1087200.0
16385.jpg,800.0,1065.0,852000.0
16386.jpg,1000.0,1317.0,1317000.0
16387.jpg,707.0,950.0,671650.0
16388.jpg,1159.0,1000.0,1159000.0
16389.jpg,1000.0,1222.0,1222000.0
16390.jpg,900.0,1502.0,1351800.0
16391.jpg,1243.0,1000.0,1243000.0
16392.jpg,1000.0,1224.0,1224000.0
16393.jpg,1111.0,1317.0,1463187.0
16394.jpg,1000.0,1333.0,1333000.0
16395.jpg,1053.0,1300.0,1368900.0
16396.jpg,1100.0,1186.0,1304600.0
16397.jpg,1000.0,1376.0,1376000.0
16398.jpg,900.0,1345.0,1210500.0
16399.jpg,1200.0,977.0,1172400.0
16400.jpg,1200.0,828.0,993600.0
16401.jpg,1358.0,800.0,1086400.0
16402.jpg,800.0,1017.0,813600.0
16403.jpg,1240.0,900.0,1116000.0
16404.jpg,1101.0,900.0,990900.0
16405.jpg,1043.0,850.0,886550.0
16406.jpg,1400.0,902.0,1262800.0
16407.jpg,906.0,700.0,634200.0
16408.jpg,1000.0,1202.0,1202000.0
16409.jpg,1100.0,850.0,935000.0
16410.jpg,1100.0,1369.0,1505900.0
16411.jpg,582.0,800.0,465600.0
16412.jpg,1015.0,1200.0,1218000.0
16413.jpg,1540.0,850.0,1309000.0
16414.jpg,1460.0,900.0,1314000.0
16415.jpg,1165.0,1400.0,1631000.0
16416.jpg,1247.0,1000.0,1247000.0
16417.jpg,1000.0,1324.0,1324000.0
16418.jpg,1030.0,802.0,826060.0
16419.jpg,1306.0,750.0,979500.0
16420.jpg,1100.0,1338.0,1471800.0
16421.jpg,1201.0,1000.0,1201000.0
16422.jpg,950.0,1158.0,1100100.0
16423.jpg,1246.0,1000.0,1246000.0
16424.jpg,1338.0,1100.0,1471800.0
16425.jpg,1213.0,1000.0,1213000.0
16426.jpg,1300.0,1014.0,1318200.0
16427.jpg,950.0,1156.0,1098200.0
16428.jpg,1200.0,905.0,1086000.0
16429.jpg,1000.0,1222.0,1222000.0
16430.jpg,1178.0,950.0,1119100.0
16431.jpg,1300.0,1007.0,1309100.0
16432.jpg,900.0,1126.0,1013400.0
16433.jpg,1300.0,946.0,1229800.0
16434.jpg,900.0,1504.0,1353600.0
16435.jpg,1014.0,1200.0,1216800.0
16436.jpg,1113.0,1458.0,1622754.0
16437.jpg,900.0,901.0,810900.0
16438.jpg,950.0,1276.0,1212200.0
16439.jpg,687.0,851.0,584637.0
16440.jpg,1100.0,903.0,993300.0
16441.jpg,1198.0,1000.0,1198000.0
16442.jpg,900.0,1089.0,980100.0
16443.jpg,800.0,1064.0,851200.0
16444.jpg,800.0,1122.0,897600.0
16445.jpg,700.0,1078.0,754600.0
16446.jpg,900.0,1100.0,990000.0
16447.jpg,1174.0,900.0,1056600.0
16448.jpg,850.0,1148.0,975800.0
16449.jpg,1240.0,1000.0,1240000.0
16450.jpg,1037.0,900.0,933300.0
16451.jpg,1030.0,888.0,914640.0
16452.jpg,1313.0,1000.0,1313000.0
16453.jpg,1145.0,1000.0,1145000.0
16454.jpg,1202.0,950.0,1141900.0
16455.jpg,1271.0,1000.0,1271000.0
16456.jpg,1349.0,1000.0,1349000.0
16457.jpg,1269.0,1000.0,1269000.0
16458.jpg,1021.0,800.0,816800.0
16459.jpg,1282.0,1000.0,1282000.0
16460.jpg,1305.0,1000.0,1305000.0
16461.jpg,1500.0,1141.0,1711500.0
16462.jpg,1206.0,1000.0,1206000.0
16463.jpg,1324.0,1100.0,1456400.0
16464.jpg,1300.0,1034.0,1344200.0
16465.jpg,1300.0,1027.0,1335100.0
16466.jpg,1100.0,1307.0,1437700.0
16467.jpg,900.0,1127.0,1014300.0
16468.jpg,1277.0,1000.0,1277000.0
16469.jpg,1186.0,950.0,1126700.0
16470.jpg,1285.0,1000.0,1285000.0
16471.jpg,950.0,1201.0,1140950.0
16472.jpg,1157.0,1459.0,1688063.0
16473.jpg,1000.0,1005.0,1005000.0
16474.jpg,1107.0,900.0,996300.0
16475.jpg,1199.0,1000.0,1199000.0
16476.jpg,1269.0,1100.0,1395900.0
16477.jpg,1000.0,1244.0,1244000.0
16478.jpg,1217.0,1000.0,1217000.0
16479.jpg,1168.0,900.0,1051200.0
16480.jpg,1039.0,1300.0,1350700.0
16481.jpg,1100.0,903.0,993300.0
16482.jpg,1300.0,1039.0,1350700.0
16483.jpg,1156.0,950.0,1098200.0
16484.jpg,1317.0,1000.0,1317000.0
16485.jpg,1000.0,1210.0,1210000.0
16486.jpg,1300.0,1027.0,1335100.0
16487.jpg,1300.0,1030.0,1339000.0
16488.jpg,1300.0,1002.0,1302600.0
16489.jpg,1313.0,1000.0,1313000.0
16490.jpg,955.0,1200.0,1146000.0
16491.jpg,850.0,1070.0,909500.0
16492.jpg,1158.0,900.0,1042200.0
16493.jpg,1148.0,900.0,1033200.0
16494.jpg,1162.0,900.0,1045800.0
16495.jpg,1100.0,842.0,926200.0
16496.jpg,1207.0,950.0,1146650.0
16497.jpg,1076.0,1400.0,1506400.0
16498.jpg,1053.0,1300.0,1368900.0
16499.jpg,1270.0,1000.0,1270000.0
16500.jpg,1518.0,1193.0,1810974.0
16501.jpg,1000.0,1263.0,1263000.0
16502.jpg,1200.0,908.0,1089600.0
16503.jpg,1179.0,900.0,1061100.0
16504.jpg,1203.0,950.0,1142850.0
16505.jpg,1300.0,1001.0,1301300.0
16506.jpg,1300.0,1017.0,1322100.0
16507.jpg,1266.0,1000.0,1266000.0
16508.jpg,1181.0,1000.0,1181000.0
16509.jpg,1054.0,1300.0,1370200.0
16510.jpg,1108.0,1300.0,1440400.0
16511.jpg,1146.0,1400.0,1604400.0
16512.jpg,1095.0,1400.0,1533000.0
16513.jpg,900.0,1130.0,1017000.0
16514.jpg,1070.0,1300.0,1391000.0
16515.jpg,1000.0,1346.0,1346000.0
16516.jpg,945.0,1200.0,1134000.0
16517.jpg,1038.0,1400.0,1453200.0
16518.jpg,1161.0,1450.0,1683450.0
16519.jpg,1014.0,1300.0,1318200.0
16520.jpg,1000.0,1309.0,1309000.0
16521.jpg,746.0,1000.0,746000.0
16522.jpg,806.0,1000.0,806000.0
16523.jpg,1100.0,1301.0,1431100.0
16524.jpg,1010.0,1300.0,1313000.0
16525.jpg,1123.0,1400.0,1572200.0
16526.jpg,1020.0,1300.0,1326000.0
16527.jpg,1000.0,1214.0,1214000.0
16528.jpg,800.0,1004.0,803200.0
16529.jpg,1300.0,1009.0,1311700.0
16530.jpg,1069.0,850.0,908650.0
16531.jpg,900.0,1140.0,1026000.0
16532.jpg,1000.0,1337.0,1337000.0
16533.jpg,1034.0,1300.0,1344200.0
16534.jpg,865.0,1100.0,951500.0
16535.jpg,1137.0,900.0,1023300.0
16536.jpg,1157.0,900.0,1041300.0
16537.jpg,1010.0,800.0,808000.0
16538.jpg,1159.0,900.0,1043100.0
16539.jpg,1222.0,950.0,1160900.0
16540.jpg,1300.0,1013.0,1316900.0
16541.jpg,1266.0,1000.0,1266000.0
16542.jpg,1238.0,1000.0,1238000.0
16543.jpg,1234.0,1000.0,1234000.0
16544.jpg,1014.0,800.0,811200.0
16545.jpg,1020.0,800.0,816000.0
16546.jpg,1000.0,1200.0,1200000.0
16547.jpg,1301.0,1000.0,1301000.0
16548.jpg,1276.0,1000.0,1276000.0
16549.jpg,900.0,1128.0,1015200.0
16550.jpg,1300.0,1013.0,1316900.0
16551.jpg,1036.0,1300.0,1346800.0
16552.jpg,1400.0,1057.0,1479800.0
16553.jpg,858.0,1100.0,943800.0
16554.jpg,745.0,1200.0,894000.0
16555.jpg,1147.0,900.0,1032300.0
16556.jpg,1076.0,1200.0,1291200.0
16557.jpg,1200.0,931.0,1117200.0
16558.jpg,1232.0,1000.0,1232000.0
16559.jpg,1313.0,1000.0,1313000.0
16560.jpg,1200.0,920.0,1104000.0
16561.jpg,1123.0,900.0,1010700.0
16562.jpg,1149.0,930.0,1068570.0
16563.jpg,1093.0,900.0,983700.0
16564.jpg,1122.0,850.0,953700.0
16565.jpg,1064.0,800.0,851200.0
16566.jpg,1266.0,950.0,1202700.0
16567.jpg,900.0,1242.0,1117800.0
16568.jpg,900.0,1201.0,1080900.0
16569.jpg,900.0,1119.0,1007100.0
16570.jpg,750.0,1217.0,912750.0
16571.jpg,750.0,1318.0,988500.0
16572.jpg,650.0,1054.0,685100.0
16573.jpg,886.0,1200.0,1063200.0
16574.jpg,761.0,1100.0,837100.0
16575.jpg,700.0,1054.0,737800.0
16576.jpg,1266.0,1000.0,1266000.0
16577.jpg,889.0,1050.0,933450.0
16578.jpg,850.0,1050.0,892500.0
16579.jpg,917.0,1200.0,1100400.0
16580.jpg,1157.0,900.0,1041300.0
16581.jpg,1145.0,900.0,1030500.0
16582.jpg,1141.0,900.0,1026900.0
16583.jpg,800.0,1043.0,834400.0
16584.jpg,1300.0,1090.0,1417000.0
16585.jpg,700.0,1224.0,856800.0
16586.jpg,900.0,1103.0,992700.0
16587.jpg,1189.0,900.0,1070100.0
16588.jpg,1304.0,1000.0,1304000.0
16589.jpg,1400.0,1109.0,1552600.0
16590.jpg,900.0,1127.0,1014300.0
16591.jpg,937.0,1300.0,1218100.0
16592.jpg,1000.0,1327.0,1327000.0
16593.jpg,682.0,950.0,647900.0
16594.jpg,1082.0,1300.0,1406600.0
16595.jpg,1042.0,1400.0,1458800.0
16596.jpg,1300.0,1040.0,1352000.0
16597.jpg,1000.0,1254.0,1254000.0
16598.jpg,1284.0,1000.0,1284000.0
16599.jpg,1000.0,1272.0,1272000.0
16600.jpg,850.0,1025.0,871250.0
16601.jpg,1100.0,859.0,944900.0
16602.jpg,900.0,1126.0,1013400.0
16603.jpg,1179.0,1000.0,1179000.0
16604.jpg,1117.0,900.0,1005300.0
16605.jpg,1294.0,1038.0,1343172.0
16606.jpg,850.0,1037.0,881450.0
16607.jpg,1224.0,1000.0,1224000.0
16608.jpg,1229.0,900.0,1106100.0
16609.jpg,988.0,770.0,760760.0
16610.jpg,815.0,1200.0,978000.0
16611.jpg,1061.0,1300.0,1379300.0
16612.jpg,1100.0,1322.0,1454200.0
16613.jpg,1100.0,908.0,998800.0
16614.jpg,720.0,1500.0,1080000.0
16615.jpg,1665.0,800.0,1332000.0
16616.jpg,1074.0,1359.0,1459566.0
16617.jpg,1075.0,1050.0,1128750.0
16618.jpg,1151.0,1000.0,1151000.0
16619.jpg,1300.0,1008.0,1310400.0
16620.jpg,1300.0,1007.0,1309100.0
16621.jpg,1146.0,900.0,1031400.0
16622.jpg,1000.0,1265.0,1265000.0
16623.jpg,1100.0,1210.0,1331000.0
16624.jpg,1300.0,1025.0,1332500.0
16625.jpg,1300.0,1028.0,1336400.0
16626.jpg,1200.0,933.0,1119600.0
16627.jpg,1260.0,650.0,819000.0
16628.jpg,1300.0,665.0,864500.0
16629.jpg,1320.0,650.0,858000.0
16630.jpg,1461.0,700.0,1022700.0
16631.jpg,1300.0,621.0,807300.0
16632.jpg,1071.0,1300.0,1392300.0
16633.jpg,548.0,800.0,438400.0
16634.jpg,800.0,1033.0,826400.0
16635.jpg,668.0,800.0,534400.0
16636.jpg,1000.0,1219.0,1219000.0
16637.jpg,466.0,650.0,302900.0
16638.jpg,552.0,750.0,414000.0
16639.jpg,949.0,1200.0,1138800.0
16640.jpg,672.0,950.0,638400.0
16641.jpg,459.0,650.0,298350.0
16642.jpg,900.0,1145.0,1030500.0
16643.jpg,824.0,1000.0,824000.0
16644.jpg,748.0,1000.0,748000.0
16645.jpg,745.0,1000.0,745000.0
16646.jpg,751.0,1000.0,751000.0
16647.jpg,751.0,1000.0,751000.0
16648.jpg,753.0,1000.0,753000.0
16649.jpg,750.0,1000.0,750000.0
16650.jpg,860.0,1050.0,903000.0
16651.jpg,913.0,1200.0,1095600.0
16652.jpg,920.0,1200.0,1104000.0
16653.jpg,578.0,800.0,462400.0
16654.jpg,618.0,800.0,494400.0
16655.jpg,635.0,800.0,508000.0
16656.jpg,1125.0,1300.0,1462500.0
16657.jpg,1000.0,1339.0,1339000.0
16658.jpg,900.0,1271.0,1143900.0
16659.jpg,1000.0,1347.0,1347000.0
16660.jpg,1003.0,1200.0,1203600.0
16661.jpg,1000.0,1125.0,1125000.0
16662.jpg,1142.0,1400.0,1598800.0
16663.jpg,983.0,1300.0,1277900.0
16664.jpg,800.0,908.0,726400.0
16665.jpg,1223.0,1400.0,1712200.0
16666.jpg,950.0,1200.0,1140000.0
16759.jpg,764.0,1007.0,769348.0
16768.jpg,710.0,1005.0,713550.0
16769.jpg,630.0,1148.0,723240.0
16770.jpg,630.0,1148.0,723240.0
16771.jpg,1250.0,891.0,1113750.0
16772.jpg,1125.0,766.0,861750.0
16777.jpg,608.0,808.0,491264.0
16780.jpg,932.0,1081.0,1007492.0
16781.jpg,1200.0,850.0,1020000.0
16782.jpg,914.0,1200.0,1096800.0
16783.jpg,1400.0,1374.0,1923600.0
16785.jpg,1232.0,1400.0,1724800.0
16786.jpg,733.0,1200.0,879600.0
16787.jpg,448.0,1603.0,718144.0
16788.jpg,510.0,1633.0,832830.0
16789.jpg,744.0,1250.0,930000.0
16790.jpg,440.0,1600.0,704000.0
16791.jpg,465.0,1602.0,744930.0
16792.jpg,878.0,1200.0,1053600.0
16796.jpg,1403.0,1100.0,1543300.0
16797.jpg,1746.0,1300.0,2269800.0
16798.jpg,1424.0,1437.0,2046288.0
16799.jpg,1000.0,1234.0,1234000.0
16803.jpg,700.0,988.0,691600.0
16804.jpg,650.0,935.0,607750.0
16806.jpg,881.0,1254.0,1104774.0
16807.jpg,800.0,947.0,757600.0
16808.jpg,623.0,733.0,456659.0
16809.jpg,719.0,1200.0,862800.0
16810.jpg,1024.0,837.0,857088.0
16813.jpg,900.0,1093.0,983700.0
16815.jpg,1036.0,850.0,880600.0
16820.jpg,1050.0,1400.0,1470000.0
16821.jpg,1194.0,1000.0,1194000.0
16822.jpg,822.0,1400.0,1150800.0
16823.jpg,659.0,1200.0,790800.0
16824.jpg,1359.0,900.0,1223100.0
16825.jpg,980.0,1300.0,1274000.0
16826.jpg,1025.0,1300.0,1332500.0
16827.jpg,978.0,1300.0,1271400.0
16828.jpg,1200.0,974.0,1168800.0
16829.jpg,863.0,1500.0,1294500.0
16830.jpg,701.0,900.0,630900.0
16831.jpg,1448.0,1100.0,1592800.0
16832.jpg,1087.0,1600.0,1739200.0
16833.jpg,1114.0,1600.0,1782400.0
16834.jpg,1423.0,1100.0,1565300.0
16835.jpg,1062.0,1200.0,1274400.0
16836.jpg,1078.0,1200.0,1293600.0
16837.jpg,922.0,1200.0,1106400.0
16838.jpg,1006.0,1300.0,1307800.0
16839.jpg,720.0,1132.0,815040.0
16840.jpg,510.0,1600.0,816000.0
16841.jpg,1000.0,515.0,515000.0
16842.jpg,518.0,1600.0,828800.0
16843.jpg,727.0,1100.0,799700.0
16844.jpg,806.0,1100.0,886600.0
16845.jpg,900.0,1230.0,1107000.0
16846.jpg,851.0,1100.0,936100.0
16847.jpg,821.0,1200.0,985200.0
16848.jpg,804.0,1150.0,924600.0
16849.jpg,944.0,1200.0,1132800.0
16850.jpg,1000.0,1309.0,1309000.0
16851.jpg,812.0,1000.0,812000.0
16852.jpg,800.0,992.0,793600.0
16853.jpg,804.0,1000.0,804000.0
16854.jpg,800.0,1000.0,800000.0
16855.jpg,1075.0,1400.0,1505000.0
16856.jpg,1041.0,1300.0,1353300.0
16857.jpg,800.0,994.0,795200.0
16858.jpg,1113.0,1500.0,1669500.0
16859.jpg,800.0,1017.0,813600.0
16860.jpg,901.0,1200.0,1081200.0
16861.jpg,1103.0,1300.0,1433900.0
16862.jpg,900.0,1225.0,1102500.0
16863.jpg,1254.0,1400.0,1755600.0
16864.jpg,1000.0,1417.0,1417000.0
16865.jpg,1056.0,1400.0,1478400.0
16866.jpg,1062.0,1400.0,1486800.0
16867.jpg,1047.0,1400.0,1465800.0
16868.jpg,1079.0,1400.0,1510600.0
16869.jpg,757.0,900.0,681300.0
16870.jpg,800.0,1069.0,855200.0
16871.jpg,800.0,1628.0,1302400.0
16872.jpg,1179.0,1300.0,1532700.0
16873.jpg,1045.0,1400.0,1463000.0
16874.jpg,1002.0,699.0,700398.0
16875.jpg,553.0,1100.0,608300.0
16876.jpg,1000.0,1460.0,1460000.0
16877.jpg,1000.0,1502.0,1502000.0
16878.jpg,1110.0,704.0,781440.0
16879.jpg,1237.0,1600.0,1979200.0
16880.jpg,712.0,900.0,640800.0
16881.jpg,1117.0,1400.0,1563800.0
16882.jpg,1000.0,1523.0,1523000.0
16883.jpg,1400.0,1300.0,1820000.0
16884.jpg,1070.0,1400.0,1498000.0
16885.jpg,1085.0,1600.0,1736000.0
16886.jpg,1100.0,1450.0,1595000.0
16887.jpg,727.0,900.0,654300.0
16888.jpg,900.0,1248.0,1123200.0
16889.jpg,969.0,1300.0,1259700.0
16890.jpg,1038.0,1300.0,1349400.0
16891.jpg,1300.0,839.0,1090700.0
16892.jpg,900.0,1729.0,1556100.0
16893.jpg,1114.0,977.0,1088378.0
16894.jpg,1246.0,1500.0,1869000.0
16895.jpg,1026.0,1300.0,1333800.0
16896.jpg,800.0,1125.0,900000.0
16897.jpg,800.0,1059.0,847200.0
16898.jpg,900.0,1230.0,1107000.0
16899.jpg,938.0,1200.0,1125600.0
16900.jpg,754.0,1100.0,829400.0
16901.jpg,1030.0,1100.0,1133000.0
16902.jpg,971.0,1300.0,1262300.0
16903.jpg,900.0,1253.0,1127700.0
16904.jpg,1124.0,1500.0,1686000.0
16905.jpg,1027.0,1300.0,1335100.0
16906.jpg,1049.0,1400.0,1468600.0
16907.jpg,760.0,1100.0,836000.0
16908.jpg,1300.0,952.0,1237600.0
16909.jpg,800.0,1118.0,894400.0
16910.jpg,1500.0,1035.0,1552500.0
16911.jpg,1083.0,1500.0,1624500.0
16912.jpg,1025.0,1300.0,1332500.0
16913.jpg,1044.0,1400.0,1461600.0
16914.jpg,1100.0,1413.0,1554300.0
16915.jpg,818.0,1095.0,895710.0
16916.jpg,842.0,1100.0,926200.0
16917.jpg,1129.0,1500.0,1693500.0
16918.jpg,1536.0,873.0,1340928.0
16919.jpg,783.0,1000.0,783000.0
16920.jpg,622.0,900.0,559800.0
16921.jpg,832.0,1100.0,915200.0
16974.jpg,1200.0,941.0,1129200.0
17049.jpg,1010.0,800.0,808000.0
17054.jpg,1097.0,752.0,824944.0
17057.jpg,658.0,909.0,598122.0
17064.jpg,700.0,818.0,572600.0
17065.jpg,900.0,1200.0,1080000.0
17066.jpg,820.0,1307.0,1071740.0
17067.jpg,1184.0,900.0,1065600.0
17068.jpg,800.0,1138.0,910400.0
17069.jpg,850.0,999.0,849150.0
17070.jpg,700.0,1164.0,814800.0
17073.jpg,700.0,1215.0,850500.0
17074.jpg,700.0,1391.0,973700.0
17075.jpg,498.0,800.0,398400.0
17076.jpg,1800.0,807.0,1452600.0
17077.jpg,928.0,900.0,835200.0
17078.jpg,1000.0,1350.0,1350000.0
17079.jpg,910.0,1217.0,1107470.0
17082.jpg,809.0,1117.0,903653.0
17083.jpg,870.0,1270.0,1104900.0
17086.jpg,1000.0,1350.0,1350000.0
17087.jpg,901.0,1251.0,1127151.0
17088.jpg,850.0,1091.0,927350.0
17089.jpg,804.0,1210.0,972840.0
17091.jpg,650.0,1170.0,760500.0
17092.jpg,850.0,1148.0,975800.0
17093.jpg,900.0,1225.0,1102500.0
17094.jpg,1254.0,800.0,1003200.0
17095.jpg,801.0,1187.0,950787.0
17096.jpg,418.0,457.0,191026.0
17097.jpg,850.0,1187.0,1008950.0
17098.jpg,950.0,1303.0,1237850.0
17099.jpg,945.0,1200.0,1134000.0
17100.jpg,650.0,1141.0,741650.0
17101.jpg,900.0,1295.0,1165500.0
17102.jpg,750.0,1308.0,981000.0
17103.jpg,870.0,1257.0,1093590.0
17104.jpg,850.0,1347.0,1144950.0
17105.jpg,841.0,1300.0,1093300.0
17106.jpg,850.0,1248.0,1060800.0
17107.jpg,750.0,1047.0,785250.0
17108.jpg,1150.0,1154.0,1327100.0
17109.jpg,930.0,1198.0,1114140.0
17110.jpg,950.0,1002.0,951900.0
17111.jpg,820.0,986.0,808520.0
17112.jpg,820.0,983.0,806060.0
17113.jpg,800.0,1146.0,916800.0
17114.jpg,800.0,1130.0,904000.0
17115.jpg,700.0,1123.0,786100.0
17116.jpg,680.0,1183.0,804440.0
17117.jpg,850.0,1306.0,1110100.0
17118.jpg,1278.0,1050.0,1341900.0
17119.jpg,1900.0,935.0,1776500.0
17120.jpg,1600.0,805.0,1288000.0
17121.jpg,1017.0,1300.0,1322100.0
17122.jpg,1900.0,907.0,1723300.0
17123.jpg,1600.0,800.0,1280000.0
17124.jpg,1500.0,1516.0,2274000.0
17125.jpg,1173.0,820.0,961860.0
17126.jpg,650.0,1118.0,726700.0
17127.jpg,801.0,1260.0,1009260.0
17128.jpg,800.0,1007.0,805600.0
17129.jpg,800.0,1202.0,961600.0
17130.jpg,532.0,842.0,447944.0
17131.jpg,526.0,800.0,420800.0
17132.jpg,850.0,1076.0,914600.0
17133.jpg,852.0,1063.0,905676.0
17134.jpg,801.0,996.0,797796.0
17135.jpg,850.0,1275.0,1083750.0
17136.jpg,820.0,1282.0,1051240.0
17137.jpg,900.0,1213.0,1091700.0
17138.jpg,750.0,854.0,640500.0
17139.jpg,900.0,1227.0,1104300.0
17140.jpg,1156.0,1300.0,1502800.0
17141.jpg,800.0,1009.0,807200.0
17142.jpg,902.0,1212.0,1093224.0
17143.jpg,750.0,1073.0,804750.0
17144.jpg,1285.0,1600.0,2056000.0
17145.jpg,1106.0,770.0,851620.0
17146.jpg,1083.0,750.0,812250.0
17147.jpg,650.0,1113.0,723450.0
17148.jpg,1109.0,800.0,887200.0
17149.jpg,1115.0,800.0,892000.0
17150.jpg,820.0,1258.0,1031560.0
17151.jpg,900.0,1146.0,1031400.0
17152.jpg,1044.0,750.0,783000.0
17153.jpg,850.0,1268.0,1077800.0
17154.jpg,900.0,1111.0,999900.0
17155.jpg,930.0,1277.0,1187610.0
17156.jpg,850.0,1081.0,918850.0
17157.jpg,1242.0,770.0,956340.0
17158.jpg,1256.0,770.0,967120.0
17159.jpg,800.0,986.0,788800.0
17160.jpg,1160.0,900.0,1044000.0
17161.jpg,1161.0,900.0,1044900.0
17162.jpg,850.0,1029.0,874650.0
17163.jpg,850.0,1264.0,1074400.0
17164.jpg,900.0,1301.0,1170900.0
17165.jpg,1279.0,800.0,1023200.0
17166.jpg,1450.0,900.0,1305000.0
17167.jpg,900.0,1053.0,947700.0
17168.jpg,920.0,1290.0,1186800.0
17169.jpg,780.0,1036.0,808080.0
17170.jpg,850.0,1239.0,1053150.0
17171.jpg,816.0,1125.0,918000.0
17172.jpg,671.0,850.0,570350.0
17173.jpg,850.0,1279.0,1087150.0
17174.jpg,806.0,975.0,785850.0
17175.jpg,800.0,1098.0,878400.0
17176.jpg,900.0,1127.0,1014300.0
17177.jpg,930.0,1152.0,1071360.0
17178.jpg,950.0,1035.0,983250.0
17179.jpg,750.0,926.0,694500.0
17180.jpg,1001.0,1111.0,1112111.0
17181.jpg,919.0,442.0,406198.0
17182.jpg,1354.0,650.0,880100.0
17183.jpg,600.0,1203.0,721800.0
17184.jpg,600.0,1198.0,718800.0
17185.jpg,1392.0,642.0,893664.0
17186.jpg,700.0,1242.0,869400.0
17187.jpg,909.0,1032.0,938088.0
17188.jpg,2100.0,634.0,1331400.0
17189.jpg,700.0,1287.0,900900.0
17190.jpg,1553.0,500.0,776500.0
17191.jpg,1037.0,770.0,798490.0
17192.jpg,1113.0,770.0,857010.0
17193.jpg,550.0,1220.0,671000.0
17194.jpg,710.0,406.0,288260.0
17254.jpg,1400.0,1019.0,1426600.0
17255.jpg,1400.0,951.0,1331400.0
17256.jpg,1333.0,800.0,1066400.0
17257.jpg,1192.0,671.0,799832.0
17259.jpg,1128.0,670.0,755760.0
17260.jpg,899.0,620.0,557380.0
17261.jpg,1255.0,830.0,1041650.0
17262.jpg,1255.0,1034.0,1297670.0
17264.jpg,1128.0,770.0,868560.0
17265.jpg,1594.0,1000.0,1594000.0
17267.jpg,1098.0,659.0,723582.0
17268.jpg,1095.0,538.0,589110.0
17269.jpg,1434.0,905.0,1297770.0
17270.jpg,1024.0,770.0,788480.0
17271.jpg,1043.0,770.0,803110.0
17272.jpg,1036.0,750.0,777000.0
17273.jpg,1377.0,1100.0,1514700.0
17274.jpg,1300.0,911.0,1184300.0
17275.jpg,1086.0,741.0,804726.0
17276.jpg,1300.0,834.0,1084200.0
17277.jpg,1028.0,570.0,585960.0
17279.jpg,1300.0,883.0,1147900.0
17280.jpg,972.0,619.0,601668.0
17281.jpg,969.0,800.0,775200.0
17282.jpg,1423.0,900.0,1280700.0
17283.jpg,1060.0,800.0,848000.0
17284.jpg,1500.0,1000.0,1500000.0
17285.jpg,995.0,1100.0,1094500.0
17286.jpg,1162.0,626.0,727412.0
17287.jpg,1071.0,780.0,835380.0
17288.jpg,1171.0,800.0,936800.0
17289.jpg,1600.0,1110.0,1776000.0
17290.jpg,920.0,730.0,671600.0
17291.jpg,1099.0,730.0,802270.0
17292.jpg,1500.0,948.0,1422000.0
17293.jpg,906.0,700.0,634200.0
17294.jpg,1465.0,1000.0,1465000.0
17295.jpg,1121.0,720.0,807120.0
17296.jpg,1300.0,872.0,1133600.0
17297.jpg,1092.0,745.0,813540.0
17298.jpg,940.0,702.0,659880.0
17300.jpg,842.0,693.0,583506.0
17301.jpg,1255.0,926.0,1162130.0
17302.jpg,1117.0,700.0,781900.0
17304.jpg,1500.0,1044.0,1566000.0
17305.jpg,1209.0,850.0,1027650.0
17306.jpg,620.0,1326.0,822120.0
17307.jpg,930.0,987.0,917910.0
17308.jpg,993.0,485.0,481605.0
17309.jpg,1033.0,850.0,878050.0
17310.jpg,701.0,1270.0,890270.0
17311.jpg,1241.0,700.0,868700.0
17312.jpg,700.0,1137.0,795900.0
17313.jpg,700.0,1351.0,945700.0
17314.jpg,750.0,1083.0,812250.0
17315.jpg,1069.0,970.0,1036930.0
17316.jpg,1204.0,900.0,1083600.0
17317.jpg,900.0,1057.0,951300.0
17318.jpg,1569.0,773.0,1212837.0
17319.jpg,803.0,1079.0,866437.0
17320.jpg,940.0,1103.0,1036820.0
17321.jpg,1211.0,707.0,856177.0
17322.jpg,1285.0,750.0,963750.0
17323.jpg,867.0,1200.0,1040400.0
17325.jpg,1000.0,1088.0,1088000.0
17326.jpg,1000.0,1089.0,1089000.0
17327.jpg,1015.0,804.0,816060.0
17328.jpg,1196.0,802.0,959192.0
17329.jpg,1039.0,801.0,832239.0
17330.jpg,1144.0,800.0,915200.0
17331.jpg,951.0,770.0,732270.0
17332.jpg,1019.0,800.0,815200.0
17333.jpg,1067.0,850.0,906950.0
17334.jpg,1282.0,650.0,833300.0
17335.jpg,1050.0,884.0,928200.0
17336.jpg,930.0,953.0,886290.0
17337.jpg,900.0,976.0,878400.0
17338.jpg,900.0,930.0,837000.0
17339.jpg,840.0,903.0,758520.0
17340.jpg,1020.0,800.0,816000.0
17341.jpg,821.0,965.0,792265.0
17342.jpg,900.0,1133.0,1019700.0
17343.jpg,1284.0,900.0,1155600.0
17344.jpg,1200.0,1020.0,1224000.0
17345.jpg,991.0,770.0,763070.0
17346.jpg,1100.0,1166.0,1282600.0
17347.jpg,802.0,1010.0,810020.0
17348.jpg,620.0,1048.0,649760.0
17349.jpg,991.0,790.0,782890.0
17350.jpg,1000.0,1147.0,1147000.0
17351.jpg,1000.0,1206.0,1206000.0
17352.jpg,911.0,606.0,552066.0
17353.jpg,1100.0,1165.0,1281500.0
17354.jpg,700.0,1075.0,752500.0
17355.jpg,700.0,1100.0,770000.0
17356.jpg,700.0,1055.0,738500.0
17357.jpg,700.0,1063.0,744100.0
17358.jpg,900.0,1204.0,1083600.0
17359.jpg,802.0,1090.0,874180.0
17360.jpg,1183.0,777.0,919191.0
17361.jpg,824.0,899.0,740776.0
17362.jpg,901.0,770.0,693770.0
17363.jpg,700.0,1054.0,737800.0
17364.jpg,852.0,1200.0,1022400.0
17365.jpg,700.0,1046.0,732200.0
17366.jpg,497.0,1427.0,709219.0
17367.jpg,650.0,1177.0,765050.0
17368.jpg,1183.0,778.0,920374.0
17369.jpg,850.0,928.0,788800.0
17370.jpg,1000.0,1212.0,1212000.0
17371.jpg,760.0,1049.0,797240.0
17372.jpg,810.0,1207.0,977670.0
17373.jpg,700.0,1055.0,738500.0
17374.jpg,801.0,996.0,797796.0
17375.jpg,1237.0,900.0,1113300.0
17376.jpg,1100.0,1159.0,1274900.0
17377.jpg,1000.0,1201.0,1201000.0
17378.jpg,1006.0,1200.0,1207200.0
17379.jpg,802.0,1216.0,975232.0
17380.jpg,700.0,1058.0,740600.0
17381.jpg,1174.0,780.0,915720.0
17382.jpg,943.0,770.0,726110.0
17383.jpg,510.0,1543.0,786930.0
17384.jpg,900.0,1373.0,1235700.0
17385.jpg,409.0,1898.0,776282.0
17386.jpg,450.0,1906.0,857700.0
17387.jpg,609.0,1600.0,974400.0
17388.jpg,1178.0,782.0,921196.0
17389.jpg,690.0,1138.0,785220.0
17390.jpg,800.0,1220.0,976000.0
17391.jpg,1300.0,820.0,1066000.0
17392.jpg,849.0,1200.0,1018800.0
17393.jpg,1208.0,800.0,966400.0
17394.jpg,690.0,1135.0,783150.0
17395.jpg,1030.0,688.0,708640.0
17396.jpg,1170.0,780.0,912600.0
17398.jpg,922.0,1100.0,1014200.0
17399.jpg,907.0,1055.0,956885.0
17400.jpg,750.0,1018.0,763500.0
17401.jpg,700.0,1115.0,780500.0
17402.jpg,700.0,1142.0,799400.0
17403.jpg,900.0,1065.0,958500.0
17404.jpg,760.0,1106.0,840560.0
17405.jpg,926.0,1050.0,972300.0
17406.jpg,910.0,735.0,668850.0
17407.jpg,1164.0,620.0,721680.0
17408.jpg,652.0,1206.0,786312.0
17409.jpg,900.0,1095.0,985500.0
17410.jpg,900.0,1099.0,989100.0
17411.jpg,936.0,1200.0,1123200.0
17412.jpg,801.0,1232.0,986832.0
17413.jpg,850.0,1057.0,898450.0
17414.jpg,910.0,847.0,770770.0
17415.jpg,640.0,1093.0,699520.0
17416.jpg,679.0,1172.0,795788.0
17417.jpg,900.0,1073.0,965700.0
17418.jpg,950.0,796.0,756200.0
17419.jpg,916.0,1100.0,1007600.0
17420.jpg,630.0,1337.0,842310.0
17421.jpg,978.0,680.0,665040.0
17422.jpg,600.0,1142.0,685200.0
17423.jpg,620.0,1096.0,679520.0
17424.jpg,1024.0,720.0,737280.0
17426.jpg,800.0,1100.0,880000.0
17427.jpg,800.0,1103.0,882400.0
17428.jpg,915.0,1100.0,1006500.0
17429.jpg,900.0,1082.0,973800.0
17430.jpg,1005.0,860.0,864300.0
17431.jpg,600.0,1433.0,859800.0
17432.jpg,500.0,1452.0,726000.0
17433.jpg,550.0,1429.0,785950.0
17434.jpg,500.0,1488.0,744000.0
17435.jpg,500.0,1535.0,767500.0
17436.jpg,600.0,1425.0,855000.0
17437.jpg,550.0,1360.0,748000.0
17438.jpg,500.0,1444.0,722000.0
17439.jpg,1200.0,765.0,918000.0
17440.jpg,809.0,1053.0,851877.0
17441.jpg,1030.0,786.0,809580.0
17442.jpg,1035.0,743.0,769005.0
17443.jpg,1069.0,742.0,793198.0
17444.jpg,570.0,1154.0,657780.0
17445.jpg,704.0,954.0,671616.0
17446.jpg,802.0,1015.0,814030.0
17447.jpg,1105.0,1000.0,1105000.0
17448.jpg,570.0,1293.0,737010.0
17450.jpg,1453.0,700.0,1017100.0
17451.jpg,624.0,1100.0,686400.0
17452.jpg,1400.0,505.0,707000.0
17453.jpg,1101.0,859.0,945759.0
17454.jpg,870.0,893.0,776910.0
17455.jpg,941.0,900.0,846900.0
17456.jpg,1035.0,832.0,861120.0
17457.jpg,850.0,1264.0,1074400.0
17458.jpg,1030.0,819.0,843570.0
17459.jpg,1030.0,795.0,818850.0
17460.jpg,806.0,1018.0,820508.0
17461.jpg,1157.0,712.0,823784.0
17463.jpg,1123.0,770.0,864710.0
17464.jpg,900.0,1105.0,994500.0
17465.jpg,1096.0,1291.0,1414936.0
17466.jpg,907.0,1255.0,1138285.0
17467.jpg,724.0,990.0,716760.0
17468.jpg,709.0,1150.0,815350.0
17469.jpg,1000.0,752.0,752000.0
17471.jpg,1255.0,932.0,1169660.0
17472.jpg,820.0,1018.0,834760.0
17474.jpg,769.0,1400.0,1076600.0
17475.jpg,1400.0,1050.0,1470000.0
17476.jpg,1400.0,1006.0,1408400.0
17477.jpg,1000.0,1087.0,1087000.0
17478.jpg,1173.0,770.0,903210.0
17479.jpg,1388.0,1000.0,1388000.0
17480.jpg,1000.0,1087.0,1087000.0
17485.jpg,1099.0,850.0,934150.0
17486.jpg,922.0,1200.0,1106400.0
17487.jpg,891.0,1255.0,1118205.0
17488.jpg,1250.0,892.0,1115000.0
17491.jpg,700.0,958.0,670600.0
17492.jpg,956.0,1200.0,1147200.0
17493.jpg,1123.0,900.0,1010700.0
17509.jpg,628.0,800.0,502400.0
17510.jpg,1529.0,1000.0,1529000.0
17512.jpg,1167.0,850.0,991950.0
17518.jpg,1300.0,1066.0,1385800.0
17519.jpg,852.0,1300.0,1107600.0
17520.jpg,1200.0,1023.0,1227600.0
17521.jpg,953.0,650.0,619450.0
17522.jpg,1372.0,1000.0,1372000.0
17523.jpg,1153.0,1001.0,1154153.0
17524.jpg,1024.0,1161.0,1188864.0
17525.jpg,1024.0,1288.0,1318912.0
17526.jpg,801.0,1058.0,847458.0
17527.jpg,658.0,800.0,526400.0
17530.jpg,1000.0,1217.0,1217000.0
17532.jpg,946.0,700.0,662200.0
17533.jpg,750.0,1454.0,1090500.0
17534.jpg,1100.0,1500.0,1650000.0
17541.jpg,860.0,1011.0,869460.0
17542.jpg,810.0,1006.0,814860.0
17543.jpg,900.0,1070.0,963000.0
17544.jpg,1042.0,800.0,833600.0
17545.jpg,1356.0,900.0,1220400.0
17546.jpg,900.0,1168.0,1051200.0
17547.jpg,1369.0,900.0,1232100.0
17548.jpg,828.0,1160.0,960480.0
17549.jpg,622.0,840.0,522480.0
17550.jpg,1089.0,900.0,980100.0
17551.jpg,1100.0,908.0,998800.0
17552.jpg,850.0,1088.0,924800.0
17553.jpg,850.0,919.0,781150.0
17554.jpg,1094.0,850.0,929900.0
17555.jpg,850.0,1152.0,979200.0
17556.jpg,1007.0,820.0,825740.0
17557.jpg,800.0,1125.0,900000.0
17558.jpg,1384.0,1000.0,1384000.0
17559.jpg,1030.0,866.0,891980.0
17560.jpg,750.0,588.0,441000.0
17561.jpg,850.0,1261.0,1071850.0
17562.jpg,1000.0,1182.0,1182000.0
17563.jpg,1119.0,850.0,951150.0
17564.jpg,1030.0,686.0,706580.0
17565.jpg,800.0,1155.0,924000.0
17566.jpg,800.0,1103.0,882400.0
17567.jpg,900.0,1075.0,967500.0
17568.jpg,950.0,1105.0,1049750.0
17569.jpg,900.0,1199.0,1079100.0
17570.jpg,850.0,1438.0,1222300.0
17571.jpg,800.0,1376.0,1100800.0
17572.jpg,850.0,1083.0,920550.0
17573.jpg,780.0,1263.0,985140.0
17574.jpg,920.0,971.0,893320.0
17575.jpg,850.0,1031.0,876350.0
17576.jpg,800.0,961.0,768800.0
17577.jpg,850.0,1281.0,1088850.0
17578.jpg,900.0,1087.0,978300.0
17579.jpg,527.0,823.0,433721.0
17580.jpg,1050.0,1204.0,1264200.0
17581.jpg,950.0,1301.0,1235950.0
17582.jpg,750.0,1325.0,993750.0
17583.jpg,800.0,1371.0,1096800.0
17584.jpg,494.0,1355.0,669370.0
17585.jpg,514.0,1352.0,694928.0
17586.jpg,1057.0,800.0,845600.0
17587.jpg,900.0,1325.0,1192500.0
17588.jpg,536.0,873.0,467928.0
17589.jpg,970.0,1048.0,1016560.0
17590.jpg,962.0,1200.0,1154400.0
17591.jpg,900.0,1184.0,1065600.0
17592.jpg,1000.0,1048.0,1048000.0
17593.jpg,900.0,1171.0,1053900.0
17594.jpg,675.0,800.0,540000.0
17595.jpg,624.0,800.0,499200.0
17596.jpg,1306.0,900.0,1175400.0
17597.jpg,950.0,1006.0,955700.0
17598.jpg,677.0,950.0,643150.0
17599.jpg,900.0,1379.0,1241100.0
17600.jpg,900.0,1117.0,1005300.0
17601.jpg,815.0,1004.0,818260.0
17602.jpg,1030.0,786.0,809580.0
17603.jpg,647.0,812.0,525364.0
17604.jpg,932.0,1200.0,1118400.0
17605.jpg,618.0,800.0,494400.0
17606.jpg,604.0,1020.0,616080.0
17607.jpg,473.0,969.0,458337.0
17608.jpg,950.0,1142.0,1084900.0
17609.jpg,462.0,555.0,256410.0
17610.jpg,1000.0,1205.0,1205000.0
17611.jpg,662.0,1030.0,681860.0
17612.jpg,653.0,949.0,619697.0
17613.jpg,800.0,845.0,676000.0
17614.jpg,1030.0,1364.0,1404920.0
17615.jpg,850.0,1033.0,878050.0
17616.jpg,487.0,800.0,389600.0
17617.jpg,900.0,984.0,885600.0
17618.jpg,687.0,800.0,549600.0
17619.jpg,529.0,800.0,423200.0
17620.jpg,404.0,550.0,222200.0
17621.jpg,900.0,1252.0,1126800.0
17622.jpg,951.0,1300.0,1236300.0
17623.jpg,850.0,1457.0,1238450.0
17624.jpg,900.0,1196.0,1076400.0
17625.jpg,1129.0,1000.0,1129000.0
17626.jpg,1125.0,850.0,956250.0
17627.jpg,950.0,1164.0,1105800.0
17628.jpg,1316.0,722.0,950152.0
17629.jpg,1316.0,890.0,1171240.0
17630.jpg,900.0,1237.0,1113300.0
17631.jpg,1000.0,1148.0,1148000.0
17632.jpg,1202.0,1000.0,1202000.0
17633.jpg,1256.0,800.0,1004800.0
17634.jpg,510.0,720.0,367200.0
17635.jpg,1014.0,1000.0,1014000.0
17636.jpg,658.0,948.0,623784.0
17637.jpg,1068.0,1255.0,1340340.0
17638.jpg,672.0,811.0,544992.0
17639.jpg,566.0,750.0,424500.0
17640.jpg,950.0,1179.0,1120050.0
17641.jpg,900.0,1343.0,1208700.0
17642.jpg,638.0,865.0,551870.0
17643.jpg,800.0,1114.0,891200.0
17644.jpg,750.0,1050.0,787500.0
17645.jpg,633.0,915.0,579195.0
17646.jpg,881.0,948.0,835188.0
17647.jpg,1000.0,1066.0,1066000.0
17648.jpg,730.0,852.0,621960.0
17649.jpg,558.0,700.0,390600.0
17650.jpg,950.0,1233.0,1171350.0
17651.jpg,642.0,1016.0,652272.0
17652.jpg,900.0,1177.0,1059300.0
17653.jpg,1050.0,1173.0,1231650.0
17654.jpg,900.0,1228.0,1105200.0
17655.jpg,860.0,1200.0,1032000.0
17656.jpg,550.0,1336.0,734800.0
17657.jpg,550.0,1341.0,737550.0
17658.jpg,683.0,1202.0,820966.0
17659.jpg,850.0,1109.0,942650.0
17660.jpg,900.0,1236.0,1112400.0
17661.jpg,750.0,1390.0,1042500.0
17662.jpg,1227.0,900.0,1104300.0
17663.jpg,750.0,1294.0,970500.0
17664.jpg,1000.0,1090.0,1090000.0
17665.jpg,1134.0,747.0,847098.0
17666.jpg,650.0,1637.0,1064050.0
17667.jpg,632.0,971.0,613672.0
17668.jpg,580.0,1457.0,845060.0
17669.jpg,800.0,1495.0,1196000.0
17670.jpg,500.0,1628.0,814000.0
17671.jpg,700.0,1539.0,1077300.0
17672.jpg,900.0,1232.0,1108800.0
17673.jpg,896.0,1196.0,1071616.0
17674.jpg,700.0,1492.0,1044400.0
17675.jpg,820.0,1136.0,931520.0
17676.jpg,387.0,800.0,309600.0
17677.jpg,650.0,1329.0,863850.0
17678.jpg,800.0,1489.0,1191200.0
17679.jpg,596.0,1050.0,625800.0
17680.jpg,750.0,1350.0,1012500.0
17681.jpg,900.0,1228.0,1105200.0
17682.jpg,1076.0,850.0,914600.0
17683.jpg,1060.0,850.0,901000.0
17684.jpg,950.0,1095.0,1040250.0
17685.jpg,850.0,1127.0,957950.0
17686.jpg,834.0,654.0,545436.0
17687.jpg,667.0,850.0,566950.0
17688.jpg,822.0,1038.0,853236.0
17689.jpg,850.0,1423.0,1209550.0
17690.jpg,1000.0,1274.0,1274000.0
17691.jpg,850.0,1096.0,931600.0
17692.jpg,1300.0,1012.0,1315600.0
17693.jpg,691.0,1110.0,767010.0
17694.jpg,1100.0,900.0,990000.0
17695.jpg,1000.0,1122.0,1122000.0
17696.jpg,1000.0,1192.0,1192000.0
17697.jpg,1000.0,1213.0,1213000.0
17698.jpg,800.0,1212.0,969600.0
17699.jpg,800.0,1413.0,1130400.0
17700.jpg,614.0,900.0,552600.0
17701.jpg,800.0,1334.0,1067200.0
17702.jpg,850.0,1356.0,1152600.0
17703.jpg,638.0,874.0,557612.0
17704.jpg,610.0,934.0,569740.0
17705.jpg,669.0,996.0,666324.0
17706.jpg,666.0,881.0,586746.0
17707.jpg,662.0,820.0,542840.0
17708.jpg,850.0,1219.0,1036150.0
17709.jpg,577.0,800.0,461600.0
17710.jpg,900.0,1084.0,975600.0
17711.jpg,823.0,1080.0,888840.0
17712.jpg,1028.0,1300.0,1336400.0
17713.jpg,640.0,1078.0,689920.0
17714.jpg,709.0,700.0,496300.0
17715.jpg,903.0,666.0,601398.0
17716.jpg,1008.0,1000.0,1008000.0
17717.jpg,800.0,1370.0,1096000.0
17718.jpg,800.0,1445.0,1156000.0
17719.jpg,850.0,1022.0,868700.0
17720.jpg,580.0,1000.0,580000.0
17721.jpg,900.0,1116.0,1004400.0
17722.jpg,819.0,1001.0,819819.0
17723.jpg,607.0,800.0,485600.0
17724.jpg,697.0,800.0,557600.0
17725.jpg,586.0,892.0,522712.0
17726.jpg,615.0,780.0,479700.0
17727.jpg,900.0,1202.0,1081800.0
17728.jpg,643.0,850.0,546550.0
17729.jpg,599.0,800.0,479200.0
17730.jpg,950.0,1207.0,1146650.0
17731.jpg,1000.0,1193.0,1193000.0
17732.jpg,1000.0,1092.0,1092000.0
17733.jpg,900.0,1062.0,955800.0
17734.jpg,563.0,800.0,450400.0
17735.jpg,558.0,800.0,446400.0
17736.jpg,674.0,880.0,593120.0
17737.jpg,661.0,894.0,590934.0
17738.jpg,659.0,846.0,557514.0
17739.jpg,673.0,891.0,599643.0
17740.jpg,950.0,1172.0,1113400.0
17741.jpg,681.0,879.0,598599.0
17742.jpg,669.0,868.0,580692.0
17743.jpg,664.0,881.0,584984.0
17744.jpg,653.0,851.0,555703.0
17745.jpg,676.0,882.0,596232.0
17746.jpg,669.0,869.0,581361.0
17747.jpg,950.0,1174.0,1115300.0
17748.jpg,950.0,1220.0,1159000.0
17749.jpg,587.0,907.0,532409.0
17750.jpg,524.0,900.0,471600.0
17751.jpg,1220.0,700.0,854000.0
17752.jpg,1017.0,905.0,920385.0
17753.jpg,850.0,1041.0,884850.0
17754.jpg,758.0,1004.0,761032.0
17755.jpg,980.0,1446.0,1417080.0
17756.jpg,889.0,700.0,622300.0
17757.jpg,900.0,1224.0,1101600.0
17758.jpg,1104.0,950.0,1048800.0
17759.jpg,900.0,1223.0,1100700.0
17760.jpg,650.0,1555.0,1010750.0
17761.jpg,700.0,1376.0,963200.0
17762.jpg,900.0,1140.0,1026000.0
17763.jpg,900.0,1214.0,1092600.0
17764.jpg,956.0,579.0,553524.0
17765.jpg,750.0,1463.0,1097250.0
17766.jpg,700.0,1479.0,1035300.0
17767.jpg,870.0,1176.0,1023120.0
17768.jpg,1000.0,1031.0,1031000.0
17769.jpg,1000.0,1224.0,1224000.0
17770.jpg,900.0,1215.0,1093500.0
17771.jpg,800.0,1213.0,970400.0
17772.jpg,700.0,861.0,602700.0
17773.jpg,800.0,1101.0,880800.0
17774.jpg,900.0,1182.0,1063800.0
17775.jpg,891.0,1600.0,1425600.0
17776.jpg,800.0,972.0,777600.0
17777.jpg,750.0,1353.0,1014750.0
17778.jpg,920.0,1117.0,1027640.0
17779.jpg,555.0,800.0,444000.0
17780.jpg,1100.0,590.0,649000.0
17781.jpg,1100.0,1223.0,1345300.0
17782.jpg,900.0,1086.0,977400.0
17783.jpg,1082.0,1050.0,1136100.0
17784.jpg,600.0,1475.0,885000.0
17800.jpg,900.0,1289.0,1160100.0
17804.jpg,1099.0,854.0,938546.0
17805.jpg,1100.0,1568.0,1724800.0
17806.jpg,1222.0,1600.0,1955200.0
17807.jpg,837.0,1015.0,849555.0
17808.jpg,835.0,1020.0,851700.0
17809.jpg,832.0,1100.0,915200.0
17810.jpg,851.0,1100.0,936100.0
17811.jpg,1200.0,935.0,1122000.0
17812.jpg,1200.0,940.0,1128000.0
17813.jpg,782.0,1000.0,782000.0
17814.jpg,1414.0,1100.0,1555400.0
17815.jpg,1255.0,979.0,1228645.0
17816.jpg,1464.0,1700.0,2488800.0
17817.jpg,739.0,934.0,690226.0
17818.jpg,1177.0,900.0,1059300.0
17819.jpg,1001.0,1323.0,1324323.0
17820.jpg,852.0,1030.0,877560.0
17821.jpg,717.0,900.0,645300.0
17822.jpg,711.0,900.0,639900.0
17823.jpg,1001.0,1141.0,1142141.0
17825.jpg,959.0,1084.0,1039556.0
17826.jpg,898.0,1080.0,969840.0
17827.jpg,708.0,898.0,635784.0
17828.jpg,828.0,1000.0,828000.0
17829.jpg,651.0,800.0,520800.0
17830.jpg,820.0,953.0,781460.0
17831.jpg,747.0,900.0,672300.0
17832.jpg,1035.0,1255.0,1298925.0
17833.jpg,810.0,1041.0,843210.0
17834.jpg,836.0,1080.0,902880.0
17835.jpg,1065.0,850.0,905250.0
17836.jpg,1000.0,1297.0,1297000.0
17838.jpg,845.0,1100.0,929500.0
17839.jpg,1255.0,993.0,1246215.0
17840.jpg,1008.0,1255.0,1265040.0
17842.jpg,850.0,1043.0,886550.0
17848.jpg,1000.0,1829.0,1829000.0
17855.jpg,1308.0,900.0,1177200.0
17863.jpg,1107.0,770.0,852390.0
17864.jpg,1079.0,770.0,830830.0
17867.jpg,1081.0,770.0,832370.0
17868.jpg,1094.0,770.0,842380.0
17869.jpg,1119.0,810.0,906390.0
17870.jpg,859.0,600.0,515400.0
17873.jpg,913.0,900.0,821700.0
17874.jpg,1386.0,816.0,1130976.0
17875.jpg,1057.0,1052.0,1111964.0
17876.jpg,1100.0,783.0,861300.0
17880.jpg,1098.0,699.0,767502.0
17883.jpg,1102.0,680.0,749360.0
17885.jpg,750.0,953.0,714750.0
17886.jpg,1006.0,1250.0,1257500.0
17887.jpg,1064.0,890.0,946960.0
17890.jpg,1021.0,900.0,918900.0
17891.jpg,1218.0,829.0,1009722.0
17892.jpg,1097.0,774.0,849078.0
17894.jpg,800.0,1033.0,826400.0
17895.jpg,850.0,1044.0,887400.0
17896.jpg,987.0,1255.0,1238685.0
17897.jpg,1193.0,850.0,1014050.0
17898.jpg,750.0,1244.0,933000.0
17899.jpg,850.0,1147.0,974950.0
17900.jpg,1478.0,874.0,1291772.0
17901.jpg,1223.0,800.0,978400.0
17903.jpg,912.0,1300.0,1185600.0
17911.jpg,726.0,863.0,626538.0
17912.jpg,991.0,606.0,600546.0
17917.jpg,801.0,1082.0,866682.0
17918.jpg,803.0,1094.0,878482.0
17919.jpg,601.0,1405.0,844405.0
17920.jpg,601.0,1370.0,823370.0
17921.jpg,851.0,947.0,805897.0
17922.jpg,801.0,1161.0,929961.0
17923.jpg,763.0,909.0,693567.0
17924.jpg,774.0,993.0,768582.0
17925.jpg,792.0,850.0,673200.0
17926.jpg,851.0,897.0,763347.0
17927.jpg,870.0,941.0,818670.0
17928.jpg,1136.0,801.0,909936.0
17929.jpg,1201.0,1000.0,1201000.0
17930.jpg,1046.0,902.0,943492.0
17931.jpg,802.0,1123.0,900646.0
17932.jpg,850.0,957.0,813450.0
17933.jpg,801.0,1103.0,883503.0
17934.jpg,801.0,614.0,491814.0
17935.jpg,716.0,992.0,710272.0
17936.jpg,567.0,1500.0,850500.0
17937.jpg,750.0,999.0,749250.0
17938.jpg,750.0,1045.0,783750.0
17939.jpg,767.0,869.0,666523.0
17940.jpg,566.0,1500.0,849000.0
17941.jpg,880.0,980.0,862400.0
17942.jpg,800.0,999.0,799200.0
17943.jpg,800.0,929.0,743200.0
17944.jpg,1264.0,720.0,910080.0
17945.jpg,1018.0,900.0,916200.0
17946.jpg,740.0,1070.0,791800.0
17947.jpg,801.0,959.0,768159.0
17948.jpg,730.0,1004.0,732920.0
17949.jpg,770.0,1053.0,810810.0
17950.jpg,1092.0,801.0,874692.0
17951.jpg,803.0,1106.0,888118.0
17952.jpg,829.0,998.0,827342.0
17953.jpg,708.0,1048.0,741984.0
17954.jpg,901.0,836.0,753236.0
17955.jpg,660.0,1105.0,729300.0
17956.jpg,604.0,1189.0,718156.0
17957.jpg,720.0,1266.0,911520.0
17958.jpg,803.0,978.0,785334.0
17959.jpg,805.0,1253.0,1008665.0
17960.jpg,641.0,1041.0,667281.0
17961.jpg,720.0,1291.0,929520.0
17962.jpg,754.0,1052.0,793208.0
17963.jpg,1102.0,801.0,882702.0
17964.jpg,992.0,900.0,892800.0
17965.jpg,1220.0,750.0,915000.0
17966.jpg,720.0,1265.0,910800.0
17967.jpg,804.0,1004.0,807216.0
17968.jpg,1030.0,845.0,870350.0
17969.jpg,750.0,1021.0,765750.0
17970.jpg,740.0,1022.0,756280.0
17971.jpg,997.0,802.0,799594.0
17972.jpg,720.0,1267.0,912240.0
17973.jpg,756.0,1058.0,799848.0
17974.jpg,950.0,956.0,908200.0
17975.jpg,803.0,1109.0,890527.0
17976.jpg,801.0,890.0,712890.0
17977.jpg,944.0,806.0,760864.0
17978.jpg,1006.0,900.0,905400.0
17979.jpg,2070.0,450.0,931500.0
17980.jpg,705.0,991.0,698655.0
17981.jpg,701.0,993.0,696093.0
17983.jpg,1013.0,1300.0,1316900.0
17984.jpg,750.0,1042.0,781500.0
17985.jpg,801.0,1115.0,893115.0
17986.jpg,670.0,1279.0,856930.0
17987.jpg,761.0,1059.0,805899.0
17988.jpg,762.0,1037.0,790194.0
17989.jpg,803.0,1108.0,889724.0
17990.jpg,843.0,1072.0,903696.0
17991.jpg,820.0,926.0,759320.0
17992.jpg,808.0,919.0,742552.0
17993.jpg,1581.0,520.0,822120.0
17994.jpg,773.0,868.0,670964.0
17995.jpg,873.0,985.0,859905.0
17996.jpg,808.0,1043.0,842744.0
17997.jpg,801.0,1121.0,897921.0
17998.jpg,806.0,1033.0,832598.0
17999.jpg,800.0,1106.0,884800.0
18035.jpg,1337.0,900.0,1203300.0
18036.jpg,1000.0,1254.0,1254000.0
18037.jpg,1266.0,800.0,1012800.0
18038.jpg,912.0,1300.0,1185600.0
18039.jpg,1312.0,750.0,984000.0
18040.jpg,1252.0,750.0,939000.0
18041.jpg,1264.0,1000.0,1264000.0
18042.jpg,1001.0,1200.0,1201200.0
18043.jpg,1200.0,804.0,964800.0
18044.jpg,1000.0,1341.0,1341000.0
18045.jpg,1000.0,1201.0,1201000.0
18046.jpg,1274.0,800.0,1019200.0
18047.jpg,1215.0,1100.0,1336500.0
18048.jpg,1014.0,1200.0,1216800.0
18049.jpg,1300.0,906.0,1177800.0
18050.jpg,1146.0,1000.0,1146000.0
18051.jpg,950.0,1071.0,1017450.0
18052.jpg,880.0,1100.0,968000.0
18053.jpg,900.0,952.0,856800.0
18054.jpg,979.0,1400.0,1370600.0
18055.jpg,900.0,1486.0,1337400.0
18056.jpg,1300.0,1067.0,1387100.0
18057.jpg,1500.0,812.0,1218000.0
18058.jpg,1420.0,770.0,1093400.0
18059.jpg,1369.0,714.0,977466.0
18060.jpg,1273.0,900.0,1145700.0
18061.jpg,1100.0,1127.0,1239700.0
18062.jpg,1025.0,648.0,664200.0
18063.jpg,1157.0,650.0,752050.0
18064.jpg,1160.0,670.0,777200.0
18065.jpg,1173.0,670.0,785910.0
18066.jpg,1165.0,670.0,780550.0
18067.jpg,1159.0,670.0,776530.0
18071.jpg,1103.0,900.0,992700.0
18072.jpg,1104.0,900.0,993600.0
18074.jpg,1093.0,900.0,983700.0
18075.jpg,1112.0,900.0,1000800.0
18076.jpg,1022.0,603.0,616266.0
18077.jpg,1025.0,652.0,668300.0
18078.jpg,1029.0,796.0,819084.0
18079.jpg,1202.0,716.0,860632.0
18080.jpg,1027.0,762.0,782574.0
18081.jpg,889.0,665.0,591185.0
18082.jpg,1187.0,770.0,913990.0
18083.jpg,1021.0,617.0,629957.0
18084.jpg,1104.0,750.0,828000.0
18085.jpg,1026.0,663.0,680238.0
18086.jpg,1198.0,750.0,898500.0
18087.jpg,1058.0,670.0,708860.0
18088.jpg,1022.0,674.0,688828.0
18089.jpg,1021.0,656.0,669776.0
18090.jpg,924.0,600.0,554400.0
18091.jpg,1030.0,710.0,731300.0
18092.jpg,800.0,999.0,799200.0
18093.jpg,1156.0,740.0,855440.0
18094.jpg,1294.0,900.0,1164600.0
18095.jpg,1309.0,900.0,1178100.0
18096.jpg,900.0,1103.0,992700.0
18097.jpg,1182.0,900.0,1063800.0
18098.jpg,1200.0,880.0,1056000.0
18099.jpg,921.0,601.0,553521.0
18100.jpg,1113.0,807.0,898191.0
18101.jpg,1100.0,721.0,793100.0
18102.jpg,837.0,1150.0,962550.0
18103.jpg,1103.0,730.0,805190.0
18104.jpg,780.0,843.0,657540.0
18105.jpg,1154.0,700.0,807800.0
18106.jpg,1400.0,900.0,1260000.0
18107.jpg,1167.0,700.0,816900.0
18108.jpg,623.0,450.0,280350.0
18110.jpg,1162.0,850.0,987700.0
18111.jpg,1153.0,840.0,968520.0
18115.jpg,726.0,900.0,653400.0
18116.jpg,920.0,700.0,644000.0
18117.jpg,700.0,940.0,658000.0
18118.jpg,940.0,750.0,705000.0
18119.jpg,1236.0,900.0,1112400.0
18120.jpg,980.0,759.0,743820.0
18121.jpg,702.0,922.0,647244.0
18122.jpg,1000.0,1305.0,1305000.0
18123.jpg,1029.0,647.0,665763.0
18124.jpg,1023.0,637.0,651651.0
18125.jpg,1079.0,650.0,701350.0
18126.jpg,1083.0,720.0,779760.0
18127.jpg,1300.0,783.0,1017900.0
18130.jpg,1299.0,900.0,1169100.0
18131.jpg,1293.0,900.0,1163700.0
18139.jpg,1760.0,500.0,880000.0
18140.jpg,1100.0,1150.0,1265000.0
18141.jpg,704.0,1092.0,768768.0
18142.jpg,1141.0,1000.0,1141000.0
18143.jpg,1208.0,700.0,845600.0
18146.jpg,1147.0,1100.0,1261700.0
18147.jpg,1000.0,1207.0,1207000.0
18148.jpg,1005.0,810.0,814050.0
18149.jpg,776.0,1180.0,915680.0
18150.jpg,850.0,1050.0,892500.0
18153.jpg,850.0,1229.0,1044650.0
18154.jpg,948.0,650.0,616200.0
18155.jpg,920.0,669.0,615480.0
18156.jpg,877.0,634.0,556018.0
18157.jpg,887.0,653.0,579211.0
18158.jpg,920.0,643.0,591560.0
18159.jpg,521.0,800.0,416800.0
18160.jpg,479.0,800.0,383200.0
18161.jpg,541.0,793.0,429013.0
18162.jpg,565.0,800.0,452000.0
18163.jpg,850.0,1169.0,993650.0
18164.jpg,1194.0,950.0,1134300.0
18165.jpg,1016.0,800.0,812800.0
18173.jpg,1300.0,772.0,1003600.0
18178.jpg,1400.0,928.0,1299200.0
18179.jpg,1244.0,857.0,1066108.0
18182.jpg,1242.0,1000.0,1242000.0
18183.jpg,1031.0,867.0,893877.0
18184.jpg,1200.0,1111.0,1333200.0
18185.jpg,988.0,850.0,839800.0
18186.jpg,861.0,1025.0,882525.0
18187.jpg,710.0,1176.0,834960.0
18188.jpg,1060.0,803.0,851180.0
18189.jpg,850.0,1148.0,975800.0
18190.jpg,900.0,1255.0,1129500.0
18191.jpg,1500.0,1147.0,1720500.0
18192.jpg,750.0,1270.0,952500.0
18193.jpg,1200.0,1420.0,1704000.0
18194.jpg,1102.0,798.0,879396.0
18195.jpg,1063.0,900.0,956700.0
18196.jpg,750.0,1090.0,817500.0
18197.jpg,1025.0,781.0,800525.0
18198.jpg,1084.0,900.0,975600.0
18199.jpg,1200.0,960.0,1152000.0
18200.jpg,737.0,1130.0,832810.0
18204.jpg,980.0,1402.0,1373960.0
18205.jpg,1024.0,666.0,681984.0
18206.jpg,793.0,1070.0,848510.0
18208.jpg,1244.0,1150.0,1430600.0
18210.jpg,800.0,1031.0,824800.0
18211.jpg,1061.0,800.0,848800.0
18212.jpg,1131.0,757.0,856167.0
18213.jpg,671.0,832.0,558272.0
18214.jpg,1353.0,1000.0,1353000.0
18215.jpg,948.0,1255.0,1189740.0
18217.jpg,800.0,1161.0,928800.0
18218.jpg,1069.0,802.0,857338.0
18219.jpg,972.0,804.0,781488.0
18220.jpg,500.0,761.0,380500.0
18221.jpg,850.0,1695.0,1440750.0
18222.jpg,815.0,1000.0,815000.0
18224.jpg,1150.0,1244.0,1430600.0
18225.jpg,866.0,1078.0,933548.0
18226.jpg,735.0,924.0,679140.0
18227.jpg,731.0,1188.0,868428.0
18228.jpg,1000.0,852.0,852000.0
18229.jpg,900.0,662.0,595800.0
18230.jpg,700.0,931.0,651700.0
18231.jpg,750.0,1018.0,763500.0
18232.jpg,750.0,619.0,464250.0
18234.jpg,1100.0,1337.0,1470700.0
18235.jpg,1200.0,902.0,1082400.0
18236.jpg,1137.0,900.0,1023300.0
18237.jpg,984.0,880.0,865920.0
18238.jpg,1171.0,768.0,899328.0
18239.jpg,1100.0,1345.0,1479500.0
18240.jpg,1443.0,900.0,1298700.0
18241.jpg,1445.0,900.0,1300500.0
18242.jpg,1544.0,900.0,1389600.0
18243.jpg,1510.0,900.0,1359000.0
18244.jpg,834.0,1500.0,1251000.0
18245.jpg,1000.0,1304.0,1304000.0
18246.jpg,1008.0,1300.0,1310400.0
18247.jpg,1200.0,1219.0,1462800.0
18249.jpg,463.0,600.0,277800.0
18250.jpg,883.0,1079.0,952757.0
18251.jpg,1205.0,1019.0,1227895.0
18252.jpg,1148.0,767.0,880516.0
18253.jpg,771.0,1255.0,967605.0
18254.jpg,900.0,1223.0,1100700.0
18255.jpg,893.0,1255.0,1120715.0
18256.jpg,1030.0,822.0,846660.0
18257.jpg,700.0,1061.0,742700.0
18258.jpg,1133.0,1010.0,1144330.0
18263.jpg,1200.0,1166.0,1399200.0
18264.jpg,1219.0,800.0,975200.0
18266.jpg,600.0,900.0,540000.0
18273.jpg,1096.0,800.0,876800.0
18274.jpg,1086.0,800.0,868800.0
18275.jpg,1003.0,800.0,802400.0
18276.jpg,1091.0,800.0,872800.0
18277.jpg,900.0,1080.0,972000.0
18278.jpg,1078.0,800.0,862400.0
18279.jpg,800.0,1204.0,963200.0
18280.jpg,1083.0,800.0,866400.0
18281.jpg,738.0,800.0,590400.0
18282.jpg,1085.0,800.0,868000.0
18283.jpg,1055.0,800.0,844000.0
18284.jpg,1058.0,800.0,846400.0
18285.jpg,1084.0,800.0,867200.0
18286.jpg,1048.0,800.0,838400.0
18287.jpg,1527.0,800.0,1221600.0
18288.jpg,800.0,1298.0,1038400.0
18289.jpg,750.0,1378.0,1033500.0
18290.jpg,1395.0,981.0,1368495.0
18291.jpg,1100.0,920.0,1012000.0
18292.jpg,570.0,1200.0,684000.0
18293.jpg,800.0,904.0,723200.0
18294.jpg,1000.0,1327.0,1327000.0
18295.jpg,911.0,1300.0,1184300.0
18297.jpg,1100.0,717.0,788700.0
18299.jpg,1100.0,836.0,919600.0
18300.jpg,1114.0,1100.0,1225400.0
18307.jpg,1142.0,1400.0,1598800.0
18308.jpg,1345.0,950.0,1277750.0
18309.jpg,1031.0,800.0,824800.0
18310.jpg,1215.0,1000.0,1215000.0
18311.jpg,616.0,500.0,308000.0
18312.jpg,1039.0,800.0,831200.0
18313.jpg,1025.0,1300.0,1332500.0
18314.jpg,1283.0,1000.0,1283000.0
18315.jpg,1039.0,770.0,800030.0
18316.jpg,1192.0,700.0,834400.0
18317.jpg,1227.0,1000.0,1227000.0
18318.jpg,1157.0,944.0,1092208.0
18319.jpg,1025.0,845.0,866125.0
18320.jpg,750.0,1020.0,765000.0
18322.jpg,1300.0,1016.0,1320800.0
18325.jpg,1256.0,1000.0,1256000.0
18326.jpg,1217.0,800.0,973600.0
18340.jpg,1103.0,1100.0,1213300.0
18341.jpg,1200.0,900.0,1080000.0
18342.jpg,1152.0,1400.0,1612800.0
18344.jpg,756.0,950.0,718200.0
18345.jpg,1199.0,915.0,1097085.0
18346.jpg,968.0,755.0,730840.0
18351.jpg,750.0,1147.0,860250.0
18352.jpg,1200.0,841.0,1009200.0
18353.jpg,1255.0,966.0,1212330.0
18354.jpg,1600.0,1171.0,1873600.0
18355.jpg,1251.0,885.0,1107135.0
18356.jpg,1250.0,828.0,1035000.0
18357.jpg,1077.0,770.0,829290.0
18359.jpg,1500.0,1081.0,1621500.0
18360.jpg,1200.0,800.0,960000.0
18361.jpg,1201.0,850.0,1020850.0
18362.jpg,1308.0,1000.0,1308000.0
18363.jpg,1100.0,780.0,858000.0
18364.jpg,1500.0,1089.0,1633500.0
18365.jpg,830.0,1001.0,830830.0
18366.jpg,844.0,1050.0,886200.0
18367.jpg,1500.0,1057.0,1585500.0
18368.jpg,1141.0,850.0,969850.0
18370.jpg,909.0,1200.0,1090800.0
18372.jpg,1500.0,1193.0,1789500.0
18374.jpg,900.0,1153.0,1037700.0
18376.jpg,1520.0,950.0,1444000.0
18378.jpg,1220.0,750.0,915000.0
18380.jpg,1000.0,1220.0,1220000.0
18381.jpg,1100.0,912.0,1003200.0
18382.jpg,601.0,687.0,412887.0
18383.jpg,721.0,600.0,432600.0
18384.jpg,1377.0,604.0,831708.0
18385.jpg,1500.0,1150.0,1725000.0
18386.jpg,800.0,1011.0,808800.0
18387.jpg,1029.0,600.0,617400.0
18388.jpg,1600.0,956.0,1529600.0
18389.jpg,1065.0,850.0,905250.0
18390.jpg,1212.0,874.0,1059288.0
18391.jpg,1397.0,800.0,1117600.0
18393.jpg,1245.0,770.0,958650.0
18395.jpg,1450.0,900.0,1305000.0
18396.jpg,1063.0,770.0,818510.0
18397.jpg,990.0,748.0,740520.0
18398.jpg,820.0,719.0,589580.0
18399.jpg,1673.0,900.0,1505700.0
18400.jpg,595.0,869.0,517055.0
18401.jpg,1225.0,1000.0,1225000.0
18402.jpg,1083.0,1400.0,1516200.0
18403.jpg,825.0,1101.0,908325.0
18404.jpg,821.0,1070.0,878470.0
18405.jpg,821.0,1070.0,878470.0
18406.jpg,1078.0,1400.0,1509200.0
18407.jpg,1031.0,1300.0,1340300.0
18408.jpg,845.0,1070.0,904150.0
18409.jpg,1353.0,705.0,953865.0
18410.jpg,842.0,1136.0,956512.0
18411.jpg,774.0,1050.0,812700.0
18412.jpg,792.0,1100.0,871200.0
18413.jpg,803.0,1103.0,885709.0
18414.jpg,830.0,1103.0,915490.0
18415.jpg,761.0,1040.0,791440.0
18416.jpg,850.0,1131.0,961350.0
18417.jpg,937.0,820.0,768340.0
18418.jpg,733.0,1000.0,733000.0
18419.jpg,654.0,933.0,610182.0
18420.jpg,1003.0,901.0,903703.0
18421.jpg,786.0,1120.0,880320.0
18422.jpg,1100.0,768.0,844800.0
18423.jpg,1075.0,910.0,978250.0
18424.jpg,814.0,1104.0,898656.0
18425.jpg,636.0,1380.0,877680.0
18426.jpg,845.0,1050.0,887250.0
18427.jpg,898.0,1001.0,898898.0
18428.jpg,1200.0,1604.0,1924800.0
18429.jpg,1100.0,1264.0,1390400.0
18430.jpg,1296.0,1300.0,1684800.0
18431.jpg,940.0,1150.0,1081000.0
18433.jpg,1223.0,1500.0,1834500.0
18434.jpg,718.0,1100.0,789800.0
18435.jpg,900.0,1147.0,1032300.0
18436.jpg,800.0,1019.0,815200.0
18437.jpg,1200.0,1457.0,1748400.0
18438.jpg,871.0,1103.0,960713.0
18439.jpg,1300.0,1211.0,1574300.0
18440.jpg,862.0,1102.0,949924.0
18441.jpg,800.0,1100.0,880000.0
18442.jpg,836.0,1100.0,919600.0
18443.jpg,851.0,1060.0,902060.0
18444.jpg,851.0,1070.0,910570.0
18445.jpg,848.0,1070.0,907360.0
18446.jpg,825.0,1080.0,891000.0
18447.jpg,917.0,910.0,834470.0
18448.jpg,901.0,893.0,804593.0
18449.jpg,953.0,950.0,905350.0
18450.jpg,953.0,950.0,905350.0
18451.jpg,1059.0,730.0,773070.0
18452.jpg,1060.0,730.0,773800.0
18453.jpg,900.0,1250.0,1125000.0
18454.jpg,882.0,1010.0,890820.0
18455.jpg,845.0,1060.0,895700.0
18456.jpg,735.0,1020.0,749700.0
18457.jpg,900.0,1088.0,979200.0
18458.jpg,700.0,918.0,642600.0
18459.jpg,841.0,1050.0,883050.0
18460.jpg,960.0,1080.0,1036800.0
18461.jpg,858.0,1040.0,892320.0
18462.jpg,862.0,1030.0,887860.0
18463.jpg,840.0,1060.0,890400.0
18464.jpg,790.0,1010.0,797900.0
18465.jpg,867.0,1020.0,884340.0
18466.jpg,767.0,1054.0,808418.0
18467.jpg,1219.0,1500.0,1828500.0
18468.jpg,1354.0,802.0,1085908.0
18469.jpg,813.0,1070.0,869910.0
18470.jpg,808.0,1050.0,848400.0
18471.jpg,811.0,1060.0,859660.0
18472.jpg,820.0,1060.0,869200.0
18473.jpg,823.0,1060.0,872380.0
18474.jpg,971.0,1300.0,1262300.0
18475.jpg,1035.0,1300.0,1345500.0
18476.jpg,1446.0,722.0,1044012.0
18477.jpg,1063.0,1200.0,1275600.0
18478.jpg,946.0,950.0,898700.0
18479.jpg,1050.0,1249.0,1311450.0
18480.jpg,541.0,1500.0,811500.0
18481.jpg,470.0,1578.0,741660.0
18482.jpg,849.0,1050.0,891450.0
18483.jpg,870.0,1030.0,896100.0
18484.jpg,703.0,950.0,667850.0
18485.jpg,1110.0,1300.0,1443000.0
18486.jpg,1073.0,1400.0,1502200.0
18487.jpg,816.0,1103.0,900048.0
18488.jpg,804.0,1001.0,804804.0
18489.jpg,821.0,1100.0,903100.0
18490.jpg,917.0,1000.0,917000.0
18491.jpg,900.0,1050.0,945000.0
18492.jpg,859.0,1050.0,901950.0
18493.jpg,833.0,1080.0,899640.0
18494.jpg,959.0,1176.0,1127784.0
18495.jpg,657.0,884.0,580788.0
18496.jpg,1420.0,1500.0,2130000.0
18497.jpg,1233.0,610.0,752130.0
18498.jpg,809.0,1100.0,889900.0
18499.jpg,790.0,985.0,778150.0
18500.jpg,801.0,1015.0,813015.0
18501.jpg,833.0,1069.0,890477.0
18502.jpg,1500.0,893.0,1339500.0
18503.jpg,842.0,1150.0,968300.0
18504.jpg,783.0,1100.0,861300.0
18505.jpg,1400.0,1749.0,2448600.0
18506.jpg,813.0,1102.0,895926.0
18507.jpg,818.0,1100.0,899800.0
18508.jpg,716.0,868.0,621488.0
18509.jpg,879.0,1081.0,950199.0
18510.jpg,914.0,1100.0,1005400.0
18511.jpg,902.0,1100.0,992200.0
18512.jpg,900.0,1070.0,963000.0
18513.jpg,826.0,1100.0,908600.0
18514.jpg,823.0,1100.0,905300.0
18515.jpg,878.0,1100.0,965800.0
18516.jpg,742.0,1005.0,745710.0
18517.jpg,1200.0,850.0,1020000.0
18518.jpg,881.0,1200.0,1057200.0
18519.jpg,950.0,554.0,526300.0
18520.jpg,824.0,1100.0,906400.0
18521.jpg,824.0,1100.0,906400.0
18522.jpg,1222.0,706.0,862732.0
18523.jpg,1023.0,1250.0,1278750.0
18524.jpg,871.0,1100.0,958100.0
18525.jpg,734.0,892.0,654728.0
18526.jpg,1232.0,1500.0,1848000.0
18527.jpg,823.0,1130.0,929990.0
18528.jpg,830.0,1130.0,937900.0
18529.jpg,654.0,930.0,608220.0
18530.jpg,1143.0,1600.0,1828800.0
18531.jpg,1261.0,1500.0,1891500.0
18532.jpg,905.0,1000.0,905000.0
18533.jpg,847.0,1100.0,931700.0
18534.jpg,886.0,1100.0,974600.0
18535.jpg,842.0,1100.0,926200.0
18536.jpg,832.0,1050.0,873600.0
18537.jpg,1000.0,1148.0,1148000.0
18538.jpg,732.0,1000.0,732000.0
18539.jpg,909.0,1050.0,954450.0
18540.jpg,893.0,1100.0,982300.0
18541.jpg,820.0,1100.0,902000.0
18542.jpg,640.0,900.0,576000.0
18543.jpg,580.0,700.0,406000.0
18544.jpg,844.0,1100.0,928400.0
18545.jpg,667.0,834.0,556278.0
18546.jpg,900.0,1030.0,927000.0
18547.jpg,875.0,1058.0,925750.0
18548.jpg,859.0,1100.0,944900.0
18549.jpg,1127.0,760.0,856520.0
18550.jpg,800.0,981.0,784800.0
18551.jpg,1206.0,800.0,964800.0
18552.jpg,770.0,1001.0,770770.0
18553.jpg,705.0,970.0,683850.0
18554.jpg,1006.0,850.0,855100.0
18555.jpg,904.0,1255.0,1134520.0
18559.jpg,750.0,1178.0,883500.0
18560.jpg,612.0,1400.0,856800.0
18561.jpg,606.0,1400.0,848400.0
18562.jpg,1220.0,900.0,1098000.0
18563.jpg,1066.0,800.0,852800.0
18564.jpg,1405.0,800.0,1124000.0
18565.jpg,932.0,700.0,652400.0
18566.jpg,1000.0,660.0,660000.0
18567.jpg,900.0,587.0,528300.0
18569.jpg,878.0,700.0,614600.0
18570.jpg,1400.0,1145.0,1603000.0
18571.jpg,1200.0,1416.0,1699200.0
18572.jpg,658.0,864.0,568512.0
18574.jpg,1400.0,1118.0,1565200.0
18575.jpg,1029.0,1169.0,1202901.0
18576.jpg,1161.0,1400.0,1625400.0
18577.jpg,1435.0,1013.0,1453655.0
18578.jpg,1432.0,1024.0,1466368.0
18579.jpg,1234.0,978.0,1206852.0
18580.jpg,1075.0,900.0,967500.0
18582.jpg,922.0,1500.0,1383000.0
18583.jpg,711.0,1000.0,711000.0
18584.jpg,1251.0,1107.0,1384857.0
18586.jpg,990.0,841.0,832590.0
18587.jpg,638.0,919.0,586322.0
18589.jpg,975.0,1200.0,1170000.0
18590.jpg,1400.0,1224.0,1713600.0
18592.jpg,1200.0,1502.0,1802400.0
18593.jpg,1091.0,1300.0,1418300.0
18594.jpg,875.0,1100.0,962500.0
18596.jpg,967.0,1208.0,1168136.0
18597.jpg,1334.0,1100.0,1467400.0
18611.jpg,1126.0,1398.0,1574148.0
18612.jpg,1080.0,1321.0,1426680.0
18613.jpg,1317.0,1000.0,1317000.0
18614.jpg,910.0,1800.0,1638000.0
18615.jpg,1000.0,578.0,578000.0
18616.jpg,807.0,1100.0,887700.0
18617.jpg,1176.0,800.0,940800.0
18618.jpg,1300.0,947.0,1231100.0
18619.jpg,1000.0,765.0,765000.0
18620.jpg,900.0,546.0,491400.0
18621.jpg,1400.0,828.0,1159200.0
18622.jpg,1446.0,750.0,1084500.0
18623.jpg,878.0,1100.0,965800.0
18624.jpg,1411.0,950.0,1340450.0
18628.jpg,1199.0,957.0,1147443.0
18629.jpg,1139.0,1654.0,1883906.0
18630.jpg,942.0,468.0,440856.0
18631.jpg,1001.0,1200.0,1201200.0
18632.jpg,1010.0,838.0,846380.0
18633.jpg,1172.0,900.0,1054800.0
18634.jpg,1063.0,770.0,818510.0
18635.jpg,1504.0,800.0,1203200.0
18636.jpg,1503.0,750.0,1127250.0
18637.jpg,1050.0,1051.0,1103550.0
18639.jpg,1499.0,1100.0,1648900.0
18640.jpg,1228.0,900.0,1105200.0
18641.jpg,958.0,900.0,862200.0
18643.jpg,1102.0,900.0,991800.0
18644.jpg,708.0,900.0,637200.0
18647.jpg,800.0,1000.0,800000.0
18649.jpg,1100.0,1444.0,1588400.0
18650.jpg,1059.0,1300.0,1376700.0
18652.jpg,958.0,764.0,731912.0
18653.jpg,850.0,1064.0,904400.0
18654.jpg,921.0,650.0,598650.0
18655.jpg,1238.0,700.0,866600.0
18656.jpg,1000.0,1090.0,1090000.0
18657.jpg,750.0,933.0,699750.0
18658.jpg,1100.0,1350.0,1485000.0
18659.jpg,1236.0,850.0,1050600.0
18660.jpg,843.0,1083.0,912969.0
18661.jpg,1253.0,700.0,877100.0
18662.jpg,1400.0,1013.0,1418200.0
18663.jpg,850.0,1055.0,896750.0
18664.jpg,1182.0,1500.0,1773000.0
18665.jpg,1441.0,1000.0,1441000.0
18666.jpg,850.0,1058.0,899300.0
18667.jpg,1000.0,1327.0,1327000.0
18668.jpg,800.0,998.0,798400.0
18669.jpg,850.0,1105.0,939250.0
18671.jpg,1150.0,1405.0,1615750.0
18672.jpg,1211.0,1500.0,1816500.0
18674.jpg,700.0,1041.0,728700.0
18675.jpg,700.0,1063.0,744100.0
18676.jpg,942.0,1000.0,942000.0
18677.jpg,750.0,1131.0,848250.0
18678.jpg,1000.0,1255.0,1255000.0
18679.jpg,1200.0,839.0,1006800.0
18680.jpg,1205.0,600.0,723000.0
18681.jpg,974.0,464.0,451936.0
18686.jpg,1000.0,670.0,670000.0
18687.jpg,1075.0,800.0,860000.0
18688.jpg,1166.0,760.0,886160.0
18689.jpg,764.0,1080.0,825120.0
18690.jpg,1255.0,1244.0,1561220.0
18691.jpg,1300.0,1238.0,1609400.0
18692.jpg,1014.0,788.0,799032.0
18693.jpg,1020.0,1238.0,1262760.0
18694.jpg,727.0,884.0,642668.0
18695.jpg,800.0,979.0,783200.0
18696.jpg,1100.0,820.0,902000.0
18697.jpg,925.0,658.0,608650.0
18698.jpg,831.0,1024.0,850944.0
18699.jpg,1246.0,858.0,1069068.0
18700.jpg,1252.0,900.0,1126800.0
18701.jpg,1413.0,1000.0,1413000.0
18702.jpg,1085.0,700.0,759500.0
18703.jpg,1632.0,1000.0,1632000.0
18704.jpg,1045.0,811.0,847495.0
18705.jpg,1419.0,1000.0,1419000.0
18706.jpg,1000.0,1307.0,1307000.0
18707.jpg,1020.0,724.0,738480.0
18708.jpg,1400.0,1201.0,1681400.0
18709.jpg,1030.0,842.0,867260.0
18710.jpg,1228.0,820.0,1006960.0
18711.jpg,960.0,812.0,779520.0
18712.jpg,900.0,1130.0,1017000.0
18717.jpg,832.0,1015.0,844480.0
18719.jpg,1300.0,1005.0,1306500.0
18720.jpg,842.0,770.0,648340.0
18721.jpg,1400.0,1037.0,1451800.0
18723.jpg,1336.0,900.0,1202400.0
18724.jpg,1127.0,1200.0,1352400.0
18725.jpg,735.0,904.0,664440.0
18727.jpg,900.0,1273.0,1145700.0
18729.jpg,1445.0,1000.0,1445000.0
18730.jpg,685.0,900.0,616500.0
18732.jpg,1400.0,990.0,1386000.0
18735.jpg,1150.0,793.0,911950.0
18736.jpg,1120.0,750.0,840000.0
18737.jpg,1149.0,900.0,1034100.0
18739.jpg,850.0,960.0,816000.0
18740.jpg,724.0,1030.0,745720.0
18741.jpg,1090.0,730.0,795700.0
18742.jpg,1359.0,900.0,1223100.0
18744.jpg,880.0,980.0,862400.0
18745.jpg,1100.0,1353.0,1488300.0
18746.jpg,900.0,1085.0,976500.0
18747.jpg,1030.0,783.0,806490.0
18748.jpg,554.0,700.0,387800.0
18749.jpg,658.0,932.0,613256.0
18750.jpg,1255.0,939.0,1178445.0
18751.jpg,900.0,1069.0,962100.0
18752.jpg,1200.0,829.0,994800.0
18753.jpg,1044.0,850.0,887400.0
18754.jpg,807.0,983.0,793281.0
18755.jpg,1098.0,912.0,1001376.0
18756.jpg,936.0,700.0,655200.0
18757.jpg,814.0,1100.0,895400.0
18758.jpg,652.0,818.0,533336.0
18759.jpg,866.0,1020.0,883320.0
18760.jpg,1259.0,750.0,944250.0
18761.jpg,1056.0,820.0,865920.0
18762.jpg,1520.0,1100.0,1672000.0
18763.jpg,1013.0,1200.0,1215600.0
18764.jpg,1074.0,780.0,837720.0
18774.jpg,1000.0,1230.0,1230000.0
18775.jpg,1000.0,1222.0,1222000.0
18776.jpg,900.0,1105.0,994500.0
18777.jpg,1125.0,950.0,1068750.0
18778.jpg,1400.0,1091.0,1527400.0
18779.jpg,1076.0,770.0,828520.0
18780.jpg,1080.0,1300.0,1404000.0
18781.jpg,871.0,1044.0,909324.0
18782.jpg,1503.0,770.0,1157310.0
18793.jpg,1170.0,1359.0,1590030.0
18794.jpg,1250.0,822.0,1027500.0
18795.jpg,1006.0,1031.0,1037186.0
18796.jpg,878.0,1022.0,897316.0
18797.jpg,980.0,851.0,833980.0
18798.jpg,728.0,1253.0,912184.0
18799.jpg,604.0,880.0,531520.0
18800.jpg,1329.0,900.0,1196100.0
18801.jpg,1183.0,801.0,947583.0
18802.jpg,756.0,1030.0,778680.0
18803.jpg,1200.0,886.0,1063200.0
18804.jpg,983.0,1400.0,1376200.0
18805.jpg,1374.0,950.0,1305300.0
18806.jpg,1200.0,938.0,1125600.0
18811.jpg,1420.0,1116.0,1584720.0
18812.jpg,1500.0,1064.0,1596000.0
18814.jpg,1193.0,856.0,1021208.0
18815.jpg,1366.0,1000.0,1366000.0
18818.jpg,1450.0,888.0,1287600.0
18822.jpg,1300.0,864.0,1123200.0
18823.jpg,1263.0,900.0,1136700.0
18824.jpg,1326.0,661.0,876486.0
18828.jpg,1030.0,839.0,864170.0
18829.jpg,680.0,1239.0,842520.0
18830.jpg,1158.0,750.0,868500.0
18831.jpg,1375.0,770.0,1058750.0
18832.jpg,1377.0,770.0,1060290.0
18835.jpg,1331.0,800.0,1064800.0
18836.jpg,1084.0,700.0,758800.0
18837.jpg,1251.0,955.0,1194705.0
18839.jpg,1200.0,790.0,948000.0
18840.jpg,1193.0,815.0,972295.0
18841.jpg,703.0,900.0,632700.0
18842.jpg,1293.0,947.0,1224471.0
18843.jpg,1832.0,770.0,1410640.0
18844.jpg,1100.0,1322.0,1454200.0
18845.jpg,811.0,950.0,770450.0
18846.jpg,1200.0,1000.0,1200000.0
18847.jpg,1255.0,858.0,1076790.0
18848.jpg,1000.0,1338.0,1338000.0
18849.jpg,882.0,1053.0,928746.0
18850.jpg,1200.0,1480.0,1776000.0
18851.jpg,1149.0,1300.0,1493700.0
18852.jpg,1248.0,1500.0,1872000.0
18853.jpg,756.0,937.0,708372.0
18854.jpg,1034.0,1200.0,1240800.0
18855.jpg,1034.0,1200.0,1240800.0
18856.jpg,886.0,850.0,753100.0
18857.jpg,799.0,777.0,620823.0
18859.jpg,1226.0,1500.0,1839000.0
18860.jpg,900.0,1134.0,1020600.0
18861.jpg,1331.0,1100.0,1464100.0
18862.jpg,714.0,836.0,596904.0
18863.jpg,634.0,750.0,475500.0
18864.jpg,727.0,1000.0,727000.0
18865.jpg,1089.0,703.0,765567.0
18868.jpg,750.0,997.0,747750.0
18870.jpg,902.0,1200.0,1082400.0
18871.jpg,1136.0,800.0,908800.0
18872.jpg,700.0,858.0,600600.0
18874.jpg,1013.0,1255.0,1271315.0
18875.jpg,800.0,563.0,450400.0
18876.jpg,1115.0,900.0,1003500.0
18878.jpg,637.0,814.0,518518.0
18880.jpg,700.0,1011.0,707700.0
18882.jpg,540.0,688.0,371520.0
18883.jpg,460.0,624.0,287040.0
18885.jpg,1500.0,1199.0,1798500.0
18886.jpg,1400.0,934.0,1307600.0
18887.jpg,1300.0,848.0,1102400.0
18888.jpg,953.0,1400.0,1334200.0
18889.jpg,771.0,1100.0,848100.0
18890.jpg,1400.0,1039.0,1454600.0
18891.jpg,1400.0,909.0,1272600.0
18892.jpg,862.0,1300.0,1120600.0
18893.jpg,1046.0,1400.0,1464400.0
18894.jpg,1046.0,1400.0,1464400.0
18895.jpg,722.0,1400.0,1010800.0
18896.jpg,900.0,947.0,852300.0
18897.jpg,641.0,1400.0,897400.0
18898.jpg,642.0,1400.0,898800.0
18900.jpg,1100.0,855.0,940500.0
18901.jpg,1081.0,760.0,821560.0
18902.jpg,1000.0,1059.0,1059000.0
18903.jpg,1024.0,1142.0,1169408.0
18904.jpg,643.0,783.0,503469.0
18905.jpg,930.0,1012.0,941160.0
18906.jpg,554.0,820.0,454280.0
18907.jpg,900.0,1117.0,1005300.0
18908.jpg,797.0,1102.0,878294.0
18909.jpg,700.0,1069.0,748300.0
18910.jpg,850.0,1222.0,1038700.0
18916.jpg,807.0,1176.0,949032.0
18918.jpg,1400.0,771.0,1079400.0
18919.jpg,1400.0,738.0,1033200.0
18921.jpg,926.0,700.0,648200.0
18922.jpg,1017.0,785.0,798345.0
18931.jpg,850.0,1080.0,918000.0
18932.jpg,1050.0,1485.0,1559250.0
18933.jpg,1500.0,1155.0,1732500.0
18934.jpg,1210.0,778.0,941380.0
18935.jpg,1210.0,724.0,876040.0
18936.jpg,937.0,1200.0,1124400.0
18937.jpg,935.0,1177.0,1100495.0
18940.jpg,1251.0,926.0,1158426.0
18942.jpg,1179.0,662.0,780498.0
18943.jpg,1174.0,820.0,962680.0
18946.jpg,1067.0,810.0,864270.0
18947.jpg,1300.0,1047.0,1361100.0
18948.jpg,1300.0,1023.0,1329900.0
18949.jpg,822.0,1011.0,831042.0
18950.jpg,1334.0,900.0,1200600.0
18952.jpg,1420.0,1000.0,1420000.0
18953.jpg,1429.0,1000.0,1429000.0
18954.jpg,1065.0,850.0,905250.0
18955.jpg,950.0,1231.0,1169450.0
18956.jpg,1100.0,943.0,1037300.0
18957.jpg,1128.0,1400.0,1579200.0
18958.jpg,870.0,1032.0,897840.0
18959.jpg,920.0,726.0,667920.0
18960.jpg,901.0,834.0,751434.0
18961.jpg,1018.0,859.0,874462.0
18962.jpg,1098.0,881.0,967338.0
18965.jpg,1074.0,900.0,966600.0
18966.jpg,1070.0,840.0,898800.0
18967.jpg,1117.0,768.0,857856.0
18973.jpg,1044.0,1300.0,1357200.0
18976.jpg,1016.0,1200.0,1219200.0
18977.jpg,637.0,944.0,601328.0
18980.jpg,1148.0,800.0,918400.0
18981.jpg,900.0,1161.0,1044900.0
18982.jpg,900.0,1172.0,1054800.0
18983.jpg,1162.0,800.0,929600.0
18985.jpg,761.0,620.0,471820.0
18986.jpg,1176.0,1102.0,1295952.0
18989.jpg,1000.0,1121.0,1121000.0
19004.jpg,800.0,1137.0,909600.0
19005.jpg,848.0,1104.0,936192.0
19008.jpg,949.0,1300.0,1233700.0
19011.jpg,1000.0,1251.0,1251000.0
19012.jpg,771.0,1000.0,771000.0
19013.jpg,701.0,836.0,586036.0
19014.jpg,917.0,1100.0,1008700.0
19017.jpg,816.0,1050.0,856800.0
19018.jpg,1300.0,944.0,1227200.0
19019.jpg,1100.0,892.0,981200.0
19020.jpg,974.0,770.0,749980.0
19021.jpg,1400.0,1066.0,1492400.0
19022.jpg,835.0,700.0,584500.0
19024.jpg,1147.0,900.0,1032300.0
19025.jpg,1083.0,790.0,855570.0
19026.jpg,774.0,600.0,464400.0
19027.jpg,1477.0,1000.0,1477000.0
19028.jpg,1350.0,1000.0,1350000.0
19031.jpg,814.0,1030.0,838420.0
19032.jpg,1347.0,950.0,1279650.0
19033.jpg,1332.0,950.0,1265400.0
19034.jpg,1108.0,749.0,829892.0
19035.jpg,1091.0,770.0,840070.0
19037.jpg,1044.0,770.0,803880.0
19038.jpg,1091.0,770.0,840070.0
19039.jpg,1354.0,992.0,1343168.0
19040.jpg,1400.0,1041.0,1457400.0
19041.jpg,1600.0,1034.0,1654400.0
19042.jpg,1114.0,770.0,857780.0
19043.jpg,1399.0,1000.0,1399000.0
19044.jpg,1100.0,1359.0,1494900.0
19045.jpg,1216.0,1000.0,1216000.0
19046.jpg,1070.0,700.0,749000.0
19047.jpg,1370.0,900.0,1233000.0
19048.jpg,1100.0,1414.0,1555400.0
19050.jpg,704.0,867.0,610368.0
19057.jpg,1231.0,770.0,947870.0
19058.jpg,1290.0,989.0,1275810.0
19060.jpg,1029.0,1255.0,1291395.0
19061.jpg,971.0,1200.0,1165200.0
19064.jpg,1042.0,840.0,875280.0
19065.jpg,1026.0,940.0,964440.0
19066.jpg,711.0,880.0,625680.0
19067.jpg,1119.0,820.0,917580.0
19068.jpg,1117.0,860.0,960620.0
19069.jpg,709.0,900.0,638100.0
19070.jpg,820.0,1040.0,852800.0
19072.jpg,986.0,811.0,799646.0
19073.jpg,800.0,643.0,514400.0
19074.jpg,500.0,724.0,362000.0
19075.jpg,845.0,1039.0,877955.0
19076.jpg,1169.0,800.0,935200.0
19082.jpg,800.0,1113.0,890400.0
19083.jpg,898.0,1253.0,1125194.0
19084.jpg,981.0,820.0,804420.0
19086.jpg,1053.0,697.0,733941.0
19087.jpg,1170.0,606.0,709020.0
19088.jpg,1212.0,1200.0,1454400.0
19089.jpg,900.0,920.0,828000.0
19090.jpg,750.0,1037.0,777750.0
19091.jpg,700.0,964.0,674800.0
19094.jpg,552.0,800.0,441600.0
19095.jpg,621.0,861.0,534681.0
19096.jpg,550.0,1417.0,779350.0
19097.jpg,975.0,803.0,782925.0
19098.jpg,811.0,1012.0,820732.0
19099.jpg,820.0,1024.0,839680.0
19100.jpg,1029.0,876.0,901404.0
19101.jpg,801.0,1090.0,873090.0
19102.jpg,801.0,1103.0,883503.0
19103.jpg,904.0,924.0,835296.0
19104.jpg,1088.0,770.0,837760.0
19105.jpg,2225.0,350.0,778750.0
19106.jpg,806.0,1125.0,906750.0
19107.jpg,1008.0,886.0,893088.0
19108.jpg,504.0,1212.0,610848.0
19109.jpg,872.0,1053.0,918216.0
19110.jpg,807.0,1062.0,857034.0
19111.jpg,895.0,1030.0,921850.0
19112.jpg,809.0,1145.0,926305.0
19113.jpg,1030.0,825.0,849750.0
19114.jpg,802.0,1034.0,829268.0
19115.jpg,909.0,1075.0,977175.0
19116.jpg,855.0,1137.0,972135.0
19117.jpg,607.0,1280.0,776960.0
19118.jpg,709.0,889.0,630301.0
19119.jpg,608.0,1278.0,777024.0
19120.jpg,801.0,970.0,776970.0
19121.jpg,975.0,989.0,964275.0
19122.jpg,709.0,877.0,621793.0
19123.jpg,602.0,1258.0,757316.0
19124.jpg,709.0,876.0,621084.0
19125.jpg,740.0,1229.0,909460.0
19126.jpg,748.0,929.0,694892.0
19127.jpg,813.0,1005.0,817065.0
19128.jpg,750.0,1252.0,939000.0
19129.jpg,730.0,973.0,710290.0
19130.jpg,705.0,944.0,665520.0
19131.jpg,810.0,1058.0,856980.0
19132.jpg,827.0,1042.0,861734.0
19133.jpg,849.0,1045.0,887205.0
19134.jpg,900.0,1112.0,1000800.0
19135.jpg,840.0,1049.0,881160.0
19136.jpg,888.0,1150.0,1021200.0
19137.jpg,809.0,1025.0,829225.0
19138.jpg,803.0,1163.0,933889.0
19139.jpg,953.0,793.0,755729.0
19140.jpg,1208.0,1189.0,1436312.0
19141.jpg,855.0,620.0,530100.0
19142.jpg,834.0,1060.0,884040.0
19143.jpg,856.0,706.0,604336.0
19144.jpg,860.0,1214.0,1044040.0
19145.jpg,816.0,1060.0,864960.0
19146.jpg,821.0,1200.0,985200.0
19147.jpg,836.0,1172.0,979792.0
19148.jpg,798.0,1000.0,798000.0
19149.jpg,818.0,1002.0,819636.0
19150.jpg,652.0,942.0,614184.0
19151.jpg,1002.0,1300.0,1302600.0
19152.jpg,633.0,800.0,506400.0
19153.jpg,1000.0,1132.0,1132000.0
19154.jpg,831.0,990.0,822690.0
19155.jpg,1225.0,805.0,986125.0
19156.jpg,889.0,789.0,701421.0
19157.jpg,802.0,1049.0,841298.0
19158.jpg,801.0,1081.0,865881.0
19159.jpg,1500.0,1423.0,2134500.0
19160.jpg,760.0,1041.0,791160.0
19161.jpg,850.0,1036.0,880600.0
19162.jpg,950.0,978.0,929100.0
19164.jpg,1027.0,1000.0,1027000.0
19165.jpg,883.0,1080.0,953640.0
19166.jpg,1413.0,1400.0,1978200.0
19167.jpg,1084.0,1069.0,1158796.0
19168.jpg,805.0,1094.0,880670.0
19169.jpg,1117.0,801.0,894717.0
19170.jpg,1079.0,876.0,945204.0
19171.jpg,1078.0,883.0,951874.0
19172.jpg,808.0,1069.0,863752.0
19173.jpg,750.0,1119.0,839250.0
19174.jpg,610.0,1089.0,664290.0
19175.jpg,801.0,1300.0,1041300.0
19176.jpg,801.0,1033.0,827433.0
19177.jpg,829.0,1106.0,916874.0
19178.jpg,850.0,1091.0,927350.0
19179.jpg,816.0,975.0,795600.0
19180.jpg,750.0,1089.0,816750.0
19181.jpg,1298.0,770.0,999460.0
19182.jpg,1117.0,660.0,737220.0
19183.jpg,886.0,883.0,782338.0
19184.jpg,941.0,1200.0,1129200.0
19185.jpg,802.0,1035.0,830070.0
19186.jpg,946.0,942.0,891132.0
19187.jpg,640.0,1409.0,901760.0
19188.jpg,1036.0,652.0,675472.0
19189.jpg,801.0,1041.0,833841.0
19190.jpg,800.0,1035.0,828000.0
19191.jpg,950.0,1227.0,1165650.0
19192.jpg,760.0,965.0,733400.0
19193.jpg,854.0,1062.0,906948.0
19194.jpg,810.0,1113.0,901530.0
19195.jpg,806.0,983.0,792298.0
19196.jpg,805.0,990.0,796950.0
19197.jpg,802.0,1006.0,806812.0
19198.jpg,806.0,1172.0,944632.0
19199.jpg,806.0,1123.0,905138.0
19200.jpg,921.0,1100.0,1013100.0
19201.jpg,1138.0,1100.0,1251800.0
19243.jpg,807.0,1010.0,815070.0
19244.jpg,1080.0,610.0,658800.0
19245.jpg,493.0,527.0,259811.0
19246.jpg,500.0,498.0,249000.0
19247.jpg,444.0,442.0,196248.0
19248.jpg,446.0,442.0,197132.0
19249.jpg,977.0,1000.0,977000.0
19250.jpg,700.0,705.0,493500.0
19251.jpg,1454.0,700.0,1017800.0
19257.jpg,1554.0,1200.0,1864800.0
19264.jpg,1000.0,1524.0,1524000.0
19265.jpg,1100.0,825.0,907500.0
19266.jpg,838.0,604.0,506152.0
19267.jpg,1088.0,800.0,870400.0
19268.jpg,1253.0,800.0,1002400.0
19269.jpg,1008.0,700.0,705600.0
19270.jpg,742.0,900.0,667800.0
19271.jpg,1617.0,750.0,1212750.0
19273.jpg,1587.0,1000.0,1587000.0
19274.jpg,1228.0,900.0,1105200.0
19275.jpg,1400.0,1146.0,1604400.0
19276.jpg,1477.0,1000.0,1477000.0
19277.jpg,877.0,700.0,613900.0
19281.jpg,1144.0,700.0,800800.0
19282.jpg,970.0,650.0,630500.0
19284.jpg,1247.0,1029.0,1283163.0
19285.jpg,1250.0,1088.0,1360000.0
19287.jpg,1124.0,1400.0,1573600.0
19288.jpg,1200.0,1327.0,1592400.0
19289.jpg,1500.0,1074.0,1611000.0
19292.jpg,1400.0,1139.0,1594600.0
19293.jpg,1067.0,1500.0,1600500.0
19294.jpg,857.0,1014.0,868998.0
19296.jpg,1315.0,1000.0,1315000.0
19299.jpg,1400.0,1113.0,1558200.0
19302.jpg,800.0,971.0,776800.0
19303.jpg,750.0,1038.0,778500.0
19304.jpg,1191.0,800.0,952800.0
19305.jpg,900.0,1024.0,921600.0
19306.jpg,1584.0,1100.0,1742400.0
19307.jpg,683.0,989.0,675487.0
19308.jpg,1064.0,905.0,962920.0
19309.jpg,1098.0,730.0,801540.0
19310.jpg,1003.0,1000.0,1003000.0
19311.jpg,1000.0,1006.0,1006000.0
19312.jpg,1393.0,1000.0,1393000.0
19313.jpg,1402.0,1035.0,1451070.0
19314.jpg,1054.0,900.0,948600.0
19315.jpg,1486.0,1000.0,1486000.0
19316.jpg,737.0,1050.0,773850.0
19317.jpg,987.0,660.0,651420.0
19318.jpg,1026.0,770.0,790020.0
19320.jpg,1100.0,1322.0,1454200.0
19322.jpg,1100.0,1302.0,1432200.0
19323.jpg,1374.0,1100.0,1511400.0
19324.jpg,863.0,1094.0,944122.0
19325.jpg,813.0,1003.0,815439.0
19326.jpg,971.0,1240.0,1204040.0
19327.jpg,1402.0,995.0,1394990.0
19328.jpg,1056.0,1000.0,1056000.0
19329.jpg,1206.0,950.0,1145700.0
19330.jpg,850.0,1050.0,892500.0
19331.jpg,1100.0,1369.0,1505900.0
19332.jpg,859.0,1081.0,928579.0
19333.jpg,1136.0,770.0,874720.0
19334.jpg,975.0,870.0,848250.0
19335.jpg,1312.0,900.0,1180800.0
19336.jpg,1700.0,1137.0,1932900.0
19337.jpg,1276.0,1100.0,1403600.0
19338.jpg,750.0,1274.0,955500.0
19340.jpg,1253.0,1000.0,1253000.0
19341.jpg,738.0,900.0,664200.0
19342.jpg,900.0,1117.0,1005300.0
19343.jpg,1318.0,1000.0,1318000.0
19344.jpg,1072.0,930.0,996960.0
19345.jpg,1050.0,1304.0,1369200.0
19346.jpg,1100.0,1342.0,1476200.0
19347.jpg,1055.0,1255.0,1324025.0
19348.jpg,1000.0,1264.0,1264000.0
19349.jpg,1390.0,1600.0,2224000.0
19350.jpg,1300.0,1412.0,1835600.0
19351.jpg,1119.0,1300.0,1454700.0
19352.jpg,1300.0,1519.0,1974700.0
19353.jpg,1038.0,1400.0,1453200.0
19354.jpg,1028.0,1300.0,1336400.0
19355.jpg,1062.0,1300.0,1380600.0
19356.jpg,1072.0,1200.0,1286400.0
19357.jpg,836.0,960.0,802560.0
19358.jpg,845.0,980.0,828100.0
19359.jpg,1035.0,1400.0,1449000.0
19360.jpg,1031.0,1200.0,1237200.0
19361.jpg,1042.0,920.0,958640.0
19362.jpg,1200.0,1424.0,1708800.0
19363.jpg,1050.0,1300.0,1365000.0
19364.jpg,1100.0,1339.0,1472900.0
19365.jpg,1300.0,1194.0,1552200.0
19366.jpg,1000.0,1208.0,1208000.0
19367.jpg,1304.0,1144.0,1491776.0
19369.jpg,977.0,861.0,841197.0
19370.jpg,879.0,1000.0,879000.0
19371.jpg,1253.0,1400.0,1754200.0
19372.jpg,1100.0,1345.0,1479500.0
19373.jpg,1333.0,1150.0,1532950.0
19374.jpg,900.0,770.0,693000.0
19375.jpg,892.0,891.0,794772.0
19376.jpg,1495.0,1300.0,1943500.0
19377.jpg,796.0,1021.0,812716.0
19378.jpg,1077.0,900.0,969300.0
19379.jpg,900.0,1023.0,920700.0
19380.jpg,1329.0,1100.0,1461900.0
19382.jpg,964.0,888.0,856032.0
19383.jpg,841.0,1002.0,842682.0
19384.jpg,1200.0,1419.0,1702800.0
19385.jpg,1400.0,1178.0,1649200.0
19386.jpg,1112.0,1300.0,1445600.0
19387.jpg,1270.0,1400.0,1778000.0
19388.jpg,874.0,1008.0,880992.0
19389.jpg,950.0,774.0,735300.0
19390.jpg,624.0,765.0,477360.0
19393.jpg,950.0,1200.0,1140000.0
19394.jpg,1115.0,1400.0,1561000.0
19395.jpg,650.0,1344.0,873600.0
19396.jpg,1000.0,1471.0,1471000.0
19397.jpg,1100.0,1359.0,1494900.0
19398.jpg,1100.0,1414.0,1555400.0
19400.jpg,889.0,1079.0,959231.0
19401.jpg,1000.0,1207.0,1207000.0
19402.jpg,975.0,1255.0,1223625.0
19403.jpg,1114.0,1400.0,1559600.0
19404.jpg,1070.0,800.0,856000.0
19405.jpg,1400.0,1116.0,1562400.0
19407.jpg,1030.0,783.0,806490.0
19412.jpg,800.0,965.0,772000.0
19414.jpg,829.0,1023.0,848067.0
19415.jpg,762.0,1095.0,834390.0
19419.jpg,1034.0,1244.0,1286296.0
19420.jpg,765.0,1092.0,835380.0
19442.jpg,402.0,527.0,211854.0
19443.jpg,964.0,1100.0,1060400.0
19444.jpg,600.0,589.0,353400.0
19447.jpg,1408.0,1000.0,1408000.0
19448.jpg,1400.0,954.0,1335600.0
19449.jpg,1300.0,800.0,1040000.0
19450.jpg,1022.0,700.0,715400.0
19452.jpg,800.0,1215.0,972000.0
19453.jpg,904.0,650.0,587600.0
19454.jpg,1232.0,900.0,1108800.0
19455.jpg,1000.0,1446.0,1446000.0
19456.jpg,1300.0,1108.0,1440400.0
19457.jpg,1000.0,1559.0,1559000.0
19458.jpg,942.0,1400.0,1318800.0
19459.jpg,1000.0,1321.0,1321000.0
19460.jpg,1035.0,1300.0,1345500.0
19461.jpg,1244.0,1100.0,1368400.0
19497.jpg,1054.0,1253.0,1320662.0
19498.jpg,848.0,1033.0,875984.0
19499.jpg,1013.0,1253.0,1269289.0
19502.jpg,1120.0,1100.0,1232000.0
19503.jpg,807.0,957.0,772299.0
19506.jpg,702.0,920.0,645840.0
19512.jpg,1238.0,800.0,990400.0
19513.jpg,1274.0,1100.0,1401400.0
19514.jpg,1024.0,820.0,839680.0
19516.jpg,1126.0,1431.0,1611306.0
19519.jpg,1367.0,800.0,1093600.0
19520.jpg,1261.0,800.0,1008800.0
19521.jpg,1257.0,800.0,1005600.0
19522.jpg,1400.0,838.0,1173200.0
19523.jpg,1302.0,900.0,1171800.0
19524.jpg,1299.0,900.0,1169100.0
19528.jpg,995.0,1195.0,1189025.0
19530.jpg,1024.0,1200.0,1228800.0
19531.jpg,894.0,1200.0,1072800.0
19538.jpg,800.0,1032.0,825600.0
19540.jpg,1444.0,700.0,1010800.0
19541.jpg,842.0,903.0,760326.0
19542.jpg,852.0,1150.0,979800.0
19543.jpg,750.0,960.0,720000.0
19544.jpg,800.0,1009.0,807200.0
19545.jpg,534.0,760.0,405840.0
19546.jpg,598.0,1100.0,657800.0
19553.jpg,1051.0,1400.0,1471400.0
19555.jpg,800.0,692.0,553600.0
19556.jpg,1400.0,1008.0,1411200.0
19557.jpg,1068.0,770.0,822360.0
19558.jpg,1000.0,1411.0,1411000.0
19559.jpg,1300.0,973.0,1264900.0
19560.jpg,600.0,1224.0,734400.0
19561.jpg,1100.0,1402.0,1542200.0
19562.jpg,,,
19564.jpg,1148.0,700.0,803600.0
19579.jpg,1200.0,818.0,981600.0
19580.jpg,1255.0,858.0,1076790.0
19582.jpg,569.0,811.0,461459.0
19586.jpg,758.0,1020.0,773160.0
19590.jpg,948.0,1255.0,1189740.0
19591.jpg,938.0,1255.0,1177190.0
19592.jpg,905.0,1100.0,995500.0
19593.jpg,828.0,1103.0,913284.0
19595.jpg,839.0,1000.0,839000.0
19597.jpg,670.0,900.0,603000.0
19600.jpg,900.0,1174.0,1056600.0
19602.jpg,1428.0,900.0,1285200.0
19603.jpg,987.0,807.0,796509.0
19604.jpg,1500.0,1186.0,1779000.0
19605.jpg,1261.0,950.0,1197950.0
19607.jpg,720.0,1000.0,720000.0
19608.jpg,1124.0,1300.0,1461200.0
19609.jpg,451.0,900.0,405900.0
19610.jpg,1000.0,1235.0,1235000.0
19611.jpg,900.0,1399.0,1259100.0
19612.jpg,858.0,1350.0,1158300.0
19613.jpg,1010.0,1300.0,1313000.0
19614.jpg,1100.0,1426.0,1568600.0
19615.jpg,1100.0,1342.0,1476200.0
19616.jpg,1000.0,1438.0,1438000.0
19617.jpg,1000.0,1521.0,1521000.0
19618.jpg,850.0,1008.0,856800.0
19619.jpg,1200.0,1406.0,1687200.0
19620.jpg,850.0,1076.0,914600.0
19621.jpg,1638.0,900.0,1474200.0
19622.jpg,713.0,900.0,641700.0
19624.jpg,1400.0,1064.0,1489600.0
19625.jpg,1100.0,1440.0,1584000.0
19626.jpg,1052.0,1400.0,1472800.0
19627.jpg,1127.0,1400.0,1577800.0
19629.jpg,700.0,1437.0,1005900.0
19630.jpg,1047.0,850.0,889950.0
19631.jpg,1190.0,1600.0,1904000.0
19632.jpg,800.0,1284.0,1027200.0
19633.jpg,1205.0,900.0,1084500.0
19634.jpg,1000.0,1244.0,1244000.0
19635.jpg,728.0,900.0,655200.0
19636.jpg,850.0,1025.0,871250.0
19637.jpg,1000.0,1328.0,1328000.0
19638.jpg,1029.0,1400.0,1440600.0
19639.jpg,880.0,1132.0,996160.0
19641.jpg,1016.0,1012.0,1028192.0
19642.jpg,1002.0,750.0,751500.0
19643.jpg,969.0,650.0,629850.0
19644.jpg,1198.0,770.0,922460.0
19645.jpg,1600.0,862.0,1379200.0
19646.jpg,959.0,708.0,678972.0
19647.jpg,1076.0,765.0,823140.0
19648.jpg,993.0,800.0,794400.0
19650.jpg,1255.0,736.0,923680.0
19656.jpg,580.0,900.0,522000.0
19658.jpg,802.0,1006.0,806812.0
19662.jpg,939.0,974.0,914586.0
19665.jpg,850.0,1250.0,1062500.0
19666.jpg,800.0,1075.0,860000.0
19667.jpg,1354.0,1000.0,1354000.0
19668.jpg,1000.0,1503.0,1503000.0
19669.jpg,1300.0,1214.0,1578200.0
19670.jpg,675.0,900.0,607500.0
19671.jpg,645.0,900.0,580500.0
19672.jpg,931.0,1000.0,931000.0
19673.jpg,1300.0,1026.0,1333800.0
19674.jpg,1400.0,1115.0,1561000.0
19675.jpg,1100.0,1007.0,1107700.0
19676.jpg,900.0,802.0,721800.0
19677.jpg,1000.0,653.0,653000.0
19678.jpg,1050.0,1306.0,1371300.0
19679.jpg,1385.0,931.0,1289435.0
19681.jpg,653.0,920.0,600760.0
19685.jpg,1000.0,1421.0,1421000.0
19690.jpg,910.0,1400.0,1274000.0
19691.jpg,1035.0,900.0,931500.0
19692.jpg,964.0,900.0,867600.0
19694.jpg,1552.0,650.0,1008800.0
19695.jpg,876.0,898.0,786648.0
19696.jpg,1139.0,850.0,968150.0
19697.jpg,800.0,1165.0,932000.0
19699.jpg,2222.0,800.0,1777600.0
19700.jpg,1463.0,1000.0,1463000.0
19701.jpg,1255.0,892.0,1119460.0
19702.jpg,1245.0,621.0,773145.0
19703.jpg,850.0,1022.0,868700.0
19704.jpg,1400.0,921.0,1289400.0
19705.jpg,1428.0,1100.0,1570800.0
19706.jpg,1200.0,951.0,1141200.0
19707.jpg,1014.0,760.0,770640.0
19709.jpg,780.0,997.0,777660.0
19710.jpg,970.0,1034.0,1002980.0
19711.jpg,682.0,450.0,306900.0
19712.jpg,670.0,450.0,301500.0
19713.jpg,1000.0,1206.0,1206000.0
19714.jpg,682.0,900.0,613800.0
19727.jpg,900.0,1421.0,1278900.0
19730.jpg,750.0,988.0,741000.0
19733.jpg,939.0,700.0,657300.0
19734.jpg,1016.0,1200.0,1219200.0
19735.jpg,800.0,1079.0,863200.0
19736.jpg,792.0,1003.0,794376.0
19742.jpg,292.0,717.0,209364.0
19744.jpg,994.0,914.0,908516.0
19745.jpg,1120.0,800.0,896000.0
19746.jpg,699.0,1400.0,978600.0
19747.jpg,832.0,808.0,672256.0
19750.jpg,1004.0,1000.0,1004000.0
19751.jpg,451.0,729.0,328779.0
19752.jpg,450.0,450.0,202500.0
19755.jpg,1108.0,1102.0,1221016.0
19756.jpg,623.0,987.0,614901.0
19761.jpg,838.0,1500.0,1257000.0
19762.jpg,800.0,1444.0,1155200.0
19763.jpg,1075.0,800.0,860000.0
19764.jpg,874.0,1700.0,1485800.0
19765.jpg,902.0,1700.0,1533400.0
19766.jpg,1000.0,1421.0,1421000.0
19767.jpg,793.0,1700.0,1348100.0
19768.jpg,903.0,1567.0,1415001.0
19769.jpg,900.0,939.0,845100.0
19770.jpg,900.0,942.0,847800.0
19771.jpg,1050.0,1400.0,1470000.0
19772.jpg,887.0,1700.0,1507900.0
19773.jpg,906.0,1700.0,1540200.0
19774.jpg,750.0,1700.0,1275000.0
19775.jpg,900.0,1567.0,1410300.0
19776.jpg,900.0,907.0,816300.0
19777.jpg,800.0,1096.0,876800.0
19778.jpg,886.0,1700.0,1506200.0
19779.jpg,908.0,1700.0,1543600.0
19780.jpg,1000.0,1063.0,1063000.0
19781.jpg,753.0,1700.0,1280100.0
19782.jpg,1058.0,1200.0,1269600.0
19783.jpg,1281.0,900.0,1152900.0
19784.jpg,1241.0,900.0,1116900.0
19785.jpg,1263.0,900.0,1136700.0
19786.jpg,1189.0,850.0,1010650.0
19787.jpg,1039.0,850.0,883150.0
19788.jpg,1048.0,1400.0,1467200.0
19789.jpg,800.0,1313.0,1050400.0
19790.jpg,1716.0,800.0,1372800.0
19791.jpg,938.0,1400.0,1313200.0
19792.jpg,733.0,1000.0,733000.0
19793.jpg,795.0,1400.0,1113000.0
19794.jpg,1100.0,1231.0,1354100.0
19795.jpg,691.0,2000.0,1382000.0
19796.jpg,1000.0,1002.0,1002000.0
19797.jpg,1030.0,1000.0,1030000.0
19798.jpg,1526.0,900.0,1373400.0
19799.jpg,1000.0,1452.0,1452000.0
19800.jpg,746.0,1000.0,746000.0
19801.jpg,900.0,1206.0,1085400.0
19802.jpg,551.0,1100.0,606100.0
19803.jpg,564.0,1168.0,658752.0
19804.jpg,1025.0,796.0,815900.0
19806.jpg,1250.0,761.0,951250.0
19807.jpg,962.0,1200.0,1154400.0
19825.jpg,1200.0,913.0,1095600.0
19829.jpg,1200.0,814.0,976800.0
19837.jpg,1097.0,764.0,838108.0
19838.jpg,750.0,916.0,687000.0
19841.jpg,955.0,700.0,668500.0
19844.jpg,1062.0,827.0,878274.0
19846.jpg,956.0,634.0,606104.0
19850.jpg,900.0,699.0,629100.0
19852.jpg,450.0,600.0,270000.0
19854.jpg,1300.0,1042.0,1354600.0
19855.jpg,730.0,918.0,670140.0
19856.jpg,805.0,1010.0,813050.0
19867.jpg,735.0,900.0,661500.0
19868.jpg,1016.0,1255.0,1275080.0
19874.jpg,986.0,1253.0,1235458.0
19875.jpg,850.0,1066.0,906100.0
19877.jpg,1211.0,966.0,1169826.0
19878.jpg,808.0,1400.0,1131200.0
19883.jpg,1500.0,958.0,1437000.0
19884.jpg,1100.0,580.0,638000.0
19890.jpg,1400.0,748.0,1047200.0
19891.jpg,1408.0,770.0,1084160.0
19894.jpg,1065.0,760.0,809400.0
19908.jpg,917.0,672.0,616224.0
19909.jpg,1133.0,707.0,801031.0
19910.jpg,1250.0,876.0,1095000.0
19911.jpg,1400.0,1127.0,1577800.0
19912.jpg,929.0,645.0,599205.0
19913.jpg,1253.0,1000.0,1253000.0
19914.jpg,1000.0,1038.0,1038000.0
19915.jpg,1100.0,1291.0,1420100.0
19916.jpg,1094.0,798.0,873012.0
19919.jpg,1400.0,1047.0,1465800.0
19920.jpg,1400.0,1002.0,1402800.0
19921.jpg,919.0,1200.0,1102800.0
19922.jpg,875.0,1257.0,1099875.0
19923.jpg,1207.0,726.0,876282.0
19924.jpg,1049.0,1500.0,1573500.0
19928.jpg,1400.0,1046.0,1464400.0
19929.jpg,1100.0,826.0,908600.0
19930.jpg,757.0,937.0,709309.0
19931.jpg,1193.0,1500.0,1789500.0
19933.jpg,860.0,1135.0,976100.0
19934.jpg,1217.0,1600.0,1947200.0
19935.jpg,1234.0,1600.0,1974400.0
19936.jpg,800.0,1005.0,804000.0
19937.jpg,739.0,900.0,665100.0
19938.jpg,907.0,1080.0,979560.0
19939.jpg,1067.0,1300.0,1387100.0
19940.jpg,386.0,300.0,115800.0
19941.jpg,386.0,300.0,115800.0
19942.jpg,1363.0,1600.0,2180800.0
19943.jpg,900.0,1392.0,1252800.0
19944.jpg,916.0,830.0,760280.0
19945.jpg,733.0,1030.0,754990.0
19946.jpg,739.0,1030.0,761170.0
19947.jpg,1024.0,1500.0,1536000.0
19948.jpg,644.0,1160.0,747040.0
19949.jpg,750.0,1612.0,1209000.0
19952.jpg,955.0,867.0,827985.0
19953.jpg,1251.0,910.0,1138410.0
19954.jpg,1021.0,810.0,827010.0
19955.jpg,875.0,770.0,673750.0
19956.jpg,1108.0,700.0,775600.0
19958.jpg,1255.0,952.0,1194760.0
19959.jpg,544.0,850.0,462400.0
19962.jpg,1234.0,900.0,1110600.0
19963.jpg,834.0,750.0,625500.0
19964.jpg,1185.0,750.0,888750.0
19965.jpg,805.0,1076.0,866180.0
19966.jpg,1190.0,1255.0,1493450.0
19967.jpg,1381.0,970.0,1339570.0
19968.jpg,1031.0,1190.0,1226890.0
19970.jpg,1080.0,800.0,864000.0
19973.jpg,900.0,1139.0,1025100.0
19974.jpg,746.0,780.0,581880.0
19975.jpg,941.0,1400.0,1317400.0
19976.jpg,697.0,960.0,669120.0
19977.jpg,1030.0,817.0,841510.0
19978.jpg,900.0,829.0,746100.0
19979.jpg,1100.0,960.0,1056000.0
19980.jpg,630.0,499.0,314370.0
19983.jpg,853.0,980.0,835940.0
19984.jpg,648.0,864.0,559872.0
19985.jpg,707.0,1061.0,750127.0
19986.jpg,1271.0,900.0,1143900.0
19988.jpg,1000.0,1336.0,1336000.0
19989.jpg,758.0,900.0,682200.0
19990.jpg,735.0,921.0,676935.0
19991.jpg,1000.0,1358.0,1358000.0
19993.jpg,847.0,1200.0,1016400.0
19994.jpg,1100.0,1409.0,1549900.0
19995.jpg,610.0,831.0,506910.0
19996.jpg,1236.0,804.0,993744.0
19997.jpg,1034.0,1000.0,1034000.0
19998.jpg,1002.0,1255.0,1257510.0
19999.jpg,949.0,1254.0,1190046.0
20000.jpg,900.0,1115.0,1003500.0
20001.jpg,809.0,1242.0,1004778.0
20002.jpg,1253.0,1200.0,1503600.0
20003.jpg,986.0,1255.0,1237430.0
20004.jpg,1500.0,1242.0,1863000.0
20005.jpg,1304.0,1400.0,1825600.0
20006.jpg,554.0,860.0,476440.0
20009.jpg,659.0,900.0,593100.0
20011.jpg,801.0,1300.0,1041300.0
20013.jpg,900.0,1167.0,1050300.0
20014.jpg,735.0,1020.0,749700.0
20015.jpg,757.0,950.0,719150.0
20016.jpg,650.0,940.0,611000.0
20017.jpg,1663.0,950.0,1579850.0
20018.jpg,1347.0,800.0,1077600.0
20019.jpg,765.0,952.0,728280.0
20021.jpg,750.0,1349.0,1011750.0
20022.jpg,1203.0,860.0,1034580.0
20023.jpg,820.0,1273.0,1043860.0
20024.jpg,604.0,843.0,509172.0
20025.jpg,900.0,1232.0,1108800.0
20026.jpg,947.0,1197.0,1133559.0
20028.jpg,610.0,700.0,427000.0
20029.jpg,800.0,1187.0,949600.0
20030.jpg,700.0,1106.0,774200.0
20031.jpg,700.0,1092.0,764400.0
20032.jpg,802.0,1072.0,859744.0
20033.jpg,850.0,1137.0,966450.0
20034.jpg,850.0,1152.0,979200.0
20035.jpg,850.0,1157.0,983450.0
20036.jpg,850.0,1140.0,969000.0
20037.jpg,850.0,1141.0,969850.0
20038.jpg,850.0,1149.0,976650.0
20039.jpg,900.0,1319.0,1187100.0
20040.jpg,595.0,800.0,476000.0
20041.jpg,750.0,1026.0,769500.0
20042.jpg,1489.0,600.0,893400.0
20043.jpg,1583.0,1000.0,1583000.0
20045.jpg,647.0,850.0,549950.0
20048.jpg,984.0,1252.0,1231968.0
20050.jpg,1029.0,1255.0,1291395.0
20051.jpg,705.0,900.0,634500.0
20052.jpg,939.0,1200.0,1126800.0
20053.jpg,1180.0,770.0,908600.0
20083.jpg,1034.0,850.0,878900.0
20084.jpg,1100.0,1300.0,1430000.0
20085.jpg,856.0,1000.0,856000.0
20086.jpg,1097.0,712.0,781064.0
20087.jpg,750.0,880.0,660000.0
20088.jpg,638.0,798.0,509124.0
20089.jpg,872.0,701.0,611272.0
20090.jpg,900.0,1188.0,1069200.0
20091.jpg,800.0,919.0,735200.0
20092.jpg,1013.0,850.0,861050.0
20093.jpg,863.0,980.0,845740.0
20094.jpg,1200.0,1355.0,1626000.0
20095.jpg,798.0,959.0,765282.0
20096.jpg,1000.0,1217.0,1217000.0
20097.jpg,1221.0,1400.0,1709400.0
20098.jpg,1071.0,1300.0,1392300.0
20104.jpg,1026.0,1300.0,1333800.0
20106.jpg,1046.0,1296.0,1355616.0
20107.jpg,1046.0,1294.0,1353524.0
20108.jpg,1298.0,1249.0,1621202.0
20110.jpg,1059.0,1279.0,1354461.0
20111.jpg,702.0,891.0,625482.0
20112.jpg,1000.0,1259.0,1259000.0
20113.jpg,1254.0,900.0,1128600.0
20114.jpg,920.0,1250.0,1150000.0
20115.jpg,1019.0,1250.0,1273750.0
20116.jpg,1250.0,999.0,1248750.0
20117.jpg,700.0,1024.0,716800.0
20119.jpg,1092.0,900.0,982800.0
20120.jpg,1201.0,551.0,661751.0
20123.jpg,1099.0,770.0,846230.0
20124.jpg,1062.0,770.0,817740.0
20125.jpg,754.0,1000.0,754000.0
20129.jpg,1069.0,813.0,869097.0
20130.jpg,1055.0,811.0,855605.0
20133.jpg,1390.0,900.0,1251000.0
20137.jpg,1074.0,700.0,751800.0
20143.jpg,1034.0,1255.0,1297670.0
20144.jpg,1010.0,1255.0,1267550.0
20151.jpg,820.0,1095.0,897900.0
20152.jpg,1003.0,1232.0,1235696.0
20153.jpg,900.0,1148.0,1033200.0
20154.jpg,905.0,1200.0,1086000.0
20155.jpg,950.0,1253.0,1190350.0
20156.jpg,1002.0,1156.0,1158312.0
20157.jpg,842.0,989.0,832738.0
20159.jpg,1001.0,780.0,780780.0
20160.jpg,1020.0,746.0,760920.0
20161.jpg,700.0,836.0,585200.0
20163.jpg,950.0,637.0,605150.0
20164.jpg,873.0,1200.0,1047600.0
20165.jpg,1200.0,915.0,1098000.0
20166.jpg,1200.0,921.0,1105200.0
20167.jpg,1200.0,922.0,1106400.0
20168.jpg,1200.0,947.0,1136400.0
20169.jpg,1000.0,1476.0,1476000.0
20171.jpg,1100.0,799.0,878900.0
20172.jpg,1030.0,684.0,704520.0
20173.jpg,758.0,1003.0,760274.0
20174.jpg,760.0,607.0,461320.0
20175.jpg,530.0,390.0,206700.0
20176.jpg,1217.0,798.0,971166.0
20177.jpg,1217.0,796.0,968732.0
20178.jpg,1099.0,798.0,877002.0
20179.jpg,1098.0,794.0,871812.0
20180.jpg,1160.0,800.0,928000.0
20181.jpg,1005.0,1248.0,1254240.0
20184.jpg,1202.0,800.0,961600.0
20187.jpg,1371.0,900.0,1233900.0
20188.jpg,1243.0,900.0,1118700.0
20192.jpg,1400.0,897.0,1255800.0
20193.jpg,1000.0,736.0,736000.0
20195.jpg,1249.0,884.0,1104116.0
20196.jpg,1400.0,1057.0,1479800.0
20198.jpg,1600.0,582.0,931200.0
20207.jpg,1200.0,1500.0,1800000.0
20208.jpg,763.0,1005.0,766815.0
20212.jpg,814.0,1114.0,906796.0
20213.jpg,1000.0,1346.0,1346000.0
20215.jpg,735.0,1054.0,774690.0
20216.jpg,714.0,1054.0,752556.0
20217.jpg,838.0,1170.0,980460.0
20227.jpg,821.0,1100.0,903100.0
20228.jpg,1400.0,1145.0,1603000.0
20230.jpg,1005.0,1200.0,1206000.0
20232.jpg,1189.0,750.0,891750.0
20233.jpg,804.0,1075.0,864300.0
20234.jpg,1199.0,1700.0,2038300.0
20235.jpg,618.0,850.0,525300.0
20236.jpg,637.0,850.0,541450.0
20237.jpg,918.0,1253.0,1150254.0
20238.jpg,600.0,850.0,510000.0
20239.jpg,789.0,1200.0,946800.0
20240.jpg,936.0,1400.0,1310400.0
20241.jpg,618.0,796.0,491928.0
20242.jpg,705.0,880.0,620400.0
20243.jpg,1089.0,900.0,980100.0
20244.jpg,750.0,972.0,729000.0
20245.jpg,750.0,992.0,744000.0
20246.jpg,892.0,1300.0,1159600.0
20251.jpg,1000.0,1255.0,1255000.0
20264.jpg,850.0,1121.0,952850.0
20265.jpg,1047.0,1272.0,1331784.0
20266.jpg,900.0,1120.0,1008000.0
20268.jpg,831.0,1100.0,914100.0
20269.jpg,670.0,830.0,556100.0
20272.jpg,1224.0,827.0,1012248.0
20273.jpg,622.0,850.0,528700.0
20277.jpg,1217.0,850.0,1034450.0
20280.jpg,1400.0,900.0,1260000.0
20281.jpg,1419.0,1100.0,1560900.0
20283.jpg,1350.0,857.0,1156950.0
20295.jpg,1200.0,777.0,932400.0
20296.jpg,1300.0,866.0,1125800.0
20297.jpg,880.0,1305.0,1148400.0
20299.jpg,741.0,935.0,692835.0
20300.jpg,976.0,1250.0,1220000.0
20305.jpg,1100.0,882.0,970200.0
20306.jpg,784.0,1000.0,784000.0
20309.jpg,1005.0,700.0,703500.0
20310.jpg,676.0,900.0,608400.0
20320.jpg,700.0,1795.0,1256500.0
20321.jpg,800.0,1616.0,1292800.0
20322.jpg,1100.0,849.0,933900.0
20325.jpg,1249.0,1119.0,1397631.0
20328.jpg,800.0,689.0,551200.0
20329.jpg,876.0,600.0,525600.0
20332.jpg,1210.0,795.0,961950.0
20334.jpg,1208.0,905.0,1093240.0
20335.jpg,1100.0,1215.0,1336500.0
20336.jpg,900.0,1088.0,979200.0
20338.jpg,850.0,1035.0,879750.0
20339.jpg,877.0,1005.0,881385.0
20340.jpg,800.0,1022.0,817600.0
20341.jpg,1295.0,1000.0,1295000.0
20342.jpg,891.0,987.0,879417.0
20343.jpg,1081.0,1200.0,1297200.0
20344.jpg,1251.0,923.0,1154673.0
20345.jpg,1343.0,900.0,1208700.0
20346.jpg,1099.0,800.0,879200.0
20347.jpg,1008.0,1176.0,1185408.0
20348.jpg,1250.0,1066.0,1332500.0
20349.jpg,931.0,1079.0,1004549.0
20350.jpg,1101.0,906.0,997506.0
20351.jpg,800.0,1160.0,928000.0
20352.jpg,1309.0,1000.0,1309000.0
20354.jpg,1111.0,800.0,888800.0
20357.jpg,1287.0,900.0,1158300.0
20358.jpg,1195.0,785.0,938075.0
20360.jpg,840.0,1300.0,1092000.0
20361.jpg,700.0,1092.0,764400.0
20363.jpg,1078.0,776.0,836528.0
20365.jpg,806.0,943.0,760058.0
20366.jpg,1400.0,1138.0,1593200.0
20367.jpg,1295.0,900.0,1165500.0
20368.jpg,1396.0,1100.0,1535600.0
20369.jpg,1206.0,850.0,1025100.0
20370.jpg,1210.0,800.0,968000.0
20371.jpg,1013.0,850.0,861050.0
20372.jpg,941.0,1249.0,1175309.0
20373.jpg,730.0,1000.0,730000.0
20374.jpg,1020.0,743.0,757860.0
20375.jpg,1400.0,1011.0,1415400.0
20376.jpg,700.0,819.0,573300.0
20377.jpg,1249.0,1020.0,1273980.0
20378.jpg,672.0,872.0,585984.0
20380.jpg,815.0,786.0,640590.0
20381.jpg,968.0,765.0,740520.0
20382.jpg,663.0,980.0,649740.0
20383.jpg,1341.0,750.0,1005750.0
20384.jpg,863.0,1200.0,1035600.0
20385.jpg,871.0,1200.0,1045200.0
20395.jpg,952.0,620.0,590240.0
20396.jpg,928.0,1200.0,1113600.0
20397.jpg,887.0,617.0,547279.0
20398.jpg,492.0,734.0,361128.0
20399.jpg,791.0,1530.0,1210230.0
20400.jpg,622.0,860.0,534920.0
20401.jpg,694.0,1339.0,929266.0
20402.jpg,1208.0,895.0,1081160.0
20405.jpg,516.0,792.0,408672.0
20406.jpg,1162.0,1400.0,1626800.0
20407.jpg,880.0,1255.0,1104400.0
20408.jpg,750.0,918.0,688500.0
20409.jpg,750.0,912.0,684000.0
20410.jpg,1068.0,1400.0,1495200.0
20411.jpg,998.0,702.0,700596.0
20412.jpg,932.0,1255.0,1169660.0
20416.jpg,1252.0,950.0,1189400.0
20417.jpg,1500.0,1011.0,1516500.0
20418.jpg,742.0,852.0,632184.0
20419.jpg,961.0,1253.0,1204133.0
20420.jpg,1071.0,1400.0,1499400.0
20421.jpg,1412.0,1000.0,1412000.0
20422.jpg,1100.0,1409.0,1549900.0
20423.jpg,922.0,1350.0,1244700.0
20424.jpg,1105.0,1500.0,1657500.0
20425.jpg,1504.0,1200.0,1804800.0
20426.jpg,1314.0,976.0,1282464.0
20427.jpg,1200.0,952.0,1142400.0
20434.jpg,1190.0,1600.0,1904000.0
20435.jpg,1041.0,1300.0,1353300.0
20436.jpg,942.0,1247.0,1174674.0
20437.jpg,1395.0,900.0,1255500.0
20438.jpg,950.0,1314.0,1248300.0
20439.jpg,893.0,1255.0,1120715.0
20440.jpg,823.0,1253.0,1031219.0
20441.jpg,870.0,1253.0,1090110.0
20442.jpg,900.0,1081.0,972900.0
20444.jpg,1400.0,1088.0,1523200.0
20445.jpg,1400.0,1051.0,1471400.0
20446.jpg,1000.0,1387.0,1387000.0
20447.jpg,862.0,1400.0,1206800.0
20448.jpg,600.0,1000.0,600000.0
20449.jpg,432.0,600.0,259200.0
20450.jpg,751.0,900.0,675900.0
20451.jpg,750.0,1079.0,809250.0
20453.jpg,740.0,900.0,666000.0
20455.jpg,1205.0,750.0,903750.0
20456.jpg,535.0,670.0,358450.0
20457.jpg,731.0,900.0,657900.0
20459.jpg,1132.0,1400.0,1584800.0
20460.jpg,805.0,1030.0,829150.0
20462.jpg,855.0,600.0,513000.0
20463.jpg,979.0,1300.0,1272700.0
20464.jpg,1208.0,1200.0,1449600.0
20465.jpg,992.0,1237.0,1227104.0
20466.jpg,1001.0,811.0,811811.0
20467.jpg,800.0,903.0,722400.0
20468.jpg,800.0,600.0,480000.0
20469.jpg,1400.0,659.0,922600.0
20470.jpg,952.0,860.0,818720.0
20471.jpg,1245.0,900.0,1120500.0
20472.jpg,800.0,480.0,384000.0
20473.jpg,1057.0,780.0,824460.0
20474.jpg,695.0,750.0,521250.0
20475.jpg,943.0,1300.0,1225900.0
20478.jpg,800.0,1283.0,1026400.0
20479.jpg,800.0,1030.0,824000.0
20480.jpg,1039.0,770.0,800030.0
20481.jpg,1249.0,1040.0,1298960.0
20482.jpg,1096.0,770.0,843920.0
20483.jpg,869.0,1200.0,1042800.0
20484.jpg,684.0,809.0,553356.0
20485.jpg,602.0,800.0,481600.0
20487.jpg,1132.0,1300.0,1471600.0
20488.jpg,1374.0,1100.0,1511400.0
20489.jpg,705.0,949.0,669045.0
20490.jpg,1118.0,650.0,726700.0
20491.jpg,1162.0,770.0,894740.0
20492.jpg,790.0,1140.0,900600.0
20493.jpg,751.0,1194.0,896694.0
20494.jpg,875.0,1004.0,878500.0
20495.jpg,1403.0,1000.0,1403000.0
20496.jpg,654.0,1000.0,654000.0
20497.jpg,1052.0,860.0,904720.0
20498.jpg,900.0,1226.0,1103400.0
20499.jpg,780.0,988.0,770640.0
20500.jpg,766.0,1100.0,842600.0
20501.jpg,1400.0,1658.0,2321200.0
20502.jpg,700.0,1094.0,765800.0
20503.jpg,750.0,1020.0,765000.0
20504.jpg,800.0,1021.0,816800.0
20505.jpg,670.0,900.0,603000.0
20506.jpg,829.0,930.0,770970.0
20507.jpg,560.0,653.0,365680.0
20508.jpg,801.0,1095.0,877095.0
20509.jpg,831.0,1050.0,872550.0
20510.jpg,1038.0,840.0,871920.0
20511.jpg,1010.0,829.0,837290.0
20512.jpg,802.0,1008.0,808416.0
20514.jpg,810.0,994.0,805140.0
20515.jpg,900.0,1079.0,971100.0
20517.jpg,862.0,1010.0,870620.0
20520.jpg,850.0,1127.0,957950.0
20521.jpg,1000.0,1362.0,1362000.0
20522.jpg,1003.0,1258.0,1261774.0
20523.jpg,1000.0,1224.0,1224000.0
20524.jpg,900.0,1052.0,946800.0
20525.jpg,900.0,1180.0,1062000.0
20528.jpg,703.0,900.0,632700.0
20529.jpg,1000.0,1201.0,1201000.0
20530.jpg,900.0,1102.0,991800.0
20531.jpg,873.0,1079.0,941967.0
20532.jpg,1000.0,1382.0,1382000.0
20534.jpg,1196.0,949.0,1135004.0
20535.jpg,1400.0,829.0,1160600.0
20538.jpg,1500.0,1113.0,1669500.0
20541.jpg,1144.0,750.0,858000.0
20543.jpg,1219.0,900.0,1097100.0
20544.jpg,1235.0,900.0,1111500.0
20550.jpg,1206.0,900.0,1085400.0
20552.jpg,1250.0,932.0,1165000.0
20553.jpg,920.0,1268.0,1166560.0
20555.jpg,1021.0,813.0,830073.0
20556.jpg,900.0,1152.0,1036800.0
20557.jpg,872.0,1067.0,930424.0
20559.jpg,1173.0,949.0,1113177.0
20560.jpg,900.0,738.0,664200.0
20561.jpg,1030.0,785.0,808550.0
20562.jpg,891.0,907.0,808137.0
20563.jpg,1215.0,1008.0,1224720.0
20564.jpg,1240.0,1300.0,1612000.0
20565.jpg,1400.0,1258.0,1761200.0
20566.jpg,1034.0,900.0,930600.0
20567.jpg,1441.0,1100.0,1585100.0
20568.jpg,1100.0,1301.0,1431100.0
20569.jpg,858.0,1300.0,1115400.0
20570.jpg,919.0,770.0,707630.0
20571.jpg,989.0,1249.0,1235261.0
20572.jpg,1326.0,950.0,1259700.0
20573.jpg,1300.0,1050.0,1365000.0
20579.jpg,1250.0,921.0,1151250.0
20584.jpg,1104.0,1102.0,1216608.0
20585.jpg,833.0,650.0,541450.0
20586.jpg,1200.0,819.0,982800.0
20587.jpg,1168.0,1000.0,1168000.0
20588.jpg,1046.0,826.0,863996.0
20597.jpg,1114.0,1500.0,1671000.0
20598.jpg,796.0,1255.0,998980.0
20600.jpg,1100.0,1285.0,1413500.0
20601.jpg,721.0,899.0,648179.0
20602.jpg,1200.0,1402.0,1682400.0
20603.jpg,1165.0,1400.0,1631000.0
20604.jpg,937.0,1200.0,1124400.0
20612.jpg,1046.0,790.0,826340.0
20613.jpg,1431.0,1000.0,1431000.0
20614.jpg,1100.0,1274.0,1401400.0
20615.jpg,1447.0,1200.0,1736400.0
20617.jpg,1250.0,874.0,1092500.0
20619.jpg,900.0,1114.0,1002600.0
20620.jpg,1117.0,770.0,860090.0
20621.jpg,1096.0,915.0,1002840.0
20622.jpg,751.0,923.0,693173.0
20623.jpg,1092.0,1000.0,1092000.0
20624.jpg,878.0,1100.0,965800.0
20625.jpg,1200.0,1048.0,1257600.0
20627.jpg,1000.0,1332.0,1332000.0
20628.jpg,1381.0,1100.0,1519100.0
20630.jpg,1473.0,1100.0,1620300.0
20631.jpg,1059.0,718.0,760362.0
20634.jpg,1325.0,1000.0,1325000.0
20635.jpg,732.0,900.0,658800.0
20636.jpg,942.0,704.0,663168.0
20637.jpg,1034.0,800.0,827200.0
20638.jpg,1400.0,1021.0,1429400.0
20639.jpg,785.0,1006.0,789710.0
20640.jpg,794.0,1117.0,886898.0
20641.jpg,795.0,1118.0,888810.0
20643.jpg,890.0,1103.0,981670.0
20644.jpg,1000.0,1335.0,1335000.0
20645.jpg,1500.0,1033.0,1549500.0
20647.jpg,1429.0,908.0,1297532.0
20648.jpg,950.0,1173.0,1114350.0
20649.jpg,1024.0,827.0,846848.0
20650.jpg,797.0,938.0,747586.0
20652.jpg,1216.0,990.0,1203840.0
20653.jpg,1001.0,1261.0,1262261.0
20654.jpg,1349.0,900.0,1214100.0
20657.jpg,976.0,590.0,575840.0
20658.jpg,1100.0,741.0,815100.0
20661.jpg,735.0,990.0,727650.0
20662.jpg,1247.0,900.0,1122300.0
20663.jpg,770.0,1104.0,850080.0
20665.jpg,910.0,1231.0,1120210.0
20666.jpg,767.0,1200.0,920400.0
20667.jpg,859.0,1200.0,1030800.0
20668.jpg,1020.0,800.0,816000.0
20670.jpg,750.0,1346.0,1009500.0
20671.jpg,900.0,1116.0,1004400.0
20672.jpg,996.0,522.0,519912.0
20673.jpg,1005.0,702.0,705510.0
20674.jpg,1299.0,799.0,1037901.0
20675.jpg,730.0,1190.0,868700.0
20676.jpg,750.0,1064.0,798000.0
20677.jpg,900.0,1312.0,1180800.0
20678.jpg,1200.0,1141.0,1369200.0
20679.jpg,1000.0,1300.0,1300000.0
20680.jpg,1375.0,900.0,1237500.0
20681.jpg,1500.0,754.0,1131000.0
20682.jpg,1071.0,1300.0,1392300.0
20683.jpg,935.0,1210.0,1131350.0
20684.jpg,1511.0,900.0,1359900.0
20685.jpg,1524.0,900.0,1371600.0
20686.jpg,1015.0,1300.0,1319500.0
20688.jpg,1178.0,800.0,942400.0
20689.jpg,1100.0,851.0,936100.0
20690.jpg,893.0,1102.0,984086.0
20691.jpg,696.0,1400.0,974400.0
20692.jpg,1000.0,1018.0,1018000.0
20695.jpg,1300.0,1108.0,1440400.0
20697.jpg,900.0,737.0,663300.0
20699.jpg,727.0,844.0,613588.0
20710.jpg,1200.0,622.0,746400.0
20712.jpg,1000.0,703.0,703000.0
20713.jpg,1022.0,787.0,804314.0
20714.jpg,778.0,1097.0,853466.0
20715.jpg,1700.0,514.0,873800.0
20718.jpg,1008.0,1300.0,1310400.0
20719.jpg,1095.0,800.0,876000.0
20720.jpg,902.0,1179.0,1063458.0
20721.jpg,792.0,980.0,776160.0
20722.jpg,950.0,1236.0,1174200.0
20724.jpg,1000.0,1246.0,1246000.0
20725.jpg,1030.0,1261.0,1298830.0
20728.jpg,779.0,1001.0,779779.0
20729.jpg,800.0,960.0,768000.0
20730.jpg,1247.0,823.0,1026281.0
20731.jpg,1000.0,1243.0,1243000.0
20732.jpg,1180.0,1500.0,1770000.0
20733.jpg,700.0,889.0,622300.0
20735.jpg,1031.0,1284.0,1323804.0
20736.jpg,1060.0,1359.0,1440540.0
20742.jpg,1255.0,803.0,1007765.0
20743.jpg,905.0,770.0,696850.0
20744.jpg,900.0,1152.0,1036800.0
20745.jpg,918.0,1255.0,1152090.0
20746.jpg,1511.0,1000.0,1511000.0
20747.jpg,1406.0,1000.0,1406000.0
20748.jpg,1298.0,850.0,1103300.0
20749.jpg,1092.0,750.0,819000.0
20750.jpg,1092.0,772.0,843024.0
20751.jpg,1300.0,1004.0,1305200.0
20752.jpg,1180.0,770.0,908600.0
20753.jpg,1200.0,867.0,1040400.0
20754.jpg,1010.0,589.0,594890.0
20755.jpg,811.0,689.0,558779.0
20772.jpg,1500.0,1029.0,1543500.0
20773.jpg,1407.0,600.0,844200.0
20774.jpg,1294.0,796.0,1030024.0
20777.jpg,1250.0,800.0,1000000.0
20778.jpg,1100.0,1402.0,1542200.0
20784.jpg,927.0,990.0,917730.0
20786.jpg,1042.0,1300.0,1354600.0
20787.jpg,701.0,1119.0,784419.0
20788.jpg,1100.0,1290.0,1419000.0
20789.jpg,750.0,958.0,718500.0
20791.jpg,718.0,899.0,645482.0
20792.jpg,859.0,1392.0,1195728.0
20793.jpg,1000.0,1297.0,1297000.0
20794.jpg,750.0,1246.0,934500.0
20796.jpg,708.0,1169.0,827652.0
20797.jpg,790.0,950.0,750500.0
20798.jpg,869.0,1122.0,975018.0
20799.jpg,800.0,1039.0,831200.0
20800.jpg,823.0,1253.0,1031219.0
20801.jpg,843.0,1020.0,859860.0
20802.jpg,733.0,908.0,665564.0
20803.jpg,920.0,1399.0,1287080.0
20804.jpg,684.0,1100.0,752400.0
20805.jpg,1222.0,1000.0,1222000.0
20807.jpg,826.0,1001.0,826826.0
20808.jpg,1011.0,1000.0,1011000.0
20809.jpg,1030.0,632.0,650960.0
20810.jpg,1215.0,1200.0,1458000.0
20811.jpg,1200.0,1398.0,1677600.0
20812.jpg,1143.0,850.0,971550.0
20813.jpg,1500.0,1105.0,1657500.0
20815.jpg,1155.0,800.0,924000.0
20816.jpg,1072.0,1300.0,1393600.0
20817.jpg,1027.0,1300.0,1335100.0
20818.jpg,1078.0,1300.0,1401400.0
20819.jpg,1000.0,1119.0,1119000.0
20820.jpg,1500.0,538.0,807000.0
20821.jpg,1177.0,770.0,906290.0
20823.jpg,627.0,880.0,551760.0
20824.jpg,1298.0,900.0,1168200.0
20825.jpg,836.0,1253.0,1047508.0
20826.jpg,908.0,650.0,590200.0
20827.jpg,1400.0,929.0,1300600.0
20828.jpg,1700.0,894.0,1519800.0
20829.jpg,1105.0,810.0,895050.0
20831.jpg,1000.0,1440.0,1440000.0
20832.jpg,999.0,735.0,734265.0
20833.jpg,843.0,1050.0,885150.0
20834.jpg,874.0,1100.0,961400.0
20835.jpg,1001.0,645.0,645645.0
20836.jpg,1278.0,1000.0,1278000.0
20837.jpg,1000.0,1266.0,1266000.0
20838.jpg,1231.0,1000.0,1231000.0
20839.jpg,1136.0,800.0,908800.0
20840.jpg,903.0,850.0,767550.0
20841.jpg,916.0,1200.0,1099200.0
20855.jpg,712.0,818.0,582416.0
20863.jpg,1146.0,1500.0,1719000.0
20870.jpg,927.0,750.0,695250.0
20871.jpg,1195.0,800.0,956000.0
20872.jpg,700.0,1050.0,735000.0
20873.jpg,900.0,1066.0,959400.0
20874.jpg,852.0,680.0,579360.0
20875.jpg,1306.0,1001.0,1307306.0
20876.jpg,1300.0,1032.0,1341600.0
20878.jpg,1244.0,1074.0,1336056.0
20879.jpg,1073.0,750.0,804750.0
20880.jpg,1301.0,1100.0,1431100.0
20881.jpg,972.0,918.0,892296.0
20882.jpg,1096.0,935.0,1024760.0
20883.jpg,785.0,985.0,773225.0
20884.jpg,900.0,751.0,675900.0
20885.jpg,888.0,716.0,635808.0
20886.jpg,854.0,1100.0,939400.0
20887.jpg,650.0,850.0,552500.0
20888.jpg,1300.0,1050.0,1365000.0
20889.jpg,1031.0,1300.0,1340300.0
20902.jpg,1048.0,1350.0,1414800.0
20903.jpg,1029.0,1255.0,1291395.0
20904.jpg,1000.0,1196.0,1196000.0
20905.jpg,896.0,700.0,627200.0
20906.jpg,1016.0,1255.0,1275080.0
20921.jpg,900.0,1297.0,1167300.0
20922.jpg,856.0,1146.0,980976.0
20923.jpg,1043.0,712.0,742616.0
20924.jpg,1486.0,800.0,1188800.0
20926.jpg,1004.0,1003.0,1007012.0
20927.jpg,1045.0,1000.0,1045000.0
20928.jpg,904.0,1200.0,1084800.0
20929.jpg,1000.0,1186.0,1186000.0
20930.jpg,1235.0,1250.0,1543750.0
20931.jpg,761.0,900.0,684900.0
20932.jpg,715.0,1030.0,736450.0
20933.jpg,623.0,970.0,604310.0
20934.jpg,1006.0,1245.0,1252470.0
20944.jpg,1300.0,829.0,1077700.0
20945.jpg,1400.0,860.0,1204000.0
20946.jpg,1421.0,1100.0,1563100.0
20947.jpg,900.0,592.0,532800.0
20948.jpg,1042.0,800.0,833600.0
20949.jpg,1348.0,900.0,1213200.0
20950.jpg,1400.0,941.0,1317400.0
20952.jpg,850.0,1094.0,929900.0
20958.jpg,1250.0,830.0,1037500.0
20959.jpg,1102.0,900.0,991800.0
20960.jpg,1092.0,770.0,840840.0
20964.jpg,1500.0,1064.0,1596000.0
20965.jpg,1356.0,1121.0,1520076.0
20966.jpg,1300.0,1159.0,1506700.0
20967.jpg,1030.0,917.0,944510.0
20968.jpg,801.0,1700.0,1361700.0
20972.jpg,1200.0,1500.0,1800000.0
20973.jpg,904.0,1300.0,1175200.0
20974.jpg,1000.0,803.0,803000.0
20976.jpg,830.0,949.0,787670.0
20977.jpg,799.0,960.0,767040.0
20978.jpg,642.0,1300.0,834600.0
20979.jpg,726.0,1200.0,871200.0
20980.jpg,600.0,959.0,575400.0
20981.jpg,900.0,1296.0,1166400.0
20982.jpg,1050.0,1124.0,1180200.0
20983.jpg,1000.0,1255.0,1255000.0
20985.jpg,725.0,1200.0,870000.0
20986.jpg,882.0,1200.0,1058400.0
20988.jpg,1500.0,1111.0,1666500.0
20989.jpg,1430.0,1100.0,1573000.0
20990.jpg,675.0,1200.0,810000.0
20991.jpg,764.0,900.0,687600.0
20992.jpg,1400.0,1182.0,1654800.0
20993.jpg,1304.0,1100.0,1434400.0
20994.jpg,1229.0,701.0,861529.0
20995.jpg,637.0,892.0,568204.0
20996.jpg,1000.0,1518.0,1518000.0
20997.jpg,1200.0,1479.0,1774800.0
20998.jpg,1222.0,1500.0,1833000.0
20999.jpg,517.0,650.0,336050.0
21000.jpg,803.0,1000.0,803000.0
21001.jpg,1408.0,900.0,1267200.0
21002.jpg,942.0,1530.0,1441260.0
21003.jpg,907.0,1205.0,1092935.0
21004.jpg,907.0,1206.0,1093842.0
21006.jpg,1400.0,1017.0,1423800.0
21008.jpg,1300.0,843.0,1095900.0
21011.jpg,1100.0,824.0,906400.0
21012.jpg,1100.0,1272.0,1399200.0
21013.jpg,1219.0,1500.0,1828500.0
21014.jpg,946.0,702.0,664092.0
21015.jpg,1122.0,1000.0,1122000.0
21018.jpg,616.0,838.0,516208.0
21019.jpg,1040.0,1300.0,1352000.0
21020.jpg,1111.0,1376.0,1528736.0
21021.jpg,833.0,950.0,791350.0
21023.jpg,1255.0,919.0,1153345.0
21024.jpg,803.0,885.0,710655.0
21027.jpg,1165.0,950.0,1106750.0
21028.jpg,884.0,1100.0,972400.0
21029.jpg,1150.0,833.0,957950.0
21030.jpg,856.0,1122.0,960432.0
21032.jpg,970.0,1171.0,1135870.0
21033.jpg,891.0,1139.0,1014849.0
21035.jpg,750.0,886.0,664500.0
21036.jpg,1400.0,904.0,1265600.0
21039.jpg,1070.0,1162.0,1243340.0
21040.jpg,1088.0,1300.0,1414400.0
21041.jpg,684.0,920.0,629280.0
21042.jpg,845.0,1012.0,855140.0
21043.jpg,828.0,1025.0,848700.0
21044.jpg,960.0,1255.0,1204800.0
21062.jpg,900.0,1057.0,951300.0
21063.jpg,1000.0,1324.0,1324000.0
21065.jpg,1010.0,794.0,801940.0
21066.jpg,1249.0,1042.0,1301458.0
21068.jpg,801.0,692.0,554292.0
21069.jpg,1325.0,606.0,802950.0
21070.jpg,918.0,972.0,892296.0
21071.jpg,1100.0,1155.0,1270500.0
21072.jpg,778.0,940.0,731320.0
21073.jpg,809.0,977.0,790393.0
21074.jpg,1024.0,1087.0,1113088.0
21075.jpg,802.0,828.0,664056.0
21076.jpg,823.0,1255.0,1032865.0
21077.jpg,807.0,1265.0,1020855.0
21078.jpg,802.0,1058.0,848516.0
21079.jpg,770.0,940.0,723800.0
21080.jpg,768.0,928.0,712704.0
21081.jpg,2197.0,500.0,1098500.0
21082.jpg,705.0,854.0,602070.0
21083.jpg,705.0,856.0,603480.0
21084.jpg,802.0,1048.0,840496.0
21085.jpg,933.0,902.0,841566.0
21086.jpg,807.0,1270.0,1024890.0
21087.jpg,804.0,1124.0,903696.0
21088.jpg,807.0,1076.0,868332.0
21089.jpg,1100.0,1770.0,1947000.0
21090.jpg,1100.0,1490.0,1639000.0
21091.jpg,803.0,972.0,780516.0
21092.jpg,808.0,1159.0,936472.0
21093.jpg,806.0,1171.0,943826.0
21094.jpg,975.0,1255.0,1223625.0
21095.jpg,644.0,840.0,540960.0
21096.jpg,732.0,1016.0,743712.0
21097.jpg,1295.0,1000.0,1295000.0
21098.jpg,1147.0,603.0,691641.0
21099.jpg,1302.0,900.0,1171800.0
21100.jpg,564.0,802.0,452328.0
21101.jpg,851.0,604.0,514004.0
21102.jpg,804.0,1031.0,828924.0
21103.jpg,1000.0,1501.0,1501000.0
21104.jpg,800.0,1184.0,947200.0
21105.jpg,809.0,986.0,797674.0
21106.jpg,801.0,426.0,341226.0
21107.jpg,770.0,511.0,393470.0
21108.jpg,808.0,952.0,769216.0
21111.jpg,801.0,1233.0,987633.0
21112.jpg,851.0,1004.0,854404.0
21113.jpg,803.0,988.0,793364.0
21114.jpg,704.0,1083.0,762432.0
21115.jpg,760.0,1015.0,771400.0
21116.jpg,903.0,1157.0,1044771.0
21117.jpg,802.0,1071.0,858942.0
21118.jpg,894.0,735.0,657090.0
21119.jpg,801.0,1314.0,1052514.0
21120.jpg,660.0,795.0,524700.0
21121.jpg,801.0,1085.0,869085.0
21122.jpg,805.0,1055.0,849275.0
21123.jpg,815.0,1001.0,815815.0
21197.jpg,805.0,906.0,729330.0
21285.jpg,1016.0,1200.0,1219200.0
21295.jpg,1109.0,1500.0,1663500.0
21299.jpg,618.0,876.0,541368.0
21306.jpg,1321.0,770.0,1017170.0
21307.jpg,914.0,1200.0,1096800.0
21308.jpg,817.0,1003.0,819451.0
21309.jpg,675.0,899.0,606825.0
21310.jpg,1314.0,800.0,1051200.0
21312.jpg,871.0,1100.0,958100.0
21313.jpg,1305.0,1074.0,1401570.0
21314.jpg,1500.0,1139.0,1708500.0
21317.jpg,1536.0,1000.0,1536000.0
21327.jpg,1054.0,1255.0,1322770.0
21329.jpg,1255.0,810.0,1016550.0
21330.jpg,1080.0,700.0,756000.0
21332.jpg,1468.0,850.0,1247800.0
21333.jpg,860.0,1076.0,925360.0
21334.jpg,1475.0,850.0,1253750.0
21335.jpg,1368.0,900.0,1231200.0
21337.jpg,630.0,952.0,599760.0
21338.jpg,910.0,1287.0,1171170.0
21339.jpg,910.0,1248.0,1135680.0
21340.jpg,845.0,1273.0,1075685.0
21341.jpg,755.0,959.0,724045.0
21342.jpg,755.0,951.0,718005.0
21346.jpg,850.0,1171.0,995350.0
21348.jpg,1300.0,1022.0,1328600.0
21349.jpg,591.0,817.0,482847.0
21350.jpg,1035.0,800.0,828000.0
21351.jpg,1027.0,900.0,924300.0
21352.jpg,1030.0,784.0,807520.0
21353.jpg,1278.0,900.0,1150200.0
21354.jpg,1275.0,850.0,1083750.0
21355.jpg,751.0,1009.0,757759.0
21356.jpg,950.0,1166.0,1107700.0
21357.jpg,1255.0,959.0,1203545.0
21358.jpg,634.0,882.0,559188.0
21359.jpg,1115.0,802.0,894230.0
21360.jpg,900.0,1302.0,1171800.0
21361.jpg,1000.0,1307.0,1307000.0
21362.jpg,619.0,866.0,536054.0
21363.jpg,1000.0,1418.0,1418000.0
21364.jpg,1200.0,876.0,1051200.0
21365.jpg,900.0,1187.0,1068300.0
21366.jpg,1001.0,963.0,963963.0
21367.jpg,1291.0,1100.0,1420100.0
21368.jpg,685.0,1200.0,822000.0
21400.jpg,1300.0,1007.0,1309100.0
21401.jpg,1079.0,770.0,830830.0
21402.jpg,1243.0,941.0,1169663.0
21404.jpg,938.0,1250.0,1172500.0
21405.jpg,767.0,970.0,743990.0
21406.jpg,1000.0,1195.0,1195000.0
21408.jpg,850.0,905.0,769250.0
21409.jpg,600.0,770.0,462000.0
21410.jpg,887.0,1007.0,893209.0
21411.jpg,805.0,1096.0,882280.0
21412.jpg,1120.0,1300.0,1456000.0
21416.jpg,1251.0,1005.0,1257255.0
21417.jpg,1263.0,900.0,1136700.0
21418.jpg,1456.0,1000.0,1456000.0
21420.jpg,1091.0,1000.0,1091000.0
21421.jpg,1600.0,1101.0,1761600.0
21423.jpg,1514.0,561.0,849354.0
21428.jpg,800.0,1028.0,822400.0
21429.jpg,721.0,1124.0,810404.0
21436.jpg,1000.0,1348.0,1348000.0
21437.jpg,1222.0,1000.0,1222000.0
21438.jpg,1351.0,1000.0,1351000.0
21439.jpg,1323.0,1000.0,1323000.0
21440.jpg,1000.0,1255.0,1255000.0
21441.jpg,900.0,1074.0,966600.0
21442.jpg,1045.0,748.0,781660.0
21446.jpg,1249.0,649.0,810601.0
21447.jpg,1032.0,750.0,774000.0
21448.jpg,650.0,741.0,481650.0
21449.jpg,1100.0,1124.0,1236400.0
21450.jpg,1255.0,898.0,1126990.0
21453.jpg,879.0,1300.0,1142700.0
21454.jpg,1528.0,600.0,916800.0
21455.jpg,737.0,840.0,619080.0
21457.jpg,910.0,1160.0,1055600.0
21458.jpg,1300.0,915.0,1189500.0
21459.jpg,1400.0,1004.0,1405600.0
21460.jpg,1002.0,1400.0,1402800.0
21461.jpg,1623.0,900.0,1460700.0
21462.jpg,1400.0,1017.0,1423800.0
21463.jpg,1375.0,1000.0,1375000.0
21464.jpg,1500.0,1157.0,1735500.0
21465.jpg,1336.0,986.0,1317296.0
21466.jpg,1375.0,954.0,1311750.0
21467.jpg,1400.0,1116.0,1562400.0
21468.jpg,1040.0,1530.0,1591200.0
21469.jpg,1078.0,1300.0,1401400.0
21470.jpg,1300.0,1021.0,1327300.0
21471.jpg,1400.0,1102.0,1542800.0
21472.jpg,1243.0,1000.0,1243000.0
21473.jpg,1460.0,1000.0,1460000.0
21474.jpg,1052.0,1300.0,1367600.0
21475.jpg,1300.0,1007.0,1309100.0
21476.jpg,1571.0,1271.0,1996741.0
21477.jpg,1156.0,1150.0,1329400.0
21484.jpg,1030.0,809.0,833270.0
21485.jpg,786.0,1180.0,927480.0
21486.jpg,800.0,1182.0,945600.0
21487.jpg,770.0,1033.0,795410.0
21488.jpg,1244.0,869.0,1081036.0
21489.jpg,1217.0,1300.0,1582100.0
21490.jpg,1121.0,1400.0,1569400.0
21491.jpg,595.0,850.0,505750.0
21492.jpg,750.0,1082.0,811500.0
21493.jpg,707.0,1001.0,707707.0
21494.jpg,706.0,1001.0,706706.0
21495.jpg,750.0,1024.0,768000.0
21496.jpg,1000.0,1162.0,1162000.0
21499.jpg,1100.0,1001.0,1101100.0
21500.jpg,600.0,811.0,486600.0
21501.jpg,700.0,885.0,619500.0
21502.jpg,1115.0,1295.0,1443925.0
21503.jpg,726.0,1005.0,729630.0
21504.jpg,969.0,1200.0,1162800.0
21505.jpg,900.0,1205.0,1084500.0
21507.jpg,1000.0,1253.0,1253000.0
21508.jpg,1100.0,1307.0,1437700.0
21509.jpg,880.0,1102.0,969760.0
21510.jpg,801.0,1057.0,846657.0
21511.jpg,800.0,928.0,742400.0
21512.jpg,1216.0,1400.0,1702400.0
21513.jpg,660.0,1000.0,660000.0
21514.jpg,711.0,1000.0,711000.0
21515.jpg,1000.0,725.0,725000.0
21516.jpg,766.0,1100.0,842600.0
21517.jpg,755.0,1000.0,755000.0
21519.jpg,1100.0,761.0,837100.0
21520.jpg,1304.0,713.0,929752.0
21521.jpg,1400.0,859.0,1202600.0
21522.jpg,1224.0,808.0,988992.0
21526.jpg,950.0,700.0,665000.0
21527.jpg,800.0,1026.0,820800.0
21529.jpg,816.0,1080.0,881280.0
21533.jpg,1175.0,829.0,974075.0
21534.jpg,1262.0,1010.0,1274620.0
21535.jpg,650.0,874.0,568100.0
21536.jpg,1000.0,1069.0,1069000.0
21562.jpg,341.0,500.0,170500.0
21563.jpg,1023.0,1000.0,1023000.0
21564.jpg,700.0,954.0,667800.0
21565.jpg,1000.0,1220.0,1220000.0
21566.jpg,1100.0,1260.0,1386000.0
21567.jpg,627.0,1200.0,752400.0
21568.jpg,1056.0,1000.0,1056000.0
21569.jpg,800.0,1132.0,905600.0
21570.jpg,800.0,1135.0,908000.0
21573.jpg,1315.0,918.0,1207170.0
21575.jpg,788.0,1060.0,835280.0
21576.jpg,1100.0,815.0,896500.0
21577.jpg,1080.0,900.0,972000.0
21578.jpg,993.0,800.0,794400.0
21579.jpg,1336.0,900.0,1202400.0
21583.jpg,1461.0,1300.0,1899300.0
21586.jpg,1120.0,650.0,728000.0
21589.jpg,1526.0,1100.0,1678600.0
21590.jpg,1300.0,1090.0,1417000.0
21592.jpg,1600.0,1100.0,1760000.0
21594.jpg,1251.0,966.0,1208466.0
21595.jpg,920.0,617.0,567640.0
21597.jpg,933.0,600.0,559800.0
21598.jpg,800.0,524.0,419200.0
21599.jpg,824.0,1046.0,861904.0
21602.jpg,1245.0,937.0,1166565.0
21606.jpg,1200.0,903.0,1083600.0
21607.jpg,952.0,1122.0,1068144.0
21608.jpg,1400.0,1088.0,1523200.0
21609.jpg,900.0,1435.0,1291500.0
21610.jpg,1195.0,1000.0,1195000.0
21611.jpg,1000.0,1249.0,1249000.0
21612.jpg,1033.0,850.0,878050.0
21613.jpg,1000.0,1275.0,1275000.0
21614.jpg,1000.0,1385.0,1385000.0
21615.jpg,750.0,949.0,711750.0
21616.jpg,1884.0,670.0,1262280.0
21617.jpg,610.0,251.0,153110.0
21618.jpg,520.0,390.0,202800.0
21619.jpg,685.0,1030.0,705550.0
21620.jpg,700.0,938.0,656600.0
21621.jpg,1245.0,1255.0,1562475.0
21622.jpg,950.0,659.0,626050.0
21623.jpg,801.0,1090.0,873090.0
21627.jpg,801.0,800.0,640800.0
21628.jpg,809.0,800.0,647200.0
21629.jpg,901.0,898.0,809098.0
21630.jpg,871.0,1064.0,926744.0
21632.jpg,845.0,1200.0,1014000.0
21633.jpg,770.0,1187.0,913990.0
21634.jpg,940.0,1000.0,940000.0
21635.jpg,987.0,828.0,817236.0
21636.jpg,921.0,1022.0,941262.0
21637.jpg,664.0,1142.0,758288.0
21638.jpg,1202.0,1100.0,1322200.0
21639.jpg,701.0,925.0,648425.0
21640.jpg,900.0,1235.0,1111500.0
21641.jpg,1030.0,690.0,710700.0
21642.jpg,800.0,1157.0,925600.0
21643.jpg,601.0,1309.0,786709.0
21644.jpg,1451.0,950.0,1378450.0
21645.jpg,1000.0,1023.0,1023000.0
21646.jpg,1062.0,1032.0,1095984.0
21647.jpg,731.0,801.0,585531.0
21648.jpg,804.0,860.0,691440.0
21651.jpg,770.0,1040.0,800800.0
21652.jpg,1000.0,1209.0,1209000.0
21653.jpg,702.0,832.0,584064.0
21654.jpg,650.0,931.0,605150.0
21655.jpg,1000.0,1475.0,1475000.0
21656.jpg,608.0,818.0,497344.0
21657.jpg,1393.0,512.0,713216.0
21658.jpg,523.0,1063.0,555949.0
21659.jpg,1000.0,1275.0,1275000.0
21660.jpg,1000.0,1276.0,1276000.0
21661.jpg,806.0,778.0,627068.0
21662.jpg,900.0,1213.0,1091700.0
21663.jpg,1201.0,800.0,960800.0
21664.jpg,567.0,1063.0,602721.0
21665.jpg,1000.0,1230.0,1230000.0
21666.jpg,464.0,1178.0,546592.0
21667.jpg,900.0,1217.0,1095300.0
21668.jpg,1000.0,1343.0,1343000.0
21669.jpg,700.0,1248.0,873600.0
21670.jpg,969.0,770.0,746130.0
21671.jpg,900.0,1090.0,981000.0
21672.jpg,860.0,1100.0,946000.0
21673.jpg,902.0,628.0,566456.0
21674.jpg,900.0,1083.0,974700.0
21675.jpg,1078.0,750.0,808500.0
21676.jpg,1000.0,1276.0,1276000.0
21677.jpg,900.0,1081.0,972900.0
21678.jpg,876.0,1200.0,1051200.0
21679.jpg,900.0,1187.0,1068300.0
21680.jpg,900.0,1153.0,1037700.0
21681.jpg,720.0,1034.0,744480.0
21682.jpg,1092.0,770.0,840840.0
21683.jpg,650.0,1161.0,754650.0
21684.jpg,900.0,1088.0,979200.0
21685.jpg,607.0,875.0,531125.0
21686.jpg,800.0,1125.0,900000.0
21687.jpg,800.0,1017.0,813600.0
21688.jpg,852.0,1030.0,877560.0
21689.jpg,701.0,1002.0,702402.0
21690.jpg,900.0,1087.0,978300.0
21691.jpg,864.0,608.0,525312.0
21692.jpg,1024.0,709.0,726016.0
21693.jpg,1020.0,714.0,728280.0
21694.jpg,702.0,1018.0,714636.0
21695.jpg,800.0,1019.0,815200.0
21696.jpg,1077.0,900.0,969300.0
21697.jpg,1025.0,700.0,717500.0
21698.jpg,938.0,1200.0,1125600.0
21699.jpg,800.0,1097.0,877600.0
21700.jpg,1000.0,1430.0,1430000.0
21701.jpg,650.0,1335.0,867750.0
21702.jpg,900.0,1170.0,1053000.0
21703.jpg,900.0,1168.0,1051200.0
21704.jpg,1000.0,1019.0,1019000.0
21705.jpg,900.0,1170.0,1053000.0
21706.jpg,770.0,1043.0,803110.0
21707.jpg,960.0,671.0,644160.0
21708.jpg,900.0,1089.0,980100.0
21709.jpg,850.0,1019.0,866150.0
21710.jpg,900.0,1152.0,1036800.0
21711.jpg,1200.0,860.0,1032000.0
21712.jpg,1000.0,1034.0,1034000.0
21713.jpg,619.0,901.0,557719.0
21714.jpg,900.0,1157.0,1041300.0
21715.jpg,900.0,1154.0,1038600.0
21716.jpg,1157.0,900.0,1041300.0
21717.jpg,807.0,1030.0,831210.0
21718.jpg,882.0,616.0,543312.0
21719.jpg,920.0,1020.0,938400.0
21720.jpg,938.0,1200.0,1125600.0
21721.jpg,1009.0,1000.0,1009000.0
21722.jpg,900.0,1163.0,1046700.0
21723.jpg,1401.0,770.0,1078770.0
21724.jpg,1131.0,900.0,1017900.0
21725.jpg,1140.0,770.0,877800.0
21726.jpg,900.0,1065.0,958500.0
21727.jpg,718.0,1200.0,861600.0
21728.jpg,800.0,1263.0,1010400.0
21729.jpg,701.0,1249.0,875549.0
21730.jpg,700.0,1248.0,873600.0
21731.jpg,864.0,1500.0,1296000.0
21732.jpg,770.0,1500.0,1155000.0
21733.jpg,800.0,1578.0,1262400.0
21734.jpg,1000.0,1167.0,1167000.0
21735.jpg,927.0,983.0,911241.0
21736.jpg,736.0,1450.0,1067200.0
21737.jpg,727.0,1450.0,1054150.0
21738.jpg,1400.0,876.0,1226400.0
21739.jpg,900.0,1050.0,945000.0
21740.jpg,900.0,1043.0,938700.0
21741.jpg,800.0,1046.0,836800.0
21742.jpg,1000.0,1218.0,1218000.0
21743.jpg,900.0,1176.0,1058400.0
21745.jpg,1178.0,1000.0,1178000.0
21746.jpg,1314.0,600.0,788400.0
21747.jpg,1626.0,450.0,731700.0
21748.jpg,1345.0,600.0,807000.0
21749.jpg,1000.0,614.0,614000.0
21753.jpg,900.0,1418.0,1276200.0
21754.jpg,1026.0,1200.0,1231200.0
21755.jpg,900.0,1392.0,1252800.0
21756.jpg,816.0,950.0,775200.0
21757.jpg,802.0,1200.0,962400.0
21758.jpg,929.0,1008.0,936432.0
21759.jpg,908.0,981.0,890748.0
21760.jpg,403.0,1021.0,411463.0
21761.jpg,745.0,1116.0,831420.0
21762.jpg,1100.0,1203.0,1323300.0
21763.jpg,800.0,1308.0,1046400.0
21764.jpg,1000.0,1177.0,1177000.0
21765.jpg,669.0,1600.0,1070400.0
21766.jpg,850.0,1152.0,979200.0
21767.jpg,1112.0,770.0,856240.0
21768.jpg,1170.0,625.0,731250.0
21769.jpg,1000.0,1189.0,1189000.0
21770.jpg,1300.0,934.0,1214200.0
21771.jpg,900.0,1069.0,962100.0
21772.jpg,900.0,1076.0,968400.0
21773.jpg,700.0,1039.0,727300.0
21774.jpg,949.0,1200.0,1138800.0
21775.jpg,1203.0,850.0,1022550.0
21776.jpg,1069.0,1050.0,1122450.0
21777.jpg,802.0,1000.0,802000.0
21778.jpg,929.0,1100.0,1021900.0
21779.jpg,1200.0,1110.0,1332000.0
21780.jpg,879.0,1043.0,916797.0
21781.jpg,850.0,1213.0,1031050.0
21782.jpg,668.0,1600.0,1068800.0
21783.jpg,770.0,1200.0,924000.0
21784.jpg,1106.0,1100.0,1216600.0
21785.jpg,597.0,1600.0,955200.0
21786.jpg,745.0,1500.0,1117500.0
21787.jpg,555.0,1600.0,888000.0
21788.jpg,1700.0,666.0,1132200.0
21789.jpg,1030.0,907.0,934210.0
21790.jpg,1220.0,801.0,977220.0
21791.jpg,1600.0,709.0,1134400.0
21792.jpg,1017.0,1200.0,1220400.0
21793.jpg,900.0,1201.0,1080900.0
21794.jpg,1354.0,603.0,816462.0
21795.jpg,870.0,1300.0,1131000.0
21796.jpg,1214.0,1200.0,1456800.0
21797.jpg,1003.0,1004.0,1007012.0
21798.jpg,900.0,1359.0,1223100.0
21799.jpg,1005.0,915.0,919575.0
21800.jpg,900.0,1031.0,927900.0
21801.jpg,754.0,1190.0,897260.0
21802.jpg,491.0,833.0,409003.0
21804.jpg,750.0,1192.0,894000.0
21805.jpg,963.0,969.0,933147.0
21806.jpg,1100.0,1145.0,1259500.0
21807.jpg,1000.0,1230.0,1230000.0
21808.jpg,1100.0,1140.0,1254000.0
21809.jpg,1000.0,1170.0,1170000.0
21810.jpg,1000.0,1185.0,1185000.0
21811.jpg,1000.0,1183.0,1183000.0
21812.jpg,618.0,1600.0,988800.0
21813.jpg,617.0,1600.0,987200.0
21814.jpg,1086.0,900.0,977400.0
21816.jpg,951.0,1200.0,1141200.0
21817.jpg,1000.0,1199.0,1199000.0
21818.jpg,900.0,1373.0,1235700.0
21819.jpg,900.0,1359.0,1223100.0
21820.jpg,702.0,879.0,617058.0
21821.jpg,709.0,888.0,629592.0
21822.jpg,1150.0,770.0,885500.0
21823.jpg,900.0,1006.0,905400.0
21824.jpg,920.0,997.0,917240.0
21825.jpg,720.0,1002.0,721440.0
21826.jpg,1271.0,770.0,978670.0
21827.jpg,802.0,1115.0,894230.0
21828.jpg,801.0,1112.0,890712.0
21829.jpg,802.0,1114.0,893428.0
21830.jpg,913.0,1200.0,1095600.0
21831.jpg,1400.0,806.0,1128400.0
21832.jpg,1100.0,1166.0,1282600.0
21833.jpg,800.0,1102.0,881600.0
21834.jpg,800.0,1055.0,844000.0
21835.jpg,1000.0,1196.0,1196000.0
21836.jpg,1030.0,775.0,798250.0
21837.jpg,821.0,1400.0,1149400.0
21838.jpg,802.0,1300.0,1042600.0
21839.jpg,613.0,1400.0,858200.0
21840.jpg,1218.0,767.0,934206.0
21841.jpg,760.0,1053.0,800280.0
21842.jpg,1300.0,828.0,1076400.0
21843.jpg,801.0,1189.0,952389.0
21844.jpg,940.0,1200.0,1128000.0
21845.jpg,950.0,1137.0,1080150.0
21846.jpg,1500.0,798.0,1197000.0
21847.jpg,850.0,1183.0,1005550.0
21848.jpg,900.0,1241.0,1116900.0
21849.jpg,1000.0,1182.0,1182000.0
21850.jpg,801.0,1042.0,834642.0
21851.jpg,801.0,1045.0,837045.0
21852.jpg,914.0,1100.0,1005400.0
21853.jpg,914.0,1100.0,1005400.0
21855.jpg,1000.0,1086.0,1086000.0
21856.jpg,900.0,1133.0,1019700.0
21857.jpg,988.0,667.0,658996.0
21858.jpg,1000.0,1085.0,1085000.0
21859.jpg,1070.0,850.0,909500.0
21860.jpg,1000.0,911.0,911000.0
21861.jpg,800.0,1344.0,1075200.0
21862.jpg,1068.0,1000.0,1068000.0
21863.jpg,657.0,1300.0,854100.0
21864.jpg,1002.0,1000.0,1002000.0
21865.jpg,850.0,970.0,824500.0
21866.jpg,801.0,1144.0,916344.0
21867.jpg,894.0,1300.0,1162200.0
21869.jpg,918.0,1100.0,1009800.0
21870.jpg,856.0,1200.0,1027200.0
21871.jpg,915.0,1100.0,1006500.0
21872.jpg,900.0,1172.0,1054800.0
21873.jpg,1100.0,933.0,1026300.0
21874.jpg,1000.0,1160.0,1160000.0
21875.jpg,900.0,1259.0,1133100.0
21876.jpg,1147.0,800.0,917600.0
21877.jpg,946.0,1200.0,1135200.0
21878.jpg,845.0,1100.0,929500.0
21879.jpg,800.0,1076.0,860800.0
21881.jpg,878.0,1001.0,878878.0
21885.jpg,1035.0,1300.0,1345500.0
21886.jpg,889.0,1200.0,1066800.0
21887.jpg,940.0,1300.0,1222000.0
21888.jpg,900.0,1508.0,1357200.0
21890.jpg,1438.0,1000.0,1438000.0
21894.jpg,1000.0,1300.0,1300000.0
21895.jpg,1004.0,1400.0,1405600.0
21896.jpg,1095.0,1400.0,1533000.0
21897.jpg,947.0,1200.0,1136400.0
21898.jpg,906.0,1100.0,996600.0
21899.jpg,906.0,1100.0,996600.0
21901.jpg,929.0,700.0,650300.0
21902.jpg,1282.0,1000.0,1282000.0
21903.jpg,725.0,850.0,616250.0
21904.jpg,731.0,840.0,614040.0
21905.jpg,773.0,1050.0,811650.0
21906.jpg,1219.0,1500.0,1828500.0
21907.jpg,728.0,902.0,656656.0
21908.jpg,1057.0,1300.0,1374100.0
21909.jpg,807.0,1032.0,832824.0
21910.jpg,1001.0,1263.0,1264263.0
21911.jpg,921.0,754.0,694434.0
21913.jpg,800.0,689.0,551200.0
21915.jpg,1249.0,906.0,1131594.0
21916.jpg,1089.0,704.0,766656.0
21917.jpg,1071.0,900.0,963900.0
21918.jpg,1063.0,900.0,956700.0
21919.jpg,700.0,886.0,620200.0
21920.jpg,871.0,1200.0,1045200.0
21921.jpg,1000.0,768.0,768000.0
21922.jpg,1332.0,1000.0,1332000.0
21931.jpg,1267.0,650.0,823550.0
21932.jpg,907.0,825.0,748275.0
21933.jpg,720.0,1179.0,848880.0
21934.jpg,900.0,1334.0,1200600.0
21935.jpg,730.0,1088.0,794240.0
21936.jpg,1008.0,720.0,725760.0
21937.jpg,900.0,1155.0,1039500.0
21938.jpg,816.0,902.0,736032.0
21939.jpg,740.0,1054.0,779960.0
21940.jpg,1030.0,726.0,747780.0
21941.jpg,650.0,1231.0,800150.0
21942.jpg,1249.0,701.0,875549.0
21948.jpg,1296.0,900.0,1166400.0
21949.jpg,1616.0,985.0,1591760.0
21950.jpg,1264.0,1000.0,1264000.0
21951.jpg,1236.0,1000.0,1236000.0
21952.jpg,1100.0,911.0,1002100.0
21953.jpg,1031.0,850.0,876350.0
21954.jpg,1357.0,1000.0,1357000.0
21955.jpg,1008.0,1000.0,1008000.0
21956.jpg,800.0,1053.0,842400.0
21963.jpg,907.0,650.0,589550.0
21998.jpg,578.0,815.0,471070.0
22046.jpg,1000.0,1351.0,1351000.0
22047.jpg,721.0,1200.0,865200.0
22048.jpg,880.0,1200.0,1056000.0
22050.jpg,800.0,992.0,793600.0
22052.jpg,676.0,1200.0,811200.0
22053.jpg,750.0,910.0,682500.0
22054.jpg,900.0,1086.0,977400.0
22060.jpg,1000.0,1202.0,1202000.0
22061.jpg,1040.0,1300.0,1352000.0
22062.jpg,1217.0,1000.0,1217000.0
22063.jpg,1200.0,968.0,1161600.0
22064.jpg,1300.0,1010.0,1313000.0
22065.jpg,1000.0,1338.0,1338000.0
22066.jpg,1000.0,1235.0,1235000.0
22067.jpg,1000.0,1234.0,1234000.0
22068.jpg,674.0,834.0,562116.0
22069.jpg,842.0,1001.0,842842.0
22070.jpg,700.0,879.0,615300.0
22071.jpg,1200.0,928.0,1113600.0
22072.jpg,1030.0,821.0,845630.0
22073.jpg,1050.0,811.0,851550.0
22074.jpg,700.0,875.0,612500.0
22075.jpg,750.0,956.0,717000.0
22076.jpg,713.0,900.0,641700.0
22077.jpg,720.0,900.0,648000.0
22078.jpg,1000.0,1239.0,1239000.0
22079.jpg,1028.0,1300.0,1336400.0
22080.jpg,1032.0,1300.0,1341600.0
22081.jpg,1054.0,1300.0,1370200.0
22082.jpg,800.0,1001.0,800800.0
22083.jpg,1200.0,909.0,1090800.0
22084.jpg,1200.0,1440.0,1728000.0
22085.jpg,1002.0,1250.0,1252500.0
22087.jpg,1000.0,1265.0,1265000.0
22088.jpg,1317.0,1250.0,1646250.0
22090.jpg,900.0,650.0,585000.0
22091.jpg,797.0,986.0,785842.0
22092.jpg,700.0,882.0,617400.0
22093.jpg,1050.0,1143.0,1200150.0
22094.jpg,446.0,600.0,267600.0
22095.jpg,700.0,975.0,682500.0
22096.jpg,1030.0,699.0,719970.0
22097.jpg,700.0,885.0,619500.0
22098.jpg,800.0,1016.0,812800.0
22099.jpg,900.0,1118.0,1006200.0
22100.jpg,1216.0,956.0,1162496.0
22101.jpg,921.0,935.0,861135.0
22104.jpg,900.0,1233.0,1109700.0
22105.jpg,973.0,780.0,758940.0
22106.jpg,1035.0,900.0,931500.0
22107.jpg,918.0,1300.0,1193400.0
22109.jpg,1255.0,979.0,1228645.0
22110.jpg,1001.0,1248.0,1249248.0
22111.jpg,1040.0,1400.0,1456000.0
22112.jpg,1412.0,1400.0,1976800.0
22113.jpg,1412.0,1400.0,1976800.0
22116.jpg,1059.0,1252.0,1325868.0
22117.jpg,1400.0,1047.0,1465800.0
22118.jpg,1281.0,950.0,1216950.0
22122.jpg,1151.0,1500.0,1726500.0
22124.jpg,1255.0,952.0,1194760.0
22125.jpg,850.0,1120.0,952000.0
22126.jpg,844.0,650.0,548600.0
22127.jpg,1000.0,1230.0,1230000.0
22129.jpg,1286.0,1000.0,1286000.0
22130.jpg,800.0,1038.0,830400.0
22131.jpg,1250.0,919.0,1148750.0
22137.jpg,865.0,1300.0,1124500.0
22138.jpg,700.0,1052.0,736400.0
22139.jpg,887.0,1103.0,978361.0
22140.jpg,1104.0,700.0,772800.0
22141.jpg,1000.0,1259.0,1259000.0
22142.jpg,400.0,865.0,346000.0
22143.jpg,400.0,757.0,302800.0
22144.jpg,951.0,1400.0,1331400.0
22146.jpg,576.0,900.0,518400.0
22147.jpg,614.0,950.0,583300.0
22148.jpg,800.0,1112.0,889600.0
22149.jpg,750.0,934.0,700500.0
22150.jpg,1138.0,1500.0,1707000.0
22151.jpg,1058.0,1300.0,1375400.0
22152.jpg,545.0,950.0,517750.0
22153.jpg,700.0,998.0,698600.0
22158.jpg,662.0,1600.0,1059200.0
22159.jpg,800.0,1092.0,873600.0
22160.jpg,1400.0,883.0,1236200.0
22161.jpg,1377.0,750.0,1032750.0
22162.jpg,940.0,1012.0,951280.0
22163.jpg,1330.0,1000.0,1330000.0
22164.jpg,950.0,1063.0,1009850.0
22165.jpg,1074.0,838.0,900012.0
22166.jpg,978.0,414.0,404892.0
22167.jpg,1354.0,757.0,1024978.0
22168.jpg,1196.0,915.0,1094340.0
22169.jpg,1244.0,850.0,1057400.0
22170.jpg,1288.0,800.0,1030400.0
22171.jpg,940.0,650.0,611000.0
22172.jpg,1200.0,807.0,968400.0
22173.jpg,1400.0,772.0,1080800.0
22174.jpg,1230.0,674.0,829020.0
22175.jpg,920.0,1130.0,1039600.0
22176.jpg,1074.0,714.0,766836.0
22177.jpg,668.0,909.0,607212.0
22178.jpg,1322.0,730.0,965060.0
22179.jpg,648.0,925.0,599400.0
22180.jpg,929.0,619.0,575051.0
22181.jpg,534.0,994.0,530796.0
22182.jpg,1058.0,761.0,805138.0
22183.jpg,1000.0,1006.0,1006000.0
22184.jpg,900.0,920.0,828000.0
22185.jpg,1100.0,1227.0,1349700.0
22186.jpg,705.0,1400.0,987000.0
22187.jpg,586.0,1100.0,644600.0
22188.jpg,585.0,1087.0,635895.0
22189.jpg,1052.0,1000.0,1052000.0
22190.jpg,1053.0,1000.0,1053000.0
22191.jpg,1057.0,1000.0,1057000.0
22192.jpg,1048.0,1000.0,1048000.0
22193.jpg,880.0,687.0,604560.0
22194.jpg,688.0,1000.0,688000.0
22195.jpg,793.0,900.0,713700.0
22196.jpg,762.0,950.0,723900.0
22197.jpg,852.0,1240.0,1056480.0
22198.jpg,654.0,976.0,638304.0
22199.jpg,959.0,1001.0,959959.0
22200.jpg,1009.0,870.0,877830.0
22201.jpg,900.0,1101.0,990900.0
22202.jpg,850.0,1145.0,973250.0
22203.jpg,1043.0,900.0,938700.0
22204.jpg,1000.0,1621.0,1621000.0
22205.jpg,1032.0,900.0,928800.0
22206.jpg,1043.0,900.0,938700.0
22207.jpg,900.0,1093.0,983700.0
22208.jpg,1011.0,870.0,879570.0
22209.jpg,1155.0,850.0,981750.0
22210.jpg,1048.0,900.0,943200.0
22211.jpg,830.0,1114.0,924620.0
22212.jpg,1101.0,900.0,990900.0
22213.jpg,660.0,932.0,615120.0
22214.jpg,690.0,894.0,616860.0
22215.jpg,850.0,1163.0,988550.0
22216.jpg,1006.0,640.0,643840.0
22217.jpg,1000.0,1377.0,1377000.0
22218.jpg,1000.0,1222.0,1222000.0
22219.jpg,1188.0,800.0,950400.0
22220.jpg,1728.0,900.0,1555200.0
22221.jpg,1731.0,900.0,1557900.0
22222.jpg,1084.0,1000.0,1084000.0
22223.jpg,850.0,1218.0,1035300.0
22224.jpg,1192.0,850.0,1013200.0
22225.jpg,1185.0,850.0,1007250.0
22226.jpg,1141.0,800.0,912800.0
22227.jpg,1295.0,700.0,906500.0
22228.jpg,1050.0,851.0,893550.0
22229.jpg,1070.0,850.0,909500.0
22230.jpg,1022.0,850.0,868700.0
22231.jpg,1290.0,900.0,1161000.0
22232.jpg,900.0,1260.0,1134000.0
22233.jpg,1000.0,995.0,995000.0
22234.jpg,911.0,1100.0,1002100.0
22235.jpg,934.0,1100.0,1027400.0
22236.jpg,800.0,1222.0,977600.0
22237.jpg,1050.0,1116.0,1171800.0
22238.jpg,590.0,867.0,511530.0
22239.jpg,800.0,1316.0,1052800.0
22240.jpg,917.0,1200.0,1100400.0
22241.jpg,1111.0,900.0,999900.0
22242.jpg,1109.0,900.0,998100.0
22243.jpg,1400.0,335.0,469000.0
22244.jpg,1097.0,900.0,987300.0
22245.jpg,1109.0,900.0,998100.0
22246.jpg,720.0,1105.0,795600.0
22247.jpg,720.0,1070.0,770400.0
22248.jpg,646.0,891.0,575586.0
22249.jpg,722.0,900.0,649800.0
22250.jpg,675.0,1050.0,708750.0
22251.jpg,1219.0,1000.0,1219000.0
22252.jpg,1000.0,1320.0,1320000.0
22253.jpg,678.0,950.0,644100.0
22254.jpg,1200.0,1166.0,1399200.0
22255.jpg,1074.0,1200.0,1288800.0
22256.jpg,600.0,1285.0,771000.0
22259.jpg,932.0,1100.0,1025200.0
22260.jpg,918.0,1100.0,1009800.0
22268.jpg,856.0,1009.0,863704.0
22270.jpg,1373.0,550.0,755150.0
22271.jpg,807.0,1110.0,895770.0
22272.jpg,1250.0,1251.0,1563750.0
22273.jpg,1200.0,1470.0,1764000.0
22274.jpg,1012.0,702.0,710424.0
22275.jpg,622.0,876.0,544872.0
22278.jpg,703.0,964.0,677692.0
22279.jpg,833.0,1200.0,999600.0
22280.jpg,1200.0,1307.0,1568400.0
22281.jpg,493.0,1201.0,592093.0
22282.jpg,921.0,900.0,828900.0
22286.jpg,900.0,1031.0,927900.0
22287.jpg,1232.0,1006.0,1239392.0
22289.jpg,818.0,1400.0,1145200.0
22290.jpg,1400.0,729.0,1020600.0
22291.jpg,1523.0,650.0,989950.0
22292.jpg,800.0,1580.0,1264000.0
22293.jpg,1253.0,900.0,1127700.0
22294.jpg,1848.0,550.0,1016400.0
22295.jpg,1018.0,1000.0,1018000.0
22296.jpg,1500.0,600.0,900000.0
22297.jpg,752.0,1500.0,1128000.0
22298.jpg,675.0,850.0,573750.0
22299.jpg,1200.0,1176.0,1411200.0
22300.jpg,900.0,1228.0,1105200.0
22301.jpg,900.0,1077.0,969300.0
22302.jpg,600.0,1082.0,649200.0
22303.jpg,750.0,1400.0,1050000.0
22304.jpg,1392.0,850.0,1183200.0
22305.jpg,1086.0,900.0,977400.0
22306.jpg,900.0,568.0,511200.0
22307.jpg,1225.0,800.0,980000.0
22308.jpg,900.0,584.0,525600.0
22309.jpg,900.0,906.0,815400.0
22310.jpg,1050.0,772.0,810600.0
22311.jpg,837.0,1600.0,1339200.0
22312.jpg,707.0,1600.0,1131200.0
22313.jpg,707.0,1100.0,777700.0
22314.jpg,746.0,1100.0,820600.0
22315.jpg,803.0,1100.0,883300.0
22316.jpg,914.0,1200.0,1096800.0
22317.jpg,619.0,850.0,526150.0
22318.jpg,1100.0,1108.0,1218800.0
22319.jpg,1143.0,800.0,914400.0
22320.jpg,750.0,1300.0,975000.0
22321.jpg,800.0,1319.0,1055200.0
22323.jpg,782.0,902.0,705364.0
22324.jpg,850.0,1381.0,1173850.0
22326.jpg,731.0,930.0,679830.0
22327.jpg,707.0,930.0,657510.0
22328.jpg,900.0,1413.0,1271700.0
22329.jpg,1136.0,760.0,863360.0
22330.jpg,1072.0,950.0,1018400.0
22331.jpg,1000.0,1234.0,1234000.0
22332.jpg,850.0,1551.0,1318350.0
22346.jpg,1250.0,750.0,937500.0
22347.jpg,1339.0,800.0,1071200.0
22348.jpg,837.0,1120.0,937440.0
22349.jpg,828.0,1120.0,927360.0
22350.jpg,850.0,1021.0,867850.0
22351.jpg,800.0,1250.0,1000000.0
22352.jpg,1447.0,1048.0,1516456.0
22353.jpg,513.0,1060.0,543780.0
22354.jpg,1665.0,900.0,1498500.0
22355.jpg,1400.0,832.0,1164800.0
22356.jpg,673.0,1700.0,1144100.0
22357.jpg,600.0,1401.0,840600.0
22358.jpg,1400.0,765.0,1071000.0
22359.jpg,770.0,1528.0,1176560.0
22360.jpg,847.0,1400.0,1185800.0
22362.jpg,784.0,1100.0,862400.0
22363.jpg,800.0,1221.0,976800.0
22364.jpg,865.0,700.0,605500.0
22365.jpg,950.0,700.0,665000.0
22366.jpg,1785.0,700.0,1249500.0
22367.jpg,928.0,700.0,649600.0
22368.jpg,833.0,700.0,583100.0
22369.jpg,806.0,1100.0,886600.0
22370.jpg,1095.0,832.0,911040.0
22371.jpg,661.0,800.0,528800.0
22372.jpg,1218.0,928.0,1130304.0
22374.jpg,819.0,1200.0,982800.0
22375.jpg,1250.0,972.0,1215000.0
22376.jpg,876.0,1000.0,876000.0
22377.jpg,641.0,1300.0,833300.0
22378.jpg,1057.0,807.0,852999.0
22379.jpg,714.0,820.0,585480.0
22382.jpg,1251.0,800.0,1000800.0
22383.jpg,900.0,1378.0,1240200.0
22384.jpg,952.0,1500.0,1428000.0
22385.jpg,1100.0,1423.0,1565300.0
22386.jpg,1100.0,1400.0,1540000.0
22387.jpg,1012.0,1200.0,1214400.0
22388.jpg,955.0,1200.0,1146000.0
22389.jpg,1020.0,1307.0,1333140.0
22390.jpg,1000.0,1233.0,1233000.0
22391.jpg,750.0,996.0,747000.0
22392.jpg,1100.0,1215.0,1336500.0
22393.jpg,1500.0,1138.0,1707000.0
22394.jpg,900.0,1101.0,990900.0
22395.jpg,1300.0,1530.0,1989000.0
22396.jpg,549.0,1126.0,618174.0
22397.jpg,967.0,1500.0,1450500.0
22398.jpg,731.0,830.0,606730.0
22399.jpg,750.0,1753.0,1314750.0
22400.jpg,770.0,751.0,578270.0
22401.jpg,1409.0,1000.0,1409000.0
22402.jpg,800.0,611.0,488800.0
22403.jpg,1000.0,1400.0,1400000.0
22404.jpg,726.0,880.0,638880.0
22405.jpg,507.0,516.0,261612.0
22406.jpg,1030.0,824.0,848720.0
22407.jpg,1166.0,1000.0,1166000.0
22408.jpg,977.0,1300.0,1270100.0
22409.jpg,1376.0,817.0,1124192.0
22410.jpg,1392.0,931.0,1295952.0
22411.jpg,1100.0,1546.0,1700600.0
22412.jpg,631.0,977.0,616487.0
22413.jpg,715.0,900.0,643500.0
22414.jpg,913.0,1400.0,1278200.0
22415.jpg,1421.0,700.0,994700.0
22416.jpg,1433.0,700.0,1003100.0
22417.jpg,1434.0,700.0,1003800.0
22418.jpg,1000.0,1267.0,1267000.0
22419.jpg,1100.0,1301.0,1431100.0
22420.jpg,984.0,1200.0,1180800.0
22421.jpg,800.0,1015.0,812000.0
22422.jpg,1000.0,1357.0,1357000.0
22423.jpg,1155.0,1400.0,1617000.0
22424.jpg,1200.0,1364.0,1636800.0
22425.jpg,900.0,1401.0,1260900.0
22426.jpg,1208.0,1300.0,1570400.0
22427.jpg,1000.0,1197.0,1197000.0
22428.jpg,826.0,1000.0,826000.0
22429.jpg,846.0,1200.0,1015200.0
22430.jpg,1400.0,947.0,1325800.0
22431.jpg,1100.0,1361.0,1497100.0
22432.jpg,997.0,1200.0,1196400.0
22433.jpg,682.0,851.0,580382.0
22434.jpg,1408.0,1500.0,2112000.0
22435.jpg,1304.0,1500.0,1956000.0
22436.jpg,906.0,677.0,613362.0
22437.jpg,1253.0,1600.0,2004800.0
22438.jpg,1100.0,1315.0,1446500.0
22439.jpg,1200.0,1587.0,1904400.0
22440.jpg,1200.0,1457.0,1748400.0
22441.jpg,1400.0,1122.0,1570800.0
22442.jpg,1100.0,1315.0,1446500.0
22443.jpg,1232.0,1000.0,1232000.0
22444.jpg,1415.0,1200.0,1698000.0
22445.jpg,1012.0,1200.0,1214400.0
22446.jpg,1000.0,1166.0,1166000.0
22447.jpg,1400.0,818.0,1145200.0
22448.jpg,1400.0,831.0,1163400.0
22449.jpg,1651.0,800.0,1320800.0
22450.jpg,1071.0,1300.0,1392300.0
22451.jpg,1144.0,1100.0,1258400.0
22452.jpg,1098.0,1400.0,1537200.0
22453.jpg,1400.0,962.0,1346800.0
22454.jpg,1400.0,969.0,1356600.0
22455.jpg,1505.0,800.0,1204000.0
22456.jpg,1200.0,1121.0,1345200.0
22457.jpg,908.0,1300.0,1180400.0
22458.jpg,1400.0,967.0,1353800.0
22459.jpg,1088.0,900.0,979200.0
22460.jpg,850.0,1100.0,935000.0
22461.jpg,692.0,852.0,589584.0
22462.jpg,900.0,987.0,888300.0
22463.jpg,900.0,1221.0,1098900.0
22464.jpg,900.0,1158.0,1042200.0
22465.jpg,850.0,1023.0,869550.0
22466.jpg,1012.0,770.0,779240.0
22467.jpg,1409.0,1200.0,1690800.0
22468.jpg,600.0,600.0,360000.0
22469.jpg,675.0,930.0,627750.0
22470.jpg,429.0,564.0,241956.0
22471.jpg,1036.0,1400.0,1450400.0
22472.jpg,1040.0,1400.0,1456000.0
22473.jpg,1512.0,1100.0,1663200.0
22474.jpg,1100.0,1325.0,1457500.0
22475.jpg,739.0,900.0,665100.0
22476.jpg,875.0,1463.0,1280125.0
22477.jpg,1187.0,664.0,788168.0
22478.jpg,1041.0,770.0,801570.0
22479.jpg,1255.0,763.0,957565.0
22480.jpg,700.0,1380.0,966000.0
22481.jpg,1616.0,1000.0,1616000.0
22482.jpg,1171.0,1013.0,1186223.0
22483.jpg,1160.0,1400.0,1624000.0
22484.jpg,1141.0,1200.0,1369200.0
22485.jpg,971.0,1500.0,1456500.0
22486.jpg,1540.0,700.0,1078000.0
22487.jpg,776.0,800.0,620800.0
22488.jpg,1550.0,700.0,1085000.0
22489.jpg,1732.0,700.0,1212400.0
22490.jpg,1500.0,1263.0,1894500.0
22491.jpg,618.0,1800.0,1112400.0
22492.jpg,623.0,1800.0,1121400.0
22493.jpg,1442.0,1000.0,1442000.0
22494.jpg,916.0,700.0,641200.0
22495.jpg,1389.0,1200.0,1666800.0
22496.jpg,1049.0,1500.0,1573500.0
22497.jpg,1176.0,1400.0,1646400.0
22498.jpg,847.0,1400.0,1185800.0
22499.jpg,1372.0,1600.0,2195200.0
22500.jpg,612.0,792.0,484704.0
22501.jpg,739.0,860.0,635540.0
22502.jpg,1287.0,1500.0,1930500.0
22503.jpg,1594.0,1000.0,1594000.0
22504.jpg,657.0,970.0,637290.0
22505.jpg,949.0,781.0,741169.0
22506.jpg,900.0,1280.0,1152000.0
22507.jpg,1115.0,1400.0,1561000.0
22508.jpg,1215.0,1500.0,1822500.0
22509.jpg,1234.0,1500.0,1851000.0
22510.jpg,1264.0,1500.0,1896000.0
22511.jpg,900.0,1142.0,1027800.0
22512.jpg,1002.0,1250.0,1252500.0
22513.jpg,900.0,1120.0,1008000.0
22514.jpg,1020.0,1200.0,1224000.0
22515.jpg,850.0,1200.0,1020000.0
22516.jpg,1113.0,1400.0,1558200.0
22517.jpg,625.0,991.0,619375.0
22518.jpg,1000.0,1261.0,1261000.0
22519.jpg,1518.0,1000.0,1518000.0
22520.jpg,1100.0,853.0,938300.0
22521.jpg,758.0,1000.0,758000.0
22522.jpg,1054.0,900.0,948600.0
22523.jpg,1154.0,800.0,923200.0
22524.jpg,1144.0,1400.0,1601600.0
22525.jpg,800.0,1118.0,894400.0
22526.jpg,500.0,1341.0,670500.0
22529.jpg,1353.0,1000.0,1353000.0
22530.jpg,1207.0,770.0,929390.0
22531.jpg,927.0,720.0,667440.0
22533.jpg,1420.0,1000.0,1420000.0
22535.jpg,1199.0,894.0,1071906.0
22540.jpg,985.0,970.0,955450.0
22542.jpg,1300.0,1103.0,1433900.0
22543.jpg,826.0,1200.0,991200.0
22544.jpg,952.0,947.0,901544.0
22545.jpg,955.0,947.0,904385.0
22546.jpg,951.0,948.0,901548.0
22547.jpg,956.0,948.0,906288.0
22548.jpg,1352.0,850.0,1149200.0
22550.jpg,1287.0,900.0,1158300.0
22551.jpg,1216.0,845.0,1027520.0
22552.jpg,1059.0,850.0,900150.0
22553.jpg,800.0,1067.0,853600.0
22554.jpg,1300.0,941.0,1223300.0
22555.jpg,900.0,972.0,874800.0
22556.jpg,1000.0,1222.0,1222000.0
22558.jpg,905.0,900.0,814500.0
22562.jpg,1171.0,650.0,761150.0
22563.jpg,700.0,985.0,689500.0
22564.jpg,803.0,1026.0,823878.0
22565.jpg,1123.0,601.0,674923.0
22566.jpg,850.0,1020.0,867000.0
22567.jpg,1243.0,900.0,1118700.0
22568.jpg,1000.0,1001.0,1001000.0
22569.jpg,800.0,1089.0,871200.0
22570.jpg,900.0,1308.0,1177200.0
22573.jpg,1087.0,1255.0,1364185.0
22574.jpg,1029.0,1255.0,1291395.0
22575.jpg,600.0,941.0,564600.0
22577.jpg,1000.0,1402.0,1402000.0
22578.jpg,901.0,1200.0,1081200.0
22579.jpg,1200.0,1488.0,1785600.0
22581.jpg,1200.0,1533.0,1839600.0
22582.jpg,1100.0,1427.0,1569700.0
22583.jpg,1000.0,1213.0,1213000.0
22584.jpg,900.0,1118.0,1006200.0
22585.jpg,459.0,650.0,298350.0
22587.jpg,1017.0,850.0,864450.0
22590.jpg,685.0,1700.0,1164500.0
22592.jpg,1508.0,900.0,1357200.0
22595.jpg,580.0,800.0,464000.0
22597.jpg,1400.0,869.0,1216600.0
22598.jpg,1175.0,722.0,848350.0
22599.jpg,931.0,1200.0,1117200.0
22600.jpg,620.0,820.0,508400.0
22601.jpg,620.0,838.0,519560.0
22612.jpg,900.0,1116.0,1004400.0
22613.jpg,1084.0,1255.0,1360420.0
22614.jpg,751.0,800.0,600800.0
22617.jpg,611.0,800.0,488800.0
22618.jpg,612.0,800.0,489600.0
22619.jpg,846.0,1100.0,930600.0
22622.jpg,1270.0,888.0,1127760.0
22626.jpg,757.0,1123.0,850111.0
22628.jpg,1000.0,1027.0,1027000.0
22629.jpg,1134.0,900.0,1020600.0
22630.jpg,993.0,1200.0,1191600.0
22631.jpg,1181.0,900.0,1062900.0
22634.jpg,800.0,1056.0,844800.0
22635.jpg,868.0,1027.0,891436.0
22641.jpg,1030.0,1111.0,1144330.0
22642.jpg,726.0,790.0,573540.0
22643.jpg,1033.0,1300.0,1342900.0
22644.jpg,1212.0,949.0,1150188.0
22646.jpg,940.0,600.0,564000.0
22647.jpg,1254.0,970.0,1216380.0
22648.jpg,1097.0,600.0,658200.0
22649.jpg,1252.0,907.0,1135564.0
22650.jpg,970.0,1186.0,1150420.0
22651.jpg,1226.0,800.0,980800.0
22652.jpg,1100.0,1482.0,1630200.0
22653.jpg,1500.0,1145.0,1717500.0
22654.jpg,900.0,1078.0,970200.0
22655.jpg,1100.0,812.0,893200.0
22656.jpg,1500.0,534.0,801000.0
22666.jpg,1251.0,896.0,1120896.0
22668.jpg,829.0,1600.0,1326400.0
22670.jpg,1200.0,1504.0,1804800.0
22671.jpg,665.0,851.0,565915.0
22672.jpg,850.0,1074.0,912900.0
22673.jpg,773.0,1080.0,834840.0
22674.jpg,682.0,804.0,548328.0
22675.jpg,906.0,850.0,770100.0
22676.jpg,1472.0,1100.0,1619200.0
22677.jpg,699.0,1147.0,801753.0
22678.jpg,851.0,953.0,811003.0
22679.jpg,1140.0,727.0,828780.0
22680.jpg,800.0,1112.0,889600.0
22681.jpg,1300.0,1104.0,1435200.0
22682.jpg,1200.0,1457.0,1748400.0
22683.jpg,770.0,1025.0,789250.0
22684.jpg,1200.0,1441.0,1729200.0
22685.jpg,950.0,1050.0,997500.0
22686.jpg,1100.0,1444.0,1588400.0
22687.jpg,1100.0,1413.0,1554300.0
22688.jpg,1000.0,1313.0,1313000.0
22689.jpg,1200.0,1562.0,1874400.0
22690.jpg,640.0,810.0,518400.0
22691.jpg,1144.0,1500.0,1716000.0
22692.jpg,477.0,600.0,286200.0
22695.jpg,1222.0,1500.0,1833000.0
22696.jpg,1215.0,1500.0,1822500.0
22697.jpg,1009.0,1250.0,1261250.0
22698.jpg,900.0,1148.0,1033200.0
22699.jpg,900.0,1150.0,1035000.0
22700.jpg,1070.0,1500.0,1605000.0
22701.jpg,1121.0,1500.0,1681500.0
22702.jpg,641.0,800.0,512800.0
22703.jpg,613.0,831.0,509403.0
22704.jpg,959.0,1200.0,1150800.0
22705.jpg,878.0,626.0,549628.0
22706.jpg,965.0,1200.0,1158000.0
22707.jpg,750.0,1579.0,1184250.0
22708.jpg,1251.0,1000.0,1251000.0
22709.jpg,1002.0,880.0,881760.0
22710.jpg,1239.0,1000.0,1239000.0
22711.jpg,1000.0,1274.0,1274000.0
22712.jpg,1000.0,1306.0,1306000.0
22713.jpg,1300.0,965.0,1254500.0
22716.jpg,800.0,1011.0,808800.0
22719.jpg,1500.0,1002.0,1503000.0
22720.jpg,1500.0,1024.0,1536000.0
22723.jpg,1255.0,810.0,1016550.0
22724.jpg,1255.0,830.0,1041650.0
22725.jpg,1254.0,838.0,1050852.0
22726.jpg,662.0,820.0,542840.0
22729.jpg,1016.0,750.0,762000.0
22730.jpg,585.0,937.0,548145.0
22731.jpg,1300.0,670.0,871000.0
22732.jpg,1325.0,1000.0,1325000.0
22733.jpg,804.0,1004.0,807216.0
22734.jpg,806.0,1014.0,817284.0
22736.jpg,1255.0,912.0,1144560.0
22738.jpg,1049.0,1300.0,1363700.0
22739.jpg,1050.0,814.0,854700.0
22740.jpg,959.0,713.0,683767.0
22745.jpg,899.0,1200.0,1078800.0
22746.jpg,1000.0,1214.0,1214000.0
22747.jpg,1200.0,807.0,968400.0
22749.jpg,800.0,1032.0,825600.0
22750.jpg,1000.0,1200.0,1200000.0
22764.jpg,748.0,1200.0,897600.0
22769.jpg,1000.0,1034.0,1034000.0
22770.jpg,1000.0,1019.0,1019000.0
22790.jpg,733.0,1150.0,842950.0
22791.jpg,770.0,1147.0,883190.0
22792.jpg,700.0,1187.0,830900.0
22794.jpg,1316.0,1300.0,1710800.0
22795.jpg,736.0,952.0,700672.0
22796.jpg,1064.0,1200.0,1276800.0
22797.jpg,1167.0,1156.0,1349052.0
22799.jpg,800.0,1472.0,1177600.0
22800.jpg,800.0,1425.0,1140000.0
22801.jpg,865.0,1252.0,1082980.0
22802.jpg,1119.0,900.0,1007100.0
22828.jpg,1065.0,750.0,798750.0
22829.jpg,1100.0,1519.0,1670900.0
22831.jpg,924.0,1200.0,1108800.0
22836.jpg,892.0,1200.0,1070400.0
22837.jpg,1500.0,1128.0,1692000.0
22838.jpg,896.0,1200.0,1075200.0
22839.jpg,1174.0,1450.0,1702300.0
22840.jpg,1200.0,772.0,926400.0
22843.jpg,1000.0,1200.0,1200000.0
22844.jpg,900.0,1108.0,997200.0
22845.jpg,1059.0,1300.0,1376700.0
22846.jpg,821.0,1000.0,821000.0
22847.jpg,840.0,1150.0,966000.0
22848.jpg,841.0,1000.0,841000.0
22849.jpg,842.0,1000.0,842000.0
22850.jpg,588.0,1500.0,882000.0
22853.jpg,900.0,1104.0,993600.0
22854.jpg,1110.0,800.0,888000.0
22857.jpg,800.0,1103.0,882400.0
22858.jpg,956.0,1200.0,1147200.0
22859.jpg,1053.0,770.0,810810.0
22865.jpg,1122.0,900.0,1009800.0
22866.jpg,655.0,942.0,617010.0
22867.jpg,868.0,871.0,756028.0
22868.jpg,1000.0,1329.0,1329000.0
22873.jpg,872.0,1002.0,873744.0
22874.jpg,920.0,1072.0,986240.0
22875.jpg,1100.0,1390.0,1529000.0
22880.jpg,1254.0,1100.0,1379400.0
22881.jpg,1535.0,770.0,1181950.0
22882.jpg,1000.0,1233.0,1233000.0
22884.jpg,1330.0,750.0,997500.0
22885.jpg,1255.0,803.0,1007765.0
22886.jpg,1415.0,750.0,1061250.0
22887.jpg,1362.0,750.0,1021500.0
22895.jpg,1202.0,1500.0,1803000.0
22896.jpg,1082.0,1400.0,1514800.0
22897.jpg,1000.0,1317.0,1317000.0
22898.jpg,1517.0,1009.0,1530653.0
22899.jpg,935.0,1282.0,1198670.0
22900.jpg,1313.0,1465.0,1923545.0
22901.jpg,1100.0,1381.0,1519100.0
22902.jpg,825.0,900.0,742500.0
22903.jpg,1000.0,1243.0,1243000.0
22904.jpg,1207.0,1000.0,1207000.0
22905.jpg,1521.0,1011.0,1537731.0
22906.jpg,1500.0,915.0,1372500.0
22907.jpg,1005.0,1300.0,1306500.0
22908.jpg,1011.0,1300.0,1314300.0
22909.jpg,1103.0,900.0,992700.0
22910.jpg,935.0,1000.0,935000.0
22911.jpg,1357.0,922.0,1251154.0
22912.jpg,804.0,1000.0,804000.0
22913.jpg,1700.0,1322.0,2247400.0
22914.jpg,1150.0,1187.0,1365050.0
22915.jpg,1100.0,1451.0,1596100.0
22916.jpg,1108.0,672.0,744576.0
22917.jpg,1277.0,850.0,1085450.0
22918.jpg,1414.0,1100.0,1555400.0
22919.jpg,1067.0,1400.0,1493800.0
22920.jpg,1304.0,1400.0,1825600.0
22921.jpg,1400.0,1128.0,1579200.0
22922.jpg,1107.0,900.0,996300.0
22923.jpg,1600.0,851.0,1361600.0
22924.jpg,1000.0,1641.0,1641000.0
22925.jpg,1004.0,1500.0,1506000.0
22926.jpg,1000.0,1359.0,1359000.0
22927.jpg,1136.0,1700.0,1931200.0
22928.jpg,1500.0,1236.0,1854000.0
22929.jpg,1653.0,1100.0,1818300.0
22930.jpg,753.0,1010.0,760530.0
22931.jpg,1200.0,1500.0,1800000.0
22932.jpg,1048.0,800.0,838400.0
22933.jpg,1700.0,911.0,1548700.0
22934.jpg,1462.0,1100.0,1608200.0
22935.jpg,1325.0,1442.0,1910650.0
22936.jpg,1030.0,867.0,893010.0
22937.jpg,1253.0,1600.0,2004800.0
22938.jpg,1038.0,1300.0,1349400.0
22939.jpg,1021.0,1300.0,1327300.0
22940.jpg,1000.0,500.0,500000.0
22941.jpg,1258.0,1000.0,1258000.0
22942.jpg,1224.0,1600.0,1958400.0
22943.jpg,1500.0,1201.0,1801500.0
22944.jpg,1134.0,1500.0,1701000.0
22945.jpg,1000.0,1326.0,1326000.0
22946.jpg,1044.0,1400.0,1461600.0
22947.jpg,1104.0,800.0,883200.0
22948.jpg,900.0,1131.0,1017900.0
22949.jpg,1050.0,863.0,906150.0
22950.jpg,1268.0,1044.0,1323792.0
22951.jpg,1480.0,1184.0,1752320.0
22952.jpg,1058.0,1400.0,1481200.0
22953.jpg,1653.0,1200.0,1983600.0
22954.jpg,1353.0,1100.0,1488300.0
22955.jpg,1554.0,950.0,1476300.0
22956.jpg,1500.0,1187.0,1780500.0
22957.jpg,1100.0,1103.0,1213300.0
22958.jpg,1103.0,741.0,817323.0
22959.jpg,732.0,800.0,585600.0
22960.jpg,732.0,800.0,585600.0
22961.jpg,1000.0,1249.0,1249000.0
22962.jpg,1020.0,850.0,867000.0
22963.jpg,1214.0,900.0,1092600.0
22964.jpg,570.0,850.0,484500.0
22965.jpg,1139.0,1500.0,1708500.0
22966.jpg,1200.0,1209.0,1450800.0
22967.jpg,1000.0,1501.0,1501000.0
22968.jpg,1115.0,1390.0,1549850.0
22969.jpg,1100.0,1405.0,1545500.0
22970.jpg,1128.0,1390.0,1567920.0
22971.jpg,1184.0,1100.0,1302400.0
22972.jpg,1004.0,1200.0,1204800.0
22973.jpg,1700.0,1322.0,2247400.0
22974.jpg,1008.0,1200.0,1209600.0
22975.jpg,1000.0,1207.0,1207000.0
22976.jpg,1100.0,1301.0,1431100.0
22977.jpg,1022.0,1300.0,1328600.0
22978.jpg,1420.0,1100.0,1562000.0
22979.jpg,1100.0,1516.0,1667600.0
22980.jpg,903.0,1121.0,1012263.0
22981.jpg,1504.0,1210.0,1819840.0
22982.jpg,1221.0,1452.0,1772892.0
22983.jpg,736.0,885.0,651360.0
22984.jpg,1222.0,1100.0,1344200.0
22985.jpg,1025.0,1300.0,1332500.0
22986.jpg,1322.0,1100.0,1454200.0
22987.jpg,1000.0,1304.0,1304000.0
22988.jpg,692.0,889.0,615188.0
22989.jpg,1187.0,1457.0,1729459.0
22990.jpg,1500.0,1107.0,1660500.0
22991.jpg,800.0,800.0,640000.0
22992.jpg,1000.0,1258.0,1258000.0
22993.jpg,903.0,1300.0,1173900.0
22994.jpg,1104.0,881.0,972624.0
22995.jpg,1050.0,810.0,850500.0
22996.jpg,1127.0,1400.0,1577800.0
22997.jpg,1100.0,1402.0,1542200.0
22998.jpg,1001.0,1200.0,1201200.0
23006.jpg,1420.0,1246.0,1769320.0
23007.jpg,638.0,850.0,542300.0
23008.jpg,816.0,1000.0,816000.0
23010.jpg,1075.0,1400.0,1505000.0
23011.jpg,699.0,900.0,629100.0
23012.jpg,800.0,1139.0,911200.0
23013.jpg,750.0,1042.0,781500.0
23014.jpg,1100.0,1454.0,1599400.0
23015.jpg,1400.0,961.0,1345400.0
23016.jpg,790.0,1096.0,865840.0
23017.jpg,770.0,1006.0,774620.0
23018.jpg,1258.0,900.0,1132200.0
23019.jpg,1049.0,800.0,839200.0
23021.jpg,1050.0,700.0,735000.0
23022.jpg,1500.0,857.0,1285500.0
23025.jpg,1025.0,592.0,606800.0
23038.jpg,950.0,1124.0,1067800.0
23039.jpg,900.0,1083.0,974700.0
23040.jpg,1000.0,1196.0,1196000.0
23041.jpg,971.0,650.0,631150.0
23042.jpg,900.0,1069.0,962100.0
23043.jpg,900.0,1078.0,970200.0
23044.jpg,1312.0,900.0,1180800.0
23045.jpg,900.0,1070.0,963000.0
23047.jpg,1197.0,900.0,1077300.0
23048.jpg,900.0,1166.0,1049400.0
23052.jpg,727.0,1400.0,1017800.0
23053.jpg,1171.0,900.0,1053900.0
23054.jpg,921.0,1200.0,1105200.0
23055.jpg,966.0,1200.0,1159200.0
23056.jpg,992.0,1200.0,1190400.0
23057.jpg,1042.0,1200.0,1250400.0
23058.jpg,1087.0,1000.0,1087000.0
23059.jpg,1083.0,1000.0,1083000.0
23060.jpg,1206.0,900.0,1085400.0
23061.jpg,928.0,1200.0,1113600.0
23062.jpg,970.0,1200.0,1164000.0
23063.jpg,1091.0,1200.0,1309200.0
23064.jpg,1064.0,1200.0,1276800.0
23065.jpg,1500.0,742.0,1113000.0
23066.jpg,1100.0,1136.0,1249600.0
23067.jpg,1137.0,1100.0,1250700.0
23068.jpg,1437.0,900.0,1293300.0
23069.jpg,1130.0,1000.0,1130000.0
23070.jpg,1314.0,900.0,1182600.0
23071.jpg,605.0,1400.0,847000.0
23072.jpg,644.0,1500.0,966000.0
23073.jpg,815.0,1200.0,978000.0
23074.jpg,1400.0,1038.0,1453200.0
23075.jpg,1300.0,967.0,1257100.0
23076.jpg,1051.0,1400.0,1471400.0
23077.jpg,936.0,1440.0,1347840.0
23078.jpg,729.0,1400.0,1020600.0
23079.jpg,1164.0,1174.0,1366536.0
23080.jpg,1200.0,921.0,1105200.0
23081.jpg,450.0,1236.0,556200.0
23082.jpg,1026.0,1300.0,1333800.0
23083.jpg,900.0,1266.0,1139400.0
23084.jpg,1374.0,1000.0,1374000.0
23085.jpg,1200.0,860.0,1032000.0
23086.jpg,900.0,1200.0,1080000.0
23087.jpg,1400.0,707.0,989800.0
23088.jpg,600.0,1351.0,810600.0
23089.jpg,691.0,1600.0,1105600.0
23090.jpg,1235.0,950.0,1173250.0
23091.jpg,900.0,1202.0,1081800.0
23092.jpg,1020.0,1350.0,1377000.0
23093.jpg,1000.0,1256.0,1256000.0
23094.jpg,1260.0,1200.0,1512000.0
23095.jpg,850.0,965.0,820250.0
23096.jpg,947.0,637.0,603239.0
23097.jpg,918.0,1200.0,1101600.0
23098.jpg,650.0,1286.0,835900.0
23099.jpg,714.0,1400.0,999600.0
23100.jpg,1436.0,928.0,1332608.0
23101.jpg,1023.0,1062.0,1086426.0
23102.jpg,720.0,1400.0,1008000.0
23103.jpg,719.0,1400.0,1006600.0
23104.jpg,900.0,1056.0,950400.0
23105.jpg,800.0,1233.0,986400.0
23106.jpg,1300.0,938.0,1219400.0
23107.jpg,900.0,1209.0,1088100.0
23108.jpg,1232.0,900.0,1108800.0
23109.jpg,1200.0,820.0,984000.0
23110.jpg,1241.0,900.0,1116900.0
23111.jpg,1112.0,1100.0,1223200.0
23112.jpg,1000.0,1128.0,1128000.0
23113.jpg,927.0,1200.0,1112400.0
23114.jpg,1000.0,1170.0,1170000.0
23115.jpg,908.0,1200.0,1089600.0
23116.jpg,731.0,1500.0,1096500.0
23117.jpg,742.0,1500.0,1113000.0
23118.jpg,900.0,1203.0,1082700.0
23119.jpg,1300.0,1027.0,1335100.0
23120.jpg,563.0,840.0,472920.0
23121.jpg,617.0,850.0,524450.0
23122.jpg,616.0,1400.0,862400.0
23123.jpg,920.0,1187.0,1092040.0
23124.jpg,959.0,1100.0,1054900.0
23125.jpg,761.0,1200.0,913200.0
23126.jpg,1000.0,1411.0,1411000.0
23127.jpg,898.0,1200.0,1077600.0
23128.jpg,1156.0,802.0,927112.0
23129.jpg,1356.0,900.0,1220400.0
23130.jpg,1300.0,856.0,1112800.0
23131.jpg,924.0,1200.0,1108800.0
23132.jpg,1000.0,1169.0,1169000.0
23133.jpg,1000.0,1190.0,1190000.0
23134.jpg,1022.0,1200.0,1226400.0
23135.jpg,1037.0,800.0,829600.0
23136.jpg,1426.0,1000.0,1426000.0
23137.jpg,1000.0,1197.0,1197000.0
23138.jpg,1000.0,1176.0,1176000.0
23139.jpg,1000.0,1367.0,1367000.0
23140.jpg,1000.0,1187.0,1187000.0
23141.jpg,807.0,1400.0,1129800.0
23142.jpg,702.0,1200.0,842400.0
23143.jpg,900.0,1085.0,976500.0
23144.jpg,1050.0,727.0,763350.0
23145.jpg,1271.0,900.0,1143900.0
23146.jpg,1066.0,1200.0,1279200.0
23147.jpg,750.0,1174.0,880500.0
23148.jpg,931.0,1200.0,1117200.0
23149.jpg,825.0,1400.0,1155000.0
23150.jpg,1000.0,1221.0,1221000.0
23151.jpg,1000.0,1140.0,1140000.0
23152.jpg,940.0,1200.0,1128000.0
23153.jpg,903.0,1200.0,1083600.0
23154.jpg,1400.0,800.0,1120000.0
23155.jpg,928.0,1200.0,1113600.0
23156.jpg,1028.0,850.0,873800.0
23157.jpg,1164.0,1100.0,1280400.0
23158.jpg,422.0,1500.0,633000.0
23159.jpg,761.0,1200.0,913200.0
23160.jpg,926.0,1100.0,1018600.0
23161.jpg,750.0,1400.0,1050000.0
23162.jpg,900.0,1154.0,1038600.0
23163.jpg,1000.0,1385.0,1385000.0
23164.jpg,1400.0,922.0,1290800.0
23165.jpg,917.0,1100.0,1008700.0
23166.jpg,900.0,1073.0,965700.0
23167.jpg,1000.0,1202.0,1202000.0
23168.jpg,900.0,997.0,897300.0
23169.jpg,1200.0,1024.0,1228800.0
23170.jpg,1200.0,1005.0,1206000.0
23171.jpg,1000.0,1168.0,1168000.0
23172.jpg,900.0,1043.0,938700.0
23173.jpg,922.0,1100.0,1014200.0
23174.jpg,874.0,1100.0,961400.0
23175.jpg,700.0,989.0,692300.0
23176.jpg,791.0,1100.0,870100.0
23177.jpg,1028.0,900.0,925200.0
23178.jpg,1107.0,900.0,996300.0
23179.jpg,1101.0,900.0,990900.0
23180.jpg,850.0,1076.0,914600.0
23181.jpg,1500.0,750.0,1125000.0
23182.jpg,815.0,1500.0,1222500.0
23183.jpg,829.0,1500.0,1243500.0
23184.jpg,1124.0,1000.0,1124000.0
23185.jpg,815.0,1006.0,819890.0
23186.jpg,804.0,1100.0,884400.0
23187.jpg,900.0,1285.0,1156500.0
23188.jpg,1200.0,1008.0,1209600.0
23189.jpg,1134.0,1000.0,1134000.0
23190.jpg,922.0,1200.0,1106400.0
23191.jpg,900.0,1502.0,1351800.0
23192.jpg,400.0,1564.0,625600.0
23193.jpg,400.0,1289.0,515600.0
23194.jpg,710.0,1250.0,887500.0
23195.jpg,1337.0,1050.0,1403850.0
23196.jpg,1070.0,850.0,909500.0
23197.jpg,1047.0,1400.0,1465800.0
23198.jpg,1200.0,1457.0,1748400.0
23199.jpg,631.0,1300.0,820300.0
23200.jpg,900.0,1222.0,1099800.0
23201.jpg,913.0,1500.0,1369500.0
23202.jpg,935.0,1200.0,1122000.0
23203.jpg,1300.0,1002.0,1302600.0
23204.jpg,1217.0,1000.0,1217000.0
23205.jpg,1297.0,1000.0,1297000.0
23206.jpg,900.0,1145.0,1030500.0
23207.jpg,1100.0,1038.0,1141800.0
23208.jpg,1147.0,1100.0,1261700.0
23209.jpg,1000.0,1326.0,1326000.0
23210.jpg,1100.0,1039.0,1142900.0
23211.jpg,1001.0,1200.0,1201200.0
23212.jpg,1100.0,1056.0,1161600.0
23213.jpg,1148.0,1100.0,1262800.0
23214.jpg,1100.0,1052.0,1157200.0
23215.jpg,1148.0,1100.0,1262800.0
23216.jpg,1100.0,1046.0,1150600.0
23217.jpg,1200.0,959.0,1150800.0
23218.jpg,1100.0,1047.0,1151700.0
23219.jpg,1140.0,1100.0,1254000.0
23220.jpg,1100.0,1057.0,1162700.0
23221.jpg,1144.0,1100.0,1258400.0
23222.jpg,1100.0,1049.0,1153900.0
23223.jpg,1170.0,1100.0,1287000.0
23224.jpg,1100.0,1063.0,1169300.0
23225.jpg,1179.0,1100.0,1296900.0
23226.jpg,700.0,1103.0,772100.0
23227.jpg,1514.0,1000.0,1514000.0
23228.jpg,1118.0,1400.0,1565200.0
23229.jpg,1639.0,450.0,737550.0
23230.jpg,1428.0,900.0,1285200.0
23231.jpg,1523.0,900.0,1370700.0
23232.jpg,1046.0,1100.0,1150600.0
23233.jpg,900.0,1203.0,1082700.0
23234.jpg,916.0,1200.0,1099200.0
23235.jpg,1300.0,516.0,670800.0
23236.jpg,800.0,1875.0,1500000.0
23237.jpg,1011.0,1200.0,1213200.0
23256.jpg,648.0,900.0,583200.0
23260.jpg,552.0,794.0,438288.0
23261.jpg,742.0,890.0,660380.0
23263.jpg,672.0,850.0,571200.0
23264.jpg,798.0,1000.0,798000.0
23267.jpg,1100.0,1031.0,1134100.0
23268.jpg,800.0,1458.0,1166400.0
23269.jpg,957.0,904.0,865128.0
23270.jpg,700.0,1300.0,910000.0
23271.jpg,920.0,1250.0,1150000.0
23273.jpg,793.0,1085.0,860405.0
23274.jpg,800.0,1080.0,864000.0
23275.jpg,670.0,1201.0,804670.0
23276.jpg,1000.0,1312.0,1312000.0
23277.jpg,1400.0,1047.0,1465800.0
23279.jpg,800.0,1047.0,837600.0
23280.jpg,900.0,1095.0,985500.0
23282.jpg,900.0,1550.0,1395000.0
23283.jpg,1000.0,1210.0,1210000.0
23286.jpg,1244.0,864.0,1074816.0
23287.jpg,1051.0,650.0,683150.0
23288.jpg,900.0,548.0,493200.0
23296.jpg,1354.0,900.0,1218600.0
23298.jpg,868.0,1200.0,1041600.0
23299.jpg,853.0,1255.0,1070515.0
23300.jpg,1146.0,987.0,1131102.0
23301.jpg,1400.0,1114.0,1559600.0
23302.jpg,1126.0,1400.0,1576400.0
23303.jpg,800.0,1646.0,1316800.0
23304.jpg,600.0,1360.0,816000.0
23305.jpg,700.0,1375.0,962500.0
23306.jpg,1383.0,700.0,968100.0
23307.jpg,700.0,952.0,666400.0
23308.jpg,700.0,934.0,653800.0
23309.jpg,800.0,1162.0,929600.0
23310.jpg,705.0,900.0,634500.0
23311.jpg,700.0,909.0,636300.0
23312.jpg,865.0,1100.0,951500.0
23313.jpg,1024.0,1300.0,1331200.0
23318.jpg,1082.0,700.0,757400.0
23319.jpg,1113.0,680.0,756840.0
23320.jpg,1402.0,900.0,1261800.0
23321.jpg,1108.0,720.0,797760.0
23322.jpg,751.0,1050.0,788550.0
23323.jpg,1096.0,720.0,789120.0
23324.jpg,1088.0,770.0,837760.0
23325.jpg,1150.0,749.0,861350.0
23326.jpg,1200.0,668.0,801600.0
23327.jpg,1216.0,795.0,966720.0
23329.jpg,1430.0,900.0,1287000.0
23330.jpg,698.0,900.0,628200.0
23331.jpg,1026.0,602.0,617652.0
23332.jpg,1057.0,700.0,739900.0
23333.jpg,1409.0,917.0,1292053.0
23334.jpg,1230.0,800.0,984000.0
23335.jpg,1400.0,921.0,1289400.0
23336.jpg,1174.0,778.0,913372.0
23341.jpg,961.0,1255.0,1206055.0
23352.jpg,1103.0,1400.0,1544200.0
23353.jpg,1003.0,1252.0,1255756.0
23355.jpg,868.0,1200.0,1041600.0
23356.jpg,1563.0,1000.0,1563000.0
23361.jpg,636.0,1100.0,699600.0
23362.jpg,900.0,1215.0,1093500.0
23363.jpg,1081.0,1150.0,1243150.0
23364.jpg,1083.0,1150.0,1245450.0
23365.jpg,1096.0,1150.0,1260400.0
23366.jpg,1200.0,897.0,1076400.0
23367.jpg,1090.0,1150.0,1253500.0
23368.jpg,1200.0,913.0,1095600.0
23369.jpg,1083.0,1150.0,1245450.0
23370.jpg,1083.0,1150.0,1245450.0
23371.jpg,1074.0,1150.0,1235100.0
23372.jpg,748.0,1081.0,808588.0
23379.jpg,948.0,1255.0,1189740.0
23380.jpg,1100.0,1269.0,1395900.0
23381.jpg,1012.0,1200.0,1214400.0
23382.jpg,1265.0,800.0,1012000.0
23383.jpg,1396.0,1000.0,1396000.0
23384.jpg,1134.0,860.0,975240.0
23385.jpg,1196.0,859.0,1027364.0
23386.jpg,1223.0,819.0,1001637.0
23387.jpg,1223.0,842.0,1029766.0
23388.jpg,1225.0,813.0,995925.0
23389.jpg,1130.0,896.0,1012480.0
23390.jpg,916.0,646.0,591736.0
23391.jpg,1090.0,860.0,937400.0
23392.jpg,1074.0,758.0,814092.0
23393.jpg,1014.0,772.0,782808.0
23394.jpg,1001.0,763.0,763763.0
23395.jpg,1219.0,922.0,1123918.0
23396.jpg,1133.0,861.0,975513.0
23397.jpg,1140.0,860.0,980400.0
23398.jpg,954.0,660.0,629640.0
23399.jpg,968.0,749.0,725032.0
23400.jpg,1438.0,1100.0,1581800.0
23401.jpg,1110.0,846.0,939060.0
23402.jpg,1300.0,926.0,1203800.0
23404.jpg,1075.0,811.0,871825.0
23405.jpg,904.0,1132.0,1023328.0
23406.jpg,1143.0,797.0,910971.0
23407.jpg,1223.0,922.0,1127606.0
23408.jpg,1030.0,648.0,667440.0
23410.jpg,1407.0,989.0,1391523.0
23411.jpg,1420.0,1125.0,1597500.0
23412.jpg,1438.0,560.0,805280.0
23413.jpg,1473.0,560.0,824880.0
23414.jpg,852.0,1170.0,996840.0
23415.jpg,782.0,1080.0,844560.0
23416.jpg,500.0,1450.0,725000.0
23417.jpg,1056.0,750.0,792000.0
23421.jpg,850.0,1305.0,1109250.0
23423.jpg,717.0,1000.0,717000.0
23426.jpg,700.0,959.0,671300.0
23428.jpg,1507.0,800.0,1205600.0
23438.jpg,1097.0,883.0,968651.0
23442.jpg,872.0,1071.0,933912.0
23443.jpg,985.0,1200.0,1182000.0
23445.jpg,1070.0,790.0,845300.0
23446.jpg,1063.0,761.0,808943.0
23447.jpg,727.0,900.0,654300.0
23448.jpg,1100.0,749.0,823900.0
23449.jpg,1100.0,667.0,733700.0
23450.jpg,1000.0,1275.0,1275000.0
23451.jpg,710.0,920.0,653200.0
23452.jpg,800.0,1138.0,910400.0
23453.jpg,1126.0,933.0,1050558.0
23454.jpg,781.0,936.0,731016.0
23456.jpg,1000.0,1220.0,1220000.0
23460.jpg,1034.0,1300.0,1344200.0
23462.jpg,702.0,893.0,626886.0
23466.jpg,1221.0,1000.0,1221000.0
23468.jpg,973.0,1200.0,1167600.0
23469.jpg,920.0,1145.0,1053400.0
23470.jpg,1400.0,968.0,1355200.0
23471.jpg,1388.0,900.0,1249200.0
23474.jpg,1203.0,800.0,962400.0
23475.jpg,1199.0,767.0,919633.0
23476.jpg,1409.0,650.0,915850.0
23477.jpg,1179.0,1002.0,1181358.0
23478.jpg,1137.0,1000.0,1137000.0
23480.jpg,811.0,1000.0,811000.0
23481.jpg,647.0,900.0,582300.0
23483.jpg,1236.0,900.0,1112400.0
23485.jpg,820.0,1009.0,827380.0
23488.jpg,650.0,1536.0,998400.0
23489.jpg,900.0,970.0,873000.0
23490.jpg,1400.0,537.0,751800.0
23491.jpg,1200.0,1067.0,1280400.0
23492.jpg,650.0,1351.0,878150.0
23493.jpg,617.0,820.0,505940.0
23494.jpg,634.0,1020.0,646680.0
23495.jpg,772.0,1224.0,944928.0
23503.jpg,1100.0,822.0,904200.0
23504.jpg,1402.0,700.0,981400.0
23509.jpg,668.0,900.0,601200.0
23510.jpg,715.0,1000.0,715000.0
23511.jpg,579.0,883.0,511257.0
23512.jpg,420.0,600.0,252000.0
23513.jpg,650.0,910.0,591500.0
23514.jpg,1162.0,700.0,813400.0
23516.jpg,1009.0,1200.0,1210800.0
23517.jpg,900.0,1150.0,1035000.0
23518.jpg,1342.0,1100.0,1476200.0
23519.jpg,1356.0,1100.0,1491600.0
23520.jpg,1006.0,1200.0,1207200.0
23521.jpg,764.0,1700.0,1298800.0
23522.jpg,640.0,480.0,307200.0
23523.jpg,457.0,1174.0,536518.0
23524.jpg,610.0,640.0,390400.0
23525.jpg,860.0,1159.0,996740.0
23526.jpg,832.0,1196.0,995072.0
23527.jpg,1062.0,1300.0,1380600.0
23528.jpg,581.0,779.0,452599.0
23529.jpg,694.0,1028.0,713432.0
23530.jpg,565.0,847.0,478555.0
23531.jpg,773.0,1500.0,1159500.0
23532.jpg,573.0,830.0,475590.0
23533.jpg,1227.0,510.0,625770.0
23534.jpg,1000.0,1218.0,1218000.0
23535.jpg,971.0,1300.0,1262300.0
23536.jpg,1000.0,1223.0,1223000.0
23537.jpg,1285.0,1000.0,1285000.0
23538.jpg,700.0,1286.0,900200.0
23539.jpg,600.0,1453.0,871800.0
23540.jpg,1007.0,1200.0,1208400.0
23541.jpg,1000.0,1380.0,1380000.0
23542.jpg,900.0,908.0,817200.0
23543.jpg,1139.0,500.0,569500.0
23544.jpg,797.0,848.0,675856.0
23545.jpg,644.0,886.0,570584.0
23546.jpg,837.0,1030.0,862110.0
23547.jpg,816.0,1300.0,1060800.0
23548.jpg,900.0,1131.0,1017900.0
23549.jpg,922.0,1150.0,1060300.0
23550.jpg,729.0,1300.0,947700.0
23551.jpg,744.0,1000.0,744000.0
23552.jpg,751.0,1000.0,751000.0
23553.jpg,1715.0,601.0,1030715.0
23554.jpg,2025.0,700.0,1417500.0
23555.jpg,1167.0,900.0,1050300.0
23556.jpg,2166.0,700.0,1516200.0
23557.jpg,524.0,789.0,413436.0
23558.jpg,800.0,1485.0,1188000.0
23559.jpg,616.0,868.0,534688.0
23560.jpg,529.0,790.0,417910.0
23561.jpg,900.0,1300.0,1170000.0
23562.jpg,1049.0,800.0,839200.0
23563.jpg,1058.0,800.0,846400.0
23564.jpg,1300.0,902.0,1172600.0
23565.jpg,475.0,1006.0,477850.0
23566.jpg,620.0,897.0,556140.0
23567.jpg,1000.0,1374.0,1374000.0
23568.jpg,800.0,1321.0,1056800.0
23569.jpg,572.0,1028.0,588016.0
23570.jpg,1226.0,1200.0,1471200.0
23571.jpg,825.0,831.0,685575.0
23572.jpg,1217.0,1200.0,1460400.0
23574.jpg,1000.0,1228.0,1228000.0
23575.jpg,1177.0,800.0,941600.0
23576.jpg,855.0,1500.0,1282500.0
23577.jpg,1001.0,1300.0,1301300.0
23578.jpg,1100.0,1351.0,1486100.0
23579.jpg,1013.0,1300.0,1316900.0
23580.jpg,1000.0,1206.0,1206000.0
23581.jpg,1000.0,1207.0,1207000.0
23582.jpg,1647.0,1000.0,1647000.0
23583.jpg,1300.0,836.0,1086800.0
23584.jpg,1000.0,1407.0,1407000.0
23585.jpg,1011.0,882.0,891702.0
23586.jpg,1203.0,1300.0,1563900.0
23588.jpg,654.0,1500.0,981000.0
23589.jpg,820.0,1300.0,1066000.0
23593.jpg,1171.0,1400.0,1639400.0
23594.jpg,1100.0,1144.0,1258400.0
23595.jpg,800.0,731.0,584800.0
23596.jpg,1000.0,1271.0,1271000.0
23597.jpg,671.0,982.0,658922.0
23598.jpg,604.0,644.0,388976.0
23599.jpg,850.0,1169.0,993650.0
23600.jpg,600.0,1531.0,918600.0
23601.jpg,858.0,688.0,590304.0
23602.jpg,769.0,1700.0,1307300.0
23603.jpg,620.0,1074.0,665880.0
23604.jpg,1002.0,1200.0,1202400.0
23605.jpg,1100.0,1401.0,1541100.0
23606.jpg,1009.0,1200.0,1210800.0
23607.jpg,1010.0,1200.0,1212000.0
23608.jpg,1016.0,1200.0,1219200.0
23609.jpg,1027.0,1200.0,1232400.0
23610.jpg,920.0,654.0,601680.0
23611.jpg,1011.0,1200.0,1213200.0
23612.jpg,1002.0,1200.0,1202400.0
23613.jpg,1012.0,1200.0,1214400.0
23614.jpg,918.0,1001.0,918918.0
23615.jpg,1000.0,1283.0,1283000.0
23616.jpg,948.0,660.0,625680.0
23617.jpg,759.0,1600.0,1214400.0
23618.jpg,1112.0,1400.0,1556800.0
23619.jpg,1000.0,1204.0,1204000.0
23620.jpg,1022.0,1200.0,1226400.0
23621.jpg,1236.0,900.0,1112400.0
23622.jpg,1000.0,1267.0,1267000.0
23623.jpg,900.0,1256.0,1130400.0
23624.jpg,1000.0,1202.0,1202000.0
23625.jpg,900.0,1082.0,973800.0
23626.jpg,1500.0,635.0,952500.0
23627.jpg,943.0,1200.0,1131600.0
23628.jpg,952.0,1200.0,1142400.0
23629.jpg,568.0,524.0,297632.0
23630.jpg,861.0,1100.0,947100.0
23631.jpg,900.0,1229.0,1106100.0
23632.jpg,1000.0,1205.0,1205000.0
23633.jpg,1007.0,1200.0,1208400.0
23634.jpg,1444.0,900.0,1299600.0
23635.jpg,1200.0,851.0,1021200.0
23636.jpg,882.0,1265.0,1115730.0
23637.jpg,909.0,1300.0,1181700.0
23638.jpg,800.0,1149.0,919200.0
23639.jpg,758.0,1064.0,806512.0
23640.jpg,1001.0,1200.0,1201200.0
23641.jpg,940.0,1200.0,1128000.0
23642.jpg,700.0,1506.0,1054200.0
23643.jpg,723.0,1500.0,1084500.0
23644.jpg,1259.0,800.0,1007200.0
23645.jpg,1000.0,1018.0,1018000.0
23646.jpg,520.0,700.0,364000.0
23647.jpg,816.0,1500.0,1224000.0
23649.jpg,781.0,1500.0,1171500.0
23650.jpg,670.0,1628.0,1090760.0
23651.jpg,736.0,1600.0,1177600.0
23663.jpg,1300.0,905.0,1176500.0
23667.jpg,805.0,931.0,749455.0
23669.jpg,1286.0,900.0,1157400.0
23672.jpg,1024.0,839.0,859136.0
23673.jpg,1002.0,1000.0,1002000.0
23674.jpg,713.0,920.0,655960.0
23676.jpg,1101.0,801.0,881901.0
23678.jpg,860.0,1066.0,916760.0
23679.jpg,810.0,1011.0,818910.0
23680.jpg,1400.0,720.0,1008000.0
23681.jpg,872.0,870.0,758640.0
23682.jpg,741.0,1030.0,763230.0
23683.jpg,589.0,1280.0,753920.0
23684.jpg,745.0,1035.0,771075.0
23685.jpg,890.0,884.0,786760.0
23686.jpg,1524.0,750.0,1143000.0
23687.jpg,890.0,870.0,774300.0
23688.jpg,579.0,1301.0,753279.0
23689.jpg,583.0,1300.0,757900.0
23690.jpg,620.0,1423.0,882260.0
23691.jpg,1000.0,1287.0,1287000.0
23692.jpg,1145.0,920.0,1053400.0
23693.jpg,775.0,1080.0,837000.0
23694.jpg,757.0,1007.0,762299.0
23695.jpg,1058.0,730.0,772340.0
23696.jpg,707.0,1036.0,732452.0
23697.jpg,872.0,1100.0,959200.0
23698.jpg,1300.0,839.0,1090700.0
23699.jpg,1200.0,1243.0,1491600.0
23700.jpg,1420.0,700.0,994000.0
23701.jpg,991.0,760.0,753160.0
23702.jpg,996.0,772.0,768912.0
23703.jpg,762.0,970.0,739140.0
23704.jpg,844.0,1200.0,1012800.0
23705.jpg,727.0,1050.0,763350.0
23706.jpg,778.0,950.0,739100.0
23708.jpg,806.0,1050.0,846300.0
23709.jpg,800.0,1109.0,887200.0
23710.jpg,850.0,1087.0,923950.0
23711.jpg,1000.0,1023.0,1023000.0
23712.jpg,900.0,1129.0,1016100.0
23714.jpg,700.0,995.0,696500.0
23717.jpg,803.0,1255.0,1007765.0
23718.jpg,984.0,1200.0,1180800.0
23719.jpg,710.0,1122.0,796620.0
23721.jpg,900.0,1214.0,1092600.0
23722.jpg,830.0,1002.0,831660.0
23723.jpg,1064.0,899.0,956536.0
23724.jpg,1150.0,939.0,1079850.0
23732.jpg,1700.0,433.0,736100.0
23733.jpg,701.0,1100.0,771100.0
23734.jpg,706.0,1100.0,776600.0
23735.jpg,706.0,1100.0,776600.0
23736.jpg,886.0,1400.0,1240400.0
23737.jpg,913.0,1400.0,1278200.0
23738.jpg,1250.0,783.0,978750.0
23748.jpg,950.0,1061.0,1007950.0
23749.jpg,751.0,850.0,638350.0
23750.jpg,721.0,1050.0,757050.0
23751.jpg,679.0,1000.0,679000.0
23766.jpg,829.0,1200.0,994800.0
23767.jpg,576.0,1400.0,806400.0
23768.jpg,810.0,985.0,797850.0
23769.jpg,768.0,1200.0,921600.0
23770.jpg,543.0,1200.0,651600.0
23771.jpg,595.0,1200.0,714000.0
23772.jpg,751.0,1200.0,901200.0
23773.jpg,667.0,848.0,565616.0
23774.jpg,722.0,970.0,700340.0
23775.jpg,751.0,1200.0,901200.0
23776.jpg,903.0,719.0,649257.0
23777.jpg,823.0,1049.0,863327.0
23778.jpg,601.0,1200.0,721200.0
23779.jpg,638.0,800.0,510400.0
23780.jpg,905.0,710.0,642550.0
23794.jpg,956.0,1546.0,1477976.0
23796.jpg,1249.0,1200.0,1498800.0
23797.jpg,900.0,1393.0,1253700.0
23798.jpg,984.0,1166.0,1147344.0
23799.jpg,806.0,1098.0,884988.0
23800.jpg,740.0,1000.0,740000.0
23801.jpg,750.0,1000.0,750000.0
23802.jpg,1000.0,1070.0,1070000.0
23803.jpg,1000.0,1069.0,1069000.0
23804.jpg,1000.0,1130.0,1130000.0
23805.jpg,1000.0,1065.0,1065000.0
23806.jpg,1024.0,1098.0,1124352.0
23807.jpg,1024.0,1105.0,1131520.0
23808.jpg,700.0,882.0,617400.0
23809.jpg,2200.0,551.0,1212200.0
23810.jpg,920.0,1099.0,1011080.0
23811.jpg,868.0,1001.0,868868.0
23812.jpg,546.0,900.0,491400.0
23813.jpg,691.0,850.0,587350.0
23814.jpg,800.0,1380.0,1104000.0
23817.jpg,935.0,1600.0,1496000.0
23818.jpg,671.0,850.0,570350.0
23819.jpg,561.0,940.0,527340.0
23820.jpg,668.0,1100.0,734800.0
23829.jpg,668.0,1100.0,734800.0
23830.jpg,675.0,1100.0,742500.0
23831.jpg,700.0,1160.0,812000.0
23832.jpg,700.0,1179.0,825300.0
23834.jpg,800.0,978.0,782400.0
23835.jpg,880.0,1255.0,1104400.0
23837.jpg,1000.0,1253.0,1253000.0
23838.jpg,835.0,1100.0,918500.0
23839.jpg,652.0,811.0,528772.0
23840.jpg,1200.0,623.0,747600.0
23845.jpg,602.0,800.0,481600.0
23846.jpg,1150.0,762.0,876300.0
23847.jpg,1000.0,641.0,641000.0
23848.jpg,718.0,930.0,667740.0
23849.jpg,730.0,930.0,678900.0
23850.jpg,680.0,980.0,666400.0
23851.jpg,404.0,459.0,185436.0
23852.jpg,800.0,1138.0,910400.0
23853.jpg,779.0,1241.0,966739.0
23854.jpg,682.0,950.0,647900.0
23855.jpg,810.0,1244.0,1007640.0
23856.jpg,850.0,948.0,805800.0
23857.jpg,720.0,1040.0,748800.0
23858.jpg,713.0,1050.0,748650.0
23859.jpg,918.0,900.0,826200.0
23860.jpg,633.0,916.0,579828.0
23861.jpg,1041.0,900.0,936900.0
23862.jpg,703.0,1050.0,738150.0
23863.jpg,748.0,1003.0,750244.0
23864.jpg,619.0,911.0,563909.0
23865.jpg,715.0,1055.0,754325.0
23866.jpg,1600.0,836.0,1337600.0
23867.jpg,1300.0,654.0,850200.0
23868.jpg,437.0,1089.0,475893.0
23869.jpg,736.0,1050.0,772800.0
23870.jpg,1033.0,1065.0,1100145.0
23871.jpg,950.0,1089.0,1034550.0
23872.jpg,900.0,1334.0,1200600.0
23873.jpg,460.0,632.0,290720.0
23874.jpg,900.0,1321.0,1188900.0
23875.jpg,900.0,1205.0,1084500.0
23876.jpg,1100.0,910.0,1001000.0
23877.jpg,700.0,1700.0,1190000.0
23878.jpg,800.0,1293.0,1034400.0
23879.jpg,700.0,1698.0,1188600.0
23880.jpg,561.0,1335.0,748935.0
23881.jpg,700.0,1144.0,800800.0
23882.jpg,700.0,1161.0,812700.0
23883.jpg,820.0,1047.0,858540.0
23884.jpg,687.0,940.0,645780.0
23885.jpg,697.0,970.0,676090.0
23886.jpg,654.0,1007.0,658578.0
23887.jpg,1173.0,711.0,834003.0
23888.jpg,646.0,1030.0,665380.0
23889.jpg,700.0,1696.0,1187200.0
23890.jpg,900.0,1195.0,1075500.0
23891.jpg,700.0,1755.0,1228500.0
23892.jpg,1181.0,800.0,944800.0
23893.jpg,700.0,1706.0,1194200.0
23894.jpg,800.0,1065.0,852000.0
23895.jpg,687.0,1595.0,1095765.0
23896.jpg,700.0,1595.0,1116500.0
23897.jpg,633.0,910.0,576030.0
23898.jpg,950.0,1133.0,1076350.0
23899.jpg,900.0,1265.0,1138500.0
23900.jpg,783.0,1099.0,860517.0
23901.jpg,801.0,1097.0,878697.0
23902.jpg,900.0,1211.0,1089900.0
23903.jpg,739.0,1100.0,812900.0
23904.jpg,1337.0,900.0,1203300.0
23906.jpg,851.0,1200.0,1021200.0
23907.jpg,498.0,844.0,420312.0
23908.jpg,715.0,887.0,634205.0
23909.jpg,714.0,1400.0,999600.0
23910.jpg,1000.0,1084.0,1084000.0
23914.jpg,800.0,1543.0,1234400.0
23915.jpg,689.0,1200.0,826800.0
23916.jpg,668.0,1350.0,901800.0
23917.jpg,1174.0,1200.0,1408800.0
23926.jpg,731.0,1800.0,1315800.0
23927.jpg,695.0,1800.0,1251000.0
23928.jpg,1430.0,800.0,1144000.0
23929.jpg,1000.0,1150.0,1150000.0
23930.jpg,872.0,1200.0,1046400.0
23931.jpg,1000.0,1217.0,1217000.0
23932.jpg,968.0,1338.0,1295184.0
23933.jpg,750.0,1037.0,777750.0
23934.jpg,967.0,1329.0,1285143.0
23935.jpg,750.0,1050.0,787500.0
23936.jpg,600.0,1548.0,928800.0
23937.jpg,863.0,1200.0,1035600.0
23938.jpg,600.0,1547.0,928200.0
23939.jpg,900.0,1257.0,1131300.0
23940.jpg,800.0,1189.0,951200.0
23941.jpg,950.0,1066.0,1012700.0
23942.jpg,800.0,1115.0,892000.0
23943.jpg,589.0,800.0,471200.0
23944.jpg,950.0,1167.0,1108650.0
23945.jpg,800.0,1084.0,867200.0
23946.jpg,787.0,1104.0,868848.0
23947.jpg,1000.0,1417.0,1417000.0
23948.jpg,850.0,1045.0,888250.0
23949.jpg,1189.0,900.0,1070100.0
23950.jpg,1100.0,1312.0,1443200.0
23951.jpg,833.0,1200.0,999600.0
23952.jpg,870.0,1300.0,1131000.0
23953.jpg,852.0,900.0,766800.0
23954.jpg,1119.0,1000.0,1119000.0
23955.jpg,832.0,1200.0,998400.0
23956.jpg,1273.0,600.0,763800.0
23957.jpg,850.0,1077.0,915450.0
23958.jpg,850.0,1094.0,929900.0
23959.jpg,850.0,1040.0,884000.0
23960.jpg,1009.0,1001.0,1010009.0
23961.jpg,991.0,1001.0,991991.0
23962.jpg,1064.0,1300.0,1383200.0
23963.jpg,868.0,1400.0,1215200.0
23964.jpg,900.0,1175.0,1057500.0
23965.jpg,584.0,800.0,467200.0
23966.jpg,701.0,950.0,665950.0
23967.jpg,1009.0,670.0,676030.0
23968.jpg,744.0,1010.0,751440.0
23969.jpg,1004.0,696.0,698784.0
23970.jpg,1100.0,1294.0,1423400.0
23971.jpg,720.0,1157.0,833040.0
23972.jpg,876.0,941.0,824316.0
23973.jpg,601.0,1251.0,751851.0
23974.jpg,995.0,761.0,757195.0
23975.jpg,683.0,1080.0,737640.0
23976.jpg,730.0,1100.0,803000.0
23977.jpg,1100.0,1313.0,1444300.0
23978.jpg,800.0,1260.0,1008000.0
23979.jpg,618.0,1100.0,679800.0
23980.jpg,678.0,1500.0,1017000.0
23981.jpg,718.0,1300.0,933400.0
23982.jpg,544.0,809.0,440096.0
23983.jpg,700.0,1003.0,702100.0
23986.jpg,742.0,1046.0,776132.0
23987.jpg,743.0,1048.0,778664.0
23988.jpg,742.0,1049.0,778358.0
23989.jpg,850.0,1147.0,974950.0
23990.jpg,850.0,1122.0,953700.0
23991.jpg,1050.0,1055.0,1107750.0
23992.jpg,742.0,1047.0,776874.0
23993.jpg,1200.0,1307.0,1568400.0
23994.jpg,1246.0,1600.0,1993600.0
23995.jpg,541.0,1300.0,703300.0
23996.jpg,603.0,1300.0,783900.0
23997.jpg,1186.0,1600.0,1897600.0
23998.jpg,1073.0,1500.0,1609500.0
23999.jpg,1300.0,812.0,1055600.0
24000.jpg,579.0,900.0,521100.0
24001.jpg,571.0,900.0,513900.0
24002.jpg,574.0,900.0,516600.0
24003.jpg,700.0,1033.0,723100.0
24004.jpg,587.0,900.0,528300.0
24005.jpg,568.0,900.0,511200.0
24006.jpg,573.0,900.0,515700.0
24007.jpg,751.0,1200.0,901200.0
24008.jpg,757.0,1200.0,908400.0
24009.jpg,1046.0,900.0,941400.0
24010.jpg,1033.0,720.0,743760.0
24011.jpg,973.0,860.0,836780.0
24012.jpg,741.0,1300.0,963300.0
24013.jpg,610.0,700.0,427000.0
24014.jpg,1200.0,1359.0,1630800.0
24015.jpg,800.0,824.0,659200.0
24016.jpg,1363.0,900.0,1226700.0
24017.jpg,788.0,1080.0,851040.0
24018.jpg,709.0,900.0,638100.0
24019.jpg,1450.0,466.0,675700.0
24020.jpg,800.0,1062.0,849600.0
24021.jpg,800.0,1138.0,910400.0
24022.jpg,800.0,1117.0,893600.0
24023.jpg,1100.0,1541.0,1695100.0
24024.jpg,990.0,1300.0,1287000.0
24025.jpg,988.0,1300.0,1284400.0
24026.jpg,1300.0,1046.0,1359800.0
24027.jpg,1300.0,993.0,1290900.0
24028.jpg,1019.0,1600.0,1630400.0
24029.jpg,668.0,1800.0,1202400.0
24030.jpg,688.0,1800.0,1238400.0
24031.jpg,800.0,1109.0,887200.0
24032.jpg,1100.0,804.0,884400.0
24033.jpg,800.0,1112.0,889600.0
24034.jpg,806.0,1100.0,886600.0
24035.jpg,843.0,1030.0,868290.0
24036.jpg,1210.0,1000.0,1210000.0
24037.jpg,1098.0,831.0,912438.0
24038.jpg,1170.0,700.0,819000.0
24039.jpg,1006.0,1100.0,1106600.0
24040.jpg,1159.0,927.0,1074393.0
24041.jpg,1546.0,593.0,916778.0
24042.jpg,1546.0,590.0,912140.0
24043.jpg,1546.0,694.0,1072924.0
24044.jpg,1546.0,699.0,1080654.0
24045.jpg,1250.0,1000.0,1250000.0
24046.jpg,1003.0,1200.0,1203600.0
24047.jpg,1260.0,900.0,1134000.0
24048.jpg,1200.0,852.0,1022400.0
24050.jpg,944.0,1200.0,1132800.0
24051.jpg,1126.0,1000.0,1126000.0
24052.jpg,1073.0,1000.0,1073000.0
24053.jpg,1058.0,1000.0,1058000.0
24054.jpg,1048.0,1100.0,1152800.0
24055.jpg,1830.0,600.0,1098000.0
24056.jpg,1874.0,600.0,1124400.0
24057.jpg,1000.0,1374.0,1374000.0
24058.jpg,1560.0,700.0,1092000.0
24059.jpg,1886.0,600.0,1131600.0
24060.jpg,1565.0,700.0,1095500.0
24061.jpg,793.0,800.0,634400.0
24062.jpg,806.0,1400.0,1128400.0
24063.jpg,845.0,1300.0,1098500.0
24065.jpg,749.0,1131.0,847119.0
24066.jpg,477.0,814.0,388278.0
24067.jpg,920.0,1012.0,931040.0
24068.jpg,474.0,806.0,382044.0
24069.jpg,900.0,1227.0,1104300.0
24070.jpg,800.0,1306.0,1044800.0
24071.jpg,742.0,1000.0,742000.0
24072.jpg,417.0,700.0,291900.0
24073.jpg,297.0,700.0,207900.0
24074.jpg,660.0,1000.0,660000.0
24075.jpg,609.0,800.0,487200.0
24076.jpg,619.0,800.0,495200.0
24077.jpg,700.0,963.0,674100.0
24083.jpg,856.0,1300.0,1112800.0
24084.jpg,848.0,1300.0,1102400.0
24085.jpg,1077.0,1000.0,1077000.0
24108.jpg,877.0,1200.0,1052400.0
24109.jpg,1226.0,790.0,968540.0
24110.jpg,700.0,1113.0,779100.0
24111.jpg,1400.0,978.0,1369200.0
24112.jpg,907.0,1200.0,1088400.0
24114.jpg,740.0,840.0,621600.0
24115.jpg,1000.0,1331.0,1331000.0
24116.jpg,1034.0,785.0,811690.0
24117.jpg,1001.0,1450.0,1451450.0
24119.jpg,1298.0,1010.0,1310980.0
24120.jpg,1400.0,1070.0,1498000.0
24121.jpg,589.0,1000.0,589000.0
24122.jpg,800.0,1112.0,889600.0
24123.jpg,1072.0,780.0,836160.0
24124.jpg,1400.0,1109.0,1552600.0
24125.jpg,1100.0,657.0,722700.0
24126.jpg,1100.0,650.0,715000.0
24128.jpg,1210.0,759.0,918390.0
24129.jpg,800.0,1014.0,811200.0
24130.jpg,1041.0,1400.0,1457400.0
24131.jpg,984.0,740.0,728160.0
24132.jpg,801.0,1081.0,865881.0
24133.jpg,786.0,1080.0,848880.0
24145.jpg,634.0,984.0,623856.0
24147.jpg,915.0,1300.0,1189500.0
24148.jpg,1030.0,827.0,851810.0
24149.jpg,800.0,1377.0,1101600.0
24155.jpg,750.0,986.0,739500.0
24162.jpg,825.0,1010.0,833250.0
24163.jpg,730.0,958.0,699340.0
24164.jpg,850.0,1029.0,874650.0
24165.jpg,875.0,677.0,592375.0
24166.jpg,542.0,800.0,433600.0
24167.jpg,1126.0,1400.0,1576400.0
24168.jpg,640.0,784.0,501760.0
24169.jpg,1116.0,1400.0,1562400.0
24170.jpg,1164.0,770.0,896280.0
24171.jpg,911.0,1200.0,1093200.0
24172.jpg,1000.0,1203.0,1203000.0
24174.jpg,801.0,1059.0,848259.0
24175.jpg,900.0,916.0,824400.0
24176.jpg,752.0,1079.0,811408.0
24177.jpg,1214.0,1268.0,1539352.0
24178.jpg,1542.0,633.0,976086.0
24179.jpg,802.0,930.0,745860.0
24180.jpg,850.0,1091.0,927350.0
24181.jpg,550.0,1475.0,811250.0
24182.jpg,1146.0,715.0,819390.0
24183.jpg,1304.0,800.0,1043200.0
24184.jpg,649.0,803.0,521147.0
24185.jpg,1000.0,1303.0,1303000.0
24186.jpg,1007.0,1195.0,1203365.0
24188.jpg,1003.0,1178.0,1181534.0
24189.jpg,950.0,1335.0,1268250.0
24190.jpg,1673.0,820.0,1371860.0
24191.jpg,1286.0,840.0,1080240.0
24192.jpg,850.0,1027.0,872950.0
24193.jpg,910.0,1236.0,1124760.0
24195.jpg,801.0,1276.0,1022076.0
24196.jpg,808.0,1352.0,1092416.0
24197.jpg,600.0,934.0,560400.0
24198.jpg,895.0,1170.0,1047150.0
24199.jpg,800.0,583.0,466400.0
24200.jpg,803.0,890.0,714670.0
24201.jpg,900.0,981.0,882900.0
24202.jpg,1000.0,1077.0,1077000.0
24203.jpg,621.0,1300.0,807300.0
24204.jpg,1000.0,1162.0,1162000.0
24205.jpg,699.0,836.0,584364.0
24206.jpg,663.0,797.0,528411.0
24207.jpg,972.0,768.0,746496.0
24208.jpg,781.0,1055.0,823955.0
24209.jpg,1318.0,1000.0,1318000.0
24210.jpg,789.0,941.0,742449.0
24211.jpg,996.0,750.0,747000.0
24212.jpg,1000.0,1183.0,1183000.0
24213.jpg,630.0,1257.0,791910.0
24214.jpg,1000.0,1118.0,1118000.0
24216.jpg,1131.0,1100.0,1244100.0
24217.jpg,1400.0,754.0,1055600.0
24218.jpg,930.0,1200.0,1116000.0
24219.jpg,900.0,1259.0,1133100.0
24228.jpg,837.0,1100.0,920700.0
24229.jpg,839.0,1100.0,922900.0
24230.jpg,778.0,1003.0,780334.0
24231.jpg,830.0,1154.0,957820.0
24232.jpg,850.0,1182.0,1004700.0
24233.jpg,850.0,1178.0,1001300.0
24234.jpg,900.0,1244.0,1119600.0
24235.jpg,1123.0,900.0,1010700.0
24236.jpg,1090.0,900.0,981000.0
24237.jpg,850.0,1085.0,922250.0
24238.jpg,887.0,1600.0,1419200.0
24239.jpg,955.0,1600.0,1528000.0
24240.jpg,956.0,1600.0,1529600.0
24241.jpg,700.0,963.0,674100.0
24242.jpg,1253.0,900.0,1127700.0
24243.jpg,633.0,1800.0,1139400.0
24244.jpg,705.0,1800.0,1269000.0
24245.jpg,650.0,961.0,624650.0
24246.jpg,650.0,939.0,610350.0
24250.jpg,900.0,1362.0,1225800.0
24251.jpg,791.0,1519.0,1201529.0
24252.jpg,720.0,1131.0,814320.0
24253.jpg,1076.0,1131.0,1216956.0
24258.jpg,861.0,904.0,778344.0
24259.jpg,684.0,1050.0,718200.0
24260.jpg,1400.0,830.0,1162000.0
24261.jpg,640.0,1000.0,640000.0
24262.jpg,779.0,1121.0,873259.0
24263.jpg,1400.0,1061.0,1485400.0
24271.jpg,647.0,650.0,420550.0
24272.jpg,1149.0,750.0,861750.0
24273.jpg,805.0,1053.0,847665.0
24274.jpg,978.0,1050.0,1026900.0
24275.jpg,698.0,1100.0,767800.0
24276.jpg,1035.0,1400.0,1449000.0
24277.jpg,972.0,766.0,744552.0
24278.jpg,501.0,750.0,375750.0
24279.jpg,800.0,1151.0,920800.0
24280.jpg,1124.0,750.0,843000.0
24281.jpg,650.0,1000.0,650000.0
24282.jpg,851.0,1600.0,1361600.0
24283.jpg,1202.0,1100.0,1322200.0
24284.jpg,489.0,800.0,391200.0
24285.jpg,698.0,920.0,642160.0
24286.jpg,800.0,1152.0,921600.0
24287.jpg,900.0,1353.0,1217700.0
24288.jpg,850.0,1001.0,850850.0
24289.jpg,935.0,900.0,841500.0
24290.jpg,1056.0,1123.0,1185888.0
24291.jpg,1001.0,1200.0,1201200.0
24292.jpg,1000.0,1302.0,1302000.0
24293.jpg,850.0,1127.0,957950.0
24294.jpg,771.0,940.0,724740.0
24295.jpg,737.0,862.0,635294.0
24304.jpg,908.0,770.0,699160.0
24305.jpg,878.0,750.0,658500.0
24306.jpg,750.0,1023.0,767250.0
24307.jpg,900.0,1039.0,935100.0
24308.jpg,900.0,983.0,884700.0
24309.jpg,750.0,1445.0,1083750.0
24310.jpg,604.0,820.0,495280.0
24311.jpg,705.0,900.0,634500.0
24312.jpg,711.0,920.0,654120.0
24313.jpg,675.0,860.0,580500.0
24315.jpg,800.0,595.0,476000.0
24316.jpg,800.0,1261.0,1008800.0
24325.jpg,800.0,1043.0,834400.0
24327.jpg,740.0,900.0,666000.0
24328.jpg,700.0,1133.0,793100.0
24329.jpg,850.0,1026.0,872100.0
24330.jpg,546.0,920.0,502320.0
24332.jpg,553.0,922.0,509866.0
24333.jpg,1157.0,920.0,1064440.0
24334.jpg,1000.0,1025.0,1025000.0
24336.jpg,819.0,1200.0,982800.0
24337.jpg,800.0,1203.0,962400.0
24338.jpg,748.0,1043.0,780164.0
24339.jpg,1200.0,1029.0,1234800.0
24340.jpg,527.0,1000.0,527000.0
24347.jpg,976.0,1300.0,1268800.0
24348.jpg,979.0,1300.0,1272700.0
24349.jpg,1246.0,1000.0,1246000.0
24350.jpg,1025.0,800.0,820000.0
24351.jpg,1024.0,800.0,819200.0
24352.jpg,812.0,1100.0,893200.0
24353.jpg,785.0,1050.0,824250.0
24355.jpg,764.0,1200.0,916800.0
24356.jpg,1368.0,800.0,1094400.0
24357.jpg,900.0,1405.0,1264500.0
24358.jpg,998.0,1007.0,1004986.0
24359.jpg,1070.0,778.0,832460.0
24360.jpg,734.0,1100.0,807400.0
24361.jpg,725.0,858.0,622050.0
24362.jpg,738.0,1150.0,848700.0
24363.jpg,638.0,1270.0,810260.0
24364.jpg,1000.0,1476.0,1476000.0
24365.jpg,795.0,1300.0,1033500.0
24366.jpg,624.0,907.0,565968.0
24367.jpg,910.0,910.0,828100.0
24368.jpg,810.0,1037.0,839970.0
24369.jpg,861.0,597.0,514017.0
24370.jpg,1030.0,777.0,800310.0
24371.jpg,1030.0,752.0,774560.0
24372.jpg,687.0,1100.0,755700.0
24375.jpg,976.0,550.0,536800.0
24376.jpg,1100.0,1567.0,1723700.0
24377.jpg,1600.0,1007.0,1611200.0
24378.jpg,1427.0,900.0,1284300.0
24379.jpg,1207.0,800.0,965600.0
24380.jpg,1021.0,748.0,763708.0
24381.jpg,1227.0,800.0,981600.0
24382.jpg,1011.0,1200.0,1213200.0
24383.jpg,789.0,932.0,735348.0
24385.jpg,1050.0,911.0,956550.0
24386.jpg,656.0,860.0,564160.0
24387.jpg,777.0,876.0,680652.0
24388.jpg,628.0,900.0,565200.0
24390.jpg,1029.0,1255.0,1291395.0
24391.jpg,1200.0,1028.0,1233600.0
24394.jpg,754.0,1208.0,910832.0
24395.jpg,1029.0,1400.0,1440600.0
24396.jpg,803.0,1200.0,963600.0
24397.jpg,935.0,1400.0,1309000.0
24398.jpg,1412.0,900.0,1270800.0
24403.jpg,1416.0,800.0,1132800.0
24404.jpg,750.0,1171.0,878250.0
24405.jpg,900.0,1319.0,1187100.0
24406.jpg,900.0,1251.0,1125900.0
24409.jpg,1020.0,1061.0,1082220.0
24410.jpg,900.0,1275.0,1147500.0
24412.jpg,913.0,1200.0,1095600.0
24417.jpg,701.0,962.0,674362.0
24418.jpg,1000.0,1517.0,1517000.0
24419.jpg,675.0,900.0,607500.0
24420.jpg,900.0,1213.0,1091700.0
24421.jpg,770.0,1059.0,815430.0
24422.jpg,932.0,1200.0,1118400.0
24423.jpg,1229.0,1250.0,1536250.0
24424.jpg,770.0,1064.0,819280.0
24425.jpg,951.0,1300.0,1236300.0
24426.jpg,1003.0,1156.0,1159468.0
24435.jpg,858.0,1300.0,1115400.0
24436.jpg,1100.0,927.0,1019700.0
24437.jpg,753.0,1100.0,828300.0
24444.jpg,1400.0,851.0,1191400.0
24445.jpg,1300.0,1053.0,1368900.0
24446.jpg,1400.0,932.0,1304800.0
24448.jpg,1000.0,670.0,670000.0
24449.jpg,900.0,605.0,544500.0
24805.jpg,850.0,1044.0,887400.0
24806.jpg,650.0,1830.0,1189500.0
24921.jpg,1100.0,714.0,785400.0
24922.jpg,900.0,1147.0,1032300.0
24923.jpg,900.0,1204.0,1083600.0
24924.jpg,1000.0,1320.0,1320000.0
24926.jpg,1200.0,804.0,964800.0
24927.jpg,1054.0,900.0,948600.0
24928.jpg,731.0,1000.0,731000.0
24929.jpg,847.0,1100.0,931700.0
24931.jpg,1003.0,1300.0,1303900.0
24932.jpg,670.0,900.0,603000.0
24933.jpg,1042.0,1300.0,1354600.0
24937.jpg,1377.0,1004.0,1382508.0
24938.jpg,1157.0,824.0,953368.0
24939.jpg,1226.0,898.0,1100948.0
24940.jpg,940.0,600.0,564000.0
24941.jpg,951.0,850.0,808350.0
24943.jpg,670.0,900.0,603000.0
24944.jpg,1020.0,800.0,816000.0
24945.jpg,944.0,1300.0,1227200.0
24947.jpg,757.0,1255.0,950035.0
24948.jpg,1207.0,770.0,929390.0
24949.jpg,786.0,650.0,510900.0
24950.jpg,1000.0,1158.0,1158000.0
24952.jpg,1255.0,1061.0,1331555.0
24968.jpg,1500.0,1096.0,1644000.0
24969.jpg,1243.0,848.0,1054064.0
24970.jpg,1255.0,945.0,1185975.0
24971.jpg,1054.0,1300.0,1370200.0
24972.jpg,1218.0,903.0,1099854.0
24973.jpg,900.0,661.0,594900.0
24974.jpg,850.0,1132.0,962200.0
24975.jpg,1509.0,1000.0,1509000.0
24976.jpg,1000.0,1351.0,1351000.0
24977.jpg,1095.0,850.0,930750.0
24978.jpg,1054.0,770.0,811580.0
24979.jpg,1072.0,700.0,750400.0
24980.jpg,1231.0,924.0,1137444.0
24981.jpg,874.0,1100.0,961400.0
24982.jpg,1030.0,778.0,801340.0
24984.jpg,1757.0,714.0,1254498.0
24991.jpg,906.0,1500.0,1359000.0
24992.jpg,700.0,862.0,603400.0
24993.jpg,900.0,1171.0,1053900.0
24994.jpg,341.0,800.0,272800.0
24995.jpg,608.0,800.0,486400.0
24996.jpg,1000.0,1105.0,1105000.0
24997.jpg,1030.0,1100.0,1133000.0
24998.jpg,942.0,1117.0,1052214.0
24999.jpg,633.0,947.0,599451.0
25000.jpg,760.0,960.0,729600.0
25001.jpg,926.0,1100.0,1018600.0
25002.jpg,916.0,1000.0,916000.0
25004.jpg,1000.0,1128.0,1128000.0
25005.jpg,900.0,1155.0,1039500.0
25006.jpg,853.0,1020.0,870060.0
25007.jpg,843.0,1020.0,859860.0
25008.jpg,850.0,1087.0,923950.0
25009.jpg,850.0,1086.0,923100.0
25010.jpg,850.0,1087.0,923950.0
25011.jpg,950.0,1108.0,1052600.0
25012.jpg,900.0,1082.0,973800.0
25013.jpg,863.0,1100.0,949300.0
25014.jpg,800.0,1301.0,1040800.0
25016.jpg,950.0,1068.0,1014600.0
25017.jpg,1050.0,1000.0,1050000.0
25018.jpg,986.0,1255.0,1237430.0
25020.jpg,850.0,1130.0,960500.0
25022.jpg,1000.0,1384.0,1384000.0
25026.jpg,1127.0,850.0,957950.0
25027.jpg,1127.0,850.0,957950.0
25028.jpg,1129.0,850.0,959650.0
25029.jpg,1126.0,850.0,957100.0
25030.jpg,1128.0,850.0,958800.0
25031.jpg,883.0,1200.0,1059600.0
25032.jpg,653.0,800.0,522400.0
25033.jpg,680.0,960.0,652800.0
25034.jpg,805.0,1164.0,937020.0
25036.jpg,1148.0,805.0,924140.0
25037.jpg,740.0,1165.0,862100.0
25038.jpg,752.0,1091.0,820432.0
25039.jpg,1160.0,750.0,870000.0
25040.jpg,1002.0,1300.0,1302600.0
25041.jpg,1880.0,650.0,1222000.0
25042.jpg,1078.0,830.0,894740.0
25043.jpg,1200.0,771.0,925200.0
25044.jpg,400.0,1063.0,425200.0
25045.jpg,1291.0,800.0,1032800.0
25046.jpg,801.0,1305.0,1045305.0
25047.jpg,920.0,963.0,885960.0
25048.jpg,975.0,711.0,693225.0
25049.jpg,951.0,765.0,727515.0
25050.jpg,888.0,772.0,685536.0
25051.jpg,1053.0,783.0,824499.0
25052.jpg,705.0,1065.0,750825.0
25053.jpg,706.0,1066.0,752596.0
25054.jpg,807.0,1032.0,832824.0
25055.jpg,1143.0,812.0,928116.0
25056.jpg,1008.0,771.0,777168.0
25057.jpg,1335.0,900.0,1201500.0
25058.jpg,496.0,1574.0,780704.0
25059.jpg,700.0,1147.0,802900.0
25060.jpg,770.0,1124.0,865480.0
25061.jpg,750.0,1082.0,811500.0
25062.jpg,1000.0,1024.0,1024000.0
25063.jpg,920.0,1293.0,1189560.0
25064.jpg,1072.0,915.0,980880.0
25065.jpg,770.0,1091.0,840070.0
25066.jpg,747.0,1043.0,779121.0
25067.jpg,750.0,1064.0,798000.0
25068.jpg,800.0,1127.0,901600.0
25069.jpg,650.0,1815.0,1179750.0
25070.jpg,643.0,1900.0,1221700.0
25071.jpg,745.0,1042.0,776290.0
25072.jpg,760.0,1108.0,842080.0
25073.jpg,753.0,1110.0,835830.0
25074.jpg,806.0,1233.0,993798.0
25075.jpg,700.0,957.0,669900.0
25076.jpg,810.0,1029.0,833490.0
25077.jpg,750.0,1305.0,978750.0
25078.jpg,639.0,996.0,636444.0
25079.jpg,1000.0,1325.0,1325000.0
25080.jpg,834.0,1022.0,852348.0
25081.jpg,763.0,910.0,694330.0
25082.jpg,944.0,930.0,877920.0
25083.jpg,1120.0,740.0,828800.0
25084.jpg,349.0,600.0,209400.0
25085.jpg,845.0,1300.0,1098500.0
25086.jpg,806.0,1122.0,904332.0
25087.jpg,770.0,1018.0,783860.0
25088.jpg,681.0,950.0,646950.0
25089.jpg,808.0,1002.0,809616.0
25090.jpg,1020.0,920.0,938400.0
25091.jpg,822.0,995.0,817890.0
25092.jpg,1394.0,690.0,961860.0
25093.jpg,600.0,1202.0,721200.0
25094.jpg,775.0,1082.0,838550.0
25095.jpg,814.0,1094.0,890516.0
25096.jpg,850.0,1034.0,878900.0
25097.jpg,630.0,1567.0,987210.0
25098.jpg,1022.0,1020.0,1042440.0
25099.jpg,1002.0,1000.0,1002000.0
25100.jpg,850.0,1141.0,969850.0
25101.jpg,600.0,1461.0,876600.0
25102.jpg,1000.0,1306.0,1306000.0
25103.jpg,800.0,1231.0,984800.0
25104.jpg,616.0,1240.0,763840.0
25105.jpg,900.0,1208.0,1087200.0
25106.jpg,1000.0,1066.0,1066000.0
25107.jpg,1513.0,750.0,1134750.0
25108.jpg,1000.0,1060.0,1060000.0
25109.jpg,980.0,961.0,941780.0
25110.jpg,780.0,1032.0,804960.0
25111.jpg,1373.0,1000.0,1373000.0
25112.jpg,628.0,900.0,565200.0
25113.jpg,629.0,900.0,566100.0
25114.jpg,1451.0,700.0,1015700.0
25115.jpg,599.0,1388.0,831412.0
25116.jpg,1000.0,984.0,984000.0
25117.jpg,735.0,1016.0,746760.0
25118.jpg,701.0,1080.0,757080.0
25119.jpg,653.0,1150.0,750950.0
25120.jpg,595.0,1391.0,827645.0
25121.jpg,1311.0,750.0,983250.0
25122.jpg,835.0,730.0,609550.0
25123.jpg,937.0,900.0,843300.0
25124.jpg,1297.0,1100.0,1426700.0
25125.jpg,819.0,1001.0,819819.0
25126.jpg,542.0,772.0,418424.0
25127.jpg,803.0,1061.0,851983.0
25128.jpg,1600.0,671.0,1073600.0
25129.jpg,850.0,1031.0,876350.0
25130.jpg,850.0,1035.0,879750.0
25131.jpg,1346.0,780.0,1049880.0
25132.jpg,800.0,1094.0,875200.0
25133.jpg,802.0,980.0,785960.0
25134.jpg,770.0,1216.0,936320.0
25135.jpg,850.0,984.0,836400.0
25136.jpg,804.0,1152.0,926208.0
25137.jpg,802.0,1129.0,905458.0
25138.jpg,945.0,1300.0,1228500.0
25139.jpg,746.0,1000.0,746000.0
25140.jpg,413.0,600.0,247800.0
25141.jpg,850.0,1145.0,973250.0
25142.jpg,722.0,1053.0,760266.0
25143.jpg,760.0,1103.0,838280.0
25144.jpg,680.0,1235.0,839800.0
25145.jpg,705.0,1152.0,812160.0
25146.jpg,720.0,1177.0,847440.0
25147.jpg,801.0,1106.0,885906.0
25148.jpg,801.0,1015.0,813015.0
25150.jpg,569.0,1340.0,762460.0
25151.jpg,1200.0,829.0,994800.0
25152.jpg,561.0,1100.0,617100.0
25153.jpg,802.0,1060.0,850120.0
25154.jpg,767.0,1000.0,767000.0
25155.jpg,787.0,1060.0,834220.0
25156.jpg,764.0,1000.0,764000.0
25157.jpg,1499.0,630.0,944370.0
25158.jpg,800.0,1433.0,1146400.0
25159.jpg,1172.0,904.0,1059488.0
25160.jpg,800.0,1463.0,1170400.0
25161.jpg,820.0,1147.0,940540.0
25162.jpg,1015.0,803.0,815045.0
25163.jpg,1031.0,1300.0,1340300.0
25164.jpg,1452.0,543.0,788436.0
25165.jpg,1030.0,821.0,845630.0
25166.jpg,800.0,1098.0,878400.0
25167.jpg,1116.0,801.0,893916.0
25168.jpg,1333.0,650.0,866450.0
25169.jpg,597.0,942.0,562374.0
25170.jpg,720.0,1072.0,771840.0
25171.jpg,592.0,940.0,556480.0
25172.jpg,665.0,998.0,663670.0
25173.jpg,1344.0,650.0,873600.0
25174.jpg,704.0,1202.0,846208.0
25175.jpg,806.0,1222.0,984932.0
25176.jpg,720.0,1185.0,853200.0
25177.jpg,805.0,1100.0,885500.0
25178.jpg,706.0,985.0,695410.0
25179.jpg,850.0,1045.0,888250.0
25180.jpg,900.0,898.0,808200.0
25181.jpg,849.0,1145.0,972105.0
25182.jpg,1365.0,1100.0,1501500.0
25183.jpg,708.0,1026.0,726408.0
25184.jpg,741.0,972.0,720252.0
25185.jpg,1475.0,900.0,1327500.0
25186.jpg,920.0,1175.0,1081000.0
25187.jpg,803.0,1046.0,839938.0
25188.jpg,806.0,1047.0,843882.0
25189.jpg,800.0,1064.0,851200.0
25190.jpg,800.0,832.0,665600.0
25191.jpg,920.0,1177.0,1082840.0
25192.jpg,804.0,1129.0,907716.0
25193.jpg,725.0,1013.0,734425.0
25194.jpg,850.0,1171.0,995350.0
25195.jpg,806.0,1141.0,919646.0
25196.jpg,956.0,948.0,906288.0
25197.jpg,820.0,1152.0,944640.0
25198.jpg,810.0,967.0,783270.0
25199.jpg,810.0,991.0,802710.0
25200.jpg,806.0,1082.0,872092.0
25201.jpg,805.0,1091.0,878255.0
25202.jpg,808.0,1089.0,879912.0
25203.jpg,809.0,1092.0,883428.0
25204.jpg,806.0,1084.0,873704.0
25205.jpg,809.0,1096.0,886664.0
25206.jpg,550.0,1401.0,770550.0
25207.jpg,550.0,1431.0,787050.0
25208.jpg,1021.0,601.0,613621.0
25209.jpg,1036.0,605.0,626780.0
25210.jpg,1234.0,621.0,766314.0
25211.jpg,707.0,1099.0,776993.0
25212.jpg,670.0,957.0,641190.0
25213.jpg,870.0,1010.0,878700.0
25214.jpg,856.0,792.0,677952.0
25215.jpg,750.0,1067.0,800250.0
25216.jpg,1503.0,1000.0,1503000.0
25217.jpg,850.0,1167.0,991950.0
25218.jpg,620.0,1311.0,812820.0
25219.jpg,607.0,870.0,528090.0
25220.jpg,656.0,868.0,569408.0
25221.jpg,545.0,1550.0,844750.0
25222.jpg,542.0,1550.0,840100.0
25223.jpg,801.0,1252.0,1002852.0
25224.jpg,803.0,1231.0,988493.0
25225.jpg,807.0,1035.0,835245.0
25226.jpg,1309.0,910.0,1191190.0
25227.jpg,780.0,1098.0,856440.0
25228.jpg,809.0,1011.0,817899.0
25229.jpg,802.0,1098.0,880596.0
25230.jpg,730.0,1039.0,758470.0
25231.jpg,814.0,1119.0,910866.0
25232.jpg,809.0,1117.0,903653.0
25233.jpg,876.0,1203.0,1053828.0
25234.jpg,870.0,1212.0,1054440.0
25240.jpg,927.0,1200.0,1112400.0
25241.jpg,1138.0,1000.0,1138000.0
25242.jpg,960.0,900.0,864000.0
25243.jpg,983.0,1200.0,1179600.0
25244.jpg,932.0,1200.0,1118400.0
25245.jpg,1070.0,1200.0,1284000.0
25246.jpg,900.0,1200.0,1080000.0
25247.jpg,844.0,720.0,607680.0
25248.jpg,900.0,1318.0,1186200.0
25249.jpg,1235.0,700.0,864500.0
25250.jpg,1503.0,1000.0,1503000.0
25251.jpg,1717.0,800.0,1373600.0
25252.jpg,725.0,1500.0,1087500.0
25253.jpg,750.0,1614.0,1210500.0
25254.jpg,750.0,1672.0,1254000.0
25255.jpg,1000.0,1158.0,1158000.0
25256.jpg,1031.0,1546.0,1593926.0
25257.jpg,900.0,1099.0,989100.0
25258.jpg,674.0,960.0,647040.0
25259.jpg,900.0,1710.0,1539000.0
25260.jpg,626.0,1074.0,672324.0
25261.jpg,750.0,1135.0,851250.0
25262.jpg,800.0,1165.0,932000.0
25263.jpg,1500.0,674.0,1011000.0
25264.jpg,1442.0,800.0,1153600.0
25265.jpg,1038.0,1300.0,1349400.0
25275.jpg,920.0,700.0,644000.0
25276.jpg,793.0,1080.0,856440.0
25277.jpg,846.0,1000.0,846000.0
25286.jpg,1400.0,1038.0,1453200.0
25287.jpg,939.0,1500.0,1408500.0
25288.jpg,900.0,1201.0,1080900.0
25289.jpg,706.0,1700.0,1200200.0
25290.jpg,1200.0,869.0,1042800.0
25291.jpg,737.0,1700.0,1252900.0
25292.jpg,1050.0,1400.0,1470000.0
25293.jpg,700.0,1542.0,1079400.0
25294.jpg,713.0,1700.0,1212100.0
25295.jpg,1131.0,1200.0,1357200.0
25296.jpg,718.0,1700.0,1220600.0
25297.jpg,1116.0,300.0,334800.0
25298.jpg,1614.0,300.0,484200.0
25299.jpg,686.0,700.0,480200.0
25300.jpg,1381.0,700.0,966700.0
25301.jpg,1541.0,700.0,1078700.0
25302.jpg,768.0,1300.0,998400.0
25303.jpg,974.0,1200.0,1168800.0
25304.jpg,1000.0,1374.0,1374000.0
25305.jpg,1019.0,1248.0,1271712.0
25306.jpg,715.0,1100.0,786500.0
25307.jpg,625.0,1018.0,636250.0
25308.jpg,1107.0,1100.0,1217700.0
25309.jpg,800.0,1029.0,823200.0
25310.jpg,1015.0,1400.0,1421000.0
25311.jpg,850.0,1155.0,981750.0
25312.jpg,703.0,966.0,679098.0
25313.jpg,634.0,928.0,588352.0
25314.jpg,1119.0,900.0,1007100.0
25315.jpg,1327.0,1000.0,1327000.0
25316.jpg,1000.0,1303.0,1303000.0
25317.jpg,1197.0,900.0,1077300.0
25318.jpg,850.0,1150.0,977500.0
25319.jpg,732.0,950.0,695400.0
25320.jpg,1133.0,1600.0,1812800.0
25321.jpg,1341.0,951.0,1275291.0
25322.jpg,804.0,1050.0,844200.0
25323.jpg,1006.0,1300.0,1307800.0
25324.jpg,980.0,1249.0,1224020.0
25326.jpg,723.0,1270.0,918210.0
25327.jpg,978.0,1250.0,1222500.0
25328.jpg,650.0,839.0,545350.0
25329.jpg,1005.0,810.0,814050.0
25330.jpg,610.0,800.0,488000.0
25331.jpg,1163.0,1400.0,1628200.0
25332.jpg,1179.0,770.0,907830.0
25333.jpg,1250.0,1046.0,1307500.0
25334.jpg,1191.0,900.0,1071900.0
25335.jpg,1238.0,1000.0,1238000.0
25336.jpg,678.0,990.0,671220.0
25337.jpg,1300.0,1002.0,1302600.0
25338.jpg,1130.0,800.0,904000.0
25339.jpg,1043.0,1300.0,1355900.0
25340.jpg,1310.0,1000.0,1310000.0
25341.jpg,1342.0,900.0,1207800.0
25342.jpg,950.0,1317.0,1251150.0
25343.jpg,1168.0,800.0,934400.0
25344.jpg,1328.0,1000.0,1328000.0
25345.jpg,950.0,1144.0,1086800.0
25346.jpg,1149.0,900.0,1034100.0
25349.jpg,900.0,1260.0,1134000.0
25350.jpg,1616.0,1000.0,1616000.0
25357.jpg,714.0,867.0,619038.0
25358.jpg,1216.0,961.0,1168576.0
25359.jpg,1094.0,888.0,971472.0
25361.jpg,1200.0,1018.0,1221600.0
25362.jpg,1300.0,1057.0,1374100.0
25365.jpg,1000.0,1313.0,1313000.0
25366.jpg,700.0,878.0,614600.0
25383.jpg,1046.0,1300.0,1359800.0
25385.jpg,1981.0,1000.0,1981000.0
25386.jpg,1693.0,750.0,1269750.0
25387.jpg,769.0,1000.0,769000.0
25388.jpg,862.0,1200.0,1034400.0
25389.jpg,1100.0,665.0,731500.0
25390.jpg,1135.0,800.0,908000.0
25391.jpg,1055.0,650.0,685750.0
25392.jpg,1123.0,900.0,1010700.0
25393.jpg,828.0,550.0,455400.0
25394.jpg,1200.0,931.0,1117200.0
25395.jpg,1127.0,1000.0,1127000.0
25397.jpg,946.0,1255.0,1187230.0
25398.jpg,588.0,854.0,502152.0
25400.jpg,1085.0,1400.0,1519000.0
25401.jpg,1200.0,1292.0,1550400.0
25403.jpg,721.0,900.0,648900.0
25405.jpg,1200.0,1360.0,1632000.0
25406.jpg,850.0,935.0,794750.0
25407.jpg,850.0,894.0,759900.0
25408.jpg,1061.0,1255.0,1331555.0
25409.jpg,831.0,1000.0,831000.0
25410.jpg,1000.0,1093.0,1093000.0
25411.jpg,772.0,900.0,694800.0
25412.jpg,970.0,1100.0,1067000.0
25413.jpg,850.0,1033.0,878050.0
25414.jpg,900.0,1064.0,957600.0
25415.jpg,900.0,1203.0,1082700.0
25416.jpg,816.0,1000.0,816000.0
25417.jpg,1380.0,1300.0,1794000.0
25418.jpg,871.0,1092.0,951132.0
25419.jpg,1123.0,1300.0,1459900.0
25420.jpg,1050.0,1391.0,1460550.0
25421.jpg,1050.0,1409.0,1479450.0
25422.jpg,952.0,1300.0,1237600.0
25423.jpg,722.0,850.0,613700.0
25424.jpg,863.0,1027.0,886301.0
25425.jpg,1200.0,1115.0,1338000.0
25426.jpg,1000.0,1222.0,1222000.0
25427.jpg,1300.0,1529.0,1987700.0
25428.jpg,900.0,1037.0,933300.0
25429.jpg,850.0,1120.0,952000.0
25430.jpg,940.0,1205.0,1132700.0
25433.jpg,1700.0,761.0,1293700.0
25434.jpg,1175.0,704.0,827200.0
25435.jpg,1246.0,829.0,1032934.0
25436.jpg,1251.0,852.0,1065852.0
25437.jpg,1155.0,800.0,924000.0
25438.jpg,1001.0,874.0,874874.0
25440.jpg,1681.0,700.0,1176700.0
25441.jpg,1255.0,1040.0,1305200.0
25442.jpg,1066.0,920.0,980720.0
25443.jpg,1099.0,716.0,786884.0
25445.jpg,915.0,680.0,622200.0
25448.jpg,679.0,1700.0,1154300.0
25449.jpg,1261.0,1251.0,1577511.0
25450.jpg,800.0,1009.0,807200.0
25455.jpg,582.0,758.0,441156.0
25456.jpg,1038.0,1200.0,1245600.0
25457.jpg,1059.0,1300.0,1376700.0
25458.jpg,580.0,726.0,421080.0
25460.jpg,584.0,718.0,419312.0
25461.jpg,558.0,1000.0,558000.0
25462.jpg,1181.0,850.0,1003850.0
25463.jpg,1200.0,968.0,1161600.0
25464.jpg,1000.0,792.0,792000.0
25469.jpg,1310.0,950.0,1244500.0
25586.jpg,1202.0,1200.0,1442400.0
25587.jpg,857.0,866.0,742162.0
25588.jpg,1204.0,1200.0,1444800.0
25589.jpg,1050.0,1240.0,1302000.0
25590.jpg,1000.0,1325.0,1325000.0
25591.jpg,1100.0,1349.0,1483900.0
25592.jpg,1310.0,1000.0,1310000.0
25594.jpg,1086.0,1000.0,1086000.0
25595.jpg,725.0,880.0,638000.0
25596.jpg,719.0,880.0,632720.0
25597.jpg,676.0,820.0,554320.0
25598.jpg,712.0,860.0,612320.0
25599.jpg,1073.0,1000.0,1073000.0
25600.jpg,616.0,794.0,489104.0
25601.jpg,722.0,880.0,635360.0
25602.jpg,706.0,880.0,621280.0
25603.jpg,670.0,820.0,549400.0
25604.jpg,709.0,880.0,623920.0
25605.jpg,720.0,880.0,633600.0
25606.jpg,1589.0,570.0,905730.0
25607.jpg,1979.0,602.0,1191358.0
25608.jpg,1986.0,430.0,853980.0
25609.jpg,1793.0,500.0,896500.0
25610.jpg,2147.0,430.0,923210.0
25611.jpg,1738.0,520.0,903760.0
25612.jpg,1981.0,450.0,891450.0
25613.jpg,1879.0,470.0,883130.0
25614.jpg,2011.0,450.0,904950.0
25615.jpg,1726.0,510.0,880260.0
25616.jpg,1665.0,530.0,882450.0
25617.jpg,860.0,1155.0,993300.0
25618.jpg,889.0,1050.0,933450.0
25619.jpg,1055.0,880.0,928400.0
25621.jpg,1081.0,1074.0,1160994.0
25622.jpg,1148.0,800.0,918400.0
25623.jpg,601.0,376.0,225976.0
25624.jpg,672.0,1280.0,860160.0
25625.jpg,783.0,1160.0,908280.0
25626.jpg,880.0,870.0,765600.0
25627.jpg,1034.0,516.0,533544.0
25628.jpg,890.0,1010.0,898900.0
25629.jpg,775.0,1180.0,914500.0
25630.jpg,888.0,1013.0,899544.0
25631.jpg,1149.0,770.0,884730.0
25632.jpg,1132.0,780.0,882960.0
25633.jpg,771.0,1180.0,909780.0
25634.jpg,740.0,1210.0,895400.0
25635.jpg,737.0,1130.0,832810.0
25636.jpg,1758.0,770.0,1353660.0
25637.jpg,860.0,1050.0,903000.0
25638.jpg,1212.0,1090.0,1321080.0
25639.jpg,1073.0,1090.0,1169570.0
25640.jpg,732.0,728.0,532896.0
25641.jpg,1135.0,770.0,873950.0
25642.jpg,595.0,991.0,589645.0
25643.jpg,630.0,354.0,223020.0
25644.jpg,681.0,950.0,646950.0
25645.jpg,507.0,1000.0,507000.0
25646.jpg,540.0,774.0,417960.0
25647.jpg,726.0,750.0,544500.0
25648.jpg,657.0,984.0,646488.0
25649.jpg,1101.0,810.0,891810.0
25650.jpg,1086.0,771.0,837306.0
25651.jpg,544.0,810.0,440640.0
25652.jpg,858.0,1040.0,892320.0
25653.jpg,1303.0,670.0,873010.0
25654.jpg,1119.0,516.0,577404.0
25655.jpg,1042.0,840.0,875280.0
25656.jpg,1059.0,820.0,868380.0
25657.jpg,806.0,1050.0,846300.0
25658.jpg,535.0,750.0,401250.0
25659.jpg,1085.0,820.0,889700.0
25660.jpg,1169.0,770.0,900130.0
25661.jpg,912.0,970.0,884640.0
25662.jpg,1319.0,670.0,883730.0
25663.jpg,1000.0,633.0,633000.0
25664.jpg,991.0,900.0,891900.0
25665.jpg,891.0,1010.0,899910.0
25666.jpg,1059.0,840.0,889560.0
25667.jpg,997.0,900.0,897300.0
25668.jpg,1474.0,1100.0,1621400.0
25669.jpg,834.0,1050.0,875700.0
25670.jpg,603.0,1719.0,1036557.0
25671.jpg,900.0,1183.0,1064700.0
25672.jpg,748.0,1176.0,879648.0
25673.jpg,734.0,1240.0,910160.0
25674.jpg,856.0,990.0,847440.0
25675.jpg,340.0,441.0,149940.0
25676.jpg,774.0,1050.0,812700.0
25677.jpg,314.0,478.0,150092.0
25678.jpg,788.0,1050.0,827400.0
25679.jpg,658.0,1000.0,658000.0
25680.jpg,756.0,1180.0,892080.0
25681.jpg,753.0,1000.0,753000.0
25682.jpg,601.0,1000.0,601000.0
25683.jpg,751.0,1170.0,878670.0
25684.jpg,668.0,1000.0,668000.0
25685.jpg,789.0,1000.0,789000.0
25686.jpg,761.0,1000.0,761000.0
25687.jpg,862.0,1040.0,896480.0
25688.jpg,713.0,900.0,641700.0
25689.jpg,754.0,1170.0,882180.0
25690.jpg,757.0,1160.0,878120.0
25691.jpg,582.0,750.0,436500.0
25692.jpg,710.0,970.0,688700.0
25693.jpg,552.0,750.0,414000.0
25694.jpg,520.0,800.0,416000.0
25695.jpg,1719.0,603.0,1036557.0
25696.jpg,926.0,970.0,898220.0
25697.jpg,823.0,1050.0,864150.0
25698.jpg,919.0,920.0,845480.0
25699.jpg,804.0,991.0,796764.0
25700.jpg,961.0,930.0,893730.0
25701.jpg,832.0,1070.0,890240.0
25702.jpg,911.0,935.0,851785.0
25703.jpg,1164.0,740.0,861360.0
25704.jpg,943.0,960.0,905280.0
25705.jpg,772.0,1170.0,903240.0
25706.jpg,868.0,1000.0,868000.0
25707.jpg,911.0,1000.0,911000.0
25708.jpg,808.0,1110.0,896880.0
25709.jpg,792.0,1120.0,887040.0
25710.jpg,951.0,950.0,903450.0
25711.jpg,801.0,1110.0,889110.0
25712.jpg,626.0,1330.0,832580.0
25713.jpg,927.0,970.0,899190.0
25714.jpg,1064.0,840.0,893760.0
25715.jpg,909.0,920.0,836280.0
25716.jpg,375.0,766.0,287250.0
25717.jpg,938.0,933.0,875154.0
25718.jpg,749.0,1170.0,876330.0
25719.jpg,786.0,1100.0,864600.0
25720.jpg,776.0,1140.0,884640.0
25721.jpg,1440.0,444.0,639360.0
25722.jpg,1240.0,530.0,657200.0
25723.jpg,1248.0,550.0,686400.0
25724.jpg,813.0,1100.0,894300.0
25725.jpg,942.0,960.0,904320.0
25726.jpg,851.0,1000.0,851000.0
25727.jpg,1010.0,850.0,858500.0
25728.jpg,949.0,950.0,901550.0
25729.jpg,870.0,1050.0,913500.0
25730.jpg,646.0,880.0,568480.0
25731.jpg,753.0,1150.0,865950.0
25732.jpg,864.0,1040.0,898560.0
25733.jpg,875.0,1010.0,883750.0
25734.jpg,867.0,1040.0,901680.0
25735.jpg,939.0,944.0,886416.0
25736.jpg,765.0,1150.0,879750.0
25737.jpg,850.0,1012.0,860200.0
25738.jpg,702.0,880.0,617760.0
25739.jpg,705.0,837.0,590085.0
25740.jpg,1227.0,720.0,883440.0
25741.jpg,770.0,1171.0,901670.0
25742.jpg,912.0,650.0,592800.0
25743.jpg,1326.0,700.0,928200.0
25744.jpg,1183.0,750.0,887250.0
25745.jpg,878.0,1003.0,880634.0
25746.jpg,761.0,960.0,730560.0
25747.jpg,1278.0,700.0,894600.0
25748.jpg,1187.0,750.0,890250.0
25749.jpg,959.0,940.0,901460.0
25750.jpg,1071.0,840.0,899640.0
25751.jpg,1267.0,700.0,886900.0
25752.jpg,1160.0,770.0,893200.0
25753.jpg,1184.0,900.0,1065600.0
25754.jpg,878.0,1012.0,888536.0
25755.jpg,969.0,900.0,872100.0
25756.jpg,1280.0,700.0,896000.0
25757.jpg,1173.0,770.0,903210.0
25758.jpg,892.0,970.0,865240.0
25759.jpg,923.0,1000.0,923000.0
25760.jpg,920.0,1000.0,920000.0
25761.jpg,1230.0,750.0,922500.0
25762.jpg,751.0,1100.0,826100.0
25763.jpg,789.0,1100.0,867900.0
25764.jpg,772.0,1150.0,887800.0
25765.jpg,719.0,1100.0,790900.0
25766.jpg,1250.0,725.0,906250.0
25767.jpg,719.0,1050.0,754950.0
25768.jpg,840.0,1100.0,924000.0
25769.jpg,1181.0,680.0,803080.0
25770.jpg,834.0,1100.0,917400.0
25771.jpg,810.0,1067.0,864270.0
25772.jpg,1204.0,730.0,878920.0
25773.jpg,737.0,1100.0,810700.0
25774.jpg,768.0,1000.0,768000.0
25775.jpg,1295.0,700.0,906500.0
25776.jpg,809.0,1050.0,849450.0
25777.jpg,850.0,1032.0,877200.0
25778.jpg,1250.0,718.0,897500.0
25779.jpg,762.0,1120.0,853440.0
25780.jpg,819.0,1020.0,835380.0
25781.jpg,813.0,1050.0,853650.0
25782.jpg,1251.0,700.0,875700.0
25783.jpg,752.0,1100.0,827200.0
25784.jpg,750.0,1126.0,844500.0
25785.jpg,1197.0,680.0,813960.0
25786.jpg,750.0,1125.0,843750.0
25787.jpg,900.0,955.0,859500.0
25788.jpg,1250.0,708.0,885000.0
25789.jpg,766.0,1150.0,880900.0
25790.jpg,762.0,1150.0,876300.0
25791.jpg,1250.0,730.0,912500.0
25792.jpg,750.0,1160.0,870000.0
25793.jpg,758.0,1150.0,871700.0
25794.jpg,1203.0,740.0,890220.0
25795.jpg,805.0,1100.0,885500.0
25796.jpg,805.0,1100.0,885500.0
25797.jpg,750.0,958.0,718500.0
25798.jpg,1250.0,705.0,881250.0
25799.jpg,797.0,1120.0,892640.0
25800.jpg,759.0,1130.0,857670.0
25801.jpg,1250.0,706.0,882500.0
25802.jpg,810.0,1050.0,850500.0
25803.jpg,784.0,1100.0,862400.0
25804.jpg,1002.0,600.0,601200.0
25805.jpg,1010.0,600.0,606000.0
25806.jpg,700.0,1011.0,707700.0
25807.jpg,831.0,1100.0,914100.0
25808.jpg,987.0,930.0,917910.0
25809.jpg,835.0,1100.0,918500.0
25810.jpg,988.0,910.0,899080.0
25811.jpg,985.0,910.0,896350.0
25812.jpg,865.0,1040.0,899600.0
25813.jpg,822.0,1080.0,887760.0
25814.jpg,825.0,1100.0,907500.0
25815.jpg,884.0,1024.0,905216.0
25816.jpg,806.0,1100.0,886600.0
25817.jpg,927.0,980.0,908460.0
25818.jpg,822.0,1070.0,879540.0
25819.jpg,886.0,1020.0,903720.0
25820.jpg,962.0,900.0,865800.0
25821.jpg,848.0,1050.0,890400.0
25822.jpg,887.0,1020.0,904740.0
25823.jpg,750.0,709.0,531750.0
25824.jpg,924.0,900.0,831600.0
25825.jpg,908.0,900.0,817200.0
25826.jpg,739.0,700.0,517300.0
25827.jpg,732.0,700.0,512400.0
25828.jpg,700.0,705.0,493500.0
25829.jpg,756.0,700.0,529200.0
25830.jpg,833.0,833.0,693889.0
25831.jpg,700.0,593.0,415100.0
25832.jpg,670.0,637.0,426790.0
25833.jpg,1608.0,2052.0,3299616.0
25834.jpg,900.0,1149.0,1034100.0
25835.jpg,1200.0,1442.0,1730400.0
25836.jpg,928.0,700.0,649600.0
25837.jpg,662.0,927.0,613674.0
25838.jpg,676.0,950.0,642200.0
25839.jpg,676.0,756.0,511056.0
25840.jpg,1055.0,1010.0,1065550.0
25841.jpg,560.0,896.0,501760.0
25842.jpg,1032.0,603.0,622296.0
25843.jpg,560.0,528.0,295680.0
25844.jpg,579.0,700.0,405300.0
25845.jpg,1035.0,640.0,662400.0
25846.jpg,877.0,750.0,657750.0
25847.jpg,685.0,960.0,657600.0
25848.jpg,907.0,720.0,653040.0
25849.jpg,624.0,800.0,499200.0
25850.jpg,966.0,650.0,627900.0
25851.jpg,647.0,800.0,517600.0
25852.jpg,1000.0,660.0,660000.0
25853.jpg,703.0,654.0,459762.0
25854.jpg,852.0,722.0,615144.0
25855.jpg,864.0,750.0,648000.0
25856.jpg,685.0,950.0,650750.0
25857.jpg,632.0,1030.0,650960.0
25858.jpg,626.0,1020.0,638520.0
25859.jpg,738.0,714.0,526932.0
25860.jpg,536.0,686.0,367696.0
25861.jpg,666.0,838.0,558108.0
25862.jpg,722.0,632.0,456304.0
25863.jpg,644.0,868.0,558992.0
25864.jpg,568.0,526.0,298768.0
26066.jpg,1335.0,655.0,874425.0
26067.jpg,1100.0,918.0,1009800.0
26075.jpg,900.0,1203.0,1082700.0
26076.jpg,950.0,1113.0,1057350.0
26077.jpg,800.0,1241.0,992800.0
26078.jpg,800.0,1326.0,1060800.0
26079.jpg,930.0,1200.0,1116000.0
26080.jpg,1000.0,1257.0,1257000.0
26081.jpg,708.0,804.0,569232.0
26084.jpg,689.0,888.0,611832.0
26114.jpg,1273.0,1000.0,1273000.0
26115.jpg,669.0,909.0,608121.0
26116.jpg,1244.0,1088.0,1353472.0
26117.jpg,1500.0,1078.0,1617000.0
26118.jpg,1244.0,750.0,933000.0
26120.jpg,1100.0,1444.0,1588400.0
26121.jpg,820.0,1099.0,901180.0
26123.jpg,764.0,1400.0,1069600.0
26124.jpg,1351.0,1000.0,1351000.0
26125.jpg,1100.0,1497.0,1646700.0
26126.jpg,1193.0,1500.0,1789500.0
26127.jpg,1038.0,1300.0,1349400.0
26128.jpg,894.0,1175.0,1050450.0
26129.jpg,780.0,1165.0,908700.0
26130.jpg,1100.0,1483.0,1631300.0
26131.jpg,1334.0,1600.0,2134400.0
26132.jpg,1309.0,1600.0,2094400.0
26133.jpg,961.0,1133.0,1088813.0
26134.jpg,1221.0,1500.0,1831500.0
26135.jpg,1319.0,1600.0,2110400.0
26136.jpg,1022.0,1275.0,1303050.0
26139.jpg,889.0,1200.0,1066800.0
26140.jpg,1200.0,1564.0,1876800.0
26141.jpg,867.0,1200.0,1040400.0
26143.jpg,1159.0,1400.0,1622600.0
26144.jpg,765.0,1000.0,765000.0
26146.jpg,813.0,1071.0,870723.0
26147.jpg,1200.0,1533.0,1839600.0
26149.jpg,900.0,1081.0,972900.0
26150.jpg,1200.0,1518.0,1821600.0
26151.jpg,753.0,1030.0,775590.0
26152.jpg,986.0,1255.0,1237430.0
26153.jpg,512.0,650.0,332800.0
26154.jpg,741.0,1005.0,744705.0
26155.jpg,622.0,890.0,553580.0
26156.jpg,792.0,1060.0,839520.0
26157.jpg,1000.0,1269.0,1269000.0
26158.jpg,1273.0,1500.0,1909500.0
26159.jpg,989.0,1255.0,1241195.0
26160.jpg,995.0,1300.0,1293500.0
26162.jpg,1500.0,1186.0,1779000.0
26163.jpg,800.0,979.0,783200.0
26164.jpg,883.0,1107.0,977481.0
26165.jpg,824.0,1002.0,825648.0
26166.jpg,1200.0,521.0,625200.0
26167.jpg,756.0,900.0,680400.0
26168.jpg,1200.0,1495.0,1794000.0
26169.jpg,1229.0,1500.0,1843500.0
26170.jpg,563.0,700.0,394100.0
26171.jpg,1172.0,1500.0,1758000.0
26172.jpg,877.0,1030.0,903310.0
26173.jpg,791.0,900.0,711900.0
26174.jpg,600.0,743.0,445800.0
26181.jpg,1016.0,813.0,826008.0
26185.jpg,667.0,820.0,546940.0
26187.jpg,1000.0,1363.0,1363000.0
26188.jpg,1442.0,1100.0,1586200.0
26189.jpg,972.0,1253.0,1217916.0
26190.jpg,1117.0,820.0,915940.0
26192.jpg,962.0,680.0,654160.0
26193.jpg,807.0,1020.0,823140.0
26194.jpg,810.0,1001.0,810810.0
26195.jpg,951.0,950.0,903450.0
26196.jpg,823.0,1100.0,905300.0
26197.jpg,1400.0,872.0,1220800.0
26198.jpg,837.0,1047.0,876339.0
26199.jpg,847.0,1030.0,872410.0
26201.jpg,803.0,1070.0,859210.0
26202.jpg,1026.0,828.0,849528.0
26203.jpg,1042.0,1350.0,1406700.0
26204.jpg,750.0,887.0,665250.0
26208.jpg,883.0,1111.0,981013.0
26209.jpg,1149.0,1500.0,1723500.0
26210.jpg,930.0,1106.0,1028580.0
26211.jpg,1115.0,1400.0,1561000.0
26212.jpg,795.0,950.0,755250.0
26213.jpg,796.0,950.0,756200.0
26214.jpg,820.0,976.0,800320.0
26216.jpg,1116.0,1600.0,1785600.0
26217.jpg,1055.0,1200.0,1266000.0
26218.jpg,638.0,1050.0,669900.0
26222.jpg,636.0,800.0,508800.0
26223.jpg,1166.0,1200.0,1399200.0
26224.jpg,832.0,1020.0,848640.0
26225.jpg,911.0,1050.0,956550.0
26226.jpg,1000.0,1272.0,1272000.0
26228.jpg,929.0,1200.0,1114800.0
26230.jpg,482.0,856.0,412592.0
26231.jpg,538.0,950.0,511100.0
26232.jpg,655.0,900.0,589500.0
26234.jpg,650.0,1357.0,882050.0
26235.jpg,1000.0,1519.0,1519000.0
26236.jpg,920.0,700.0,644000.0
26237.jpg,1131.0,850.0,961350.0
26238.jpg,1011.0,1500.0,1516500.0
26239.jpg,830.0,714.0,592620.0
26241.jpg,700.0,957.0,669900.0
26242.jpg,1213.0,1000.0,1213000.0
26243.jpg,1030.0,850.0,875500.0
26244.jpg,942.0,1200.0,1130400.0
26245.jpg,1328.0,1000.0,1328000.0
26246.jpg,1200.0,1006.0,1207200.0
26247.jpg,1002.0,825.0,826650.0
26248.jpg,1201.0,967.0,1161367.0
26249.jpg,1090.0,850.0,926500.0
26250.jpg,983.0,753.0,740199.0
26251.jpg,851.0,662.0,563362.0
26252.jpg,1300.0,1068.0,1388400.0
26253.jpg,982.0,1400.0,1374800.0
26254.jpg,1068.0,900.0,961200.0
26256.jpg,756.0,1010.0,763560.0
26257.jpg,900.0,1023.0,920700.0
26258.jpg,1132.0,850.0,962200.0
26259.jpg,1165.0,780.0,908700.0
26260.jpg,1279.0,900.0,1151100.0
26261.jpg,1177.0,796.0,936892.0
26262.jpg,1320.0,1003.0,1323960.0
27384.jpg,1042.0,950.0,989900.0
27386.jpg,1195.0,869.0,1038455.0
27404.jpg,850.0,1213.0,1031050.0
27405.jpg,1153.0,900.0,1037700.0
27409.jpg,702.0,754.0,529308.0
27410.jpg,646.0,735.0,474810.0
27412.jpg,686.0,768.0,526848.0
27416.jpg,685.0,768.0,526080.0
27419.jpg,1500.0,1200.0,1800000.0
27420.jpg,1300.0,790.0,1027000.0
27421.jpg,1055.0,773.0,815515.0
27422.jpg,751.0,468.0,351468.0
27427.jpg,1100.0,866.0,952600.0
27429.jpg,1018.0,650.0,661700.0
27431.jpg,1220.0,900.0,1098000.0
27432.jpg,952.0,600.0,571200.0
27433.jpg,1046.0,771.0,806466.0
27434.jpg,1253.0,770.0,964810.0
27435.jpg,1084.0,780.0,845520.0
27436.jpg,1095.0,805.0,881475.0
27437.jpg,1089.0,845.0,920205.0
27439.jpg,1200.0,814.0,976800.0
27443.jpg,1097.0,835.0,915995.0
27444.jpg,695.0,800.0,556000.0
27448.jpg,1237.0,800.0,989600.0
27449.jpg,824.0,1100.0,906400.0
27450.jpg,1213.0,1000.0,1213000.0
27451.jpg,615.0,820.0,504300.0
27452.jpg,1096.0,1005.0,1101480.0
27453.jpg,959.0,708.0,678972.0
27454.jpg,900.0,1268.0,1141200.0
27455.jpg,900.0,1158.0,1042200.0
27456.jpg,801.0,1079.0,864279.0
27458.jpg,675.0,943.0,636525.0
27459.jpg,990.0,750.0,742500.0
27462.jpg,910.0,734.0,667940.0
27463.jpg,1358.0,1000.0,1358000.0
27464.jpg,760.0,975.0,741000.0
27466.jpg,886.0,662.0,586532.0
27467.jpg,565.0,869.0,490985.0
27469.jpg,817.0,1060.0,866020.0
27470.jpg,1467.0,1200.0,1760400.0
27471.jpg,1296.0,900.0,1166400.0
27472.jpg,1064.0,800.0,851200.0
27474.jpg,1500.0,1103.0,1654500.0
27475.jpg,1200.0,1402.0,1682400.0
27478.jpg,1361.0,770.0,1047970.0
27479.jpg,1300.0,920.0,1196000.0
27481.jpg,802.0,1002.0,803604.0
27483.jpg,1500.0,1218.0,1827000.0
27484.jpg,702.0,816.0,572832.0
27486.jpg,1500.0,1047.0,1570500.0
27487.jpg,946.0,714.0,675444.0
27490.jpg,1247.0,853.0,1063691.0
27498.jpg,1255.0,932.0,1169660.0
27499.jpg,900.0,1127.0,1014300.0
27505.jpg,1075.0,750.0,806250.0
27506.jpg,1231.0,790.0,972490.0
27507.jpg,1500.0,967.0,1450500.0
27508.jpg,1575.0,1050.0,1653750.0
27509.jpg,1127.0,770.0,867790.0
27511.jpg,1105.0,870.0,961350.0
27512.jpg,1098.0,770.0,845460.0
27519.jpg,1300.0,912.0,1185600.0
27523.jpg,1135.0,720.0,817200.0
27524.jpg,1500.0,1003.0,1504500.0
27525.jpg,1217.0,751.0,913967.0
27528.jpg,1500.0,984.0,1476000.0
27529.jpg,1158.0,1400.0,1621200.0
27531.jpg,1035.0,770.0,796950.0
27532.jpg,1200.0,730.0,876000.0
27533.jpg,1407.0,911.0,1281777.0
27534.jpg,1250.0,773.0,966250.0
27535.jpg,1200.0,651.0,781200.0
27536.jpg,1097.0,726.0,796422.0
27537.jpg,1002.0,740.0,741480.0
27545.jpg,1010.0,573.0,578730.0
27546.jpg,1200.0,728.0,873600.0
27547.jpg,1100.0,778.0,855800.0
27554.jpg,906.0,1300.0,1177800.0
27555.jpg,1100.0,873.0,960300.0
27556.jpg,1234.0,1100.0,1357400.0
27557.jpg,1308.0,770.0,1007160.0
27558.jpg,900.0,1467.0,1320300.0
27559.jpg,1481.0,1000.0,1481000.0
27560.jpg,1100.0,1254.0,1379400.0
27561.jpg,538.0,1020.0,548760.0
27562.jpg,909.0,1059.0,962631.0
27563.jpg,1010.0,503.0,508030.0
27564.jpg,1557.0,1000.0,1557000.0
27565.jpg,1386.0,970.0,1344420.0
27566.jpg,1011.0,1600.0,1617600.0
27567.jpg,1059.0,1300.0,1376700.0
27568.jpg,1471.0,1100.0,1618100.0
27569.jpg,1237.0,900.0,1113300.0
27570.jpg,1248.0,900.0,1123200.0
27571.jpg,1400.0,1013.0,1418200.0
27572.jpg,1130.0,1400.0,1582000.0
27573.jpg,1000.0,1005.0,1005000.0
27574.jpg,1010.0,843.0,851430.0
27575.jpg,1233.0,1000.0,1233000.0
27576.jpg,1000.0,1473.0,1473000.0
27577.jpg,1514.0,1100.0,1665400.0
27578.jpg,1152.0,810.0,933120.0
27579.jpg,1150.0,1151.0,1323650.0
27580.jpg,902.0,1400.0,1262800.0
27581.jpg,946.0,1500.0,1419000.0
27582.jpg,1100.0,1375.0,1512500.0
27583.jpg,1300.0,1041.0,1353300.0
27584.jpg,1407.0,1000.0,1407000.0
27585.jpg,1225.0,970.0,1188250.0
27586.jpg,1500.0,1016.0,1524000.0
27587.jpg,1005.0,1200.0,1206000.0
27588.jpg,1362.0,950.0,1293900.0
27589.jpg,1347.0,1100.0,1481700.0
27590.jpg,1349.0,1000.0,1349000.0
27591.jpg,1300.0,1065.0,1384500.0
27592.jpg,1000.0,1459.0,1459000.0
27593.jpg,1572.0,1268.0,1993296.0
27594.jpg,1133.0,1400.0,1586200.0
27595.jpg,1200.0,861.0,1033200.0
27596.jpg,1572.0,1000.0,1572000.0
27597.jpg,1249.0,800.0,999200.0
27598.jpg,1094.0,700.0,765800.0
27599.jpg,1103.0,700.0,772100.0
27600.jpg,1400.0,905.0,1267000.0
27601.jpg,1166.0,1000.0,1166000.0
27602.jpg,952.0,770.0,733040.0
27603.jpg,1034.0,770.0,796180.0
27604.jpg,1468.0,1100.0,1614800.0
27605.jpg,1500.0,1106.0,1659000.0
27606.jpg,1358.0,1000.0,1358000.0
27607.jpg,1400.0,1003.0,1404200.0
27608.jpg,1376.0,1000.0,1376000.0
27609.jpg,1202.0,1000.0,1202000.0
27610.jpg,1329.0,1000.0,1329000.0
27611.jpg,1375.0,1100.0,1512500.0
27612.jpg,1374.0,1000.0,1374000.0
27613.jpg,1400.0,1032.0,1444800.0
27614.jpg,1463.0,1100.0,1609300.0
27615.jpg,1400.0,1014.0,1419600.0
27616.jpg,1290.0,818.0,1055220.0
27617.jpg,1400.0,822.0,1150800.0
27618.jpg,1316.0,1000.0,1316000.0
27619.jpg,1488.0,1100.0,1636800.0
27620.jpg,900.0,1170.0,1053000.0
27621.jpg,1306.0,1100.0,1436600.0
27622.jpg,1000.0,1317.0,1317000.0
27623.jpg,1202.0,900.0,1081800.0
27624.jpg,1145.0,864.0,989280.0
27625.jpg,1502.0,1160.0,1742320.0
27626.jpg,1300.0,1002.0,1302600.0
27627.jpg,1411.0,1100.0,1552100.0
27628.jpg,1368.0,1000.0,1368000.0
27629.jpg,1003.0,770.0,772310.0
27630.jpg,1103.0,1000.0,1103000.0
27631.jpg,1383.0,1000.0,1383000.0
27632.jpg,1172.0,950.0,1113400.0
27633.jpg,1150.0,973.0,1118950.0
27634.jpg,1038.0,1300.0,1349400.0
27635.jpg,850.0,1401.0,1190850.0
27636.jpg,1153.0,1150.0,1325950.0
27637.jpg,1200.0,1102.0,1322400.0
27638.jpg,1204.0,1100.0,1324400.0
27639.jpg,1151.0,1200.0,1381200.0
27640.jpg,1022.0,770.0,786940.0
27641.jpg,1364.0,1000.0,1364000.0
27642.jpg,1358.0,1000.0,1358000.0
27643.jpg,1275.0,950.0,1211250.0
27644.jpg,1246.0,1000.0,1246000.0
27645.jpg,1274.0,1000.0,1274000.0
27646.jpg,1100.0,808.0,888800.0
27647.jpg,1177.0,589.0,693253.0
27648.jpg,900.0,1216.0,1094400.0
27649.jpg,848.0,1200.0,1017600.0
27650.jpg,856.0,1400.0,1198400.0
27651.jpg,1200.0,902.0,1082400.0
27652.jpg,1400.0,1019.0,1426600.0
27653.jpg,1374.0,1000.0,1374000.0
27654.jpg,1300.0,772.0,1003600.0
27655.jpg,950.0,1249.0,1186550.0
27656.jpg,946.0,1200.0,1135200.0
27657.jpg,1339.0,1100.0,1472900.0
27658.jpg,1143.0,900.0,1028700.0
27659.jpg,1000.0,1300.0,1300000.0
27660.jpg,1488.0,1100.0,1636800.0
27661.jpg,1300.0,1038.0,1349400.0
27662.jpg,1000.0,1259.0,1259000.0
27663.jpg,839.0,1200.0,1006800.0
27664.jpg,1332.0,1000.0,1332000.0
27665.jpg,1454.0,800.0,1163200.0
27666.jpg,1355.0,1000.0,1355000.0
27667.jpg,900.0,1210.0,1089000.0
27668.jpg,1300.0,1037.0,1348100.0
27669.jpg,1114.0,900.0,1002600.0
27670.jpg,1300.0,1044.0,1357200.0
27671.jpg,1000.0,1224.0,1224000.0
27672.jpg,1300.0,1020.0,1326000.0
27673.jpg,1127.0,900.0,1014300.0
27674.jpg,1000.0,1253.0,1253000.0
27675.jpg,1050.0,845.0,887250.0
27676.jpg,1300.0,1044.0,1357200.0
27677.jpg,1358.0,1050.0,1425900.0
27678.jpg,1300.0,946.0,1229800.0
27679.jpg,1363.0,1100.0,1499300.0
27680.jpg,1350.0,1000.0,1350000.0
27681.jpg,1300.0,1044.0,1357200.0
27682.jpg,1132.0,900.0,1018800.0
27683.jpg,1142.0,900.0,1027800.0
27684.jpg,1122.0,900.0,1009800.0
27685.jpg,1203.0,1000.0,1203000.0
27686.jpg,1300.0,952.0,1237600.0
27687.jpg,1300.0,1011.0,1314300.0
27688.jpg,1141.0,1400.0,1597400.0
27689.jpg,579.0,868.0,502572.0
27690.jpg,734.0,1089.0,799326.0
27691.jpg,1182.0,950.0,1122900.0
27692.jpg,1163.0,950.0,1104850.0
27693.jpg,1400.0,1104.0,1545600.0
27694.jpg,1300.0,1017.0,1322100.0
27695.jpg,1095.0,880.0,963600.0
27696.jpg,1300.0,1035.0,1345500.0
27697.jpg,1200.0,954.0,1144800.0
27698.jpg,1003.0,1100.0,1103300.0
27699.jpg,1075.0,807.0,867525.0
27700.jpg,1424.0,1000.0,1424000.0
27701.jpg,1345.0,600.0,807000.0
27702.jpg,1073.0,1200.0,1287600.0
27703.jpg,1212.0,850.0,1030200.0
27704.jpg,1146.0,1200.0,1375200.0
27705.jpg,1400.0,1002.0,1402800.0
27706.jpg,900.0,1157.0,1041300.0
27707.jpg,1151.0,1200.0,1381200.0
27708.jpg,1000.0,1328.0,1328000.0
27709.jpg,848.0,1300.0,1102400.0
27710.jpg,1100.0,1040.0,1144000.0
27711.jpg,1233.0,914.0,1126962.0
27712.jpg,1257.0,1000.0,1257000.0
27713.jpg,1444.0,1000.0,1444000.0
27714.jpg,1298.0,900.0,1168200.0
27715.jpg,1292.0,900.0,1162800.0
27716.jpg,1302.0,900.0,1171800.0
27717.jpg,1428.0,900.0,1285200.0
27718.jpg,700.0,1025.0,717500.0
27719.jpg,700.0,1024.0,716800.0
27720.jpg,700.0,1090.0,763000.0
27721.jpg,1421.0,900.0,1278900.0
27722.jpg,1425.0,900.0,1282500.0
27723.jpg,1429.0,900.0,1286100.0
27724.jpg,1428.0,900.0,1285200.0
27725.jpg,1252.0,800.0,1001600.0
27726.jpg,1084.0,700.0,758800.0
27727.jpg,1216.0,1100.0,1337600.0
27728.jpg,1141.0,1000.0,1141000.0
27729.jpg,1060.0,1200.0,1272000.0
27730.jpg,1138.0,800.0,910400.0
27731.jpg,1045.0,1300.0,1358500.0
27732.jpg,1565.0,1238.0,1937470.0
27733.jpg,1300.0,1001.0,1301300.0
27734.jpg,850.0,1102.0,936700.0
27735.jpg,1158.0,1100.0,1273800.0
27736.jpg,1120.0,1000.0,1120000.0
27737.jpg,1143.0,1100.0,1257300.0
27738.jpg,1330.0,1000.0,1330000.0
27739.jpg,1343.0,1181.0,1586083.0
27740.jpg,1100.0,1214.0,1335400.0
27741.jpg,1200.0,1054.0,1264800.0
27742.jpg,1212.0,1200.0,1454400.0
27743.jpg,1110.0,1100.0,1221000.0
27744.jpg,1050.0,466.0,489300.0
27745.jpg,1597.0,499.0,796903.0
27746.jpg,1110.0,1100.0,1221000.0
27747.jpg,1600.0,773.0,1236800.0
27748.jpg,1281.0,600.0,768600.0
27749.jpg,876.0,1150.0,1007400.0
27751.jpg,1157.0,1500.0,1735500.0
27752.jpg,548.0,700.0,383600.0
27765.jpg,1254.0,950.0,1191300.0
27766.jpg,900.0,451.0,405900.0
27769.jpg,1400.0,853.0,1194200.0
27770.jpg,1100.0,1374.0,1511400.0
27771.jpg,800.0,1126.0,900800.0
27772.jpg,900.0,1420.0,1278000.0
27773.jpg,1116.0,770.0,859320.0
27774.jpg,900.0,1376.0,1238400.0
27775.jpg,950.0,851.0,808450.0
27776.jpg,762.0,1000.0,762000.0
27793.jpg,764.0,1100.0,840400.0
27794.jpg,1304.0,850.0,1108400.0
27797.jpg,1177.0,1000.0,1177000.0
27801.jpg,891.0,1100.0,980100.0
27803.jpg,1351.0,1100.0,1486100.0
27804.jpg,1100.0,1267.0,1393700.0
27806.jpg,687.0,896.0,615552.0
27814.jpg,533.0,700.0,373100.0
27815.jpg,760.0,1000.0,760000.0
27816.jpg,684.0,830.0,567720.0
27817.jpg,633.0,900.0,569700.0
27818.jpg,900.0,1240.0,1116000.0
27819.jpg,853.0,1100.0,938300.0
27820.jpg,703.0,1400.0,984200.0
27821.jpg,616.0,750.0,462000.0
27822.jpg,1000.0,1407.0,1407000.0
27823.jpg,700.0,994.0,695800.0
27824.jpg,630.0,825.0,519750.0
27825.jpg,1200.0,1418.0,1701600.0
27826.jpg,1200.0,1406.0,1687200.0
27827.jpg,712.0,950.0,676400.0
27836.jpg,800.0,1050.0,840000.0
27838.jpg,1137.0,1500.0,1705500.0
27839.jpg,1000.0,1394.0,1394000.0
27840.jpg,921.0,1255.0,1155855.0
27841.jpg,878.0,1169.0,1026382.0
27842.jpg,857.0,1253.0,1073821.0
27843.jpg,850.0,1128.0,958800.0
27846.jpg,900.0,1239.0,1115100.0
27848.jpg,869.0,896.0,778624.0
27849.jpg,721.0,950.0,684950.0
27851.jpg,1292.0,800.0,1033600.0
27852.jpg,1508.0,950.0,1432600.0
27855.jpg,925.0,1243.0,1149775.0
27857.jpg,1173.0,821.0,963033.0
27858.jpg,878.0,745.0,654110.0
27859.jpg,632.0,800.0,505600.0
27860.jpg,700.0,1421.0,994700.0
27861.jpg,700.0,1363.0,954100.0
27863.jpg,1000.0,1027.0,1027000.0
27864.jpg,700.0,1136.0,795200.0
27865.jpg,1000.0,1315.0,1315000.0
27870.jpg,1015.0,1250.0,1268750.0
27875.jpg,1200.0,1502.0,1802400.0
27876.jpg,857.0,1002.0,858714.0
27877.jpg,756.0,954.0,721224.0
27878.jpg,1068.0,1200.0,1281600.0
27879.jpg,743.0,867.0,644181.0
27880.jpg,1300.0,1501.0,1951300.0
27883.jpg,613.0,900.0,551700.0
27885.jpg,1228.0,1500.0,1842000.0
27886.jpg,1100.0,1571.0,1728100.0
27887.jpg,1050.0,1300.0,1365000.0
27888.jpg,1200.0,986.0,1183200.0
27889.jpg,1417.0,1000.0,1417000.0
27890.jpg,1400.0,950.0,1330000.0
27893.jpg,1100.0,1326.0,1458600.0
27894.jpg,750.0,1306.0,979500.0
27895.jpg,934.0,1255.0,1172170.0
27896.jpg,900.0,1136.0,1022400.0
27897.jpg,1070.0,800.0,856000.0
27898.jpg,1099.0,800.0,879200.0
27899.jpg,1500.0,1135.0,1702500.0
27901.jpg,689.0,1000.0,689000.0
27902.jpg,1353.0,1000.0,1353000.0
27903.jpg,1305.0,1000.0,1305000.0
27904.jpg,695.0,920.0,639400.0
27905.jpg,864.0,1000.0,864000.0
27906.jpg,700.0,1447.0,1012900.0
27907.jpg,441.0,800.0,352800.0
27908.jpg,696.0,954.0,663984.0
27909.jpg,900.0,1023.0,920700.0
27910.jpg,517.0,1150.0,594550.0
27911.jpg,946.0,1400.0,1324400.0
27912.jpg,807.0,1200.0,968400.0
27913.jpg,969.0,1400.0,1356600.0
27914.jpg,933.0,1200.0,1119600.0
27915.jpg,836.0,770.0,643720.0
27916.jpg,1200.0,1005.0,1206000.0
27920.jpg,900.0,1123.0,1010700.0
27921.jpg,1000.0,1248.0,1248000.0
27922.jpg,800.0,1001.0,800800.0
27923.jpg,1403.0,770.0,1080310.0
27924.jpg,1218.0,1457.0,1774626.0
27925.jpg,1210.0,1000.0,1210000.0
27926.jpg,1034.0,800.0,827200.0
27927.jpg,1446.0,1186.0,1714956.0
27928.jpg,1131.0,1400.0,1583400.0
27929.jpg,1100.0,1410.0,1551000.0
27930.jpg,1505.0,900.0,1354500.0
27931.jpg,1100.0,1331.0,1464100.0
27932.jpg,1159.0,1652.0,1914668.0
27933.jpg,1067.0,854.0,911218.0
27934.jpg,1151.0,1057.0,1216607.0
27935.jpg,1155.0,1457.0,1682835.0
27936.jpg,1200.0,1461.0,1753200.0
27937.jpg,1446.0,1000.0,1446000.0
27944.jpg,1300.0,905.0,1176500.0
27945.jpg,1415.0,1000.0,1415000.0
27946.jpg,950.0,1204.0,1143800.0
27947.jpg,905.0,1200.0,1086000.0
27948.jpg,900.0,1243.0,1118700.0
27949.jpg,984.0,1200.0,1180800.0
27950.jpg,950.0,1224.0,1162800.0
27952.jpg,1062.0,1087.0,1154394.0
27953.jpg,1243.0,983.0,1221869.0
27957.jpg,1250.0,897.0,1121250.0
27960.jpg,1085.0,1400.0,1519000.0
27961.jpg,1400.0,903.0,1264200.0
27962.jpg,1100.0,572.0,629200.0
27966.jpg,771.0,1100.0,848100.0
27967.jpg,1044.0,1400.0,1461600.0
27968.jpg,700.0,634.0,443800.0
27969.jpg,1200.0,1114.0,1336800.0
27970.jpg,800.0,1500.0,1200000.0
27971.jpg,800.0,984.0,787200.0
27972.jpg,712.0,900.0,640800.0
27973.jpg,680.0,1199.0,815320.0
27974.jpg,807.0,1400.0,1129800.0
27975.jpg,770.0,904.0,696080.0
27976.jpg,700.0,1324.0,926800.0
27978.jpg,620.0,842.0,522040.0
27979.jpg,1028.0,1300.0,1336400.0
27980.jpg,1100.0,1140.0,1254000.0
27981.jpg,700.0,1330.0,931000.0
27982.jpg,924.0,1300.0,1201200.0
27983.jpg,900.0,1288.0,1159200.0
27984.jpg,842.0,1300.0,1094600.0
27985.jpg,1018.0,1400.0,1425200.0
27986.jpg,1000.0,1301.0,1301000.0
27988.jpg,1105.0,900.0,994500.0
28179.jpg,1000.0,1112.0,1112000.0
28180.jpg,781.0,1074.0,838794.0
28181.jpg,619.0,820.0,507580.0
28184.jpg,1199.0,849.0,1017951.0
28186.jpg,1039.0,600.0,623400.0
28188.jpg,912.0,1300.0,1185600.0
28190.jpg,637.0,988.0,629356.0
28191.jpg,900.0,1353.0,1217700.0
28192.jpg,900.0,1444.0,1299600.0
28193.jpg,699.0,1000.0,699000.0
28194.jpg,1000.0,1290.0,1290000.0
28195.jpg,1018.0,1044.0,1062792.0
28196.jpg,1270.0,700.0,889000.0
28208.jpg,700.0,1067.0,746900.0
28212.jpg,868.0,600.0,520800.0
28218.jpg,1215.0,912.0,1108080.0
28220.jpg,1255.0,830.0,1041650.0
28226.jpg,1000.0,1197.0,1197000.0
28231.jpg,1000.0,1059.0,1059000.0
28232.jpg,1000.0,1128.0,1128000.0
28233.jpg,908.0,982.0,891656.0
28234.jpg,1030.0,769.0,792070.0
28235.jpg,1000.0,1059.0,1059000.0
28236.jpg,1000.0,1137.0,1137000.0
28237.jpg,1000.0,1109.0,1109000.0
28238.jpg,1000.0,1060.0,1060000.0
28239.jpg,1000.0,1108.0,1108000.0
28240.jpg,1000.0,1060.0,1060000.0
28241.jpg,620.0,1324.0,820880.0
28242.jpg,1057.0,770.0,813890.0
28245.jpg,1071.0,799.0,855729.0
28246.jpg,1200.0,1016.0,1219200.0
28247.jpg,1100.0,829.0,911900.0
28248.jpg,1419.0,1000.0,1419000.0
28249.jpg,1000.0,708.0,708000.0
28250.jpg,1000.0,713.0,713000.0
28251.jpg,1243.0,1500.0,1864500.0
28252.jpg,1139.0,1400.0,1594600.0
28253.jpg,1567.0,1000.0,1567000.0
28254.jpg,1100.0,761.0,837100.0
28255.jpg,1200.0,828.0,993600.0
28256.jpg,1506.0,1100.0,1656600.0
28257.jpg,1100.0,669.0,735900.0
28259.jpg,1400.0,1112.0,1556800.0
28260.jpg,1300.0,1136.0,1476800.0
28261.jpg,1200.0,782.0,938400.0
28262.jpg,1400.0,1227.0,1717800.0
28263.jpg,998.0,634.0,632732.0
28264.jpg,1396.0,1221.0,1704516.0
28265.jpg,900.0,582.0,523800.0
28270.jpg,605.0,940.0,568700.0
28271.jpg,829.0,930.0,770970.0
28272.jpg,1069.0,1300.0,1389700.0
28273.jpg,1400.0,844.0,1181600.0
28274.jpg,1039.0,1300.0,1350700.0
28275.jpg,1058.0,1300.0,1375400.0
28276.jpg,1013.0,1300.0,1316900.0
28277.jpg,1057.0,1300.0,1374100.0
28278.jpg,806.0,1600.0,1289600.0
28279.jpg,728.0,1600.0,1164800.0
28280.jpg,1400.0,873.0,1222200.0
28281.jpg,1400.0,890.0,1246000.0
28282.jpg,605.0,1600.0,968000.0
28283.jpg,648.0,1600.0,1036800.0
28284.jpg,619.0,1600.0,990400.0
28285.jpg,647.0,1600.0,1035200.0
28286.jpg,1004.0,1300.0,1305200.0
28287.jpg,1069.0,1300.0,1389700.0
28288.jpg,800.0,1067.0,853600.0
28289.jpg,750.0,1531.0,1148250.0
28290.jpg,1276.0,770.0,982520.0
28292.jpg,770.0,926.0,713020.0
28293.jpg,980.0,600.0,588000.0
28295.jpg,842.0,531.0,447102.0
28298.jpg,1356.0,950.0,1288200.0
28301.jpg,1161.0,900.0,1044900.0
28302.jpg,850.0,1013.0,861050.0
28303.jpg,900.0,1096.0,986400.0
28304.jpg,639.0,900.0,575100.0
28305.jpg,891.0,1255.0,1118205.0
28306.jpg,803.0,1144.0,918632.0
28307.jpg,1508.0,600.0,904800.0
28308.jpg,602.0,919.0,553238.0
28309.jpg,921.0,1255.0,1155855.0
28310.jpg,905.0,635.0,574675.0
28311.jpg,1400.0,1028.0,1439200.0
28312.jpg,800.0,1307.0,1045600.0
28313.jpg,830.0,676.0,561080.0
28314.jpg,1023.0,1249.0,1277727.0
28315.jpg,900.0,1343.0,1208700.0
28316.jpg,850.0,1167.0,991950.0
28317.jpg,1014.0,1255.0,1272570.0
28321.jpg,1000.0,1448.0,1448000.0
28322.jpg,800.0,1110.0,888000.0
28323.jpg,1000.0,1236.0,1236000.0
28324.jpg,804.0,1000.0,804000.0
28325.jpg,698.0,900.0,628200.0
28326.jpg,764.0,936.0,715104.0
28327.jpg,1620.0,850.0,1377000.0
28328.jpg,1100.0,1309.0,1439900.0
28329.jpg,656.0,823.0,539888.0
28330.jpg,699.0,867.0,606033.0
28331.jpg,1474.0,650.0,958100.0
28332.jpg,882.0,391.0,344862.0
28333.jpg,1030.0,945.0,973350.0
28334.jpg,800.0,1000.0,800000.0
28335.jpg,655.0,970.0,635350.0
28336.jpg,750.0,1053.0,789750.0
28338.jpg,616.0,769.0,473704.0
28339.jpg,1000.0,1458.0,1458000.0
28340.jpg,578.0,937.0,541586.0
28341.jpg,976.0,720.0,702720.0
28342.jpg,1295.0,850.0,1100750.0
28343.jpg,900.0,1196.0,1076400.0
28344.jpg,900.0,1166.0,1049400.0
28345.jpg,836.0,1126.0,941336.0
28346.jpg,858.0,1131.0,970398.0
28347.jpg,1000.0,1134.0,1134000.0
28348.jpg,900.0,1031.0,927900.0
28349.jpg,655.0,916.0,599980.0
28350.jpg,666.0,879.0,585414.0
28351.jpg,1101.0,1400.0,1541400.0
28352.jpg,850.0,1139.0,968150.0
28353.jpg,665.0,884.0,587860.0
28354.jpg,1086.0,924.0,1003464.0
28356.jpg,714.0,850.0,606900.0
28357.jpg,691.0,700.0,483700.0
28358.jpg,645.0,819.0,528255.0
28359.jpg,1000.0,1442.0,1442000.0
28360.jpg,932.0,1255.0,1169660.0
28361.jpg,830.0,619.0,513770.0
28362.jpg,800.0,1132.0,905600.0
28364.jpg,867.0,1003.0,869601.0
28365.jpg,1490.0,898.0,1338020.0
28366.jpg,850.0,1060.0,901000.0
28367.jpg,826.0,1007.0,831782.0
28371.jpg,748.0,1100.0,822800.0
28372.jpg,871.0,1250.0,1088750.0
28373.jpg,1059.0,1000.0,1059000.0
28374.jpg,1300.0,837.0,1088100.0
28377.jpg,1400.0,948.0,1327200.0
28378.jpg,1406.0,950.0,1335700.0
28379.jpg,810.0,750.0,607500.0
28380.jpg,1000.0,713.0,713000.0
28381.jpg,914.0,650.0,594100.0
28384.jpg,1196.0,1400.0,1674400.0
28385.jpg,1333.0,1121.0,1494293.0
28386.jpg,1030.0,826.0,850780.0
28387.jpg,1073.0,863.0,925999.0
28390.jpg,1014.0,1255.0,1272570.0
28391.jpg,502.0,500.0,251000.0
28392.jpg,639.0,900.0,575100.0
28408.jpg,1489.0,1100.0,1637900.0
28409.jpg,1200.0,772.0,926400.0
28410.jpg,1157.0,900.0,1041300.0
28412.jpg,1205.0,800.0,964000.0
28413.jpg,900.0,1174.0,1056600.0
28414.jpg,1005.0,1334.0,1340670.0
28415.jpg,760.0,1200.0,912000.0
28416.jpg,1000.0,1221.0,1221000.0
28417.jpg,929.0,1200.0,1114800.0
28418.jpg,889.0,1200.0,1066800.0
28419.jpg,800.0,1157.0,925600.0
28420.jpg,1237.0,800.0,989600.0
28421.jpg,1200.0,788.0,945600.0
28422.jpg,894.0,1200.0,1072800.0
28423.jpg,1006.0,1300.0,1307800.0
28424.jpg,650.0,1253.0,814450.0
28425.jpg,1200.0,1288.0,1545600.0
28426.jpg,750.0,993.0,744750.0
28427.jpg,750.0,998.0,748500.0
28428.jpg,750.0,985.0,738750.0
28429.jpg,1129.0,800.0,903200.0
28430.jpg,750.0,1132.0,849000.0
28431.jpg,900.0,1069.0,962100.0
28432.jpg,1000.0,1172.0,1172000.0
28433.jpg,1000.0,1210.0,1210000.0
28434.jpg,1336.0,1000.0,1336000.0
28439.jpg,1249.0,1010.0,1261490.0
28446.jpg,1000.0,1362.0,1362000.0
28447.jpg,816.0,600.0,489600.0
28448.jpg,715.0,943.0,674245.0
28449.jpg,927.0,750.0,695250.0
28450.jpg,1000.0,1376.0,1376000.0
28451.jpg,1246.0,995.0,1239770.0
28452.jpg,1100.0,896.0,985600.0
28453.jpg,1304.0,1700.0,2216800.0
28454.jpg,900.0,1130.0,1017000.0
28455.jpg,800.0,1037.0,829600.0
28456.jpg,753.0,1005.0,756765.0
28457.jpg,699.0,897.0,627003.0
28458.jpg,700.0,935.0,654500.0
28459.jpg,1131.0,814.0,920634.0
28460.jpg,1279.0,1600.0,2046400.0
28461.jpg,850.0,1126.0,957100.0
28462.jpg,1100.0,804.0,884400.0
28463.jpg,1100.0,802.0,882200.0
28464.jpg,592.0,800.0,473600.0
28465.jpg,856.0,1074.0,919344.0
28466.jpg,1000.0,1255.0,1255000.0
28467.jpg,943.0,1300.0,1225900.0
28468.jpg,1279.0,1600.0,2046400.0
28469.jpg,959.0,1255.0,1203545.0
28470.jpg,1131.0,1400.0,1583400.0
28472.jpg,910.0,950.0,864500.0
28473.jpg,786.0,1000.0,786000.0
28474.jpg,796.0,1000.0,796000.0
28475.jpg,994.0,820.0,815080.0
28476.jpg,880.0,1100.0,968000.0
28477.jpg,1000.0,1073.0,1073000.0
28478.jpg,1000.0,1305.0,1305000.0
28479.jpg,1020.0,1249.0,1273980.0
28480.jpg,850.0,1023.0,869550.0
28481.jpg,857.0,1142.0,978694.0
28482.jpg,1207.0,946.0,1141822.0
28483.jpg,900.0,1181.0,1062900.0
28484.jpg,900.0,1169.0,1052100.0
28486.jpg,1081.0,800.0,864800.0
28487.jpg,900.0,1199.0,1079100.0
28488.jpg,866.0,678.0,587148.0
28491.jpg,1270.0,1000.0,1270000.0
28499.jpg,1255.0,898.0,1126990.0
28500.jpg,1500.0,1005.0,1507500.0
28501.jpg,1255.0,952.0,1194760.0
28504.jpg,1255.0,858.0,1076790.0
28506.jpg,888.0,620.0,550560.0
28508.jpg,875.0,669.0,585375.0
28512.jpg,1100.0,709.0,779900.0
28513.jpg,1587.0,897.0,1423539.0
28515.jpg,1255.0,939.0,1178445.0
28516.jpg,1500.0,1039.0,1558500.0
28518.jpg,1428.0,1100.0,1570800.0
28520.jpg,1112.0,800.0,889600.0
28521.jpg,1226.0,650.0,796900.0
28522.jpg,1255.0,716.0,898580.0
28526.jpg,1438.0,900.0,1294200.0
28530.jpg,840.0,1009.0,847560.0
28531.jpg,1129.0,700.0,790300.0
28532.jpg,1000.0,1130.0,1130000.0
28533.jpg,1053.0,1000.0,1053000.0
28534.jpg,733.0,952.0,697816.0
28535.jpg,1156.0,1400.0,1618400.0
28536.jpg,831.0,1014.0,842634.0
28538.jpg,1200.0,889.0,1066800.0
28539.jpg,700.0,869.0,608300.0
28540.jpg,917.0,1200.0,1100400.0
28541.jpg,1195.0,1500.0,1792500.0
28542.jpg,810.0,1100.0,891000.0
28543.jpg,700.0,926.0,648200.0
28544.jpg,1100.0,1332.0,1465200.0
28545.jpg,1180.0,1239.0,1462020.0
28546.jpg,1237.0,1009.0,1248133.0
28547.jpg,1088.0,1296.0,1410048.0
28549.jpg,1272.0,800.0,1017600.0
28551.jpg,951.0,1300.0,1236300.0
28552.jpg,1300.0,831.0,1080300.0
28555.jpg,994.0,450.0,447300.0
28556.jpg,967.0,450.0,435150.0
28557.jpg,988.0,450.0,444600.0
28559.jpg,620.0,926.0,574120.0
28560.jpg,700.0,1315.0,920500.0
28561.jpg,778.0,1030.0,801340.0
28562.jpg,800.0,1074.0,859200.0
28563.jpg,826.0,1100.0,908600.0
28565.jpg,1000.0,1279.0,1279000.0
28566.jpg,1300.0,1442.0,1874600.0
28567.jpg,1100.0,1352.0,1487200.0
28568.jpg,1000.0,1167.0,1167000.0
28569.jpg,1000.0,1038.0,1038000.0
28570.jpg,799.0,1001.0,799799.0
28571.jpg,1000.0,1213.0,1213000.0
28572.jpg,978.0,1250.0,1222500.0
28573.jpg,1400.0,1270.0,1778000.0
28574.jpg,880.0,1110.0,976800.0
28575.jpg,920.0,1090.0,1002800.0
28576.jpg,870.0,1157.0,1006590.0
28578.jpg,848.0,1092.0,926016.0
28580.jpg,858.0,850.0,729300.0
28582.jpg,731.0,1000.0,731000.0
28583.jpg,509.0,1000.0,509000.0
28584.jpg,464.0,909.0,421776.0
28585.jpg,1118.0,1400.0,1565200.0
28606.jpg,1194.0,850.0,1014900.0
28607.jpg,1305.0,900.0,1174500.0
28610.jpg,1354.0,900.0,1218600.0
28619.jpg,532.0,1546.0,822472.0
28620.jpg,530.0,1546.0,819380.0
28621.jpg,1133.0,806.0,913198.0
28623.jpg,443.0,815.0,361045.0
28628.jpg,800.0,1226.0,980800.0
28629.jpg,900.0,1219.0,1097100.0
28630.jpg,750.0,1118.0,838500.0
28631.jpg,871.0,1342.0,1168882.0
28632.jpg,616.0,906.0,558096.0
28633.jpg,800.0,1218.0,974400.0
28634.jpg,1222.0,1138.0,1390636.0
28635.jpg,714.0,1253.0,894642.0
28636.jpg,1180.0,1400.0,1652000.0
28637.jpg,900.0,673.0,605700.0
28638.jpg,900.0,683.0,614700.0
28639.jpg,844.0,1400.0,1181600.0
28640.jpg,819.0,1400.0,1146600.0
28641.jpg,885.0,1400.0,1239000.0
28642.jpg,1610.0,800.0,1288000.0
28643.jpg,502.0,900.0,451800.0
28645.jpg,728.0,1122.0,816816.0
28646.jpg,451.0,900.0,405900.0
28647.jpg,741.0,1200.0,889200.0
28648.jpg,800.0,1262.0,1009600.0
28649.jpg,850.0,1230.0,1045500.0
28650.jpg,721.0,1014.0,731094.0
28652.jpg,1352.0,850.0,1149200.0
28653.jpg,1155.0,900.0,1039500.0
28654.jpg,482.0,844.0,406808.0
28655.jpg,900.0,960.0,864000.0
28656.jpg,1200.0,1000.0,1200000.0
28657.jpg,1165.0,1000.0,1165000.0
28658.jpg,964.0,1134.0,1093176.0
28659.jpg,686.0,835.0,572810.0
28667.jpg,1000.0,1285.0,1285000.0
28668.jpg,1086.0,820.0,890520.0
28669.jpg,1134.0,820.0,929880.0
28670.jpg,1109.0,800.0,887200.0
28671.jpg,781.0,1073.0,838013.0
28672.jpg,1150.0,713.0,819950.0
28673.jpg,558.0,800.0,446400.0
28674.jpg,1400.0,1038.0,1453200.0
28676.jpg,1071.0,790.0,846090.0
28684.jpg,939.0,1200.0,1126800.0
28686.jpg,798.0,959.0,765282.0
28687.jpg,747.0,954.0,712638.0
28688.jpg,1205.0,650.0,783250.0
28689.jpg,1500.0,1005.0,1507500.0
28690.jpg,896.0,769.0,689024.0
28691.jpg,883.0,1107.0,977481.0
28692.jpg,1442.0,1040.0,1499680.0
28694.jpg,1120.0,1457.0,1631840.0
28695.jpg,1089.0,770.0,838530.0
28698.jpg,1100.0,1468.0,1614800.0
28705.jpg,1200.0,751.0,901200.0
28707.jpg,900.0,1050.0,945000.0
28715.jpg,1219.0,1150.0,1401850.0
28716.jpg,1050.0,1056.0,1108800.0
28717.jpg,989.0,1116.0,1103724.0
28718.jpg,917.0,1100.0,1008700.0
28719.jpg,1000.0,1266.0,1266000.0
28720.jpg,1300.0,629.0,817700.0
28721.jpg,848.0,1078.0,914144.0
28723.jpg,800.0,1545.0,1236000.0
28724.jpg,1300.0,866.0,1125800.0
28725.jpg,1300.0,916.0,1190800.0
28727.jpg,1205.0,1000.0,1205000.0
28731.jpg,1400.0,1160.0,1624000.0
28732.jpg,1232.0,938.0,1155616.0
28733.jpg,1000.0,1235.0,1235000.0
28734.jpg,1300.0,641.0,833300.0
28736.jpg,825.0,1100.0,907500.0
28737.jpg,1100.0,1111.0,1222100.0
28747.jpg,801.0,1216.0,974016.0
28748.jpg,740.0,1214.0,898360.0
28749.jpg,731.0,953.0,696643.0
28750.jpg,1030.0,714.0,735420.0
28751.jpg,742.0,958.0,710836.0
28755.jpg,750.0,1404.0,1053000.0
28756.jpg,832.0,1400.0,1164800.0
28764.jpg,1030.0,779.0,802370.0
28765.jpg,1050.0,817.0,857850.0
28768.jpg,1257.0,850.0,1068450.0
28769.jpg,874.0,1400.0,1223600.0
28770.jpg,708.0,1000.0,708000.0
28771.jpg,722.0,1000.0,722000.0
28772.jpg,1000.0,1006.0,1006000.0
28778.jpg,881.0,1100.0,969100.0
28779.jpg,1236.0,1300.0,1606800.0
28781.jpg,1020.0,1253.0,1278060.0
28782.jpg,1001.0,1200.0,1201200.0
28783.jpg,1356.0,1500.0,2034000.0
28784.jpg,1100.0,1329.0,1461900.0
28785.jpg,662.0,850.0,562700.0
28786.jpg,845.0,960.0,811200.0
28788.jpg,1224.0,900.0,1101600.0
28789.jpg,637.0,900.0,573300.0
28790.jpg,1041.0,1300.0,1353300.0
28793.jpg,1500.0,1133.0,1699500.0
28794.jpg,695.0,1134.0,788130.0
28796.jpg,650.0,1279.0,831350.0
28797.jpg,850.0,1179.0,1002150.0
28798.jpg,1048.0,735.0,770280.0
28799.jpg,593.0,900.0,533700.0
28800.jpg,700.0,899.0,629300.0
28801.jpg,1000.0,1294.0,1294000.0
28802.jpg,1300.0,900.0,1170000.0
28804.jpg,1278.0,1500.0,1917000.0
28807.jpg,968.0,1220.0,1180960.0
28808.jpg,1000.0,1251.0,1251000.0
28809.jpg,922.0,1200.0,1106400.0
28810.jpg,1102.0,700.0,771400.0
28812.jpg,739.0,750.0,554250.0
28813.jpg,300.0,295.0,88500.0
28815.jpg,733.0,990.0,725670.0
28822.jpg,1308.0,1000.0,1308000.0
28823.jpg,1249.0,969.0,1210281.0
28825.jpg,922.0,550.0,507100.0
28826.jpg,972.0,1249.0,1214028.0
28828.jpg,1250.0,746.0,932500.0
28832.jpg,1037.0,770.0,798490.0
28833.jpg,1100.0,1481.0,1629100.0
28834.jpg,850.0,1056.0,897600.0
28835.jpg,1430.0,1000.0,1430000.0
28836.jpg,2107.0,1000.0,2107000.0
28839.jpg,1418.0,976.0,1383968.0
28845.jpg,653.0,796.0,519788.0
28846.jpg,1063.0,1186.0,1260718.0
28849.jpg,1100.0,906.0,996600.0
28850.jpg,943.0,1134.0,1069362.0
28851.jpg,741.0,958.0,709878.0
28852.jpg,672.0,800.0,537600.0
28857.jpg,900.0,1031.0,927900.0
28858.jpg,1309.0,1000.0,1309000.0
28859.jpg,870.0,1200.0,1044000.0
28860.jpg,1005.0,1334.0,1340670.0
28861.jpg,1210.0,1000.0,1210000.0
28862.jpg,1156.0,844.0,975664.0
28864.jpg,801.0,1067.0,854667.0
28871.jpg,950.0,1138.0,1081100.0
28876.jpg,819.0,1100.0,900900.0
28877.jpg,804.0,828.0,665712.0
28878.jpg,1161.0,850.0,986850.0
28879.jpg,820.0,960.0,787200.0
28880.jpg,640.0,900.0,576000.0
28883.jpg,1053.0,1300.0,1368900.0
28884.jpg,1100.0,1353.0,1488300.0
28885.jpg,1325.0,750.0,993750.0
28888.jpg,676.0,900.0,608400.0
28889.jpg,1092.0,1300.0,1419600.0
28890.jpg,583.0,885.0,515955.0
28891.jpg,1024.0,1300.0,1331200.0
28893.jpg,1283.0,660.0,846780.0
28894.jpg,939.0,900.0,845100.0
28895.jpg,1179.0,1200.0,1414800.0
28896.jpg,1047.0,1400.0,1465800.0
28897.jpg,830.0,1049.0,870670.0
28904.jpg,1500.0,1146.0,1719000.0
28908.jpg,1157.0,900.0,1041300.0
28909.jpg,669.0,850.0,568650.0
28910.jpg,1255.0,1088.0,1365440.0
28911.jpg,1050.0,826.0,867300.0
28912.jpg,720.0,1028.0,740160.0
28913.jpg,1000.0,1343.0,1343000.0
28918.jpg,804.0,1089.0,875556.0
28919.jpg,800.0,1159.0,927200.0
28920.jpg,1000.0,1303.0,1303000.0
28921.jpg,710.0,929.0,659590.0
28931.jpg,1040.0,1200.0,1248000.0
28932.jpg,508.0,920.0,467360.0
28933.jpg,950.0,777.0,738150.0
28935.jpg,1252.0,1000.0,1252000.0
28936.jpg,1100.0,1466.0,1612600.0
28937.jpg,1115.0,988.0,1101620.0
28938.jpg,1041.0,800.0,832800.0
28939.jpg,1073.0,800.0,858400.0
28942.jpg,728.0,933.0,679224.0
28943.jpg,950.0,1127.0,1070650.0
28944.jpg,756.0,959.0,725004.0
28945.jpg,1143.0,1300.0,1485900.0
28946.jpg,1100.0,1283.0,1411300.0
28947.jpg,986.0,1255.0,1237430.0
28948.jpg,682.0,814.0,555148.0
28949.jpg,1100.0,1322.0,1454200.0
28950.jpg,1318.0,900.0,1186200.0
28951.jpg,894.0,1100.0,983400.0
28952.jpg,1009.0,750.0,756750.0
28954.jpg,1122.0,1255.0,1408110.0
28956.jpg,1386.0,693.0,960498.0
28957.jpg,1150.0,873.0,1003950.0
28959.jpg,732.0,788.0,576816.0
28960.jpg,989.0,1255.0,1241195.0
28961.jpg,862.0,653.0,562886.0
28964.jpg,945.0,802.0,757890.0
28965.jpg,1000.0,1174.0,1174000.0
28966.jpg,661.0,719.0,475259.0
28967.jpg,633.0,792.0,501336.0
28968.jpg,770.0,1068.0,822360.0
28969.jpg,790.0,916.0,723640.0
28970.jpg,717.0,893.0,640281.0
28971.jpg,1100.0,1184.0,1302400.0
28973.jpg,1036.0,840.0,870240.0
28975.jpg,1000.0,1225.0,1225000.0
28982.jpg,1340.0,1000.0,1340000.0
28984.jpg,960.0,690.0,662400.0
28985.jpg,678.0,768.0,520704.0
28986.jpg,1353.0,1000.0,1353000.0
28987.jpg,1393.0,950.0,1323350.0
28988.jpg,803.0,1000.0,803000.0
28989.jpg,1400.0,1023.0,1432200.0
28990.jpg,1255.0,905.0,1135775.0
28991.jpg,1254.0,781.0,979374.0
28992.jpg,759.0,1010.0,766590.0
28994.jpg,816.0,1027.0,838032.0
28995.jpg,1016.0,1100.0,1117600.0
29004.jpg,1100.0,955.0,1050500.0
29006.jpg,727.0,1100.0,799700.0
29008.jpg,660.0,746.0,492360.0
29009.jpg,1172.0,1500.0,1758000.0
29010.jpg,1295.0,1500.0,1942500.0
29011.jpg,1068.0,780.0,833040.0
29012.jpg,1071.0,780.0,835380.0
29013.jpg,1032.0,610.0,629520.0
29014.jpg,800.0,1011.0,808800.0
29015.jpg,666.0,900.0,599400.0
29016.jpg,703.0,900.0,632700.0
29017.jpg,1532.0,1100.0,1685200.0
29018.jpg,1138.0,1408.0,1602304.0
29019.jpg,957.0,757.0,724449.0
29020.jpg,742.0,1120.0,831040.0
29021.jpg,1100.0,1014.0,1115400.0
29022.jpg,800.0,1086.0,868800.0
29023.jpg,952.0,755.0,718760.0
29024.jpg,1242.0,959.0,1191078.0
29026.jpg,770.0,1003.0,772310.0
29027.jpg,1178.0,814.0,958892.0
29033.jpg,1000.0,1299.0,1299000.0
29034.jpg,859.0,970.0,833230.0
29035.jpg,786.0,1100.0,864600.0
29036.jpg,1165.0,850.0,990250.0
29037.jpg,1101.0,900.0,990900.0
29038.jpg,1178.0,1500.0,1767000.0
29039.jpg,827.0,1030.0,851810.0
29040.jpg,733.0,959.0,702947.0
29041.jpg,1128.0,1003.0,1131384.0
29042.jpg,1079.0,950.0,1025050.0
29043.jpg,1300.0,1060.0,1378000.0
29044.jpg,1001.0,1338.0,1339338.0
29047.jpg,1001.0,1300.0,1301300.0
29048.jpg,1324.0,900.0,1191600.0
29049.jpg,1300.0,901.0,1171300.0
29050.jpg,900.0,1301.0,1170900.0
29051.jpg,1200.0,886.0,1063200.0
29052.jpg,1000.0,1418.0,1418000.0
29053.jpg,1413.0,1000.0,1413000.0
29054.jpg,1400.0,1004.0,1405600.0
29055.jpg,1000.0,1402.0,1402000.0
29056.jpg,1215.0,900.0,1093500.0
29057.jpg,685.0,1000.0,685000.0
29058.jpg,1100.0,763.0,839300.0
29059.jpg,905.0,1100.0,995500.0
29060.jpg,693.0,994.0,688842.0
29061.jpg,1100.0,675.0,742500.0
29062.jpg,1194.0,825.0,985050.0
29066.jpg,1255.0,905.0,1135775.0
29067.jpg,1266.0,900.0,1139400.0
29072.jpg,812.0,972.0,789264.0
29073.jpg,969.0,650.0,629850.0
29074.jpg,1109.0,650.0,720850.0
29075.jpg,850.0,954.0,810900.0
29076.jpg,807.0,969.0,781983.0
29077.jpg,901.0,941.0,847841.0
29078.jpg,1266.0,704.0,891264.0
29079.jpg,850.0,924.0,785400.0
29080.jpg,576.0,1403.0,808128.0
29081.jpg,894.0,1003.0,896682.0
29082.jpg,833.0,1005.0,837165.0
29083.jpg,750.0,1059.0,794250.0
29084.jpg,986.0,804.0,792744.0
29085.jpg,1030.0,835.0,860050.0
29089.jpg,705.0,1040.0,733200.0
29090.jpg,750.0,1091.0,818250.0
29091.jpg,1000.0,1179.0,1179000.0
29092.jpg,660.0,795.0,524700.0
29093.jpg,648.0,792.0,513216.0
29094.jpg,657.0,795.0,522315.0
29095.jpg,655.0,795.0,520725.0
29096.jpg,1000.0,1178.0,1178000.0
29097.jpg,651.0,795.0,517545.0
29098.jpg,660.0,801.0,528660.0
29099.jpg,648.0,804.0,520992.0
29100.jpg,900.0,1126.0,1013400.0
29113.jpg,1400.0,937.0,1311800.0
29115.jpg,750.0,1139.0,854250.0
29116.jpg,750.0,1152.0,864000.0
29117.jpg,1300.0,856.0,1112800.0
29118.jpg,1378.0,900.0,1240200.0
29120.jpg,1478.0,900.0,1330200.0
29121.jpg,1012.0,1200.0,1214400.0
29122.jpg,800.0,1009.0,807200.0
29128.jpg,1300.0,819.0,1064700.0
29129.jpg,1300.0,926.0,1203800.0
29130.jpg,1149.0,871.0,1000779.0
29131.jpg,920.0,1255.0,1154600.0
29132.jpg,1400.0,1078.0,1509200.0
29134.jpg,1209.0,850.0,1027650.0
29147.jpg,1305.0,1000.0,1305000.0
29148.jpg,960.0,1265.0,1214400.0
29151.jpg,1431.0,1000.0,1431000.0
29152.jpg,1081.0,770.0,832370.0
29157.jpg,874.0,700.0,611800.0
29158.jpg,1474.0,1000.0,1474000.0
29159.jpg,1073.0,803.0,861619.0
29160.jpg,1400.0,1062.0,1486800.0
29161.jpg,1032.0,800.0,825600.0
29163.jpg,1080.0,773.0,834840.0
29164.jpg,1272.0,1500.0,1908000.0
29165.jpg,754.0,897.0,676338.0
29166.jpg,750.0,895.0,671250.0
29172.jpg,1406.0,1000.0,1406000.0
29181.jpg,1200.0,863.0,1035600.0
29182.jpg,1113.0,1126.0,1253238.0
29226.jpg,800.0,1085.0,868000.0
29227.jpg,924.0,1400.0,1293600.0
29228.jpg,800.0,1093.0,874400.0
29229.jpg,800.0,1079.0,863200.0
29230.jpg,1300.0,840.0,1092000.0
29231.jpg,1268.0,800.0,1014400.0
29232.jpg,1151.0,800.0,920800.0
29233.jpg,1308.0,770.0,1007160.0
29234.jpg,1028.0,817.0,839876.0
29235.jpg,950.0,973.0,924350.0
29236.jpg,800.0,1115.0,892000.0
29237.jpg,1100.0,1667.0,1833700.0
29238.jpg,1036.0,820.0,849520.0
29239.jpg,1342.0,1000.0,1342000.0
29240.jpg,1348.0,1000.0,1348000.0
29241.jpg,1002.0,1127.0,1129254.0
29242.jpg,1003.0,1124.0,1127372.0
29243.jpg,700.0,1081.0,756700.0
29244.jpg,1255.0,485.0,608675.0
29245.jpg,1247.0,900.0,1122300.0
29247.jpg,850.0,1001.0,850850.0
29248.jpg,483.0,1800.0,869400.0
29249.jpg,1300.0,914.0,1188200.0
29250.jpg,1300.0,914.0,1188200.0
29253.jpg,1500.0,1058.0,1587000.0
29256.jpg,1108.0,750.0,831000.0
29257.jpg,750.0,897.0,672750.0
29258.jpg,1000.0,1175.0,1175000.0
29259.jpg,700.0,910.0,637000.0
29261.jpg,800.0,1023.0,818400.0
29263.jpg,937.0,700.0,655900.0
29264.jpg,1057.0,1255.0,1326535.0
29265.jpg,930.0,1262.0,1173660.0
29266.jpg,939.0,1200.0,1126800.0
29267.jpg,700.0,1656.0,1159200.0
29269.jpg,1200.0,846.0,1015200.0
29270.jpg,984.0,569.0,559896.0
29271.jpg,850.0,1059.0,900150.0
29272.jpg,1255.0,1006.0,1262530.0
29273.jpg,961.0,1255.0,1206055.0
29274.jpg,1200.0,1364.0,1636800.0
29275.jpg,1000.0,1201.0,1201000.0
29276.jpg,1024.0,1200.0,1228800.0
29277.jpg,1556.0,1000.0,1556000.0
29278.jpg,900.0,1053.0,947700.0
29279.jpg,1000.0,1249.0,1249000.0
29280.jpg,1876.0,1300.0,2438800.0
29281.jpg,1172.0,770.0,902440.0
29282.jpg,750.0,1017.0,762750.0
29283.jpg,1500.0,908.0,1362000.0
29284.jpg,1539.0,1000.0,1539000.0
29292.jpg,800.0,1117.0,893600.0
29293.jpg,800.0,1115.0,892000.0
29294.jpg,800.0,1153.0,922400.0
29297.jpg,1109.0,1200.0,1330800.0
29298.jpg,1200.0,1233.0,1479600.0
29299.jpg,1020.0,1250.0,1275000.0
29301.jpg,1108.0,770.0,853160.0
29311.jpg,1000.0,1313.0,1313000.0
29314.jpg,1189.0,850.0,1010650.0
29315.jpg,900.0,657.0,591300.0
29316.jpg,1364.0,1000.0,1364000.0
29317.jpg,1214.0,910.0,1104740.0
29318.jpg,1300.0,930.0,1209000.0
29320.jpg,1100.0,821.0,903100.0
29322.jpg,1252.0,912.0,1141824.0
29323.jpg,1255.0,926.0,1162130.0
29324.jpg,831.0,1004.0,834324.0
29326.jpg,941.0,980.0,922180.0
29327.jpg,1003.0,804.0,806412.0
29328.jpg,1550.0,662.0,1026100.0
29329.jpg,1255.0,939.0,1178445.0
29330.jpg,1400.0,1016.0,1422400.0
29331.jpg,1372.0,1000.0,1372000.0
29332.jpg,1319.0,1000.0,1319000.0
29333.jpg,1448.0,1000.0,1448000.0
29334.jpg,1047.0,1350.0,1413450.0
29335.jpg,1302.0,1000.0,1302000.0
29336.jpg,1400.0,841.0,1177400.0
29337.jpg,1500.0,922.0,1383000.0
29338.jpg,620.0,1202.0,745240.0
29340.jpg,1063.0,1500.0,1594500.0
29342.jpg,850.0,1056.0,897600.0
29343.jpg,1128.0,1400.0,1579200.0
29344.jpg,1416.0,800.0,1132800.0
29347.jpg,750.0,1040.0,780000.0
29350.jpg,750.0,1125.0,843750.0
29351.jpg,900.0,1100.0,990000.0
29356.jpg,1500.0,559.0,838500.0
29357.jpg,1053.0,900.0,947700.0
29358.jpg,1055.0,900.0,949500.0
29359.jpg,1036.0,1200.0,1243200.0
29360.jpg,800.0,1015.0,812000.0
29361.jpg,950.0,1068.0,1014600.0
29362.jpg,800.0,1112.0,889600.0
29363.jpg,750.0,625.0,468750.0
29364.jpg,1123.0,1000.0,1123000.0
29365.jpg,922.0,622.0,573484.0
29366.jpg,622.0,800.0,497600.0
29367.jpg,750.0,1230.0,922500.0
29368.jpg,1617.0,800.0,1293600.0
29369.jpg,961.0,1500.0,1441500.0
29370.jpg,517.0,1600.0,827200.0
29371.jpg,529.0,1600.0,846400.0
29372.jpg,524.0,1600.0,838400.0
29373.jpg,536.0,1600.0,857600.0
29374.jpg,539.0,1600.0,862400.0
29375.jpg,523.0,1600.0,836800.0
29376.jpg,1319.0,770.0,1015630.0
29377.jpg,799.0,1177.0,940423.0
29378.jpg,800.0,1177.0,941600.0
29379.jpg,800.0,965.0,772000.0
29380.jpg,1450.0,850.0,1232500.0
29381.jpg,900.0,1178.0,1060200.0
29386.jpg,735.0,959.0,704865.0
29387.jpg,1057.0,829.0,876253.0
29388.jpg,1125.0,850.0,956250.0
29389.jpg,900.0,1256.0,1130400.0
29390.jpg,734.0,900.0,660600.0
29393.jpg,1000.0,1245.0,1245000.0
29395.jpg,1289.0,700.0,902300.0
29396.jpg,1000.0,1146.0,1146000.0
29401.jpg,1000.0,1047.0,1047000.0
29410.jpg,910.0,1500.0,1365000.0
29412.jpg,800.0,828.0,662400.0
29413.jpg,559.0,1150.0,642850.0
29414.jpg,664.0,850.0,564400.0
29415.jpg,1000.0,1376.0,1376000.0
29416.jpg,930.0,1507.0,1401510.0
29417.jpg,806.0,1020.0,822120.0
29418.jpg,730.0,1224.0,893520.0
29419.jpg,1082.0,800.0,865600.0
29420.jpg,730.0,1030.0,751900.0
29421.jpg,862.0,1100.0,948200.0
29422.jpg,815.0,1030.0,839450.0
29423.jpg,1200.0,792.0,950400.0
29424.jpg,1030.0,787.0,810610.0
29425.jpg,700.0,1623.0,1136100.0
29426.jpg,800.0,1076.0,860800.0
29427.jpg,1026.0,1300.0,1333800.0
29428.jpg,1000.0,1214.0,1214000.0
29429.jpg,1500.0,865.0,1297500.0
29430.jpg,1500.0,757.0,1135500.0
29431.jpg,1500.0,920.0,1380000.0
29432.jpg,1500.0,812.0,1218000.0
29433.jpg,1000.0,1302.0,1302000.0
29434.jpg,1000.0,1300.0,1300000.0
29435.jpg,1004.0,1300.0,1305200.0
29436.jpg,1000.0,1303.0,1303000.0
29463.jpg,1068.0,1392.0,1486656.0
29464.jpg,1400.0,1004.0,1405600.0
29465.jpg,840.0,960.0,806400.0
29468.jpg,918.0,1255.0,1152090.0
29469.jpg,807.0,800.0,645600.0
29470.jpg,925.0,1002.0,926850.0
29472.jpg,800.0,1179.0,943200.0
29482.jpg,920.0,800.0,736000.0
29483.jpg,522.0,827.0,431694.0
29484.jpg,1072.0,770.0,825440.0
29485.jpg,1064.0,770.0,819280.0
29486.jpg,567.0,790.0,447930.0
29488.jpg,1100.0,1350.0,1485000.0
29489.jpg,1005.0,1300.0,1306500.0
29490.jpg,764.0,971.0,741844.0
29491.jpg,918.0,1135.0,1041930.0
29493.jpg,800.0,1276.0,1020800.0
29494.jpg,1400.0,1050.0,1470000.0
29506.jpg,1333.0,1000.0,1333000.0
29514.jpg,920.0,631.0,580520.0
29516.jpg,1231.0,609.0,749679.0
29517.jpg,1242.0,900.0,1117800.0
29518.jpg,957.0,720.0,689040.0
29520.jpg,1619.0,1000.0,1619000.0
29522.jpg,1242.0,651.0,808542.0
29524.jpg,1228.0,650.0,798200.0
29528.jpg,1449.0,1000.0,1449000.0
29530.jpg,1165.0,646.0,752590.0
29531.jpg,1347.0,1100.0,1481700.0
29532.jpg,670.0,740.0,495800.0
29533.jpg,1349.0,1200.0,1618800.0
29534.jpg,1228.0,900.0,1105200.0
29535.jpg,823.0,980.0,806540.0
29536.jpg,1036.0,800.0,828800.0
29537.jpg,1094.0,800.0,875200.0
29538.jpg,1081.0,770.0,832370.0
29539.jpg,1416.0,1000.0,1416000.0
29540.jpg,1000.0,1266.0,1266000.0
29542.jpg,1411.0,1100.0,1552100.0
29551.jpg,850.0,752.0,639200.0
29553.jpg,1000.0,1231.0,1231000.0
29554.jpg,694.0,959.0,665546.0
29555.jpg,1035.0,1200.0,1242000.0
29556.jpg,1112.0,1500.0,1668000.0
29557.jpg,1000.0,1234.0,1234000.0
29558.jpg,1200.0,1116.0,1339200.0
29559.jpg,1014.0,800.0,811200.0
29560.jpg,1421.0,1100.0,1563100.0
29562.jpg,1086.0,800.0,868800.0
29564.jpg,800.0,1627.0,1301600.0
29565.jpg,1000.0,1410.0,1410000.0
29569.jpg,1261.0,750.0,945750.0
29571.jpg,1243.0,803.0,998129.0
29574.jpg,1093.0,750.0,819750.0
29577.jpg,956.0,670.0,640520.0
29580.jpg,851.0,1009.0,858659.0
29581.jpg,1200.0,874.0,1048800.0
29582.jpg,1099.0,784.0,861616.0
29583.jpg,1500.0,1054.0,1581000.0
29584.jpg,706.0,502.0,354412.0
29590.jpg,1100.0,1179.0,1296900.0
29591.jpg,1100.0,1180.0,1298000.0
29592.jpg,1000.0,1154.0,1154000.0
29593.jpg,800.0,1410.0,1128000.0
29594.jpg,1500.0,1143.0,1714500.0
29595.jpg,1000.0,1280.0,1280000.0
29596.jpg,1064.0,1200.0,1276800.0
29597.jpg,1039.0,1195.0,1241605.0
29598.jpg,900.0,1673.0,1505700.0
29599.jpg,1000.0,1252.0,1252000.0
29600.jpg,1000.0,1267.0,1267000.0
29601.jpg,1000.0,1200.0,1200000.0
29602.jpg,1000.0,1275.0,1275000.0
29603.jpg,1300.0,858.0,1115400.0
29604.jpg,1000.0,1338.0,1338000.0
29605.jpg,1000.0,1338.0,1338000.0
29606.jpg,1000.0,1344.0,1344000.0
29607.jpg,958.0,1300.0,1245400.0
29608.jpg,918.0,1300.0,1193400.0
29609.jpg,906.0,1300.0,1177800.0
29610.jpg,1003.0,1200.0,1203600.0
29611.jpg,1000.0,1203.0,1203000.0
29612.jpg,500.0,1439.0,719500.0
29613.jpg,1200.0,835.0,1002000.0
29614.jpg,900.0,1213.0,1091700.0
29615.jpg,900.0,1218.0,1096200.0
29616.jpg,1012.0,1007.0,1019084.0
29617.jpg,547.0,1750.0,957250.0
29618.jpg,1200.0,1207.0,1448400.0
29619.jpg,1525.0,1000.0,1525000.0
29620.jpg,500.0,1267.0,633500.0
29621.jpg,851.0,1100.0,936100.0
29622.jpg,887.0,1095.0,971265.0
29623.jpg,981.0,1216.0,1192896.0
29624.jpg,685.0,905.0,619925.0
29625.jpg,721.0,970.0,699370.0
29631.jpg,1063.0,1050.0,1116150.0
29632.jpg,1212.0,957.0,1159884.0
29634.jpg,750.0,896.0,672000.0
29636.jpg,800.0,1225.0,980000.0
29639.jpg,1000.0,1091.0,1091000.0
29640.jpg,800.0,1114.0,891200.0
29641.jpg,1110.0,770.0,854700.0
29642.jpg,1000.0,1148.0,1148000.0
29643.jpg,803.0,1092.0,876876.0
29644.jpg,859.0,659.0,566081.0
29647.jpg,1101.0,1000.0,1101000.0
29648.jpg,1300.0,885.0,1150500.0
29649.jpg,1300.0,839.0,1090700.0
29652.jpg,1011.0,800.0,808800.0
29655.jpg,598.0,781.0,467038.0
29656.jpg,709.0,620.0,439580.0
29657.jpg,1032.0,809.0,834888.0
29659.jpg,1000.0,1345.0,1345000.0
29660.jpg,1255.0,1114.0,1398070.0
29661.jpg,1463.0,770.0,1126510.0
29674.jpg,800.0,1170.0,936000.0
29675.jpg,800.0,1156.0,924800.0
29676.jpg,1200.0,763.0,915600.0
29677.jpg,1051.0,800.0,840800.0
29679.jpg,912.0,1200.0,1094400.0
29680.jpg,908.0,1200.0,1089600.0
29681.jpg,900.0,1112.0,1000800.0
29682.jpg,1300.0,765.0,994500.0
29683.jpg,1318.0,1300.0,1713400.0
29684.jpg,735.0,959.0,704865.0
29685.jpg,900.0,1102.0,991800.0
29686.jpg,721.0,1200.0,865200.0
29687.jpg,1348.0,900.0,1213200.0
29688.jpg,1330.0,900.0,1197000.0
29689.jpg,1000.0,1240.0,1240000.0
29690.jpg,1212.0,1000.0,1212000.0
29691.jpg,1350.0,857.0,1156950.0
29693.jpg,810.0,1100.0,891000.0
29694.jpg,1400.0,841.0,1177400.0
29695.jpg,1403.0,1000.0,1403000.0
29709.jpg,800.0,1088.0,870400.0
29715.jpg,1300.0,938.0,1219400.0
29716.jpg,1046.0,724.0,757304.0
29717.jpg,1000.0,1361.0,1361000.0
29719.jpg,789.0,1000.0,789000.0
29720.jpg,850.0,1104.0,938400.0
29721.jpg,663.0,800.0,530400.0
29722.jpg,1120.0,1341.0,1501920.0
29723.jpg,1000.0,1132.0,1132000.0
29724.jpg,900.0,1108.0,997200.0
29725.jpg,644.0,835.0,537740.0
29726.jpg,1000.0,1269.0,1269000.0
29728.jpg,1100.0,1322.0,1454200.0
29729.jpg,1000.0,1195.0,1195000.0
29730.jpg,896.0,1100.0,985600.0
29731.jpg,900.0,1124.0,1011600.0
29732.jpg,828.0,1040.0,861120.0
29733.jpg,900.0,1066.0,959400.0
29734.jpg,1019.0,700.0,713300.0
29735.jpg,1200.0,807.0,968400.0
29736.jpg,1257.0,1655.0,2080335.0
29737.jpg,1129.0,900.0,1016100.0
29739.jpg,1200.0,764.0,916800.0
29740.jpg,1200.0,772.0,926400.0
29741.jpg,800.0,1111.0,888800.0
29742.jpg,1100.0,723.0,795300.0
29743.jpg,1200.0,695.0,834000.0
29744.jpg,1200.0,824.0,988800.0
29745.jpg,1200.0,688.0,825600.0
29746.jpg,1207.0,800.0,965600.0
29747.jpg,900.0,1304.0,1173600.0
29748.jpg,900.0,1289.0,1160100.0
29749.jpg,371.0,616.0,228536.0
29750.jpg,740.0,1050.0,777000.0
29751.jpg,1299.0,800.0,1039200.0
29752.jpg,900.0,1317.0,1185300.0
29753.jpg,900.0,1230.0,1107000.0
29754.jpg,900.0,1094.0,984600.0
29755.jpg,900.0,1095.0,985500.0
29756.jpg,1121.0,1000.0,1121000.0
29757.jpg,1000.0,1277.0,1277000.0
29758.jpg,800.0,965.0,772000.0
29759.jpg,800.0,966.0,772800.0
29760.jpg,800.0,966.0,772800.0
29761.jpg,800.0,1025.0,820000.0
29762.jpg,778.0,1400.0,1089200.0
29763.jpg,900.0,1149.0,1034100.0
29764.jpg,1000.0,1280.0,1280000.0
29765.jpg,900.0,1084.0,975600.0
29766.jpg,570.0,1010.0,575700.0
29767.jpg,645.0,1010.0,651450.0
29768.jpg,500.0,1182.0,591000.0
29769.jpg,800.0,1107.0,885600.0
29770.jpg,734.0,1400.0,1027600.0
29771.jpg,651.0,1200.0,781200.0
29772.jpg,698.0,930.0,649140.0
29773.jpg,768.0,1200.0,921600.0
29774.jpg,685.0,930.0,637050.0
29775.jpg,649.0,932.0,604868.0
29776.jpg,1061.0,850.0,901850.0
29777.jpg,1200.0,1024.0,1228800.0
29778.jpg,819.0,1500.0,1228500.0
29779.jpg,559.0,1400.0,782600.0
29780.jpg,562.0,1400.0,786800.0
29781.jpg,502.0,1600.0,803200.0
29782.jpg,500.0,1609.0,804500.0
29783.jpg,1021.0,1000.0,1021000.0
29784.jpg,1200.0,683.0,819600.0
29785.jpg,976.0,700.0,683200.0
29786.jpg,1100.0,1203.0,1323300.0
29787.jpg,900.0,955.0,859500.0
29788.jpg,1389.0,1000.0,1389000.0
29789.jpg,968.0,677.0,655336.0
29790.jpg,1000.0,1252.0,1252000.0
29791.jpg,654.0,936.0,612144.0
29792.jpg,595.0,868.0,516460.0
29793.jpg,645.0,939.0,605655.0
29794.jpg,1037.0,1000.0,1037000.0
29795.jpg,926.0,1100.0,1018600.0
29796.jpg,828.0,1400.0,1159200.0
29797.jpg,1000.0,1212.0,1212000.0
29798.jpg,1000.0,1210.0,1210000.0
29799.jpg,900.0,1306.0,1175400.0
29800.jpg,650.0,1564.0,1016600.0
29801.jpg,1000.0,1159.0,1159000.0
29802.jpg,604.0,690.0,416760.0
29803.jpg,646.0,881.0,569126.0
29804.jpg,1000.0,1020.0,1020000.0
29805.jpg,1100.0,1174.0,1291400.0
29806.jpg,1062.0,975.0,1035450.0
29807.jpg,767.0,1038.0,796146.0
29808.jpg,800.0,1028.0,822400.0
29809.jpg,1114.0,1100.0,1225400.0
29810.jpg,900.0,1287.0,1158300.0
29811.jpg,850.0,1093.0,929050.0
29813.jpg,927.0,1200.0,1112400.0
29814.jpg,865.0,1400.0,1211000.0
29815.jpg,900.0,1086.0,977400.0
29816.jpg,839.0,1200.0,1006800.0
29818.jpg,903.0,1162.0,1049286.0
29819.jpg,1120.0,1000.0,1120000.0
29820.jpg,900.0,1252.0,1126800.0
29821.jpg,900.0,1203.0,1082700.0
29822.jpg,950.0,1145.0,1087750.0
29823.jpg,1200.0,753.0,903600.0
29824.jpg,750.0,1524.0,1143000.0
29825.jpg,850.0,1168.0,992800.0
29826.jpg,823.0,1105.0,909415.0
29827.jpg,800.0,1082.0,865600.0
29828.jpg,651.0,800.0,520800.0
29829.jpg,689.0,800.0,551200.0
29830.jpg,712.0,1700.0,1210400.0
29831.jpg,710.0,1700.0,1207000.0
29832.jpg,700.0,1501.0,1050700.0
29833.jpg,850.0,1312.0,1115200.0
29834.jpg,1089.0,1500.0,1633500.0
29835.jpg,1000.0,1334.0,1334000.0
29836.jpg,1000.0,1022.0,1022000.0
29837.jpg,1000.0,1075.0,1075000.0
29838.jpg,1000.0,1147.0,1147000.0
29839.jpg,1222.0,1200.0,1466400.0
29840.jpg,879.0,612.0,537948.0
29841.jpg,770.0,1040.0,800800.0
29842.jpg,536.0,1400.0,750400.0
29843.jpg,750.0,1145.0,858750.0
29844.jpg,1189.0,730.0,867970.0
29845.jpg,917.0,900.0,825300.0
29846.jpg,879.0,738.0,648702.0
29847.jpg,1021.0,900.0,918900.0
29848.jpg,820.0,1001.0,820820.0
29849.jpg,800.0,1013.0,810400.0
29850.jpg,1497.0,600.0,898200.0
29851.jpg,1200.0,783.0,939600.0
29852.jpg,1090.0,690.0,752100.0
29853.jpg,1137.0,750.0,852750.0
29854.jpg,1110.0,800.0,888000.0
29855.jpg,841.0,930.0,782130.0
29856.jpg,863.0,980.0,845740.0
29857.jpg,795.0,1010.0,802950.0
29858.jpg,823.0,1010.0,831230.0
29859.jpg,900.0,1140.0,1026000.0
29861.jpg,800.0,1023.0,818400.0
29862.jpg,825.0,584.0,481800.0
29863.jpg,803.0,568.0,456104.0
29864.jpg,802.0,570.0,457140.0
29865.jpg,805.0,570.0,458850.0
29866.jpg,800.0,1117.0,893600.0
29867.jpg,1251.0,1000.0,1251000.0
29868.jpg,1013.0,1200.0,1215600.0
29869.jpg,1030.0,1200.0,1236000.0
29870.jpg,900.0,1133.0,1019700.0
29871.jpg,900.0,915.0,823500.0
29872.jpg,906.0,900.0,815400.0
29873.jpg,434.0,872.0,378448.0
29874.jpg,610.0,872.0,531920.0
29875.jpg,900.0,1352.0,1216800.0
29876.jpg,1497.0,600.0,898200.0
29877.jpg,900.0,1108.0,997200.0
29881.jpg,900.0,1131.0,1017900.0
29882.jpg,1019.0,1200.0,1222800.0
29883.jpg,1500.0,684.0,1026000.0
29887.jpg,1000.0,1218.0,1218000.0
29889.jpg,1437.0,600.0,862200.0
29890.jpg,837.0,1050.0,878850.0
29894.jpg,1162.0,1400.0,1626800.0
29895.jpg,1120.0,800.0,896000.0
29896.jpg,1900.0,729.0,1385100.0
29897.jpg,808.0,729.0,589032.0
29898.jpg,900.0,1164.0,1047600.0
29899.jpg,540.0,860.0,464400.0
29900.jpg,808.0,936.0,756288.0
29901.jpg,1033.0,700.0,723100.0
29902.jpg,1000.0,967.0,967000.0
29904.jpg,1000.0,1592.0,1592000.0
29905.jpg,1400.0,953.0,1334200.0
29906.jpg,900.0,1136.0,1022400.0
29907.jpg,1131.0,1400.0,1583400.0
29908.jpg,1002.0,1300.0,1302600.0
29909.jpg,850.0,1037.0,881450.0
29910.jpg,960.0,1255.0,1204800.0
29911.jpg,1272.0,1500.0,1908000.0
29921.jpg,1200.0,1270.0,1524000.0
29922.jpg,1200.0,953.0,1143600.0
29923.jpg,1141.0,1800.0,2053800.0
29924.jpg,645.0,900.0,580500.0
29930.jpg,995.0,700.0,696500.0
29932.jpg,960.0,800.0,768000.0
29933.jpg,1015.0,1400.0,1421000.0
29934.jpg,1046.0,1200.0,1255200.0
29935.jpg,1000.0,1153.0,1153000.0
29936.jpg,1000.0,1189.0,1189000.0
29937.jpg,1200.0,1038.0,1245600.0
29938.jpg,978.0,1300.0,1271400.0
29939.jpg,957.0,770.0,736890.0
29940.jpg,1109.0,1106.0,1226554.0
29942.jpg,996.0,650.0,647400.0
29943.jpg,1081.0,770.0,832370.0
29944.jpg,906.0,650.0,588900.0
29945.jpg,871.0,600.0,522600.0
29946.jpg,800.0,1054.0,843200.0
29947.jpg,1247.0,950.0,1184650.0
29949.jpg,1100.0,1204.0,1324400.0
29950.jpg,1300.0,870.0,1131000.0
29951.jpg,1200.0,1002.0,1202400.0
29952.jpg,752.0,904.0,679808.0
29954.jpg,961.0,1255.0,1206055.0
29959.jpg,958.0,1292.0,1237736.0
29960.jpg,952.0,1193.0,1135736.0
29964.jpg,768.0,1100.0,844800.0
29965.jpg,770.0,1049.0,807730.0
29966.jpg,1221.0,1200.0,1465200.0
29968.jpg,1000.0,1406.0,1406000.0
29969.jpg,1000.0,1297.0,1297000.0
29975.jpg,650.0,1262.0,820300.0
29976.jpg,1000.0,1232.0,1232000.0
29977.jpg,900.0,1155.0,1039500.0
29978.jpg,1053.0,750.0,789750.0
29979.jpg,1017.0,1003.0,1020051.0
29980.jpg,900.0,1251.0,1125900.0
29981.jpg,1000.0,1227.0,1227000.0
29982.jpg,671.0,1350.0,905850.0
29983.jpg,900.0,1243.0,1118700.0
29984.jpg,610.0,1238.0,755180.0
29985.jpg,1032.0,1250.0,1290000.0
29986.jpg,601.0,1288.0,774088.0
29987.jpg,692.0,920.0,636640.0
29988.jpg,1033.0,850.0,878050.0
29989.jpg,1000.0,1062.0,1062000.0
29990.jpg,1111.0,808.0,897688.0
29991.jpg,1000.0,1204.0,1204000.0
29992.jpg,1255.0,1000.0,1255000.0
29993.jpg,1100.0,839.0,922900.0
29994.jpg,800.0,1078.0,862400.0
29995.jpg,1100.0,1315.0,1446500.0
29996.jpg,1000.0,1235.0,1235000.0
29997.jpg,900.0,1100.0,990000.0
29998.jpg,1000.0,1309.0,1309000.0
30000.jpg,700.0,1489.0,1042300.0
30007.jpg,1048.0,1400.0,1467200.0
30009.jpg,800.0,1082.0,865600.0
30010.jpg,1200.0,1619.0,1942800.0
30011.jpg,416.0,731.0,304096.0
30012.jpg,699.0,867.0,606033.0
30013.jpg,924.0,1300.0,1201200.0
30014.jpg,922.0,1300.0,1198600.0
30015.jpg,850.0,1114.0,946900.0
30016.jpg,800.0,1053.0,842400.0
30017.jpg,1003.0,822.0,824466.0
30018.jpg,990.0,833.0,824670.0
30019.jpg,900.0,641.0,576900.0
30020.jpg,1300.0,1009.0,1311700.0
30021.jpg,1300.0,979.0,1272700.0
30022.jpg,1081.0,850.0,918850.0
30024.jpg,647.0,1050.0,679350.0
30033.jpg,753.0,1600.0,1204800.0
30034.jpg,1200.0,1064.0,1276800.0
30035.jpg,1000.0,1233.0,1233000.0
30036.jpg,1000.0,1235.0,1235000.0
30037.jpg,900.0,1341.0,1206900.0
30038.jpg,738.0,1100.0,811800.0
30039.jpg,500.0,1242.0,621000.0
30040.jpg,520.0,1300.0,676000.0
30041.jpg,522.0,1300.0,678600.0
30042.jpg,500.0,1251.0,625500.0
30043.jpg,2109.0,600.0,1265400.0
30044.jpg,702.0,1600.0,1123200.0
30045.jpg,708.0,1600.0,1132800.0
30046.jpg,702.0,1600.0,1123200.0
30047.jpg,693.0,1600.0,1108800.0
30048.jpg,861.0,1200.0,1033200.0
30049.jpg,933.0,800.0,746400.0
30050.jpg,863.0,1200.0,1035600.0
30051.jpg,934.0,1500.0,1401000.0
30052.jpg,800.0,1438.0,1150400.0
30053.jpg,800.0,1601.0,1280800.0
30054.jpg,800.0,1415.0,1132000.0
30055.jpg,1209.0,1000.0,1209000.0
30056.jpg,1364.0,558.0,761112.0
30057.jpg,1375.0,558.0,767250.0
30058.jpg,1031.0,770.0,793870.0
30059.jpg,1093.0,770.0,841610.0
30060.jpg,1037.0,770.0,798490.0
30061.jpg,900.0,1411.0,1269900.0
30062.jpg,1211.0,850.0,1029350.0
30063.jpg,1283.0,900.0,1154700.0
30064.jpg,1000.0,1165.0,1165000.0
30065.jpg,1012.0,900.0,910800.0
30066.jpg,900.0,1054.0,948600.0
30067.jpg,800.0,935.0,748000.0
30068.jpg,800.0,935.0,748000.0
30069.jpg,850.0,992.0,843200.0
30070.jpg,900.0,1048.0,943200.0
30071.jpg,900.0,1049.0,944100.0
30072.jpg,900.0,1052.0,946800.0
30073.jpg,900.0,1051.0,945900.0
30074.jpg,900.0,1048.0,943200.0
30075.jpg,1600.0,725.0,1160000.0
30076.jpg,1094.0,1000.0,1094000.0
30077.jpg,1000.0,1171.0,1171000.0
30078.jpg,1000.0,1221.0,1221000.0
30079.jpg,1403.0,800.0,1122400.0
30080.jpg,1000.0,1154.0,1154000.0
30081.jpg,1000.0,1155.0,1155000.0
30082.jpg,950.0,1116.0,1060200.0
30083.jpg,900.0,1051.0,945900.0
30084.jpg,800.0,916.0,732800.0
30085.jpg,1093.0,1000.0,1093000.0
30086.jpg,1000.0,1175.0,1175000.0
30087.jpg,1000.0,1166.0,1166000.0
30088.jpg,1000.0,1167.0,1167000.0
30089.jpg,900.0,970.0,873000.0
30090.jpg,690.0,1001.0,690690.0
30091.jpg,800.0,936.0,748800.0
30092.jpg,794.0,1400.0,1111600.0
30093.jpg,860.0,1001.0,860860.0
30094.jpg,800.0,938.0,750400.0
30095.jpg,800.0,934.0,747200.0
30096.jpg,784.0,1400.0,1097600.0
30097.jpg,1000.0,1163.0,1163000.0
30098.jpg,900.0,1047.0,942300.0
30099.jpg,900.0,1051.0,945900.0
30100.jpg,900.0,1040.0,936000.0
30101.jpg,1000.0,1091.0,1091000.0
30102.jpg,1600.0,717.0,1147200.0
30103.jpg,1106.0,1000.0,1106000.0
30104.jpg,1000.0,1171.0,1171000.0
30105.jpg,1000.0,1174.0,1174000.0
30106.jpg,938.0,1100.0,1031800.0
30107.jpg,1300.0,952.0,1237600.0
30108.jpg,800.0,951.0,760800.0
30109.jpg,800.0,944.0,755200.0
30110.jpg,1106.0,1000.0,1106000.0
30111.jpg,1300.0,948.0,1232400.0
30112.jpg,943.0,1100.0,1037300.0
30113.jpg,900.0,1048.0,943200.0
30114.jpg,800.0,943.0,754400.0
30115.jpg,800.0,927.0,741600.0
30116.jpg,842.0,1400.0,1178800.0
30117.jpg,941.0,1100.0,1035100.0
30118.jpg,1000.0,1163.0,1163000.0
30119.jpg,800.0,933.0,746400.0
30120.jpg,800.0,936.0,748800.0
30121.jpg,1600.0,729.0,1166400.0
30122.jpg,1068.0,1000.0,1068000.0
30123.jpg,900.0,1060.0,954000.0
30124.jpg,900.0,1053.0,947700.0
30125.jpg,900.0,1051.0,945900.0
30126.jpg,900.0,1052.0,946800.0
30127.jpg,900.0,1056.0,950400.0
30128.jpg,1045.0,764.0,798380.0
30129.jpg,800.0,939.0,751200.0
30130.jpg,1091.0,1000.0,1091000.0
30131.jpg,1026.0,973.0,998298.0
30132.jpg,1000.0,1148.0,1148000.0
30133.jpg,1000.0,1169.0,1169000.0
30134.jpg,900.0,1031.0,927900.0
30135.jpg,1000.0,1170.0,1170000.0
30136.jpg,800.0,927.0,741600.0
30137.jpg,900.0,1042.0,937800.0
30138.jpg,850.0,990.0,841500.0
30139.jpg,1600.0,721.0,1153600.0
30140.jpg,1100.0,1000.0,1100000.0
30141.jpg,900.0,1055.0,949500.0
30142.jpg,900.0,1057.0,951300.0
30143.jpg,900.0,1058.0,952200.0
30144.jpg,850.0,989.0,840650.0
30145.jpg,850.0,922.0,783700.0
30146.jpg,1400.0,810.0,1134000.0
30147.jpg,1000.0,1168.0,1168000.0
30148.jpg,800.0,944.0,755200.0
30149.jpg,800.0,941.0,752800.0
30150.jpg,1116.0,1000.0,1116000.0
30151.jpg,1000.0,1167.0,1167000.0
30152.jpg,1000.0,1156.0,1156000.0
30153.jpg,900.0,1055.0,949500.0
30154.jpg,1000.0,1169.0,1169000.0
30155.jpg,1400.0,809.0,1132600.0
30156.jpg,1000.0,1181.0,1181000.0
30157.jpg,850.0,968.0,822800.0
30158.jpg,1239.0,900.0,1115100.0
30159.jpg,1000.0,1170.0,1170000.0
30160.jpg,900.0,1053.0,947700.0
30161.jpg,800.0,933.0,746400.0
30162.jpg,800.0,938.0,750400.0
30163.jpg,1000.0,1156.0,1156000.0
30164.jpg,1215.0,700.0,850500.0
30165.jpg,1000.0,1170.0,1170000.0
30166.jpg,846.0,1400.0,1184400.0
30167.jpg,850.0,1002.0,851700.0
30168.jpg,900.0,1178.0,1060200.0
30169.jpg,900.0,1401.0,1260900.0
30170.jpg,800.0,929.0,743200.0
30171.jpg,800.0,942.0,753600.0
30172.jpg,800.0,925.0,740000.0
30173.jpg,800.0,931.0,744800.0
30174.jpg,900.0,1219.0,1097100.0
30175.jpg,800.0,1016.0,812800.0
30176.jpg,900.0,1041.0,936900.0
30177.jpg,800.0,1213.0,970400.0
30182.jpg,850.0,1144.0,972400.0
30183.jpg,940.0,1300.0,1222000.0
30184.jpg,800.0,970.0,776000.0
30185.jpg,800.0,957.0,765600.0
30186.jpg,900.0,1112.0,1000800.0
30187.jpg,1150.0,800.0,920000.0
30188.jpg,1374.0,1000.0,1374000.0
30189.jpg,1100.0,1127.0,1239700.0
30190.jpg,923.0,1300.0,1199900.0
30191.jpg,1000.0,1205.0,1205000.0
30192.jpg,709.0,920.0,652280.0
30193.jpg,715.0,1500.0,1072500.0
30194.jpg,1000.0,1362.0,1362000.0
30195.jpg,708.0,1200.0,849600.0
30196.jpg,900.0,1050.0,945000.0
30197.jpg,1130.0,1200.0,1356000.0
30198.jpg,918.0,763.0,700434.0
30199.jpg,1278.0,795.0,1016010.0
30200.jpg,935.0,1100.0,1028500.0
30201.jpg,1000.0,1260.0,1260000.0
30202.jpg,1039.0,1200.0,1246800.0
30203.jpg,900.0,1308.0,1177200.0
30204.jpg,1117.0,1200.0,1340400.0
30205.jpg,856.0,1032.0,883392.0
30206.jpg,900.0,1344.0,1209600.0
30207.jpg,1006.0,850.0,855100.0
30208.jpg,1050.0,1060.0,1113000.0
30209.jpg,1000.0,1206.0,1206000.0
30210.jpg,1400.0,822.0,1150800.0
30211.jpg,788.0,1600.0,1260800.0
30212.jpg,802.0,1065.0,854130.0
30213.jpg,1277.0,1000.0,1277000.0
30214.jpg,1235.0,850.0,1049750.0
30215.jpg,1259.0,1000.0,1259000.0
30216.jpg,1205.0,850.0,1024250.0
30217.jpg,850.0,1208.0,1026800.0
30218.jpg,850.0,1238.0,1052300.0
30219.jpg,850.0,1204.0,1023400.0
30220.jpg,850.0,1230.0,1045500.0
30221.jpg,2000.0,542.0,1084000.0
30222.jpg,800.0,1122.0,897600.0
30224.jpg,551.0,650.0,358150.0
30225.jpg,769.0,459.0,352971.0
30226.jpg,732.0,677.0,495564.0
30227.jpg,1874.0,650.0,1218100.0
30228.jpg,750.0,1499.0,1124250.0
30229.jpg,1700.0,712.0,1210400.0
30230.jpg,2030.0,540.0,1096200.0
30231.jpg,1319.0,750.0,989250.0
30232.jpg,900.0,1231.0,1107900.0
30233.jpg,950.0,1163.0,1104850.0
30234.jpg,874.0,863.0,754262.0
30235.jpg,1235.0,900.0,1111500.0
30236.jpg,1050.0,1000.0,1050000.0
30237.jpg,1799.0,620.0,1115380.0
30238.jpg,1074.0,855.0,918270.0
30239.jpg,1032.0,825.0,851400.0
30240.jpg,976.0,546.0,532896.0
30241.jpg,769.0,454.0,349126.0
30242.jpg,1292.0,500.0,646000.0
30243.jpg,1141.0,1000.0,1141000.0
30244.jpg,1400.0,881.0,1233400.0
30245.jpg,1030.0,737.0,759110.0
30246.jpg,728.0,693.0,504504.0
30247.jpg,912.0,900.0,820800.0
30248.jpg,912.0,917.0,836304.0
30249.jpg,1394.0,565.0,787610.0
30250.jpg,900.0,1208.0,1087200.0
30251.jpg,1030.0,1020.0,1050600.0
30252.jpg,830.0,974.0,808420.0
30253.jpg,1100.0,1119.0,1230900.0
30254.jpg,1056.0,1400.0,1478400.0
30256.jpg,779.0,1074.0,836646.0
30257.jpg,1079.0,1090.0,1176110.0
30258.jpg,800.0,1034.0,827200.0
30259.jpg,900.0,1266.0,1139400.0
30260.jpg,800.0,1116.0,892800.0
30261.jpg,1000.0,1325.0,1325000.0
30262.jpg,819.0,1250.0,1023750.0
30263.jpg,952.0,901.0,857752.0
30264.jpg,900.0,717.0,645300.0
30265.jpg,800.0,937.0,749600.0
30268.jpg,1100.0,870.0,957000.0
30270.jpg,905.0,1250.0,1131250.0
30274.jpg,1653.0,600.0,991800.0
30275.jpg,808.0,1011.0,816888.0
30276.jpg,1597.0,700.0,1117900.0
30277.jpg,1150.0,1394.0,1603100.0
30280.jpg,458.0,1081.0,495098.0
30283.jpg,1500.0,675.0,1012500.0
30284.jpg,1015.0,840.0,852600.0
30285.jpg,1000.0,1208.0,1208000.0
30286.jpg,676.0,889.0,600964.0
30287.jpg,700.0,1035.0,724500.0
30288.jpg,898.0,1200.0,1077600.0
30289.jpg,1019.0,1200.0,1222800.0
30292.jpg,850.0,1296.0,1101600.0
30293.jpg,731.0,1300.0,950300.0
30294.jpg,753.0,1300.0,978900.0
30295.jpg,650.0,1636.0,1063400.0
30296.jpg,700.0,1258.0,880600.0
30297.jpg,1113.0,900.0,1001700.0
30298.jpg,1500.0,703.0,1054500.0
30299.jpg,1111.0,900.0,999900.0
30303.jpg,1308.0,770.0,1007160.0
30331.jpg,1063.0,714.0,758982.0
30332.jpg,1500.0,983.0,1474500.0
30333.jpg,900.0,1052.0,946800.0
30334.jpg,1350.0,1108.0,1495800.0
30335.jpg,1299.0,963.0,1250937.0
30338.jpg,1100.0,710.0,781000.0
30339.jpg,1200.0,839.0,1006800.0
30340.jpg,1200.0,839.0,1006800.0
30360.jpg,1168.0,982.0,1146976.0
30361.jpg,1207.0,824.0,994568.0
30362.jpg,900.0,918.0,826200.0
30364.jpg,900.0,713.0,641700.0
30369.jpg,909.0,1420.0,1290780.0
30370.jpg,900.0,1125.0,1012500.0
30371.jpg,1300.0,926.0,1203800.0
30372.jpg,1433.0,800.0,1146400.0
30373.jpg,1485.0,800.0,1188000.0
30374.jpg,1364.0,900.0,1227600.0
30375.jpg,1000.0,1244.0,1244000.0
30376.jpg,948.0,1300.0,1232400.0
30377.jpg,1000.0,1241.0,1241000.0
30378.jpg,1000.0,1294.0,1294000.0
30380.jpg,900.0,1077.0,969300.0
30381.jpg,927.0,770.0,713790.0
30382.jpg,900.0,1087.0,978300.0
30383.jpg,900.0,1148.0,1033200.0
30384.jpg,900.0,1307.0,1176300.0
30385.jpg,500.0,1181.0,590500.0
30386.jpg,900.0,1078.0,970200.0
30387.jpg,900.0,1143.0,1028700.0
30388.jpg,900.0,1082.0,973800.0
30389.jpg,900.0,1111.0,999900.0
30390.jpg,900.0,1154.0,1038600.0
30391.jpg,1003.0,898.0,900694.0
30392.jpg,900.0,1085.0,976500.0
30393.jpg,850.0,1103.0,937550.0
30394.jpg,900.0,1089.0,980100.0
30395.jpg,900.0,1101.0,990900.0
30396.jpg,800.0,1009.0,807200.0
30397.jpg,1386.0,800.0,1108800.0
30398.jpg,800.0,1045.0,836000.0
30399.jpg,900.0,1016.0,914400.0
30400.jpg,1034.0,900.0,930600.0
30401.jpg,900.0,1283.0,1154700.0
30402.jpg,800.0,1479.0,1183200.0
30403.jpg,900.0,1203.0,1082700.0
30404.jpg,900.0,1259.0,1133100.0
30405.jpg,846.0,1325.0,1120950.0
30406.jpg,900.0,1187.0,1068300.0
30407.jpg,900.0,1153.0,1037700.0
30409.jpg,900.0,1152.0,1036800.0
30410.jpg,900.0,1092.0,982800.0
30411.jpg,779.0,950.0,740050.0
30413.jpg,900.0,1259.0,1133100.0
30414.jpg,900.0,1289.0,1160100.0
30415.jpg,840.0,1151.0,966840.0
30416.jpg,900.0,1065.0,958500.0
30417.jpg,900.0,1151.0,1035900.0
30418.jpg,900.0,1157.0,1041300.0
30419.jpg,916.0,628.0,575248.0
30420.jpg,900.0,1154.0,1038600.0
30421.jpg,900.0,1090.0,981000.0
30422.jpg,939.0,901.0,846039.0
30426.jpg,741.0,813.0,602433.0
30430.jpg,1087.0,900.0,978300.0
30431.jpg,708.0,853.0,603924.0
30432.jpg,1200.0,718.0,861600.0
30433.jpg,800.0,912.0,729600.0
30434.jpg,1243.0,800.0,994400.0
30435.jpg,706.0,937.0,661522.0
30436.jpg,863.0,805.0,694715.0
30437.jpg,800.0,1118.0,894400.0
30438.jpg,699.0,744.0,520056.0
30439.jpg,897.0,850.0,762450.0
30440.jpg,800.0,1110.0,888000.0
30441.jpg,1030.0,715.0,736450.0
30443.jpg,802.0,1148.0,920696.0
30444.jpg,1048.0,850.0,890800.0
30445.jpg,965.0,1400.0,1351000.0
30446.jpg,1010.0,929.0,938290.0
30447.jpg,800.0,904.0,723200.0
30448.jpg,801.0,1166.0,933966.0
30449.jpg,850.0,1269.0,1078650.0
30450.jpg,904.0,1300.0,1175200.0
30451.jpg,1400.0,960.0,1344000.0
30452.jpg,636.0,900.0,572400.0
30453.jpg,621.0,937.0,581877.0
30454.jpg,557.0,700.0,389900.0
30455.jpg,611.0,970.0,592670.0
30457.jpg,617.0,960.0,592320.0
30458.jpg,895.0,1200.0,1074000.0
30459.jpg,1143.0,1200.0,1371600.0
30460.jpg,1000.0,1233.0,1233000.0
30461.jpg,1017.0,1300.0,1322100.0
30463.jpg,1000.0,1423.0,1423000.0
30464.jpg,900.0,1164.0,1047600.0
30482.jpg,730.0,1181.0,862130.0
30483.jpg,694.0,950.0,659300.0
30485.jpg,800.0,1128.0,902400.0
30486.jpg,649.0,934.0,606166.0
30487.jpg,1187.0,900.0,1068300.0
30488.jpg,1110.0,770.0,854700.0
30489.jpg,902.0,770.0,694540.0
30490.jpg,890.0,1070.0,952300.0
30491.jpg,1136.0,678.0,770208.0
30492.jpg,1337.0,1000.0,1337000.0
30493.jpg,1200.0,831.0,997200.0
30494.jpg,867.0,1000.0,867000.0
30495.jpg,850.0,881.0,748850.0
30496.jpg,850.0,976.0,829600.0
30497.jpg,800.0,1128.0,902400.0
30498.jpg,463.0,750.0,347250.0
30499.jpg,1300.0,1069.0,1389700.0
30650.jpg,1205.0,850.0,1024250.0
30651.jpg,1000.0,1225.0,1225000.0
30652.jpg,1339.0,1000.0,1339000.0
30653.jpg,1200.0,1000.0,1200000.0
30654.jpg,1040.0,770.0,800800.0
30655.jpg,1526.0,900.0,1373400.0
30656.jpg,1426.0,1152.0,1642752.0
30657.jpg,1153.0,850.0,980050.0
30658.jpg,1220.0,1000.0,1220000.0
30659.jpg,1241.0,1000.0,1241000.0
30660.jpg,1257.0,770.0,967890.0
30661.jpg,850.0,1107.0,940950.0
30662.jpg,1122.0,900.0,1009800.0
30663.jpg,1104.0,900.0,993600.0
30664.jpg,1118.0,900.0,1006200.0
30665.jpg,1282.0,1000.0,1282000.0
30666.jpg,1264.0,1000.0,1264000.0
30667.jpg,1225.0,1000.0,1225000.0
30668.jpg,1167.0,979.0,1142493.0
30669.jpg,1370.0,1074.0,1471380.0
30670.jpg,1220.0,1000.0,1220000.0
30671.jpg,1100.0,892.0,981200.0
30672.jpg,1300.0,1321.0,1717300.0
30673.jpg,1111.0,900.0,999900.0
30674.jpg,1021.0,1300.0,1327300.0
30675.jpg,1277.0,900.0,1149300.0
30676.jpg,1226.0,1000.0,1226000.0
30677.jpg,1200.0,1005.0,1206000.0
30678.jpg,900.0,1054.0,948600.0
30679.jpg,1341.0,1000.0,1341000.0
30680.jpg,1339.0,900.0,1205100.0
30681.jpg,1219.0,1000.0,1219000.0
30682.jpg,1361.0,1000.0,1361000.0
30683.jpg,1018.0,1200.0,1221600.0
30684.jpg,1350.0,888.0,1198800.0
30685.jpg,1205.0,1000.0,1205000.0
30686.jpg,1300.0,1035.0,1345500.0
30687.jpg,900.0,1120.0,1008000.0
30688.jpg,1233.0,1000.0,1233000.0
30689.jpg,1227.0,1000.0,1227000.0
30690.jpg,1169.0,950.0,1110550.0
30691.jpg,1241.0,1000.0,1241000.0
30692.jpg,1300.0,1037.0,1348100.0
30693.jpg,1214.0,1000.0,1214000.0
30694.jpg,1213.0,1000.0,1213000.0
30695.jpg,1382.0,1100.0,1520200.0
30696.jpg,1200.0,991.0,1189200.0
30697.jpg,1200.0,950.0,1140000.0
30698.jpg,1000.0,1234.0,1234000.0
30699.jpg,900.0,1552.0,1396800.0
30700.jpg,1801.0,738.0,1329138.0
30701.jpg,1805.0,746.0,1346530.0
30702.jpg,1795.0,737.0,1322915.0
30703.jpg,1798.0,737.0,1325126.0
30705.jpg,1043.0,624.0,650832.0
30706.jpg,1300.0,1045.0,1358500.0
30707.jpg,1400.0,1139.0,1594600.0
30708.jpg,1573.0,1079.0,1697267.0
30709.jpg,1264.0,1000.0,1264000.0
30710.jpg,925.0,750.0,693750.0
30711.jpg,1034.0,1300.0,1344200.0
30712.jpg,1303.0,900.0,1172700.0
30713.jpg,1061.0,800.0,848800.0
30714.jpg,1135.0,900.0,1021500.0
30715.jpg,1144.0,1402.0,1603888.0
30716.jpg,900.0,1129.0,1016100.0
30717.jpg,1138.0,900.0,1024200.0
30718.jpg,1000.0,1216.0,1216000.0
30719.jpg,1000.0,1235.0,1235000.0
30720.jpg,800.0,1023.0,818400.0
30721.jpg,1125.0,1400.0,1575000.0
30722.jpg,1026.0,1050.0,1077300.0
30723.jpg,1092.0,900.0,982800.0
30724.jpg,952.0,770.0,733040.0
30725.jpg,1132.0,850.0,962200.0
30731.jpg,1210.0,1000.0,1210000.0
30732.jpg,1112.0,900.0,1000800.0
30733.jpg,1127.0,900.0,1014300.0
30734.jpg,1501.0,1100.0,1651100.0
30737.jpg,811.0,1400.0,1135400.0
30739.jpg,456.0,900.0,410400.0
30740.jpg,1000.0,1240.0,1240000.0
30742.jpg,1055.0,850.0,896750.0
30743.jpg,1000.0,1204.0,1204000.0
30744.jpg,1400.0,1015.0,1421000.0
30746.jpg,800.0,1048.0,838400.0
30748.jpg,875.0,1200.0,1050000.0
30749.jpg,950.0,1200.0,1140000.0
30750.jpg,946.0,1200.0,1135200.0
30754.jpg,1020.0,677.0,690540.0
30758.jpg,770.0,1238.0,953260.0
30759.jpg,1013.0,1600.0,1620800.0
30760.jpg,692.0,1000.0,692000.0
30761.jpg,730.0,1000.0,730000.0
30765.jpg,844.0,1010.0,852440.0
30767.jpg,1236.0,850.0,1050600.0
30768.jpg,1300.0,804.0,1045200.0
30770.jpg,1417.0,1000.0,1417000.0
30771.jpg,1500.0,1012.0,1518000.0
30774.jpg,1100.0,811.0,892100.0
30775.jpg,1100.0,884.0,972400.0
30776.jpg,1056.0,802.0,846912.0
30777.jpg,965.0,755.0,728575.0
30778.jpg,802.0,1081.0,866962.0
30779.jpg,1030.0,878.0,904340.0
30781.jpg,950.0,1190.0,1130500.0
30782.jpg,1098.0,808.0,887184.0
30785.jpg,1095.0,670.0,733650.0
30787.jpg,1300.0,1009.0,1311700.0
30788.jpg,758.0,900.0,682200.0
30789.jpg,926.0,546.0,505596.0
30791.jpg,1050.0,813.0,853650.0
30795.jpg,971.0,750.0,728250.0
30796.jpg,910.0,600.0,546000.0
30797.jpg,867.0,850.0,736950.0
30799.jpg,1040.0,711.0,739440.0
30802.jpg,1000.0,770.0,770000.0
30804.jpg,1125.0,850.0,956250.0
30805.jpg,1500.0,880.0,1320000.0
30806.jpg,972.0,690.0,670680.0
30807.jpg,1044.0,750.0,783000.0
30808.jpg,1416.0,900.0,1274400.0
30809.jpg,1375.0,1000.0,1375000.0
30812.jpg,900.0,1102.0,991800.0
30818.jpg,943.0,1135.0,1070305.0
30819.jpg,763.0,880.0,671440.0
30820.jpg,905.0,1323.0,1197315.0
30821.jpg,1300.0,1070.0,1391000.0
30827.jpg,1046.0,900.0,941400.0
30832.jpg,933.0,1300.0,1212900.0
30833.jpg,800.0,1339.0,1071200.0
30834.jpg,720.0,1035.0,745200.0
30835.jpg,750.0,1085.0,813750.0
30836.jpg,1023.0,1000.0,1023000.0
30837.jpg,827.0,1000.0,827000.0
30841.jpg,564.0,900.0,507600.0
30842.jpg,1000.0,1477.0,1477000.0
30843.jpg,900.0,1255.0,1129500.0
30844.jpg,750.0,963.0,722250.0
30857.jpg,1004.0,979.0,982916.0
30858.jpg,730.0,1044.0,762120.0
30859.jpg,730.0,1031.0,752630.0
30860.jpg,1200.0,1850.0,2220000.0
30861.jpg,1036.0,1300.0,1346800.0
30862.jpg,550.0,1047.0,575850.0
30863.jpg,293.0,600.0,175800.0
30864.jpg,500.0,954.0,477000.0
30865.jpg,900.0,1293.0,1163700.0
30866.jpg,801.0,1191.0,953991.0
30867.jpg,1163.0,1299.0,1510737.0
30872.jpg,1128.0,746.0,841488.0
30873.jpg,702.0,1191.0,836082.0
30875.jpg,967.0,1093.0,1056931.0
30880.jpg,800.0,1036.0,828800.0
30881.jpg,800.0,1041.0,832800.0
30884.jpg,1400.0,957.0,1339800.0
30885.jpg,1400.0,961.0,1345400.0
30886.jpg,1200.0,901.0,1081200.0
30897.jpg,750.0,1011.0,758250.0
30898.jpg,880.0,1147.0,1009360.0
30899.jpg,772.0,1090.0,841480.0
30900.jpg,880.0,990.0,871200.0
30901.jpg,875.0,1023.0,895125.0
30902.jpg,868.0,1020.0,885360.0
30903.jpg,1006.0,880.0,885280.0
30904.jpg,802.0,1120.0,898240.0
30905.jpg,790.0,1080.0,853200.0
30906.jpg,950.0,1084.0,1029800.0
30907.jpg,776.0,1030.0,799280.0
30908.jpg,1000.0,1244.0,1244000.0
30909.jpg,907.0,1100.0,997700.0
30910.jpg,1318.0,670.0,883060.0
30911.jpg,1053.0,1300.0,1368900.0
30912.jpg,1061.0,1300.0,1379300.0
30913.jpg,1050.0,1101.0,1156050.0
30914.jpg,1007.0,1300.0,1309100.0
30915.jpg,1007.0,1300.0,1309100.0
30916.jpg,1400.0,886.0,1240400.0
30917.jpg,1400.0,877.0,1227800.0
30918.jpg,825.0,985.0,812625.0
30919.jpg,1058.0,840.0,888720.0
30920.jpg,975.0,1255.0,1223625.0
30921.jpg,860.0,1020.0,877200.0
30922.jpg,1047.0,1300.0,1361100.0
30923.jpg,902.0,954.0,860508.0
30924.jpg,1000.0,1342.0,1342000.0
30925.jpg,1229.0,1700.0,2089300.0
30926.jpg,888.0,1142.0,1014096.0
30927.jpg,807.0,1006.0,811842.0
30928.jpg,889.0,1148.0,1020572.0
30929.jpg,1372.0,900.0,1234800.0
30930.jpg,1300.0,1696.0,2204800.0
30931.jpg,1084.0,1000.0,1084000.0
30932.jpg,1329.0,600.0,797400.0
30933.jpg,1333.0,1700.0,2266100.0
30934.jpg,776.0,800.0,620800.0
30935.jpg,605.0,931.0,563255.0
30936.jpg,1050.0,1363.0,1431150.0
30937.jpg,1400.0,1750.0,2450000.0
30938.jpg,779.0,1000.0,779000.0
30939.jpg,1000.0,1274.0,1274000.0
30940.jpg,1391.0,1700.0,2364700.0
30941.jpg,1144.0,1400.0,1601600.0
30942.jpg,900.0,1383.0,1244700.0
30943.jpg,1210.0,800.0,968000.0
30944.jpg,1252.0,1600.0,2003200.0
30945.jpg,1000.0,1396.0,1396000.0
30946.jpg,900.0,1146.0,1031400.0
30947.jpg,1000.0,1622.0,1622000.0
30948.jpg,813.0,1331.0,1082103.0
30949.jpg,1062.0,1411.0,1498482.0
30950.jpg,1000.0,1159.0,1159000.0
30951.jpg,795.0,1100.0,874500.0
30952.jpg,1120.0,760.0,851200.0
30953.jpg,788.0,1070.0,843160.0
30954.jpg,899.0,980.0,881020.0
30955.jpg,650.0,1250.0,812500.0
30956.jpg,662.0,1250.0,827500.0
30957.jpg,926.0,921.0,852846.0
30958.jpg,907.0,930.0,843510.0
31012.jpg,1400.0,1155.0,1617000.0
31015.jpg,798.0,1026.0,818748.0
31016.jpg,1119.0,1400.0,1566600.0
31017.jpg,629.0,850.0,534650.0
31018.jpg,1255.0,932.0,1169660.0
31020.jpg,1226.0,665.0,815290.0
31022.jpg,1378.0,900.0,1240200.0
31023.jpg,1420.0,1077.0,1529340.0
31024.jpg,1007.0,1300.0,1309100.0
31025.jpg,1007.0,1300.0,1309100.0
31026.jpg,1029.0,770.0,792330.0
31027.jpg,1000.0,1211.0,1211000.0
31028.jpg,1400.0,841.0,1177400.0
31029.jpg,1100.0,1102.0,1212200.0
31030.jpg,1011.0,1100.0,1112100.0
31031.jpg,1400.0,876.0,1226400.0
31032.jpg,1400.0,882.0,1234800.0
31033.jpg,905.0,1300.0,1176500.0
31034.jpg,774.0,1031.0,797994.0
31035.jpg,1039.0,850.0,883150.0
31036.jpg,701.0,1229.0,861529.0
31037.jpg,850.0,1095.0,930750.0
31038.jpg,1200.0,1063.0,1275600.0
31039.jpg,1000.0,1863.0,1863000.0
31040.jpg,1200.0,1211.0,1453200.0
31042.jpg,720.0,951.0,684720.0
31045.jpg,1080.0,800.0,864000.0
31046.jpg,1409.0,1100.0,1549900.0
31062.jpg,1719.0,1100.0,1890900.0
31063.jpg,1336.0,900.0,1202400.0
31064.jpg,933.0,770.0,718410.0
31065.jpg,1200.0,924.0,1108800.0
31066.jpg,1100.0,952.0,1047200.0
31067.jpg,1020.0,670.0,683400.0
31068.jpg,1401.0,1000.0,1401000.0
31069.jpg,1303.0,1000.0,1303000.0
31070.jpg,1000.0,785.0,785000.0
31071.jpg,1400.0,908.0,1271200.0
31072.jpg,1054.0,1300.0,1370200.0
31073.jpg,1200.0,852.0,1022400.0
31074.jpg,1099.0,690.0,758310.0
31075.jpg,1082.0,770.0,833140.0
31078.jpg,940.0,968.0,909920.0
31080.jpg,1195.0,763.0,911785.0
31081.jpg,1031.0,787.0,811397.0
31082.jpg,1001.0,1020.0,1021020.0
31083.jpg,976.0,850.0,829600.0
31084.jpg,1094.0,1400.0,1531600.0
31085.jpg,824.0,960.0,791040.0
31086.jpg,1002.0,806.0,807612.0
31087.jpg,1400.0,484.0,677600.0
31089.jpg,1000.0,1270.0,1270000.0
31090.jpg,1172.0,900.0,1054800.0
31092.jpg,1200.0,1043.0,1251600.0
31093.jpg,1380.0,950.0,1311000.0
31094.jpg,641.0,780.0,499980.0
31095.jpg,1000.0,1237.0,1237000.0
31096.jpg,1170.0,804.0,940680.0
31098.jpg,1312.0,1000.0,1312000.0
31099.jpg,1198.0,800.0,958400.0
31100.jpg,986.0,700.0,690200.0
31101.jpg,1300.0,1166.0,1515800.0
31102.jpg,708.0,881.0,623748.0
31103.jpg,1300.0,924.0,1201200.0
31104.jpg,1030.0,786.0,809580.0
31105.jpg,1500.0,852.0,1278000.0
31106.jpg,796.0,710.0,565160.0
31107.jpg,1062.0,776.0,824112.0
31108.jpg,1300.0,1002.0,1302600.0
31109.jpg,1255.0,878.0,1101890.0
31110.jpg,1255.0,919.0,1153345.0
31111.jpg,1500.0,1042.0,1563000.0
31114.jpg,900.0,660.0,594000.0
31116.jpg,900.0,950.0,855000.0
31117.jpg,994.0,697.0,692818.0
31118.jpg,721.0,1004.0,723884.0
31119.jpg,770.0,979.0,753830.0
31123.jpg,733.0,1010.0,740330.0
31124.jpg,719.0,1200.0,862800.0
31125.jpg,1255.0,986.0,1237430.0
31126.jpg,650.0,1056.0,686400.0
31127.jpg,891.0,1200.0,1069200.0
31128.jpg,488.0,770.0,375760.0
31129.jpg,470.0,764.0,359080.0
31130.jpg,664.0,1283.0,851912.0
31131.jpg,340.0,450.0,153000.0
31132.jpg,1400.0,1061.0,1485400.0
31133.jpg,480.0,812.0,389760.0
31134.jpg,700.0,1200.0,840000.0
31135.jpg,678.0,1136.0,770208.0
31136.jpg,1000.0,1214.0,1214000.0
31137.jpg,413.0,800.0,330400.0
31138.jpg,721.0,1253.0,903413.0
31139.jpg,800.0,1374.0,1099200.0
31140.jpg,370.0,439.0,162430.0
31141.jpg,730.0,1020.0,744600.0
31142.jpg,600.0,745.0,447000.0
31143.jpg,884.0,1229.0,1086436.0
31144.jpg,731.0,900.0,657900.0
31145.jpg,400.0,560.0,224000.0
31146.jpg,807.0,1127.0,909489.0
31147.jpg,1000.0,1471.0,1471000.0
31148.jpg,1122.0,880.0,987360.0
31149.jpg,830.0,1005.0,834150.0
31150.jpg,1076.0,777.0,836052.0
31151.jpg,673.0,1320.0,888360.0
31152.jpg,750.0,1032.0,774000.0
31153.jpg,688.0,950.0,653600.0
31154.jpg,678.0,950.0,644100.0
31155.jpg,821.0,1094.0,898174.0
31156.jpg,900.0,1324.0,1191600.0
31157.jpg,964.0,721.0,695044.0
31158.jpg,1439.0,1000.0,1439000.0
31159.jpg,1394.0,1000.0,1394000.0
31160.jpg,1032.0,750.0,774000.0
31161.jpg,1048.0,900.0,943200.0
31162.jpg,1239.0,900.0,1115100.0
31163.jpg,1030.0,770.0,793100.0
31164.jpg,1339.0,600.0,803400.0
31165.jpg,1088.0,820.0,892160.0
31166.jpg,904.0,1200.0,1084800.0
31167.jpg,1000.0,1257.0,1257000.0
31168.jpg,1340.0,900.0,1206000.0
31169.jpg,684.0,1200.0,820800.0
31170.jpg,1241.0,900.0,1116900.0
31171.jpg,850.0,1096.0,931600.0
31172.jpg,1050.0,720.0,756000.0
31173.jpg,1070.0,740.0,791800.0
31174.jpg,1070.0,754.0,806780.0
31175.jpg,1065.0,772.0,822180.0
31176.jpg,748.0,1086.0,812328.0
31177.jpg,1048.0,770.0,806960.0
31178.jpg,1073.0,770.0,826210.0
31179.jpg,1184.0,1000.0,1184000.0
31180.jpg,683.0,1001.0,683683.0
31181.jpg,1038.0,748.0,776424.0
31182.jpg,1469.0,1100.0,1615900.0
31187.jpg,1100.0,1359.0,1494900.0
31188.jpg,1116.0,800.0,892800.0
31189.jpg,1002.0,1015.0,1017030.0
31190.jpg,700.0,1015.0,710500.0
31191.jpg,1210.0,800.0,968000.0
31192.jpg,1300.0,1093.0,1420900.0
31193.jpg,1100.0,1519.0,1670900.0
31194.jpg,1109.0,821.0,910489.0
31195.jpg,1074.0,770.0,826980.0
31196.jpg,1088.0,700.0,761600.0
31197.jpg,989.0,860.0,850540.0
31198.jpg,926.0,717.0,663942.0
31199.jpg,715.0,1060.0,757900.0
31200.jpg,730.0,1062.0,775260.0
31201.jpg,1010.0,702.0,709020.0
31202.jpg,1030.0,695.0,715850.0
31203.jpg,1046.0,745.0,779270.0
31204.jpg,900.0,1256.0,1130400.0
31205.jpg,1276.0,900.0,1148400.0
31206.jpg,1200.0,904.0,1084800.0
31207.jpg,1200.0,936.0,1123200.0
31208.jpg,1233.0,900.0,1109700.0
31209.jpg,1092.0,1500.0,1638000.0
31210.jpg,1200.0,902.0,1082400.0
31211.jpg,1300.0,1028.0,1336400.0
31212.jpg,1114.0,820.0,913480.0
31213.jpg,907.0,682.0,618574.0
31214.jpg,903.0,1200.0,1083600.0
31215.jpg,1087.0,1000.0,1087000.0
31216.jpg,1207.0,1000.0,1207000.0
31217.jpg,998.0,790.0,788420.0
31218.jpg,1200.0,868.0,1041600.0
31219.jpg,1200.0,943.0,1131600.0
31220.jpg,1535.0,1000.0,1535000.0
31221.jpg,1244.0,900.0,1119600.0
31222.jpg,807.0,1068.0,861876.0
31223.jpg,1281.0,1000.0,1281000.0
31225.jpg,935.0,665.0,621775.0
31226.jpg,1251.0,900.0,1125900.0
31227.jpg,1229.0,900.0,1106100.0
31228.jpg,1400.0,1015.0,1421000.0
31229.jpg,1069.0,770.0,823130.0
31230.jpg,702.0,1001.0,702702.0
31231.jpg,761.0,1020.0,776220.0
31232.jpg,800.0,1535.0,1228000.0
31233.jpg,1072.0,780.0,836160.0
31234.jpg,987.0,635.0,626745.0
31235.jpg,1079.0,782.0,843778.0
31236.jpg,1255.0,932.0,1169660.0
31237.jpg,1400.0,1031.0,1443400.0
31238.jpg,1101.0,670.0,737670.0
31239.jpg,1158.0,719.0,832602.0
31240.jpg,1000.0,1207.0,1207000.0
31241.jpg,1339.0,800.0,1071200.0
31242.jpg,1000.0,685.0,685000.0
31243.jpg,1300.0,908.0,1180400.0
31244.jpg,1162.0,780.0,906360.0
31245.jpg,1092.0,707.0,772044.0
31246.jpg,730.0,1098.0,801540.0
31247.jpg,1202.0,701.0,842602.0
31248.jpg,1057.0,750.0,792750.0
31249.jpg,1100.0,1335.0,1468500.0
31250.jpg,1100.0,730.0,803000.0
31251.jpg,1000.0,1179.0,1179000.0
31252.jpg,1000.0,1096.0,1096000.0
31253.jpg,1251.0,1000.0,1251000.0
31254.jpg,1253.0,1000.0,1253000.0
31255.jpg,1410.0,1100.0,1551000.0
31256.jpg,800.0,1019.0,815200.0
31257.jpg,1227.0,800.0,981600.0
31258.jpg,1546.0,1000.0,1546000.0
31259.jpg,1242.0,800.0,993600.0
31260.jpg,1546.0,1000.0,1546000.0
31261.jpg,1370.0,900.0,1233000.0
31262.jpg,1390.0,900.0,1251000.0
31263.jpg,776.0,1000.0,776000.0
31264.jpg,775.0,1000.0,775000.0
31265.jpg,1002.0,1300.0,1302600.0
31266.jpg,1145.0,800.0,916000.0
31267.jpg,1478.0,1100.0,1625800.0
31268.jpg,1140.0,740.0,843600.0
31269.jpg,1067.0,770.0,821590.0
31270.jpg,923.0,700.0,646100.0
31271.jpg,945.0,1255.0,1185975.0
31272.jpg,1100.0,1123.0,1235300.0
31273.jpg,1255.0,898.0,1126990.0
31274.jpg,1150.0,740.0,851000.0
31275.jpg,704.0,935.0,658240.0
31276.jpg,1233.0,900.0,1109700.0
31277.jpg,1230.0,938.0,1153740.0
31278.jpg,1237.0,900.0,1113300.0
31279.jpg,1119.0,850.0,951150.0
31290.jpg,1065.0,1300.0,1384500.0
31291.jpg,1000.0,1336.0,1336000.0
31292.jpg,1009.0,1300.0,1311700.0
31293.jpg,719.0,1200.0,862800.0
31294.jpg,1324.0,800.0,1059200.0
31295.jpg,1314.0,1001.0,1315314.0
31296.jpg,1149.0,767.0,881283.0
31297.jpg,1300.0,1053.0,1368900.0
31298.jpg,1300.0,1058.0,1375400.0
31299.jpg,1067.0,820.0,874940.0
31300.jpg,1400.0,910.0,1274000.0
31301.jpg,1400.0,950.0,1330000.0
31302.jpg,1400.0,917.0,1283800.0
31303.jpg,1400.0,943.0,1320200.0
31304.jpg,1006.0,1300.0,1307800.0
31305.jpg,1100.0,1257.0,1382700.0
31306.jpg,1077.0,1267.0,1364559.0
31307.jpg,1098.0,1412.0,1550376.0
31308.jpg,1087.0,1412.0,1534844.0
31309.jpg,1400.0,908.0,1271200.0
31310.jpg,1011.0,830.0,839130.0
31311.jpg,1494.0,900.0,1344600.0
31312.jpg,1400.0,965.0,1351000.0
31315.jpg,1006.0,1200.0,1207200.0
31316.jpg,1200.0,929.0,1114800.0
31317.jpg,1283.0,1200.0,1539600.0
31318.jpg,1223.0,1000.0,1223000.0
31319.jpg,800.0,1196.0,956800.0
31320.jpg,800.0,1180.0,944000.0
31321.jpg,800.0,1198.0,958400.0
31322.jpg,1362.0,900.0,1225800.0
31323.jpg,1344.0,900.0,1209600.0
31324.jpg,850.0,1178.0,1001300.0
31325.jpg,800.0,1330.0,1064000.0
31362.jpg,938.0,1200.0,1125600.0
31363.jpg,720.0,939.0,676080.0
31364.jpg,804.0,1262.0,1014648.0
31365.jpg,701.0,941.0,659641.0
31366.jpg,904.0,1300.0,1175200.0
31377.jpg,1330.0,900.0,1197000.0
31379.jpg,1317.0,900.0,1185300.0
31381.jpg,1387.0,900.0,1248300.0
31382.jpg,1050.0,707.0,742350.0
31383.jpg,1200.0,775.0,930000.0
31384.jpg,900.0,1096.0,986400.0
31387.jpg,1000.0,1407.0,1407000.0
31388.jpg,1046.0,1300.0,1359800.0
31389.jpg,881.0,1200.0,1057200.0
31390.jpg,1073.0,1300.0,1394900.0
31391.jpg,1102.0,750.0,826500.0
31392.jpg,724.0,884.0,640016.0
31393.jpg,915.0,1200.0,1098000.0
31394.jpg,801.0,1092.0,874692.0
31395.jpg,726.0,1208.0,877008.0
31397.jpg,1337.0,1200.0,1604400.0
31398.jpg,1200.0,938.0,1125600.0
31399.jpg,1402.0,1056.0,1480512.0
31400.jpg,650.0,900.0,585000.0
31401.jpg,1400.0,1012.0,1416800.0
31402.jpg,1200.0,909.0,1090800.0
31404.jpg,981.0,750.0,735750.0
31405.jpg,1163.0,1300.0,1511900.0
31407.jpg,770.0,1099.0,846230.0
31408.jpg,906.0,1030.0,933180.0
31409.jpg,1030.0,695.0,715850.0
31410.jpg,861.0,605.0,520905.0
31411.jpg,1600.0,946.0,1513600.0
31412.jpg,656.0,1080.0,708480.0
31413.jpg,606.0,870.0,527220.0
31414.jpg,687.0,902.0,619674.0
31416.jpg,600.0,855.0,513000.0
31417.jpg,872.0,636.0,554592.0
31418.jpg,1200.0,1017.0,1220400.0
31419.jpg,1101.0,1200.0,1321200.0
31420.jpg,1290.0,900.0,1161000.0
31421.jpg,1157.0,900.0,1041300.0
31422.jpg,1484.0,900.0,1335600.0
31423.jpg,800.0,1080.0,864000.0
31424.jpg,800.0,1013.0,810400.0
31425.jpg,1400.0,862.0,1206800.0
31427.jpg,850.0,650.0,552500.0
31428.jpg,1110.0,1000.0,1110000.0
31429.jpg,900.0,1301.0,1170900.0
31430.jpg,1108.0,800.0,886400.0
31431.jpg,900.0,947.0,852300.0
31432.jpg,1192.0,850.0,1013200.0
31433.jpg,796.0,652.0,518992.0
31442.jpg,805.0,1200.0,966000.0
31443.jpg,741.0,1001.0,741741.0
31444.jpg,734.0,1100.0,807400.0
31446.jpg,1050.0,1529.0,1605450.0
31447.jpg,1000.0,1401.0,1401000.0
31448.jpg,1000.0,1553.0,1553000.0
31449.jpg,821.0,1300.0,1067300.0
31450.jpg,844.0,1250.0,1055000.0
31451.jpg,1000.0,1807.0,1807000.0
31452.jpg,1087.0,1077.0,1170699.0
31453.jpg,1159.0,852.0,987468.0
31456.jpg,650.0,1349.0,876850.0
31458.jpg,1150.0,720.0,828000.0
31465.jpg,599.0,800.0,479200.0
31466.jpg,750.0,934.0,700500.0
31467.jpg,921.0,1255.0,1155855.0
31468.jpg,648.0,880.0,570240.0
31470.jpg,695.0,1300.0,903500.0
31473.jpg,931.0,900.0,837900.0
31475.jpg,900.0,1048.0,943200.0
31476.jpg,837.0,1150.0,962550.0
31479.jpg,1000.0,1128.0,1128000.0
31480.jpg,905.0,1071.0,969255.0
31481.jpg,850.0,1131.0,961350.0
31482.jpg,973.0,1255.0,1221115.0
31483.jpg,900.0,1220.0,1098000.0
31484.jpg,605.0,750.0,453750.0
31485.jpg,1178.0,1000.0,1178000.0
31486.jpg,750.0,1002.0,751500.0
31487.jpg,1030.0,839.0,864170.0
31489.jpg,700.0,1147.0,802900.0
31491.jpg,941.0,1200.0,1129200.0
31492.jpg,1375.0,888.0,1221000.0
31493.jpg,750.0,1169.0,876750.0
31496.jpg,826.0,1074.0,887124.0
31497.jpg,700.0,1189.0,832300.0
31498.jpg,900.0,1038.0,934200.0
31499.jpg,820.0,1006.0,824920.0
31501.jpg,991.0,1546.0,1532086.0
31502.jpg,850.0,985.0,837250.0
31503.jpg,839.0,1533.0,1286187.0
31504.jpg,700.0,1200.0,840000.0
31505.jpg,619.0,1998.0,1236762.0
31506.jpg,631.0,1990.0,1255690.0
31507.jpg,1300.0,979.0,1272700.0
31508.jpg,1200.0,1153.0,1383600.0
31522.jpg,699.0,900.0,629100.0
31530.jpg,682.0,850.0,579700.0
31531.jpg,510.0,1000.0,510000.0
31532.jpg,597.0,887.0,529539.0
31533.jpg,629.0,900.0,566100.0
31534.jpg,610.0,800.0,488000.0
31535.jpg,616.0,900.0,554400.0
31536.jpg,694.0,834.0,578796.0
31537.jpg,656.0,800.0,524800.0
31539.jpg,767.0,1100.0,843700.0
31575.jpg,1436.0,1000.0,1436000.0
31578.jpg,900.0,1115.0,1003500.0
31579.jpg,900.0,1060.0,954000.0
31580.jpg,750.0,1057.0,792750.0
31583.jpg,900.0,1501.0,1350900.0
31584.jpg,900.0,1512.0,1360800.0
31585.jpg,666.0,900.0,599400.0
31586.jpg,1200.0,903.0,1083600.0
31587.jpg,1125.0,900.0,1012500.0
31588.jpg,1150.0,1164.0,1338600.0
31589.jpg,1231.0,1255.0,1544905.0
31590.jpg,1100.0,1429.0,1571900.0
31591.jpg,1016.0,1255.0,1275080.0
31592.jpg,1200.0,1273.0,1527600.0
31593.jpg,1150.0,1300.0,1495000.0
31595.jpg,1523.0,1000.0,1523000.0
31596.jpg,950.0,1201.0,1140950.0
31597.jpg,967.0,1200.0,1160400.0
31598.jpg,1100.0,900.0,990000.0
31599.jpg,1060.0,795.0,842700.0
31600.jpg,800.0,608.0,486400.0
31601.jpg,1300.0,1075.0,1397500.0
31602.jpg,1553.0,1000.0,1553000.0
31603.jpg,1500.0,913.0,1369500.0
31604.jpg,1700.0,675.0,1147500.0
31605.jpg,978.0,590.0,577020.0
31606.jpg,1495.0,1000.0,1495000.0
31607.jpg,1007.0,1200.0,1208400.0
31608.jpg,1098.0,1500.0,1647000.0
31609.jpg,1200.0,893.0,1071600.0
31610.jpg,1206.0,901.0,1086606.0
31614.jpg,939.0,700.0,657300.0
31615.jpg,1354.0,1000.0,1354000.0
31619.jpg,1000.0,1235.0,1235000.0
31621.jpg,1000.0,1119.0,1119000.0
31626.jpg,1321.0,900.0,1188900.0
31627.jpg,1142.0,1000.0,1142000.0
31628.jpg,1000.0,1224.0,1224000.0
31636.jpg,801.0,931.0,745731.0
31637.jpg,571.0,800.0,456800.0
31639.jpg,770.0,1162.0,894740.0
31665.jpg,686.0,1081.0,741566.0
31666.jpg,879.0,1000.0,879000.0
31674.jpg,978.0,527.0,515406.0
31679.jpg,910.0,1090.0,991900.0
31680.jpg,1059.0,1300.0,1376700.0
31681.jpg,1027.0,1240.0,1273480.0
31686.jpg,715.0,1120.0,800800.0
31687.jpg,750.0,950.0,712500.0
31688.jpg,1218.0,1200.0,1461600.0
31694.jpg,615.0,900.0,553500.0
31695.jpg,1443.0,1100.0,1587300.0
31696.jpg,1215.0,766.0,930690.0
31697.jpg,855.0,1523.0,1302165.0
31698.jpg,1000.0,1323.0,1323000.0
31699.jpg,811.0,809.0,656099.0
31701.jpg,700.0,1211.0,847700.0
31702.jpg,801.0,1010.0,809010.0
31703.jpg,1000.0,1289.0,1289000.0
31704.jpg,1148.0,1100.0,1262800.0
31705.jpg,720.0,1151.0,828720.0
31706.jpg,875.0,993.0,868875.0
31707.jpg,1050.0,1236.0,1297800.0
31708.jpg,900.0,1257.0,1131300.0
31709.jpg,750.0,1257.0,942750.0
31710.jpg,847.0,1400.0,1185800.0
31711.jpg,1192.0,932.0,1110944.0
31712.jpg,1192.0,1024.0,1220608.0
31713.jpg,1012.0,1200.0,1214400.0
31714.jpg,1019.0,1200.0,1222800.0
31715.jpg,1125.0,602.0,677250.0
31716.jpg,1136.0,602.0,683872.0
31717.jpg,1162.0,605.0,703010.0
31718.jpg,700.0,988.0,691600.0
31719.jpg,1000.0,1471.0,1471000.0
31720.jpg,1000.0,1401.0,1401000.0
31721.jpg,1000.0,1376.0,1376000.0
31722.jpg,850.0,1108.0,941800.0
31723.jpg,720.0,1022.0,735840.0
31724.jpg,1000.0,1412.0,1412000.0
31725.jpg,1164.0,1500.0,1746000.0
31726.jpg,904.0,1309.0,1183336.0
31727.jpg,709.0,1138.0,806842.0
31728.jpg,903.0,1010.0,912030.0
31729.jpg,1100.0,1131.0,1244100.0
31730.jpg,1004.0,1002.0,1006008.0
31731.jpg,1022.0,1800.0,1839600.0
31732.jpg,801.0,1220.0,977220.0
31733.jpg,900.0,901.0,810900.0
31734.jpg,1040.0,1253.0,1303120.0
31735.jpg,1100.0,1489.0,1637900.0
31736.jpg,830.0,1093.0,907190.0
31737.jpg,891.0,1030.0,917730.0
31738.jpg,886.0,1030.0,912580.0
31739.jpg,850.0,1144.0,972400.0
31740.jpg,1404.0,1400.0,1965600.0
31741.jpg,820.0,1075.0,881500.0
31742.jpg,920.0,1203.0,1106760.0
31743.jpg,1100.0,1397.0,1536700.0
31744.jpg,801.0,1082.0,866682.0
31745.jpg,804.0,1153.0,927012.0
31746.jpg,801.0,1155.0,925155.0
31747.jpg,1030.0,1300.0,1339000.0
31748.jpg,1019.0,1200.0,1222800.0
31749.jpg,1026.0,1400.0,1436400.0
31750.jpg,850.0,1203.0,1022550.0
31751.jpg,820.0,1255.0,1029100.0
31752.jpg,945.0,1400.0,1323000.0
31753.jpg,1100.0,1347.0,1481700.0
31754.jpg,901.0,1127.0,1015427.0
31755.jpg,1191.0,1110.0,1322010.0
31756.jpg,804.0,908.0,730032.0
31757.jpg,860.0,1145.0,984700.0
31758.jpg,1000.0,1422.0,1422000.0
31759.jpg,805.0,1018.0,819490.0
31760.jpg,1100.0,1202.0,1322200.0
31761.jpg,900.0,1161.0,1044900.0
31762.jpg,800.0,1131.0,904800.0
31763.jpg,1000.0,1433.0,1433000.0
31764.jpg,929.0,1200.0,1114800.0
31765.jpg,850.0,1157.0,983450.0
31766.jpg,900.0,1288.0,1159200.0
31767.jpg,638.0,800.0,510400.0
31768.jpg,801.0,1167.0,934767.0
31769.jpg,1072.0,1402.0,1502944.0
31770.jpg,1000.0,1021.0,1021000.0
31771.jpg,1019.0,1200.0,1222800.0
31772.jpg,803.0,1085.0,871255.0
31773.jpg,900.0,1567.0,1410300.0
31774.jpg,806.0,1081.0,871286.0
31775.jpg,1398.0,600.0,838800.0
31776.jpg,1261.0,900.0,1134900.0
31777.jpg,1200.0,959.0,1150800.0
31778.jpg,850.0,1042.0,885700.0
31779.jpg,1400.0,956.0,1338400.0
31780.jpg,1060.0,1200.0,1272000.0
31781.jpg,1033.0,1200.0,1239600.0
31782.jpg,1000.0,1200.0,1200000.0
31783.jpg,804.0,1052.0,845808.0
31784.jpg,720.0,1040.0,748800.0
31785.jpg,930.0,1094.0,1017420.0
31786.jpg,880.0,1032.0,908160.0
31787.jpg,718.0,885.0,635430.0
31788.jpg,706.0,870.0,614220.0
31789.jpg,1115.0,651.0,725865.0
31790.jpg,802.0,1024.0,821248.0
31791.jpg,502.0,1344.0,674688.0
31792.jpg,1326.0,1000.0,1326000.0
31793.jpg,1672.0,807.0,1349304.0
31794.jpg,883.0,834.0,736422.0
31795.jpg,800.0,945.0,756000.0
31796.jpg,700.0,979.0,685300.0
31797.jpg,1893.0,532.0,1007076.0
31798.jpg,892.0,1090.0,972280.0
31799.jpg,1096.0,770.0,843920.0
31800.jpg,770.0,953.0,733810.0
31801.jpg,851.0,1040.0,885040.0
31802.jpg,701.0,858.0,601458.0
31803.jpg,635.0,769.0,488315.0
31804.jpg,705.0,861.0,607005.0
31805.jpg,702.0,846.0,593892.0
31806.jpg,680.0,932.0,633760.0
31807.jpg,700.0,1118.0,782600.0
31808.jpg,1323.0,900.0,1190700.0
31809.jpg,1352.0,850.0,1149200.0
31810.jpg,810.0,917.0,742770.0
31811.jpg,860.0,850.0,731000.0
31812.jpg,701.0,871.0,610571.0
31813.jpg,770.0,1061.0,816970.0
31814.jpg,708.0,863.0,611004.0
31815.jpg,902.0,1120.0,1010240.0
31816.jpg,709.0,854.0,605486.0
31817.jpg,635.0,768.0,487680.0
31818.jpg,750.0,1045.0,783750.0
31819.jpg,1000.0,1227.0,1227000.0
31820.jpg,750.0,980.0,735000.0
31821.jpg,1314.0,1000.0,1314000.0
31822.jpg,1153.0,900.0,1037700.0
31823.jpg,1020.0,660.0,673200.0
31824.jpg,750.0,1021.0,765750.0
31825.jpg,726.0,843.0,612018.0
31826.jpg,1000.0,1378.0,1378000.0
31827.jpg,939.0,729.0,684531.0
31828.jpg,1065.0,900.0,958500.0
31829.jpg,900.0,1133.0,1019700.0
31830.jpg,1029.0,1001.0,1030029.0
31831.jpg,1035.0,1003.0,1038105.0
31832.jpg,1000.0,960.0,960000.0
31833.jpg,1000.0,963.0,963000.0
31834.jpg,760.0,894.0,679440.0
31835.jpg,792.0,938.0,742896.0
31836.jpg,793.0,944.0,748592.0
31837.jpg,792.0,946.0,749232.0
31838.jpg,1200.0,905.0,1086000.0
31839.jpg,1251.0,900.0,1125900.0
31840.jpg,750.0,1037.0,777750.0
31841.jpg,1400.0,799.0,1118600.0
31842.jpg,1035.0,749.0,775215.0
31843.jpg,907.0,1086.0,985002.0
31844.jpg,901.0,1103.0,993803.0
31845.jpg,1300.0,851.0,1106300.0
31846.jpg,1000.0,1296.0,1296000.0
31847.jpg,902.0,1102.0,994004.0
31848.jpg,833.0,1030.0,857990.0
31849.jpg,901.0,1097.0,988397.0
31850.jpg,901.0,1096.0,987496.0
31851.jpg,1400.0,917.0,1283800.0
31852.jpg,902.0,1108.0,999416.0
31853.jpg,901.0,1098.0,989298.0
31854.jpg,1000.0,1237.0,1237000.0
31855.jpg,908.0,1118.0,1015144.0
31856.jpg,1428.0,800.0,1142400.0
31857.jpg,852.0,1100.0,937200.0
31858.jpg,1000.0,1225.0,1225000.0
31859.jpg,1340.0,850.0,1139000.0
31860.jpg,1000.0,1213.0,1213000.0
31861.jpg,861.0,1050.0,904050.0
31862.jpg,810.0,1060.0,858600.0
31863.jpg,1000.0,1295.0,1295000.0
31864.jpg,850.0,1063.0,903550.0
31865.jpg,1000.0,1298.0,1298000.0
31866.jpg,1000.0,1224.0,1224000.0
31867.jpg,1344.0,850.0,1142400.0
31868.jpg,1351.0,850.0,1148350.0
31869.jpg,1000.0,1230.0,1230000.0
31870.jpg,1343.0,850.0,1141550.0
31871.jpg,965.0,1200.0,1158000.0
31872.jpg,1353.0,850.0,1150050.0
31873.jpg,1191.0,740.0,881340.0
31874.jpg,953.0,1200.0,1143600.0
31875.jpg,1000.0,1294.0,1294000.0
31876.jpg,1149.0,670.0,769830.0
31877.jpg,900.0,1110.0,999000.0
31878.jpg,900.0,1103.0,992700.0
31879.jpg,850.0,1051.0,893350.0
31880.jpg,891.0,650.0,579150.0
31881.jpg,1027.0,800.0,821600.0
31882.jpg,1300.0,964.0,1253200.0
31883.jpg,980.0,856.0,838880.0
31884.jpg,850.0,1098.0,933300.0
31885.jpg,910.0,1200.0,1092000.0
31886.jpg,1358.0,850.0,1154300.0
31887.jpg,850.0,1044.0,887400.0
31888.jpg,1446.0,550.0,795300.0
31889.jpg,1000.0,1344.0,1344000.0
31890.jpg,820.0,1102.0,903640.0
31891.jpg,560.0,648.0,362880.0
31892.jpg,807.0,1138.0,918366.0
31893.jpg,900.0,1176.0,1058400.0
31894.jpg,900.0,1119.0,1007100.0
31895.jpg,900.0,1126.0,1013400.0
31896.jpg,1000.0,1222.0,1222000.0
31897.jpg,900.0,1163.0,1046700.0
31898.jpg,1200.0,752.0,902400.0
31899.jpg,1168.0,800.0,934400.0
31900.jpg,1003.0,1006.0,1009018.0
31901.jpg,868.0,1313.0,1139684.0
31902.jpg,822.0,1099.0,903378.0
31903.jpg,850.0,1048.0,890800.0
31904.jpg,862.0,1500.0,1293000.0
31905.jpg,850.0,1147.0,974950.0
31906.jpg,806.0,1080.0,870480.0
31907.jpg,1000.0,1363.0,1363000.0
31908.jpg,1040.0,1400.0,1456000.0
31909.jpg,1030.0,1390.0,1431700.0
31910.jpg,809.0,705.0,570345.0
31911.jpg,1134.0,675.0,765450.0
31912.jpg,832.0,1037.0,862784.0
31913.jpg,760.0,940.0,714400.0
31914.jpg,1000.0,1178.0,1178000.0
31915.jpg,1317.0,640.0,842880.0
31916.jpg,1338.0,1150.0,1538700.0
31917.jpg,1226.0,1150.0,1409900.0
31918.jpg,901.0,781.0,703681.0
31919.jpg,770.0,1254.0,965580.0
31920.jpg,903.0,1106.0,998718.0
31921.jpg,998.0,717.0,715566.0
31922.jpg,750.0,1248.0,936000.0
31923.jpg,1000.0,1000.0,1000000.0
31924.jpg,780.0,920.0,717600.0
31925.jpg,805.0,1058.0,851690.0
31927.jpg,1000.0,1067.0,1067000.0
31928.jpg,806.0,1021.0,822926.0
31929.jpg,778.0,1200.0,933600.0
31930.jpg,800.0,1163.0,930400.0
31931.jpg,802.0,1013.0,812426.0
31932.jpg,801.0,1073.0,859473.0
31933.jpg,1118.0,770.0,860860.0
31934.jpg,760.0,1029.0,782040.0
31935.jpg,1008.0,1400.0,1411200.0
31938.jpg,1120.0,708.0,792960.0
31939.jpg,1126.0,707.0,796082.0
31940.jpg,1030.0,667.0,687010.0
31941.jpg,1200.0,1041.0,1249200.0
31942.jpg,850.0,936.0,795600.0
31943.jpg,926.0,608.0,563008.0
31944.jpg,1020.0,807.0,823140.0
31945.jpg,896.0,699.0,626304.0
31946.jpg,1010.0,665.0,671650.0
31947.jpg,1026.0,850.0,872100.0
31948.jpg,957.0,645.0,617265.0
31949.jpg,955.0,644.0,615020.0
31950.jpg,1000.0,1094.0,1094000.0
31951.jpg,1000.0,1228.0,1228000.0
31952.jpg,870.0,1070.0,930900.0
31953.jpg,1214.0,1000.0,1214000.0
31954.jpg,1344.0,800.0,1075200.0
31955.jpg,1213.0,1000.0,1213000.0
31956.jpg,1353.0,800.0,1082400.0
31957.jpg,1280.0,800.0,1024000.0
31958.jpg,1276.0,800.0,1020800.0
31959.jpg,1345.0,800.0,1076000.0
31960.jpg,1275.0,800.0,1020000.0
31961.jpg,900.0,1161.0,1044900.0
31962.jpg,900.0,1308.0,1177200.0
31963.jpg,1000.0,1190.0,1190000.0
31964.jpg,900.0,1090.0,981000.0
31965.jpg,900.0,1139.0,1025100.0
31966.jpg,900.0,1170.0,1053000.0
31967.jpg,900.0,1169.0,1052100.0
31968.jpg,958.0,800.0,766400.0
31969.jpg,806.0,1200.0,967200.0
31970.jpg,1023.0,1200.0,1227600.0
31971.jpg,1059.0,1400.0,1482600.0
31972.jpg,942.0,739.0,696138.0
31973.jpg,850.0,1072.0,911200.0
31974.jpg,670.0,1107.0,741690.0
31975.jpg,1186.0,1400.0,1660400.0
31976.jpg,1040.0,1200.0,1248000.0
31977.jpg,953.0,1200.0,1143600.0
31978.jpg,750.0,1101.0,825750.0
31979.jpg,1020.0,1200.0,1224000.0
31980.jpg,899.0,650.0,584350.0
31981.jpg,816.0,942.0,768672.0
31982.jpg,1042.0,1400.0,1458800.0
31985.jpg,1100.0,1416.0,1557600.0
31986.jpg,808.0,993.0,802344.0
31987.jpg,820.0,1010.0,828200.0
31988.jpg,801.0,1177.0,942777.0
31989.jpg,977.0,958.0,935966.0
31990.jpg,750.0,1130.0,847500.0
31991.jpg,802.0,1085.0,870170.0
31992.jpg,1029.0,1200.0,1234800.0
31993.jpg,1025.0,1200.0,1230000.0
32121.jpg,928.0,1000.0,928000.0
32130.jpg,1214.0,1500.0,1821000.0
32131.jpg,900.0,1109.0,998100.0
32132.jpg,1139.0,600.0,683400.0
32137.jpg,911.0,989.0,900979.0
32173.jpg,1206.0,882.0,1063692.0
32174.jpg,763.0,750.0,572250.0
32175.jpg,1300.0,961.0,1249300.0
32180.jpg,1115.0,850.0,947750.0
32181.jpg,745.0,1160.0,864200.0
32182.jpg,825.0,1000.0,825000.0
32183.jpg,800.0,1108.0,886400.0
32184.jpg,815.0,1050.0,855750.0
32185.jpg,832.0,990.0,823680.0
32186.jpg,798.0,829.0,661542.0
32188.jpg,816.0,1200.0,979200.0
32190.jpg,1298.0,705.0,915090.0
32191.jpg,1300.0,783.0,1017900.0
32192.jpg,1400.0,748.0,1047200.0
32199.jpg,621.0,887.0,550827.0
32200.jpg,889.0,619.0,550291.0
32201.jpg,534.0,1017.0,543078.0
32202.jpg,617.0,888.0,547896.0
32203.jpg,889.0,617.0,548513.0
32204.jpg,680.0,1183.0,804440.0
32225.jpg,916.0,1067.0,977372.0
32226.jpg,1172.0,1000.0,1172000.0
32228.jpg,717.0,1183.0,848211.0
32231.jpg,800.0,1213.0,970400.0
32233.jpg,1300.0,779.0,1012700.0
32234.jpg,809.0,1000.0,809000.0
32235.jpg,799.0,1000.0,799000.0
32236.jpg,770.0,1500.0,1155000.0
32237.jpg,822.0,1041.0,855702.0
32238.jpg,1352.0,1600.0,2163200.0
32241.jpg,850.0,1213.0,1031050.0
32242.jpg,759.0,990.0,751410.0
32243.jpg,1196.0,817.0,977132.0
32247.jpg,1500.0,1056.0,1584000.0
32249.jpg,1080.0,780.0,842400.0
32251.jpg,1087.0,770.0,836990.0
32252.jpg,1206.0,900.0,1085400.0
32253.jpg,900.0,1185.0,1066500.0
32254.jpg,1000.0,1356.0,1356000.0
32255.jpg,1181.0,930.0,1098330.0
32256.jpg,891.0,690.0,614790.0
32257.jpg,1030.0,866.0,891980.0
32258.jpg,1203.0,900.0,1082700.0
32259.jpg,1000.0,1348.0,1348000.0
32260.jpg,850.0,1077.0,915450.0
32261.jpg,850.0,1033.0,878050.0
32262.jpg,1000.0,1350.0,1350000.0
32264.jpg,1077.0,850.0,915450.0
32265.jpg,900.0,1143.0,1028700.0
32266.jpg,1000.0,1201.0,1201000.0
32269.jpg,1192.0,1500.0,1788000.0
32270.jpg,659.0,836.0,550924.0
32271.jpg,617.0,1004.0,619468.0
32273.jpg,800.0,1644.0,1315200.0
32274.jpg,881.0,837.0,737397.0
32275.jpg,500.0,800.0,400000.0
32276.jpg,850.0,1069.0,908650.0
32277.jpg,1123.0,850.0,954550.0
32278.jpg,862.0,701.0,604262.0
32279.jpg,700.0,1275.0,892500.0
32280.jpg,1000.0,1305.0,1305000.0
32281.jpg,950.0,1160.0,1102000.0
32283.jpg,764.0,987.0,754068.0
32284.jpg,1000.0,1255.0,1255000.0
32285.jpg,1320.0,1000.0,1320000.0
32286.jpg,1139.0,1500.0,1708500.0
32287.jpg,1030.0,840.0,865200.0
32288.jpg,1390.0,1000.0,1390000.0
32289.jpg,889.0,650.0,577850.0
32290.jpg,1400.0,1077.0,1507800.0
32291.jpg,921.0,1250.0,1151250.0
32292.jpg,1264.0,1000.0,1264000.0
32293.jpg,1000.0,1217.0,1217000.0
32294.jpg,955.0,707.0,675185.0
32295.jpg,800.0,1260.0,1008000.0
32301.jpg,916.0,1159.0,1061644.0
32302.jpg,907.0,1159.0,1051213.0
32303.jpg,1159.0,842.0,975878.0
32304.jpg,769.0,950.0,730550.0
32305.jpg,1348.0,1000.0,1348000.0
32306.jpg,1348.0,956.0,1288688.0
32308.jpg,1513.0,1200.0,1815600.0
32309.jpg,1080.0,1306.0,1410480.0
32310.jpg,669.0,800.0,535200.0
32315.jpg,1205.0,851.0,1025455.0
32317.jpg,1210.0,908.0,1098680.0
32318.jpg,800.0,1115.0,892000.0
32319.jpg,601.0,911.0,547511.0
32320.jpg,1551.0,1100.0,1706100.0
32321.jpg,1000.0,1300.0,1300000.0
32322.jpg,1000.0,1309.0,1309000.0
32323.jpg,1003.0,1200.0,1203600.0
32324.jpg,1000.0,1250.0,1250000.0
32325.jpg,1021.0,1200.0,1225200.0
32326.jpg,1300.0,1020.0,1326000.0
32327.jpg,1200.0,1017.0,1220400.0
32328.jpg,854.0,1019.0,870226.0
32329.jpg,837.0,989.0,827793.0
32330.jpg,1183.0,1500.0,1774500.0
32331.jpg,900.0,1125.0,1012500.0
32332.jpg,1311.0,1600.0,2097600.0
32333.jpg,1062.0,1300.0,1380600.0
32334.jpg,1255.0,1300.0,1631500.0
32335.jpg,1011.0,1402.0,1417422.0
32336.jpg,1300.0,1020.0,1326000.0
32337.jpg,1200.0,911.0,1093200.0
32338.jpg,909.0,1200.0,1090800.0
32339.jpg,600.0,903.0,541800.0
32340.jpg,1130.0,1400.0,1582000.0
32341.jpg,1250.0,650.0,812500.0
32342.jpg,1064.0,1400.0,1489600.0
32343.jpg,1025.0,1300.0,1332500.0
32344.jpg,800.0,1149.0,919200.0
32345.jpg,900.0,1208.0,1087200.0
32346.jpg,970.0,1300.0,1261000.0
32347.jpg,1018.0,1400.0,1425200.0
32348.jpg,723.0,1000.0,723000.0
32349.jpg,1267.0,1000.0,1267000.0
32350.jpg,1000.0,1419.0,1419000.0
32351.jpg,823.0,1051.0,864973.0
32352.jpg,1111.0,1400.0,1555400.0
32353.jpg,1333.0,1000.0,1333000.0
32354.jpg,1173.0,1500.0,1759500.0
32355.jpg,1100.0,1478.0,1625800.0
32356.jpg,1091.0,750.0,818250.0
32357.jpg,800.0,966.0,772800.0
32358.jpg,1542.0,1100.0,1696200.0
32359.jpg,1400.0,1462.0,2046800.0
32360.jpg,1300.0,1037.0,1348100.0
32361.jpg,1000.0,1173.0,1173000.0
32362.jpg,1312.0,1200.0,1574400.0
32363.jpg,1100.0,757.0,832700.0
32364.jpg,1040.0,1300.0,1352000.0
32365.jpg,1180.0,1500.0,1770000.0
32366.jpg,1386.0,1600.0,2217600.0
32367.jpg,1100.0,1336.0,1469600.0
32368.jpg,1000.0,1228.0,1228000.0
32369.jpg,1200.0,1603.0,1923600.0
32370.jpg,961.0,1255.0,1206055.0
32371.jpg,880.0,1200.0,1056000.0
32372.jpg,863.0,1024.0,883712.0
32373.jpg,462.0,650.0,300300.0
32374.jpg,546.0,1035.0,565110.0
32375.jpg,750.0,518.0,388500.0
32376.jpg,1066.0,1400.0,1492400.0
32377.jpg,1095.0,1500.0,1642500.0
32378.jpg,871.0,1000.0,871000.0
32379.jpg,828.0,1001.0,828828.0
32380.jpg,1157.0,800.0,925600.0
32381.jpg,1038.0,1300.0,1349400.0
32382.jpg,1038.0,1200.0,1245600.0
32383.jpg,1000.0,1304.0,1304000.0
32384.jpg,850.0,1255.0,1066750.0
32385.jpg,941.0,1400.0,1317400.0
32386.jpg,1072.0,1300.0,1393600.0
32387.jpg,1600.0,1226.0,1961600.0
32388.jpg,1400.0,1226.0,1716400.0
32389.jpg,1400.0,1128.0,1579200.0
32390.jpg,1064.0,1300.0,1383200.0
32391.jpg,1104.0,1400.0,1545600.0
32392.jpg,1373.0,1000.0,1373000.0
32393.jpg,1113.0,1300.0,1446900.0
32394.jpg,1505.0,1100.0,1655500.0
32395.jpg,1300.0,969.0,1259700.0
32396.jpg,1600.0,1305.0,2088000.0
32397.jpg,1100.0,1529.0,1681900.0
32398.jpg,1400.0,1415.0,1981000.0
32399.jpg,1200.0,1214.0,1456800.0
32400.jpg,1200.0,1265.0,1518000.0
32401.jpg,1225.0,1000.0,1225000.0
32402.jpg,1500.0,1179.0,1768500.0
32403.jpg,1000.0,1227.0,1227000.0
32404.jpg,900.0,904.0,813600.0
32405.jpg,1122.0,1253.0,1405866.0
32406.jpg,453.0,620.0,280860.0
32407.jpg,614.0,852.0,523128.0
32408.jpg,800.0,1009.0,807200.0
32409.jpg,1205.0,1300.0,1566500.0
32410.jpg,1600.0,1245.0,1992000.0
32411.jpg,1400.0,1302.0,1822800.0
32412.jpg,1215.0,1600.0,1944000.0
32413.jpg,1400.0,1118.0,1565200.0
32414.jpg,1424.0,1100.0,1566400.0
32415.jpg,1161.0,1400.0,1625400.0
32416.jpg,1073.0,1400.0,1502200.0
32417.jpg,1305.0,1800.0,2349000.0
32418.jpg,1015.0,1400.0,1421000.0
32419.jpg,1255.0,1142.0,1433210.0
32420.jpg,948.0,590.0,559320.0
32421.jpg,381.0,500.0,190500.0
32422.jpg,429.0,610.0,261690.0
32423.jpg,1194.0,1400.0,1671600.0
32424.jpg,1104.0,1300.0,1435200.0
32425.jpg,1408.0,1100.0,1548800.0
32426.jpg,1364.0,1000.0,1364000.0
32427.jpg,1297.0,1200.0,1556400.0
32428.jpg,1532.0,1600.0,2451200.0
32429.jpg,1200.0,1244.0,1492800.0
32430.jpg,1101.0,1500.0,1651500.0
32431.jpg,603.0,1269.0,765207.0
32432.jpg,1600.0,983.0,1572800.0
32433.jpg,1000.0,1359.0,1359000.0
32434.jpg,1000.0,1326.0,1326000.0
32435.jpg,1258.0,1500.0,1887000.0
32436.jpg,671.0,900.0,603900.0
32437.jpg,725.0,950.0,688750.0
32438.jpg,900.0,1157.0,1041300.0
32439.jpg,566.0,700.0,396200.0
32440.jpg,600.0,759.0,455400.0
32441.jpg,1128.0,1400.0,1579200.0
32442.jpg,626.0,850.0,532100.0
32443.jpg,1100.0,1202.0,1322200.0
32444.jpg,1076.0,1400.0,1506400.0
32445.jpg,837.0,958.0,801846.0
32446.jpg,1100.0,1449.0,1593900.0
32447.jpg,900.0,1204.0,1083600.0
32448.jpg,773.0,1000.0,773000.0
32449.jpg,826.0,1000.0,826000.0
32450.jpg,1200.0,1610.0,1932000.0
32451.jpg,1218.0,1500.0,1827000.0
32452.jpg,1144.0,1500.0,1716000.0
32453.jpg,1264.0,1600.0,2022400.0
32454.jpg,1278.0,1600.0,2044800.0
32455.jpg,900.0,1123.0,1010700.0
32456.jpg,1227.0,1500.0,1840500.0
32457.jpg,900.0,1140.0,1026000.0
32458.jpg,1200.0,1501.0,1801200.0
32459.jpg,1058.0,1400.0,1481200.0
32460.jpg,1830.0,1200.0,2196000.0
32461.jpg,1318.0,1600.0,2108800.0
32462.jpg,1300.0,1741.0,2263300.0
32463.jpg,1296.0,1600.0,2073600.0
32464.jpg,1277.0,1600.0,2043200.0
32465.jpg,796.0,1010.0,803960.0
32466.jpg,1100.0,1407.0,1547700.0
32467.jpg,1000.0,1207.0,1207000.0
32468.jpg,749.0,1000.0,749000.0
32469.jpg,1000.0,1309.0,1309000.0
32470.jpg,800.0,1030.0,824000.0
32471.jpg,1003.0,1300.0,1303900.0
32472.jpg,1012.0,1300.0,1315600.0
32473.jpg,958.0,1500.0,1437000.0
32474.jpg,966.0,1500.0,1449000.0
32475.jpg,1013.0,1255.0,1271315.0
32476.jpg,814.0,998.0,812372.0
32477.jpg,1000.0,1265.0,1265000.0
32478.jpg,776.0,1010.0,783760.0
32479.jpg,1000.0,1327.0,1327000.0
32480.jpg,947.0,1400.0,1325800.0
32481.jpg,800.0,1296.0,1036800.0
32482.jpg,1100.0,1405.0,1545500.0
32483.jpg,1200.0,1625.0,1950000.0
32484.jpg,932.0,1246.0,1161272.0
32485.jpg,983.0,1250.0,1228750.0
32486.jpg,1000.0,1253.0,1253000.0
32487.jpg,1600.0,1364.0,2182400.0
32488.jpg,1164.0,900.0,1047600.0
32489.jpg,798.0,970.0,774060.0
32490.jpg,1068.0,1300.0,1388400.0
32491.jpg,617.0,800.0,493600.0
32492.jpg,1000.0,1211.0,1211000.0
32493.jpg,1321.0,1600.0,2113600.0
32494.jpg,816.0,936.0,763776.0
32495.jpg,1213.0,1500.0,1819500.0
32496.jpg,1120.0,1400.0,1568000.0
32497.jpg,1000.0,1148.0,1148000.0
32498.jpg,1000.0,1171.0,1171000.0
32499.jpg,1257.0,1500.0,1885500.0
32500.jpg,583.0,750.0,437250.0
32501.jpg,467.0,610.0,284870.0
32502.jpg,800.0,543.0,434400.0
32503.jpg,1058.0,1253.0,1325674.0
32504.jpg,1100.0,1460.0,1606000.0
32505.jpg,1313.0,1600.0,2100800.0
32506.jpg,1014.0,1255.0,1272570.0
32507.jpg,1200.0,1321.0,1585200.0
32508.jpg,1437.0,1550.0,2227350.0
32509.jpg,518.0,628.0,325304.0
32510.jpg,1004.0,842.0,845368.0
32511.jpg,1200.0,1468.0,1761600.0
32512.jpg,1100.0,1204.0,1324400.0
32513.jpg,1000.0,1365.0,1365000.0
32514.jpg,1200.0,1578.0,1893600.0
32515.jpg,1340.0,1600.0,2144000.0
32516.jpg,1000.0,1200.0,1200000.0
32517.jpg,1095.0,1400.0,1533000.0
32518.jpg,1318.0,1700.0,2240600.0
32519.jpg,900.0,1113.0,1001700.0
32520.jpg,800.0,964.0,771200.0
32521.jpg,821.0,1005.0,825105.0
32522.jpg,1310.0,1500.0,1965000.0
32523.jpg,1080.0,1300.0,1404000.0
32524.jpg,1325.0,1500.0,1987500.0
32525.jpg,1200.0,1606.0,1927200.0
32526.jpg,1200.0,1607.0,1928400.0
32527.jpg,800.0,986.0,788800.0
32528.jpg,1200.0,1439.0,1726800.0
32529.jpg,1300.0,1600.0,2080000.0
32530.jpg,1304.0,1600.0,2086400.0
32531.jpg,1144.0,1400.0,1601600.0
32532.jpg,1500.0,1081.0,1621500.0
32533.jpg,805.0,1082.0,871010.0
32534.jpg,930.0,1100.0,1023000.0
32535.jpg,900.0,1094.0,984600.0
32536.jpg,989.0,1255.0,1241195.0
32537.jpg,1200.0,1518.0,1821600.0
32538.jpg,1159.0,1400.0,1622600.0
32539.jpg,1700.0,1323.0,2249100.0
32540.jpg,1133.0,1500.0,1699500.0
32541.jpg,1094.0,1300.0,1422200.0
32542.jpg,1045.0,770.0,804650.0
32543.jpg,1600.0,1333.0,2132800.0
32544.jpg,1430.0,1200.0,1716000.0
32545.jpg,1200.0,1440.0,1728000.0
32546.jpg,1168.0,1400.0,1635200.0
32547.jpg,1018.0,850.0,865300.0
32548.jpg,591.0,1000.0,591000.0
32549.jpg,709.0,1196.0,847964.0
32550.jpg,1600.0,1203.0,1924800.0
32551.jpg,1475.0,1000.0,1475000.0
32552.jpg,1180.0,800.0,944000.0
32553.jpg,1177.0,1400.0,1647800.0
32554.jpg,1066.0,800.0,852800.0
32555.jpg,1031.0,805.0,829955.0
32556.jpg,744.0,1000.0,744000.0
32557.jpg,745.0,900.0,670500.0
32558.jpg,800.0,966.0,772800.0
32559.jpg,931.0,1200.0,1117200.0
32560.jpg,800.0,1035.0,828000.0
32561.jpg,974.0,1200.0,1168800.0
32562.jpg,1000.0,1251.0,1251000.0
32563.jpg,1149.0,1500.0,1723500.0
32564.jpg,900.0,1169.0,1052100.0
32565.jpg,931.0,1200.0,1117200.0
32566.jpg,900.0,1066.0,959400.0
32567.jpg,850.0,1023.0,869550.0
32568.jpg,1094.0,1300.0,1422200.0
32569.jpg,922.0,1103.0,1016966.0
32570.jpg,750.0,935.0,701250.0
32571.jpg,730.0,875.0,638750.0
32572.jpg,808.0,1070.0,864560.0
32573.jpg,746.0,950.0,708700.0
32574.jpg,643.0,800.0,514400.0
32575.jpg,1337.0,1600.0,2139200.0
32576.jpg,1045.0,1300.0,1358500.0
32577.jpg,1200.0,1397.0,1676400.0
32578.jpg,1100.0,1321.0,1453100.0
32579.jpg,1035.0,1400.0,1449000.0
32580.jpg,916.0,1200.0,1099200.0
32581.jpg,741.0,947.0,701727.0
32582.jpg,1000.0,1306.0,1306000.0
32583.jpg,831.0,1020.0,847620.0
32584.jpg,1352.0,1500.0,2028000.0
32585.jpg,1423.0,1000.0,1423000.0
32586.jpg,1105.0,770.0,850850.0
32587.jpg,1000.0,1363.0,1363000.0
32588.jpg,1165.0,800.0,932000.0
32589.jpg,1131.0,800.0,904800.0
32590.jpg,1300.0,966.0,1255800.0
32591.jpg,1491.0,1100.0,1640100.0
32592.jpg,809.0,600.0,485400.0
32593.jpg,994.0,834.0,828996.0
32594.jpg,719.0,900.0,647100.0
32595.jpg,1051.0,1400.0,1471400.0
32596.jpg,1600.0,1180.0,1888000.0
32597.jpg,422.0,800.0,337600.0
32598.jpg,1100.0,850.0,935000.0
32599.jpg,1000.0,1300.0,1300000.0
32600.jpg,800.0,1022.0,817600.0
32601.jpg,971.0,800.0,776800.0
32602.jpg,1200.0,1503.0,1803600.0
32603.jpg,1391.0,1200.0,1669200.0
32604.jpg,1000.0,1065.0,1065000.0
32605.jpg,1089.0,1500.0,1633500.0
32606.jpg,1063.0,1300.0,1381900.0
32828.jpg,452.0,650.0,293800.0
32829.jpg,630.0,841.0,529830.0
32830.jpg,800.0,962.0,769600.0
32831.jpg,601.0,800.0,480800.0
32832.jpg,670.0,800.0,536000.0
32833.jpg,800.0,972.0,777600.0
32834.jpg,1255.0,900.0,1129500.0
32835.jpg,640.0,849.0,543360.0
32836.jpg,726.0,652.0,473352.0
32837.jpg,1300.0,1697.0,2206100.0
32838.jpg,1043.0,1300.0,1355900.0
32839.jpg,1299.0,1600.0,2078400.0
32840.jpg,1305.0,1600.0,2088000.0
32841.jpg,1320.0,1600.0,2112000.0
32842.jpg,722.0,850.0,613700.0
32843.jpg,807.0,1070.0,863490.0
32844.jpg,1038.0,1300.0,1349400.0
32845.jpg,1434.0,1600.0,2294400.0
32846.jpg,1084.0,1400.0,1517600.0
32847.jpg,1368.0,1700.0,2325600.0
32848.jpg,1000.0,1202.0,1202000.0
32849.jpg,1338.0,1700.0,2274600.0
32850.jpg,1330.0,1600.0,2128000.0
32851.jpg,1555.0,1200.0,1866000.0
32852.jpg,1341.0,1600.0,2145600.0
32853.jpg,1200.0,1601.0,1921200.0
32854.jpg,1311.0,1500.0,1966500.0
32855.jpg,1216.0,907.0,1102912.0
32856.jpg,1500.0,1131.0,1696500.0
32857.jpg,1075.0,900.0,967500.0
32869.jpg,801.0,1147.0,918747.0
32874.jpg,794.0,1087.0,863078.0
32875.jpg,1400.0,1016.0,1422400.0
32876.jpg,1511.0,1100.0,1662100.0
32877.jpg,1263.0,509.0,642867.0
32878.jpg,1826.0,800.0,1460800.0
32879.jpg,649.0,843.0,547107.0
32880.jpg,610.0,880.0,536800.0
32881.jpg,630.0,920.0,579600.0
32882.jpg,648.0,848.0,549504.0
32883.jpg,1000.0,1311.0,1311000.0
32884.jpg,701.0,1096.0,768296.0
32885.jpg,800.0,1039.0,831200.0
32887.jpg,981.0,666.0,653346.0
32888.jpg,770.0,1026.0,790020.0
32889.jpg,904.0,1200.0,1084800.0
32890.jpg,800.0,1078.0,862400.0
32891.jpg,614.0,971.0,596194.0
32892.jpg,731.0,1194.0,872814.0
32893.jpg,750.0,1084.0,813000.0
32894.jpg,700.0,904.0,632800.0
32895.jpg,600.0,1025.0,615000.0
32896.jpg,670.0,841.0,563470.0
32897.jpg,615.0,820.0,504300.0
32898.jpg,1340.0,900.0,1206000.0
32899.jpg,931.0,1117.0,1039927.0
32900.jpg,1000.0,1304.0,1304000.0
32901.jpg,1017.0,1400.0,1423800.0
32902.jpg,883.0,872.0,769976.0
32903.jpg,902.0,1191.0,1074282.0
32904.jpg,800.0,1320.0,1056000.0
32905.jpg,841.0,1500.0,1261500.0
32906.jpg,899.0,677.0,608623.0
32907.jpg,1000.0,1351.0,1351000.0
32908.jpg,683.0,1400.0,956200.0
32911.jpg,850.0,1008.0,856800.0
32912.jpg,900.0,1195.0,1075500.0
32913.jpg,700.0,927.0,648900.0
32914.jpg,600.0,808.0,484800.0
32915.jpg,817.0,1123.0,917491.0
32916.jpg,1029.0,1255.0,1291395.0
32918.jpg,800.0,1066.0,852800.0
32919.jpg,709.0,1111.0,787699.0
32920.jpg,900.0,1075.0,967500.0
32922.jpg,718.0,850.0,610300.0
32923.jpg,1059.0,1000.0,1059000.0
32924.jpg,1044.0,770.0,803880.0
32925.jpg,800.0,1130.0,904000.0
32926.jpg,708.0,950.0,672600.0
32927.jpg,1255.0,892.0,1119460.0
32928.jpg,903.0,1100.0,993300.0
32929.jpg,983.0,1200.0,1179600.0
32930.jpg,1500.0,953.0,1429500.0
32931.jpg,1602.0,1000.0,1602000.0
32932.jpg,679.0,1800.0,1222200.0
32933.jpg,1003.0,1300.0,1303900.0
32934.jpg,1063.0,1300.0,1381900.0
32935.jpg,1053.0,1300.0,1368900.0
32937.jpg,578.0,1800.0,1040400.0
32938.jpg,1120.0,1400.0,1568000.0
32939.jpg,900.0,1255.0,1129500.0
32940.jpg,867.0,1300.0,1127100.0
32941.jpg,1500.0,901.0,1351500.0
32942.jpg,900.0,1300.0,1170000.0
32943.jpg,800.0,1208.0,966400.0
32944.jpg,700.0,1139.0,797300.0
32945.jpg,1400.0,1106.0,1548400.0
32946.jpg,982.0,1150.0,1129300.0
32947.jpg,1115.0,1600.0,1784000.0
32948.jpg,1107.0,1600.0,1771200.0
32949.jpg,1050.0,765.0,803250.0
32950.jpg,1400.0,1125.0,1575000.0
32951.jpg,1100.0,1365.0,1501500.0
32952.jpg,1386.0,750.0,1039500.0
32953.jpg,850.0,1046.0,889100.0
32954.jpg,1473.0,1100.0,1620300.0
32955.jpg,1442.0,1133.0,1633786.0
32956.jpg,1184.0,1180.0,1397120.0
32957.jpg,963.0,1122.0,1080486.0
32958.jpg,1000.0,846.0,846000.0
32959.jpg,1117.0,900.0,1005300.0
32960.jpg,1367.0,1000.0,1367000.0
32961.jpg,591.0,889.0,525399.0
32962.jpg,1010.0,787.0,794870.0
32963.jpg,1192.0,1500.0,1788000.0
32964.jpg,967.0,750.0,725250.0
32965.jpg,1005.0,1400.0,1407000.0
32966.jpg,619.0,852.0,527388.0
32967.jpg,1210.0,1000.0,1210000.0
32968.jpg,1255.0,1000.0,1255000.0
32969.jpg,1570.0,1179.0,1851030.0
32970.jpg,1541.0,1262.0,1944742.0
32971.jpg,1663.0,1250.0,2078750.0
32972.jpg,1332.0,1444.0,1923408.0
32973.jpg,1328.0,1418.0,1883104.0
32974.jpg,1600.0,1100.0,1760000.0
32975.jpg,1244.0,1600.0,1990400.0
32976.jpg,900.0,1221.0,1098900.0
32977.jpg,800.0,1118.0,894400.0
32978.jpg,953.0,1170.0,1115010.0
32979.jpg,964.0,1175.0,1132700.0
32980.jpg,1000.0,1240.0,1240000.0
32981.jpg,1113.0,1500.0,1669500.0
32982.jpg,1216.0,1000.0,1216000.0
32983.jpg,1112.0,1400.0,1556800.0
32984.jpg,1013.0,1299.0,1315887.0
32985.jpg,672.0,818.0,549696.0
32986.jpg,1000.0,1011.0,1011000.0
32987.jpg,1000.0,1702.0,1702000.0
32988.jpg,1408.0,1100.0,1548800.0
32989.jpg,800.0,1046.0,836800.0
32990.jpg,1224.0,1000.0,1224000.0
32991.jpg,1144.0,1400.0,1601600.0
32992.jpg,1104.0,1400.0,1545600.0
32993.jpg,900.0,1122.0,1009800.0
32994.jpg,1076.0,900.0,968400.0
32995.jpg,1122.0,900.0,1009800.0
32996.jpg,1300.0,1011.0,1314300.0
32997.jpg,1100.0,1353.0,1488300.0
32998.jpg,1100.0,1429.0,1571900.0
32999.jpg,1007.0,1600.0,1611200.0
33000.jpg,1050.0,854.0,896700.0
33001.jpg,1030.0,828.0,852840.0
33002.jpg,1600.0,1191.0,1905600.0
33003.jpg,1020.0,1900.0,1938000.0
33004.jpg,900.0,1684.0,1515600.0
33005.jpg,1200.0,1502.0,1802400.0
33006.jpg,959.0,1991.0,1909369.0
33007.jpg,979.0,1986.0,1944294.0
33008.jpg,1101.0,1700.0,1871700.0
33009.jpg,800.0,1046.0,836800.0
33010.jpg,1000.0,1689.0,1689000.0
33011.jpg,850.0,1055.0,896750.0
33012.jpg,1517.0,1100.0,1668700.0
33013.jpg,1017.0,1400.0,1423800.0
33014.jpg,871.0,762.0,663702.0
33015.jpg,800.0,1333.0,1066400.0
33016.jpg,1000.0,1207.0,1207000.0
33017.jpg,1000.0,1273.0,1273000.0
33018.jpg,790.0,1096.0,865840.0
33019.jpg,1466.0,979.0,1435214.0
33020.jpg,1058.0,1300.0,1375400.0
33021.jpg,900.0,1116.0,1004400.0
33022.jpg,800.0,980.0,784000.0
33023.jpg,720.0,950.0,684000.0
33024.jpg,1425.0,1123.0,1600275.0
33025.jpg,1000.0,1328.0,1328000.0
33026.jpg,1000.0,1315.0,1315000.0
33027.jpg,1100.0,1441.0,1585100.0
33028.jpg,1200.0,1423.0,1707600.0
33029.jpg,1321.0,1000.0,1321000.0
33031.jpg,825.0,600.0,495000.0
33032.jpg,1202.0,1500.0,1803000.0
33033.jpg,965.0,800.0,772000.0
33034.jpg,662.0,1030.0,681860.0
33035.jpg,500.0,1228.0,614000.0
33036.jpg,500.0,1227.0,613500.0
33037.jpg,800.0,1000.0,800000.0
33038.jpg,924.0,1158.0,1069992.0
33039.jpg,1100.0,1310.0,1441000.0
33040.jpg,800.0,998.0,798400.0
33041.jpg,1500.0,1005.0,1507500.0
33042.jpg,881.0,1020.0,898620.0
33045.jpg,1798.0,829.0,1490542.0
33046.jpg,1000.0,1241.0,1241000.0
33047.jpg,1638.0,1000.0,1638000.0
33048.jpg,1129.0,1400.0,1580600.0
33049.jpg,1231.0,1200.0,1477200.0
33050.jpg,1100.0,1400.0,1540000.0
33051.jpg,945.0,1300.0,1228500.0
33052.jpg,1022.0,1500.0,1533000.0
33053.jpg,1500.0,885.0,1327500.0
33054.jpg,1050.0,1065.0,1118250.0
33055.jpg,1168.0,1100.0,1284800.0
33057.jpg,1337.0,700.0,935900.0
33059.jpg,1144.0,1400.0,1601600.0
33060.jpg,1240.0,730.0,905200.0
33061.jpg,1105.0,800.0,884000.0
33062.jpg,755.0,1400.0,1057000.0
33063.jpg,719.0,900.0,647100.0
33066.jpg,629.0,1300.0,817700.0
33068.jpg,1004.0,804.0,807216.0
33069.jpg,1000.0,770.0,770000.0
33072.jpg,1043.0,891.0,929313.0
33073.jpg,1373.0,1000.0,1373000.0
33074.jpg,1316.0,1100.0,1447600.0
33076.jpg,1043.0,770.0,803110.0
33077.jpg,890.0,786.0,699540.0
33080.jpg,1000.0,1232.0,1232000.0
33088.jpg,758.0,1240.0,939920.0
33089.jpg,880.0,1097.0,965360.0
33090.jpg,733.0,1150.0,842950.0
33091.jpg,800.0,1019.0,815200.0
33092.jpg,784.0,1149.0,900816.0
33093.jpg,1393.0,1100.0,1532300.0
33094.jpg,735.0,1200.0,882000.0
33095.jpg,701.0,836.0,586036.0
33096.jpg,900.0,1455.0,1309500.0
33098.jpg,842.0,1033.0,869786.0
33099.jpg,1000.0,1263.0,1263000.0
33100.jpg,700.0,1147.0,802900.0
33101.jpg,1133.0,800.0,906400.0
33102.jpg,1132.0,1420.0,1607440.0
33103.jpg,1055.0,1400.0,1477000.0
33104.jpg,1000.0,1287.0,1287000.0
33105.jpg,850.0,1255.0,1066750.0
33106.jpg,900.0,1094.0,984600.0
33107.jpg,1200.0,1200.0,1440000.0
33110.jpg,919.0,1500.0,1378500.0
33111.jpg,615.0,1000.0,615000.0
33113.jpg,1121.0,1500.0,1681500.0
33114.jpg,800.0,1131.0,904800.0
33115.jpg,1095.0,1253.0,1372035.0
33116.jpg,1010.0,1300.0,1313000.0
33117.jpg,1303.0,650.0,846950.0
33119.jpg,700.0,847.0,592900.0
33120.jpg,803.0,1045.0,839135.0
33121.jpg,850.0,1131.0,961350.0
33122.jpg,1000.0,1566.0,1566000.0
33123.jpg,1200.0,1219.0,1462800.0
33124.jpg,637.0,867.0,552279.0
33125.jpg,1086.0,1200.0,1303200.0
33126.jpg,602.0,813.0,489426.0
33127.jpg,913.0,1200.0,1095600.0
33128.jpg,1162.0,1500.0,1743000.0
33129.jpg,801.0,1015.0,813015.0
33130.jpg,900.0,1478.0,1330200.0
33131.jpg,893.0,1255.0,1120715.0
33133.jpg,879.0,650.0,571350.0
33135.jpg,1214.0,1400.0,1699600.0
33136.jpg,1077.0,820.0,883140.0
33137.jpg,742.0,992.0,736064.0
33138.jpg,792.0,953.0,754776.0
33139.jpg,977.0,1298.0,1268146.0
33140.jpg,1028.0,1198.0,1231544.0
33141.jpg,975.0,1300.0,1267500.0
33142.jpg,636.0,810.0,515160.0
33143.jpg,1035.0,810.0,838350.0
33144.jpg,1030.0,793.0,816790.0
33145.jpg,1000.0,1252.0,1252000.0
33146.jpg,781.0,1400.0,1093400.0
33147.jpg,984.0,425.0,418200.0
33148.jpg,670.0,886.0,593620.0
33149.jpg,1030.0,1269.0,1307070.0
33150.jpg,800.0,996.0,796800.0
33151.jpg,665.0,861.0,572565.0
33152.jpg,629.0,880.0,553520.0
33153.jpg,1082.0,827.0,894814.0
33154.jpg,755.0,1340.0,1011700.0
33155.jpg,1357.0,650.0,882050.0
33156.jpg,737.0,703.0,518111.0
33157.jpg,750.0,950.0,712500.0
33158.jpg,983.0,1253.0,1231699.0
33159.jpg,800.0,1064.0,851200.0
33160.jpg,925.0,1120.0,1036000.0
33161.jpg,1286.0,1200.0,1543200.0
33162.jpg,800.0,1003.0,802400.0
33163.jpg,697.0,900.0,627300.0
33164.jpg,900.0,1206.0,1085400.0
33166.jpg,1070.0,800.0,856000.0
33168.jpg,1160.0,950.0,1102000.0
33171.jpg,1200.0,819.0,982800.0
33172.jpg,1150.0,685.0,787750.0
33173.jpg,1012.0,550.0,556600.0
33174.jpg,1030.0,727.0,748810.0
33176.jpg,977.0,647.0,632119.0
33177.jpg,1318.0,900.0,1186200.0
33178.jpg,701.0,930.0,651930.0
33179.jpg,1401.0,900.0,1260900.0
33180.jpg,1365.0,900.0,1228500.0
33181.jpg,1020.0,625.0,637500.0
33182.jpg,1030.0,629.0,647870.0
33183.jpg,1111.0,800.0,888800.0
33185.jpg,912.0,952.0,868224.0
33188.jpg,902.0,711.0,641322.0
33189.jpg,1000.0,1145.0,1145000.0
33190.jpg,850.0,1111.0,944350.0
33191.jpg,1113.0,1420.0,1580460.0
33192.jpg,912.0,700.0,638400.0
33195.jpg,1198.0,1000.0,1198000.0
33196.jpg,1300.0,1086.0,1411800.0
33198.jpg,750.0,1276.0,957000.0
33199.jpg,757.0,1002.0,758514.0
33200.jpg,650.0,1277.0,830050.0
33201.jpg,1206.0,1000.0,1206000.0
33202.jpg,950.0,656.0,623200.0
33203.jpg,900.0,1251.0,1125900.0
33204.jpg,1066.0,1060.0,1129960.0
33205.jpg,1216.0,1252.0,1522432.0
33207.jpg,1007.0,927.0,933489.0
33208.jpg,700.0,1384.0,968800.0
33209.jpg,1400.0,1143.0,1600200.0
33210.jpg,957.0,626.0,599082.0
33211.jpg,1360.0,800.0,1088000.0
33212.jpg,1325.0,1000.0,1325000.0
33213.jpg,890.0,1005.0,894450.0
33214.jpg,900.0,1238.0,1114200.0
33215.jpg,1402.0,911.0,1277222.0
33216.jpg,600.0,1097.0,658200.0
33217.jpg,612.0,1400.0,856800.0
33218.jpg,1000.0,1345.0,1345000.0
33219.jpg,1000.0,1210.0,1210000.0
33221.jpg,1000.0,1195.0,1195000.0
33222.jpg,820.0,992.0,813440.0
33223.jpg,1030.0,785.0,808550.0
33224.jpg,1552.0,1000.0,1552000.0
33225.jpg,1100.0,1320.0,1452000.0
33226.jpg,1555.0,1000.0,1555000.0
33227.jpg,1100.0,1306.0,1436600.0
33228.jpg,1500.0,1060.0,1590000.0
33229.jpg,1046.0,770.0,805420.0
33230.jpg,783.0,1448.0,1133784.0
33231.jpg,1500.0,901.0,1351500.0
33232.jpg,1041.0,1300.0,1353300.0
33233.jpg,1070.0,1300.0,1391000.0
33234.jpg,1020.0,1400.0,1428000.0
33235.jpg,600.0,1511.0,906600.0
33236.jpg,671.0,1500.0,1006500.0
33237.jpg,1500.0,966.0,1449000.0
33238.jpg,1000.0,1059.0,1059000.0
33239.jpg,1000.0,1134.0,1134000.0
33240.jpg,1000.0,1065.0,1065000.0
33241.jpg,1000.0,1125.0,1125000.0
33242.jpg,1500.0,929.0,1393500.0
33243.jpg,1016.0,1300.0,1320800.0
33244.jpg,1200.0,1042.0,1250400.0
33245.jpg,1300.0,900.0,1170000.0
33246.jpg,1254.0,900.0,1128600.0
33247.jpg,1100.0,1105.0,1215500.0
33248.jpg,800.0,1404.0,1123200.0
33249.jpg,1363.0,900.0,1226700.0
33250.jpg,1400.0,827.0,1157800.0
33251.jpg,843.0,1100.0,927300.0
33252.jpg,1400.0,845.0,1183000.0
33253.jpg,1400.0,879.0,1230600.0
33254.jpg,1000.0,1212.0,1212000.0
33255.jpg,1043.0,1300.0,1355900.0
33256.jpg,800.0,1448.0,1158400.0
33275.jpg,903.0,1200.0,1083600.0
33276.jpg,959.0,1255.0,1203545.0
33277.jpg,683.0,946.0,646118.0
33281.jpg,1194.0,950.0,1134300.0
33283.jpg,1369.0,800.0,1095200.0
33284.jpg,1200.0,838.0,1005600.0
33285.jpg,1002.0,1204.0,1206408.0
33286.jpg,757.0,990.0,749430.0
33287.jpg,900.0,1228.0,1105200.0
33288.jpg,1103.0,770.0,849310.0
33289.jpg,937.0,851.0,797387.0
33290.jpg,861.0,605.0,520905.0
33298.jpg,920.0,1236.0,1137120.0
33299.jpg,1050.0,748.0,785400.0
33316.jpg,850.0,1025.0,871250.0
33317.jpg,911.0,1255.0,1143305.0
33318.jpg,640.0,800.0,512000.0
33325.jpg,947.0,1200.0,1136400.0
33326.jpg,1000.0,1413.0,1413000.0
33327.jpg,1000.0,1428.0,1428000.0
33328.jpg,730.0,1153.0,841690.0
33329.jpg,864.0,1200.0,1036800.0
33330.jpg,1000.0,1589.0,1589000.0
33331.jpg,958.0,801.0,767358.0
33332.jpg,900.0,1095.0,985500.0
33333.jpg,750.0,1109.0,831750.0
33334.jpg,900.0,1150.0,1035000.0
33335.jpg,729.0,924.0,673596.0
33336.jpg,717.0,910.0,652470.0
33337.jpg,870.0,1087.0,945690.0
33338.jpg,890.0,1120.0,996800.0
33341.jpg,1151.0,1003.0,1154453.0
33347.jpg,852.0,1301.0,1108452.0
33348.jpg,918.0,1104.0,1013472.0
33349.jpg,960.0,610.0,585600.0
33350.jpg,1116.0,1400.0,1562400.0
33351.jpg,1031.0,1057.0,1089767.0
33354.jpg,900.0,1001.0,900900.0
33356.jpg,636.0,899.0,571764.0
33357.jpg,998.0,806.0,804388.0
33358.jpg,840.0,1037.0,871080.0
33359.jpg,1109.0,1300.0,1441700.0
33366.jpg,900.0,941.0,846900.0
33367.jpg,703.0,1800.0,1265400.0
33368.jpg,1072.0,787.0,843664.0
33369.jpg,708.0,1000.0,708000.0
33370.jpg,969.0,1000.0,969000.0
33371.jpg,1098.0,751.0,824598.0
33372.jpg,1414.0,1100.0,1555400.0
33373.jpg,1500.0,1002.0,1503000.0
33374.jpg,799.0,1056.0,843744.0
33375.jpg,600.0,1009.0,605400.0
33376.jpg,800.0,986.0,788800.0
33377.jpg,1140.0,826.0,941640.0
33378.jpg,1100.0,1482.0,1630200.0
33379.jpg,1218.0,900.0,1096200.0
33380.jpg,1100.0,753.0,828300.0
33381.jpg,1200.0,811.0,973200.0
33382.jpg,1500.0,1002.0,1503000.0
33383.jpg,1133.0,762.0,863346.0
33384.jpg,1454.0,991.0,1440914.0
33385.jpg,1500.0,1046.0,1569000.0
33386.jpg,1400.0,1014.0,1419600.0
33387.jpg,1100.0,769.0,845900.0
33388.jpg,1025.0,768.0,787200.0
33389.jpg,1000.0,1428.0,1428000.0
33390.jpg,855.0,1053.0,900315.0
33391.jpg,800.0,1221.0,976800.0
33392.jpg,327.0,618.0,202086.0
33393.jpg,500.0,857.0,428500.0
33394.jpg,804.0,1079.0,867516.0
33397.jpg,800.0,1203.0,962400.0
33398.jpg,800.0,1117.0,893600.0
33399.jpg,1050.0,1233.0,1294650.0
33400.jpg,1300.0,870.0,1131000.0
33401.jpg,820.0,1102.0,903640.0
33402.jpg,1155.0,750.0,866250.0
33550.jpg,1361.0,1002.0,1363722.0
33551.jpg,1195.0,992.0,1185440.0
33552.jpg,965.0,700.0,675500.0
33554.jpg,1410.0,882.0,1243620.0
33555.jpg,1200.0,867.0,1040400.0
33559.jpg,1053.0,770.0,810810.0
33560.jpg,1060.0,1100.0,1166000.0
33561.jpg,1490.0,1100.0,1639000.0
33562.jpg,1220.0,1000.0,1220000.0
33563.jpg,1439.0,887.0,1276393.0
33564.jpg,1424.0,874.0,1244576.0
33565.jpg,1406.0,658.0,925148.0
33566.jpg,1600.0,774.0,1238400.0
33570.jpg,730.0,1189.0,867970.0
33571.jpg,850.0,1023.0,869550.0
33572.jpg,1273.0,809.0,1029857.0
33573.jpg,948.0,1255.0,1189740.0
33574.jpg,949.0,700.0,664300.0
33575.jpg,1255.0,878.0,1101890.0
33576.jpg,1223.0,650.0,794950.0
33577.jpg,1224.0,950.0,1162800.0
33578.jpg,1049.0,809.0,848641.0
33579.jpg,800.0,1062.0,849600.0
33580.jpg,1283.0,1000.0,1283000.0
33581.jpg,1064.0,1062.0,1129968.0
33582.jpg,1276.0,1000.0,1276000.0
33583.jpg,1000.0,1154.0,1154000.0
33585.jpg,1469.0,1000.0,1469000.0
33586.jpg,1183.0,600.0,709800.0
33587.jpg,1243.0,935.0,1162205.0
33588.jpg,960.0,950.0,912000.0
33589.jpg,937.0,900.0,843300.0
33590.jpg,817.0,800.0,653600.0
33591.jpg,1247.0,853.0,1063691.0
33592.jpg,900.0,1204.0,1083600.0
33594.jpg,680.0,1134.0,771120.0
33595.jpg,1342.0,1002.0,1344684.0
33596.jpg,827.0,1200.0,992400.0
33597.jpg,782.0,1300.0,1016600.0
33600.jpg,1234.0,808.0,997072.0
33602.jpg,660.0,960.0,633600.0
33603.jpg,658.0,960.0,631680.0
33604.jpg,1022.0,286.0,292292.0
33605.jpg,656.0,680.0,446080.0
33606.jpg,920.0,798.0,734160.0
33607.jpg,1055.0,282.0,297510.0
33608.jpg,914.0,804.0,734856.0
33609.jpg,650.0,1902.0,1236300.0
33610.jpg,650.0,1951.0,1268150.0
33611.jpg,650.0,1670.0,1085500.0
33612.jpg,622.0,1500.0,933000.0
33613.jpg,630.0,1500.0,945000.0
33614.jpg,900.0,1209.0,1088100.0
33615.jpg,980.0,272.0,266560.0
33616.jpg,844.0,952.0,803488.0
33617.jpg,980.0,280.0,274400.0
33618.jpg,750.0,1319.0,989250.0
33619.jpg,970.0,1276.0,1237720.0
33620.jpg,1300.0,1047.0,1361100.0
33625.jpg,800.0,1230.0,984000.0
33628.jpg,1182.0,800.0,945600.0
33629.jpg,1218.0,1000.0,1218000.0
33630.jpg,1215.0,1000.0,1215000.0
33633.jpg,1096.0,750.0,822000.0
33634.jpg,1200.0,1215.0,1458000.0
33635.jpg,1200.0,1003.0,1203600.0
33636.jpg,1269.0,900.0,1142100.0
33642.jpg,700.0,1439.0,1007300.0
33643.jpg,1102.0,1239.0,1365378.0
33645.jpg,1306.0,1500.0,1959000.0
33650.jpg,800.0,1172.0,937600.0
33651.jpg,900.0,1113.0,1001700.0
33655.jpg,914.0,600.0,548400.0
33661.jpg,1300.0,1134.0,1474200.0
33691.jpg,1457.0,1400.0,2039800.0
33692.jpg,960.0,800.0,768000.0
33702.jpg,1200.0,1507.0,1808400.0
33735.jpg,1400.0,1333.0,1866200.0
33739.jpg,1200.0,921.0,1105200.0
33741.jpg,666.0,1148.0,764568.0
33742.jpg,1000.0,1427.0,1427000.0
33743.jpg,900.0,1499.0,1349100.0
33744.jpg,662.0,880.0,582560.0
33745.jpg,750.0,1084.0,813000.0
33746.jpg,1551.0,800.0,1240800.0
33747.jpg,970.0,1271.0,1232870.0
33753.jpg,899.0,1094.0,983506.0
33760.jpg,1100.0,912.0,1003200.0
33762.jpg,800.0,549.0,439200.0
33763.jpg,700.0,1017.0,711900.0
33764.jpg,631.0,959.0,605129.0
33765.jpg,900.0,1140.0,1026000.0
33766.jpg,900.0,1159.0,1043100.0
33767.jpg,900.0,1173.0,1055700.0
33768.jpg,915.0,740.0,677100.0
33777.jpg,900.0,1318.0,1186200.0
33778.jpg,1109.0,1200.0,1330800.0
33780.jpg,1050.0,1400.0,1470000.0
33783.jpg,1350.0,770.0,1039500.0
33784.jpg,900.0,1086.0,977400.0
33785.jpg,707.0,850.0,600950.0
33786.jpg,1255.0,932.0,1169660.0
33819.jpg,900.0,966.0,869400.0
33820.jpg,800.0,1000.0,800000.0
33821.jpg,1146.0,850.0,974100.0
33822.jpg,1154.0,850.0,980900.0
33823.jpg,900.0,1214.0,1092600.0
33824.jpg,731.0,1050.0,767550.0
33825.jpg,700.0,1388.0,971600.0
33826.jpg,679.0,950.0,645050.0
33827.jpg,700.0,883.0,618100.0
33828.jpg,1053.0,1300.0,1368900.0
33829.jpg,900.0,1109.0,998100.0
33830.jpg,1300.0,770.0,1001000.0
33831.jpg,900.0,1003.0,902700.0
33832.jpg,700.0,863.0,604100.0
33833.jpg,900.0,1003.0,902700.0
33834.jpg,900.0,1043.0,938700.0
33835.jpg,1058.0,1000.0,1058000.0
33836.jpg,856.0,500.0,428000.0
33837.jpg,1030.0,755.0,777650.0
33838.jpg,1113.0,794.0,883722.0
33839.jpg,1000.0,1335.0,1335000.0
33840.jpg,950.0,1125.0,1068750.0
33841.jpg,1000.0,1158.0,1158000.0
33842.jpg,1200.0,922.0,1106400.0
33843.jpg,1113.0,700.0,779100.0
33844.jpg,1109.0,700.0,776300.0
33845.jpg,700.0,882.0,617400.0
33846.jpg,1111.0,700.0,777700.0
33847.jpg,1150.0,770.0,885500.0
33848.jpg,914.0,1000.0,914000.0
33849.jpg,821.0,1300.0,1067300.0
33850.jpg,700.0,1037.0,725900.0
33851.jpg,1076.0,700.0,753200.0
33852.jpg,800.0,1124.0,899200.0
33853.jpg,1000.0,1011.0,1011000.0
33854.jpg,955.0,950.0,907250.0
33855.jpg,750.0,950.0,712500.0
33856.jpg,850.0,1082.0,919700.0
33857.jpg,1028.0,800.0,822400.0
33858.jpg,700.0,875.0,612500.0
33859.jpg,1230.0,770.0,947100.0
33860.jpg,1232.0,770.0,948640.0
33861.jpg,750.0,1023.0,767250.0
33862.jpg,850.0,1072.0,911200.0
33863.jpg,820.0,1023.0,838860.0
33864.jpg,900.0,1012.0,910800.0
33865.jpg,1200.0,798.0,957600.0
33866.jpg,1276.0,900.0,1148400.0
33867.jpg,1273.0,900.0,1145700.0
33868.jpg,1272.0,900.0,1144800.0
33869.jpg,1200.0,939.0,1126800.0
33870.jpg,1000.0,1100.0,1100000.0
33871.jpg,1131.0,770.0,870870.0
33872.jpg,650.0,812.0,527800.0
33873.jpg,846.0,1000.0,846000.0
33874.jpg,700.0,879.0,615300.0
33875.jpg,850.0,1041.0,884850.0
33876.jpg,1006.0,1000.0,1006000.0
33877.jpg,1103.0,770.0,849310.0
33878.jpg,750.0,966.0,724500.0
33879.jpg,850.0,931.0,791350.0
33880.jpg,1171.0,770.0,901670.0
33881.jpg,1000.0,1227.0,1227000.0
33882.jpg,700.0,1215.0,850500.0
33883.jpg,841.0,800.0,672800.0
33884.jpg,800.0,999.0,799200.0
33885.jpg,900.0,1286.0,1157400.0
33886.jpg,700.0,1047.0,732900.0
33887.jpg,1200.0,874.0,1048800.0
33888.jpg,1400.0,933.0,1306200.0
33889.jpg,1300.0,730.0,949000.0
33890.jpg,1244.0,700.0,870800.0
33891.jpg,1034.0,900.0,930600.0
33892.jpg,700.0,1046.0,732200.0
33893.jpg,1000.0,750.0,750000.0
33894.jpg,617.0,1300.0,802100.0
33895.jpg,932.0,1300.0,1211600.0
33896.jpg,763.0,1300.0,991900.0
33897.jpg,904.0,700.0,632800.0
33898.jpg,1600.0,1104.0,1766400.0
33899.jpg,850.0,1085.0,922250.0
33900.jpg,750.0,951.0,713250.0
33901.jpg,800.0,1029.0,823200.0
33902.jpg,1000.0,1169.0,1169000.0
33903.jpg,1087.0,770.0,836990.0
33904.jpg,1078.0,770.0,830060.0
33905.jpg,1379.0,900.0,1241100.0
33906.jpg,1171.0,770.0,901670.0
33907.jpg,700.0,887.0,620900.0
33908.jpg,1003.0,1000.0,1003000.0
33909.jpg,800.0,1003.0,802400.0
33910.jpg,1000.0,1168.0,1168000.0
33911.jpg,1091.0,900.0,981900.0
33912.jpg,800.0,1068.0,854400.0
33913.jpg,700.0,899.0,629300.0
33914.jpg,950.0,1161.0,1102950.0
33915.jpg,1272.0,900.0,1144800.0
33916.jpg,1000.0,1117.0,1117000.0
33917.jpg,1000.0,1130.0,1130000.0
33918.jpg,600.0,850.0,510000.0
33919.jpg,1151.0,750.0,863250.0
33920.jpg,1100.0,753.0,828300.0
33921.jpg,1033.0,1000.0,1033000.0
33922.jpg,1454.0,700.0,1017800.0
33923.jpg,1301.0,650.0,845650.0
33924.jpg,909.0,900.0,818100.0
33925.jpg,907.0,900.0,816300.0
33926.jpg,650.0,1240.0,806000.0
33927.jpg,1007.0,1000.0,1007000.0
33928.jpg,1000.0,1101.0,1101000.0
33929.jpg,1400.0,644.0,901600.0
33930.jpg,1400.0,697.0,975800.0
33931.jpg,856.0,1100.0,941600.0
33932.jpg,1019.0,1200.0,1222800.0
33933.jpg,1070.0,1255.0,1342850.0
33934.jpg,745.0,880.0,655600.0
33935.jpg,1110.0,1100.0,1221000.0
33936.jpg,1000.0,1348.0,1348000.0
33937.jpg,681.0,880.0,599280.0
33938.jpg,1236.0,800.0,988800.0
33955.jpg,824.0,950.0,782800.0
33956.jpg,1100.0,746.0,820600.0
33957.jpg,847.0,1081.0,915607.0
33958.jpg,845.0,1080.0,912600.0
33959.jpg,711.0,900.0,639900.0
33960.jpg,674.0,860.0,579640.0
33961.jpg,731.0,900.0,657900.0
33962.jpg,962.0,806.0,775372.0
33964.jpg,1500.0,935.0,1402500.0
33965.jpg,800.0,453.0,362400.0
33972.jpg,1255.0,824.0,1034120.0
33975.jpg,1100.0,1222.0,1344200.0
33982.jpg,622.0,800.0,497600.0
33983.jpg,900.0,1119.0,1007100.0
33984.jpg,1000.0,1251.0,1251000.0
33985.jpg,779.0,948.0,738492.0
33986.jpg,875.0,875.0,765625.0
33988.jpg,865.0,1135.0,981775.0
33989.jpg,1200.0,1119.0,1342800.0
33990.jpg,582.0,800.0,465600.0
33991.jpg,700.0,923.0,646100.0
33992.jpg,939.0,1133.0,1063887.0
33996.jpg,883.0,1081.0,954523.0
33997.jpg,904.0,1140.0,1030560.0
33999.jpg,1000.0,1145.0,1145000.0
34000.jpg,1518.0,1100.0,1669800.0
34001.jpg,1000.0,805.0,805000.0
34003.jpg,1096.0,1133.0,1241768.0
34004.jpg,1093.0,1134.0,1239462.0
34006.jpg,977.0,679.0,663383.0
34011.jpg,1106.0,820.0,906920.0
34013.jpg,950.0,698.0,663100.0
34014.jpg,850.0,1087.0,923950.0
34015.jpg,1008.0,1244.0,1253952.0
34016.jpg,1420.0,877.0,1245340.0
34017.jpg,600.0,952.0,571200.0
34018.jpg,800.0,1019.0,815200.0
34019.jpg,802.0,1015.0,814030.0
34020.jpg,850.0,1258.0,1069300.0
34021.jpg,1182.0,770.0,910140.0
34023.jpg,900.0,1199.0,1079100.0
34024.jpg,1300.0,1014.0,1318200.0
34025.jpg,1300.0,1003.0,1303900.0
34026.jpg,1492.0,900.0,1342800.0
34027.jpg,1113.0,900.0,1001700.0
34028.jpg,918.0,1253.0,1150254.0
34030.jpg,712.0,953.0,678536.0
34031.jpg,981.0,1255.0,1231155.0
34032.jpg,1460.0,1000.0,1460000.0
34033.jpg,1204.0,802.0,965608.0
34034.jpg,1000.0,1336.0,1336000.0
34036.jpg,955.0,1200.0,1146000.0
34037.jpg,950.0,615.0,584250.0
34039.jpg,1092.0,800.0,873600.0
34040.jpg,949.0,500.0,474500.0
34041.jpg,1400.0,1044.0,1461600.0
34045.jpg,1106.0,800.0,884800.0
34050.jpg,782.0,1000.0,782000.0
34053.jpg,866.0,1255.0,1086830.0
34054.jpg,966.0,1251.0,1208466.0
34055.jpg,900.0,1081.0,972900.0
34056.jpg,1000.0,1187.0,1187000.0
34058.jpg,1100.0,1192.0,1311200.0
34060.jpg,862.0,1133.0,976646.0
34061.jpg,1245.0,770.0,958650.0
34062.jpg,1224.0,800.0,979200.0
34063.jpg,1107.0,900.0,996300.0
34064.jpg,1280.0,748.0,957440.0
34065.jpg,1111.0,900.0,999900.0
34066.jpg,1095.0,850.0,930750.0
34067.jpg,1057.0,900.0,951300.0
34068.jpg,1316.0,770.0,1013320.0
34069.jpg,1295.0,770.0,997150.0
34070.jpg,1000.0,1019.0,1019000.0
34071.jpg,1100.0,1138.0,1251800.0
34072.jpg,751.0,1100.0,826100.0
34073.jpg,754.0,1100.0,829400.0
34074.jpg,1000.0,1576.0,1576000.0
34087.jpg,642.0,898.0,576516.0
34089.jpg,1308.0,900.0,1177200.0
34090.jpg,1275.0,1000.0,1275000.0
34100.jpg,850.0,1092.0,928200.0
34123.jpg,900.0,1469.0,1322100.0
34125.jpg,1000.0,1462.0,1462000.0
34126.jpg,1100.0,1454.0,1599400.0
34128.jpg,1212.0,1500.0,1818000.0
34129.jpg,1000.0,1130.0,1130000.0
34130.jpg,1200.0,1374.0,1648800.0
34140.jpg,1225.0,1000.0,1225000.0
34147.jpg,900.0,1039.0,935100.0
34148.jpg,920.0,1069.0,983480.0
34149.jpg,853.0,1255.0,1070515.0
34150.jpg,960.0,1300.0,1248000.0
34151.jpg,950.0,1162.0,1103900.0
34152.jpg,1196.0,1000.0,1196000.0
34153.jpg,716.0,1200.0,859200.0
34154.jpg,783.0,1100.0,861300.0
34155.jpg,689.0,1250.0,861250.0
34156.jpg,825.0,910.0,750750.0
34157.jpg,859.0,1100.0,944900.0
34158.jpg,800.0,1058.0,846400.0
34159.jpg,836.0,1130.0,944680.0
34160.jpg,814.0,1050.0,854700.0
34161.jpg,621.0,875.0,543375.0
34162.jpg,613.0,873.0,535149.0
34163.jpg,831.0,1140.0,947340.0
34164.jpg,823.0,1150.0,946450.0
34165.jpg,900.0,1141.0,1026900.0
34166.jpg,820.0,1071.0,878220.0
34167.jpg,1007.0,890.0,896230.0
34168.jpg,1000.0,1297.0,1297000.0
34169.jpg,803.0,1060.0,851180.0
34171.jpg,1308.0,1000.0,1308000.0
34172.jpg,1196.0,900.0,1076400.0
34176.jpg,859.0,1200.0,1030800.0
34178.jpg,1325.0,1200.0,1590000.0
34179.jpg,809.0,1000.0,809000.0
34182.jpg,1041.0,1300.0,1353300.0
34183.jpg,1037.0,1300.0,1348100.0
34187.jpg,1034.0,1253.0,1295602.0
34188.jpg,811.0,1081.0,876691.0
34189.jpg,1122.0,1400.0,1570800.0
34190.jpg,1007.0,1300.0,1309100.0
34192.jpg,790.0,950.0,750500.0
34193.jpg,751.0,1100.0,826100.0
34194.jpg,827.0,1122.0,927894.0
34196.jpg,1255.0,932.0,1169660.0
34197.jpg,1094.0,836.0,914584.0
34198.jpg,1400.0,968.0,1355200.0
34199.jpg,1482.0,1000.0,1482000.0
34200.jpg,1030.0,803.0,827090.0
34201.jpg,1205.0,939.0,1131495.0
34202.jpg,1200.0,907.0,1088400.0
34203.jpg,868.0,850.0,737800.0
34204.jpg,1167.0,880.0,1026960.0
34205.jpg,1200.0,945.0,1134000.0
34206.jpg,900.0,1042.0,937800.0
34207.jpg,1205.0,1100.0,1325500.0
34208.jpg,1188.0,1100.0,1306800.0
34209.jpg,1000.0,1238.0,1238000.0
34210.jpg,1000.0,1292.0,1292000.0
34211.jpg,800.0,1056.0,844800.0
34212.jpg,800.0,1062.0,849600.0
34213.jpg,1212.0,900.0,1090800.0
34214.jpg,1043.0,1000.0,1043000.0
34215.jpg,800.0,1028.0,822400.0
34216.jpg,695.0,1600.0,1112000.0
34218.jpg,1353.0,950.0,1285350.0
34224.jpg,1500.0,1045.0,1567500.0
34225.jpg,1315.0,1100.0,1446500.0
34226.jpg,704.0,1200.0,844800.0
34228.jpg,1100.0,1403.0,1543300.0
34230.jpg,1129.0,900.0,1016100.0
34231.jpg,1238.0,700.0,866600.0
34233.jpg,1169.0,800.0,935200.0
34235.jpg,1785.0,900.0,1606500.0
34236.jpg,959.0,728.0,698152.0
34237.jpg,950.0,672.0,638400.0
34238.jpg,1255.0,972.0,1219860.0
34239.jpg,1061.0,650.0,689650.0
34240.jpg,1063.0,650.0,690950.0
34241.jpg,841.0,1069.0,899029.0
34242.jpg,960.0,1100.0,1056000.0
34243.jpg,1300.0,1237.0,1608100.0
34253.jpg,1165.0,1400.0,1631000.0
34254.jpg,900.0,1190.0,1071000.0
34256.jpg,660.0,800.0,528000.0
34259.jpg,810.0,1055.0,854550.0
34260.jpg,750.0,1291.0,968250.0
34261.jpg,1133.0,900.0,1019700.0
34262.jpg,1000.0,1132.0,1132000.0
34263.jpg,1000.0,1132.0,1132000.0
34264.jpg,766.0,1100.0,842600.0
34265.jpg,958.0,1400.0,1341200.0
34266.jpg,835.0,1400.0,1169000.0
34267.jpg,500.0,868.0,434000.0
34268.jpg,900.0,1115.0,1003500.0
34269.jpg,850.0,1006.0,855100.0
34270.jpg,805.0,1124.0,904820.0
34271.jpg,1000.0,1353.0,1353000.0
34272.jpg,1030.0,1129.0,1162870.0
34273.jpg,667.0,1160.0,773720.0
34274.jpg,970.0,1300.0,1261000.0
34275.jpg,705.0,938.0,661290.0
34276.jpg,1354.0,770.0,1042580.0
34277.jpg,1600.0,1117.0,1787200.0
34278.jpg,1036.0,1300.0,1346800.0
34279.jpg,750.0,1174.0,880500.0
34280.jpg,1250.0,951.0,1188750.0
34281.jpg,894.0,1200.0,1072800.0
34282.jpg,1300.0,1060.0,1378000.0
34283.jpg,900.0,1162.0,1045800.0
34284.jpg,907.0,1300.0,1179100.0
34285.jpg,857.0,1114.0,954698.0
34286.jpg,810.0,1136.0,920160.0
34287.jpg,800.0,1262.0,1009600.0
34288.jpg,1000.0,1213.0,1213000.0
34289.jpg,1254.0,808.0,1013232.0
34290.jpg,712.0,1025.0,729800.0
34291.jpg,712.0,1023.0,728376.0
34292.jpg,600.0,1571.0,942600.0
34293.jpg,605.0,1576.0,953480.0
34294.jpg,1044.0,730.0,762120.0
34295.jpg,723.0,1041.0,752643.0
34296.jpg,800.0,1073.0,858400.0
34297.jpg,1255.0,808.0,1014040.0
34298.jpg,957.0,1320.0,1263240.0
34299.jpg,519.0,1446.0,750474.0
34300.jpg,601.0,1556.0,935156.0
34301.jpg,520.0,1448.0,752960.0
34302.jpg,605.0,1596.0,965580.0
34303.jpg,1100.0,756.0,831600.0
34304.jpg,1093.0,750.0,819750.0
34305.jpg,1021.0,1400.0,1429400.0
34306.jpg,850.0,1312.0,1115200.0
34307.jpg,934.0,650.0,607100.0
34308.jpg,1030.0,706.0,727180.0
34309.jpg,1400.0,1114.0,1559600.0
34310.jpg,749.0,1140.0,853860.0
34311.jpg,1030.0,1357.0,1397710.0
34313.jpg,725.0,1075.0,779375.0
34314.jpg,1228.0,850.0,1043800.0
34315.jpg,900.0,1319.0,1187100.0
34316.jpg,836.0,1253.0,1047508.0
34317.jpg,1037.0,791.0,820267.0
34318.jpg,750.0,1164.0,873000.0
34319.jpg,1241.0,931.0,1155371.0
34320.jpg,727.0,954.0,693558.0
34321.jpg,850.0,1170.0,994500.0
34322.jpg,764.0,1000.0,764000.0
34323.jpg,1125.0,970.0,1091250.0
34324.jpg,678.0,1020.0,691560.0
34325.jpg,606.0,956.0,579336.0
34326.jpg,734.0,947.0,695098.0
34327.jpg,682.0,970.0,661540.0
34329.jpg,784.0,1280.0,1003520.0
34330.jpg,803.0,1089.0,874467.0
34331.jpg,850.0,1155.0,981750.0
34332.jpg,598.0,750.0,448500.0
34333.jpg,717.0,1024.0,734208.0
34334.jpg,769.0,1005.0,772845.0
34335.jpg,756.0,1084.0,819504.0
34336.jpg,876.0,1353.0,1185228.0
34337.jpg,850.0,1213.0,1031050.0
34339.jpg,1000.0,1316.0,1316000.0
34340.jpg,1000.0,1250.0,1250000.0
34341.jpg,900.0,1061.0,954900.0
34342.jpg,820.0,1074.0,880680.0
34343.jpg,1026.0,1300.0,1333800.0
34344.jpg,730.0,1198.0,874540.0
34345.jpg,1078.0,700.0,754600.0
34346.jpg,900.0,1017.0,915300.0
34347.jpg,817.0,1098.0,897066.0
34348.jpg,1128.0,1600.0,1804800.0
34349.jpg,1200.0,1439.0,1726800.0
34350.jpg,1207.0,1400.0,1689800.0
34351.jpg,675.0,960.0,648000.0
34352.jpg,788.0,1200.0,945600.0
34353.jpg,700.0,1135.0,794500.0
34354.jpg,850.0,1214.0,1031900.0
34355.jpg,1030.0,931.0,958930.0
34356.jpg,1152.0,1000.0,1152000.0
34357.jpg,1012.0,679.0,687148.0
34358.jpg,1020.0,1062.0,1083240.0
34359.jpg,850.0,1185.0,1007250.0
34360.jpg,1040.0,770.0,800800.0
34361.jpg,1300.0,1033.0,1342900.0
34362.jpg,1161.0,920.0,1068120.0
34363.jpg,400.0,1149.0,459600.0
34364.jpg,1548.0,900.0,1393200.0
34365.jpg,1133.0,1100.0,1246300.0
34366.jpg,1228.0,900.0,1105200.0
34367.jpg,1235.0,900.0,1111500.0
34368.jpg,1000.0,1252.0,1252000.0
34369.jpg,1030.0,1159.0,1193770.0
34370.jpg,1165.0,950.0,1106750.0
34371.jpg,900.0,989.0,890100.0
34372.jpg,1121.0,1100.0,1233100.0
34373.jpg,1145.0,800.0,916000.0
34374.jpg,885.0,1255.0,1110675.0
34375.jpg,1416.0,950.0,1345200.0
34376.jpg,948.0,1300.0,1232400.0
34377.jpg,1285.0,1000.0,1285000.0
34378.jpg,1251.0,1121.0,1402371.0
34379.jpg,1000.0,1593.0,1593000.0
34380.jpg,1073.0,1000.0,1073000.0
34381.jpg,1011.0,907.0,916977.0
34382.jpg,1278.0,950.0,1214100.0
34383.jpg,900.0,1102.0,991800.0
34384.jpg,1420.0,950.0,1349000.0
34385.jpg,1275.0,1600.0,2040000.0
34386.jpg,1000.0,1207.0,1207000.0
34387.jpg,954.0,1400.0,1335600.0
34388.jpg,1400.0,961.0,1345400.0
34389.jpg,1200.0,1403.0,1683600.0
34390.jpg,1154.0,1400.0,1615600.0
34391.jpg,1100.0,1407.0,1547700.0
34392.jpg,1300.0,1300.0,1690000.0
34393.jpg,1200.0,1240.0,1488000.0
34394.jpg,1100.0,1104.0,1214400.0
34395.jpg,1126.0,1100.0,1238600.0
34396.jpg,1200.0,800.0,960000.0
34397.jpg,1131.0,1300.0,1470300.0
34398.jpg,1150.0,1228.0,1412200.0
34399.jpg,1450.0,827.0,1199150.0
34400.jpg,1158.0,750.0,868500.0
34401.jpg,1322.0,800.0,1057600.0
34402.jpg,1214.0,900.0,1092600.0
34403.jpg,1021.0,1351.0,1379371.0
34404.jpg,1020.0,728.0,742560.0
34405.jpg,541.0,800.0,432800.0
34406.jpg,1211.0,850.0,1029350.0
34407.jpg,1070.0,1300.0,1391000.0
34408.jpg,920.0,702.0,645840.0
34409.jpg,1225.0,1100.0,1347500.0
34410.jpg,1300.0,1019.0,1324700.0
34411.jpg,1318.0,950.0,1252100.0
34412.jpg,1227.0,890.0,1092030.0
34413.jpg,1042.0,539.0,561638.0
34414.jpg,950.0,1253.0,1190350.0
34415.jpg,873.0,648.0,565704.0
34416.jpg,958.0,784.0,751072.0
34417.jpg,900.0,1809.0,1628100.0
34418.jpg,726.0,930.0,675180.0
34419.jpg,1241.0,493.0,611813.0
34420.jpg,1235.0,1050.0,1296750.0
34421.jpg,1200.0,1032.0,1238400.0
34422.jpg,1057.0,1255.0,1326535.0
34423.jpg,1257.0,1030.0,1294710.0
34424.jpg,1100.0,1328.0,1460800.0
34425.jpg,708.0,1021.0,722868.0
34426.jpg,1000.0,1255.0,1255000.0
34427.jpg,1200.0,741.0,889200.0
34428.jpg,1100.0,1308.0,1438800.0
34429.jpg,1318.0,800.0,1054400.0
34430.jpg,850.0,1031.0,876350.0
34431.jpg,1303.0,936.0,1219608.0
34432.jpg,800.0,1109.0,887200.0
34433.jpg,1016.0,1255.0,1275080.0
34434.jpg,1262.0,830.0,1047460.0
34435.jpg,1350.0,809.0,1092150.0
34436.jpg,1000.0,1326.0,1326000.0
34437.jpg,770.0,960.0,739200.0
34438.jpg,1050.0,1291.0,1355550.0
34439.jpg,1347.0,980.0,1320060.0
34440.jpg,950.0,1253.0,1190350.0
34441.jpg,951.0,1200.0,1141200.0
34442.jpg,662.0,862.0,570644.0
34443.jpg,800.0,439.0,351200.0
34444.jpg,900.0,1348.0,1213200.0
34445.jpg,1022.0,1100.0,1124200.0
34446.jpg,800.0,1546.0,1236800.0
34447.jpg,600.0,1613.0,967800.0
34448.jpg,600.0,1625.0,975000.0
34449.jpg,800.0,439.0,351200.0
34450.jpg,823.0,1300.0,1069900.0
34451.jpg,900.0,1271.0,1143900.0
34452.jpg,850.0,1300.0,1105000.0
34453.jpg,700.0,1077.0,753900.0
34454.jpg,800.0,1237.0,989600.0
34455.jpg,971.0,1300.0,1262300.0
34458.jpg,1000.0,1311.0,1311000.0
34459.jpg,1034.0,1200.0,1240800.0
34460.jpg,950.0,1177.0,1118150.0
34461.jpg,1000.0,1215.0,1215000.0
34462.jpg,1000.0,1311.0,1311000.0
34463.jpg,700.0,1232.0,862400.0
34464.jpg,1107.0,1100.0,1217700.0
34465.jpg,841.0,1020.0,857820.0
34466.jpg,900.0,1104.0,993600.0
34467.jpg,990.0,1200.0,1188000.0
34468.jpg,681.0,960.0,653760.0
34470.jpg,945.0,1253.0,1184085.0
34471.jpg,746.0,1101.0,821346.0
34472.jpg,1037.0,1400.0,1451800.0
34473.jpg,850.0,1181.0,1003850.0
34474.jpg,940.0,1600.0,1504000.0
34475.jpg,800.0,952.0,761600.0
34476.jpg,561.0,700.0,392700.0
34477.jpg,851.0,1037.0,882487.0
34478.jpg,852.0,1200.0,1022400.0
34479.jpg,783.0,1001.0,783783.0
34480.jpg,850.0,1122.0,953700.0
34482.jpg,687.0,980.0,673260.0
34483.jpg,700.0,660.0,462000.0
34485.jpg,796.0,959.0,763364.0
34486.jpg,673.0,950.0,639350.0
34487.jpg,900.0,1232.0,1108800.0
34488.jpg,800.0,1670.0,1336000.0
34489.jpg,700.0,900.0,630000.0
34490.jpg,950.0,1367.0,1298650.0
34491.jpg,1000.0,1343.0,1343000.0
34492.jpg,796.0,1019.0,811124.0
34493.jpg,800.0,1185.0,948000.0
34494.jpg,706.0,920.0,649520.0
34495.jpg,1000.0,1297.0,1297000.0
34496.jpg,1243.0,850.0,1056550.0
34497.jpg,1086.0,770.0,836220.0
34498.jpg,1196.0,800.0,956800.0
34499.jpg,1255.0,851.0,1068005.0
34500.jpg,1137.0,720.0,818640.0
34501.jpg,961.0,680.0,653480.0
34502.jpg,1423.0,900.0,1280700.0
34503.jpg,1148.0,760.0,872480.0
34504.jpg,1162.0,750.0,871500.0
34505.jpg,1255.0,824.0,1034120.0
34506.jpg,1308.0,750.0,981000.0
34507.jpg,800.0,545.0,436000.0
34508.jpg,1326.0,750.0,994500.0
34509.jpg,900.0,1162.0,1045800.0
34510.jpg,800.0,626.0,500800.0
34511.jpg,1360.0,950.0,1292000.0
34512.jpg,1244.0,850.0,1057400.0
34513.jpg,1361.0,770.0,1047970.0
34514.jpg,1422.0,900.0,1279800.0
34515.jpg,1322.0,900.0,1189800.0
34516.jpg,691.0,900.0,621900.0
34517.jpg,872.0,673.0,586856.0
34518.jpg,1100.0,710.0,781000.0
34519.jpg,1039.0,850.0,883150.0
34520.jpg,1082.0,1255.0,1357910.0
34521.jpg,940.0,610.0,573400.0
34522.jpg,1255.0,972.0,1219860.0
34523.jpg,1000.0,822.0,822000.0
34524.jpg,1300.0,840.0,1092000.0
34525.jpg,1229.0,850.0,1044650.0
34526.jpg,941.0,1200.0,1129200.0
34527.jpg,1210.0,1500.0,1815000.0
34528.jpg,820.0,1001.0,820820.0
34529.jpg,698.0,800.0,558400.0
34530.jpg,800.0,1113.0,890400.0
34531.jpg,857.0,1300.0,1114100.0
34532.jpg,800.0,1007.0,805600.0
34533.jpg,941.0,850.0,799850.0
34535.jpg,999.0,1500.0,1498500.0
34536.jpg,829.0,1102.0,913558.0
34538.jpg,803.0,1122.0,900966.0
34539.jpg,1034.0,850.0,878900.0
34542.jpg,564.0,600.0,338400.0
34543.jpg,1410.0,900.0,1269000.0
34544.jpg,1220.0,900.0,1098000.0
34545.jpg,1068.0,800.0,854400.0
34546.jpg,750.0,1111.0,833250.0
34547.jpg,908.0,1300.0,1180400.0
34548.jpg,1300.0,1015.0,1319500.0
34549.jpg,450.0,873.0,392850.0
34550.jpg,400.0,872.0,348800.0
34551.jpg,750.0,779.0,584250.0
34552.jpg,800.0,810.0,648000.0
34553.jpg,700.0,1050.0,735000.0
34562.jpg,700.0,986.0,690200.0
34563.jpg,600.0,908.0,544800.0
34564.jpg,650.0,982.0,638300.0
34565.jpg,600.0,913.0,547800.0
34566.jpg,750.0,932.0,699000.0
34580.jpg,904.0,700.0,632800.0
34581.jpg,1060.0,800.0,848000.0
34582.jpg,1016.0,850.0,863600.0
34583.jpg,1030.0,784.0,807520.0
34584.jpg,820.0,1003.0,822460.0
34585.jpg,1013.0,1300.0,1316900.0
34586.jpg,1000.0,1202.0,1202000.0
34587.jpg,1014.0,817.0,828438.0
34588.jpg,984.0,630.0,619920.0
34589.jpg,1618.0,1100.0,1779800.0
34590.jpg,1255.0,905.0,1135775.0
34591.jpg,900.0,1052.0,946800.0
34592.jpg,1071.0,900.0,963900.0
34595.jpg,1270.0,1000.0,1270000.0
34596.jpg,911.0,695.0,633145.0
34597.jpg,967.0,770.0,744590.0
34598.jpg,1300.0,1011.0,1314300.0
34599.jpg,1302.0,1000.0,1302000.0
34600.jpg,1300.0,1002.0,1302600.0
34601.jpg,1134.0,900.0,1020600.0
34602.jpg,1223.0,1000.0,1223000.0
34603.jpg,1338.0,1000.0,1338000.0
34605.jpg,927.0,840.0,778680.0
34606.jpg,1213.0,950.0,1152350.0
34607.jpg,900.0,1095.0,985500.0
34608.jpg,1300.0,1052.0,1367600.0
34610.jpg,1400.0,1086.0,1520400.0
34611.jpg,948.0,750.0,711000.0
34612.jpg,1255.0,926.0,1162130.0
34613.jpg,1062.0,830.0,881460.0
34614.jpg,968.0,800.0,774400.0
34615.jpg,1050.0,800.0,840000.0
34616.jpg,995.0,800.0,796000.0
34617.jpg,867.0,970.0,840990.0
34618.jpg,1100.0,874.0,961400.0
34619.jpg,1149.0,750.0,861750.0
34620.jpg,1500.0,1330.0,1995000.0
34621.jpg,1004.0,1100.0,1104400.0
34623.jpg,1064.0,850.0,904400.0
34624.jpg,937.0,726.0,680262.0
34625.jpg,1469.0,1200.0,1762800.0
34626.jpg,1155.0,1000.0,1155000.0
34627.jpg,1230.0,1000.0,1230000.0
34628.jpg,1234.0,850.0,1048900.0
34629.jpg,860.0,1000.0,860000.0
34630.jpg,1079.0,1400.0,1510600.0
34631.jpg,865.0,1002.0,866730.0
34632.jpg,1400.0,1035.0,1449000.0
34633.jpg,990.0,705.0,697950.0
34634.jpg,1392.0,1000.0,1392000.0
34635.jpg,914.0,758.0,692812.0
34636.jpg,672.0,790.0,530880.0
34637.jpg,1100.0,932.0,1025200.0
34638.jpg,900.0,832.0,748800.0
34639.jpg,900.0,1034.0,930600.0
34640.jpg,853.0,970.0,827410.0
34641.jpg,1034.0,786.0,812724.0
34642.jpg,1400.0,1140.0,1596000.0
34643.jpg,893.0,951.0,849243.0
34644.jpg,1028.0,850.0,873800.0
34645.jpg,1233.0,850.0,1048050.0
34648.jpg,903.0,1265.0,1142295.0
34649.jpg,950.0,1166.0,1107700.0
34650.jpg,900.0,1172.0,1054800.0
34651.jpg,950.0,1251.0,1188450.0
34656.jpg,1058.0,967.0,1023086.0
34657.jpg,832.0,1001.0,832832.0
34658.jpg,850.0,1282.0,1089700.0
34659.jpg,900.0,1203.0,1082700.0
34662.jpg,1411.0,900.0,1269900.0
34665.jpg,1400.0,893.0,1250200.0
34669.jpg,908.0,1150.0,1044200.0
34678.jpg,1315.0,1000.0,1315000.0
34679.jpg,1111.0,1400.0,1555400.0
34680.jpg,1400.0,1037.0,1451800.0
34681.jpg,1000.0,1125.0,1125000.0
34682.jpg,1054.0,1253.0,1320662.0
34683.jpg,1000.0,1341.0,1341000.0
34687.jpg,1100.0,921.0,1013100.0
34694.jpg,1053.0,1300.0,1368900.0
34695.jpg,1250.0,1006.0,1257500.0
34698.jpg,1075.0,770.0,827750.0
34699.jpg,1047.0,1300.0,1361100.0
34700.jpg,1043.0,1300.0,1355900.0
34701.jpg,711.0,900.0,639900.0
34702.jpg,1100.0,617.0,678700.0
34704.jpg,770.0,1016.0,782320.0
34705.jpg,800.0,1106.0,884800.0
34706.jpg,886.0,1081.0,957766.0
34708.jpg,1025.0,770.0,789250.0
34710.jpg,901.0,1079.0,972179.0
34711.jpg,1295.0,1500.0,1942500.0
34712.jpg,817.0,1020.0,833340.0
34713.jpg,1580.0,1000.0,1580000.0
34714.jpg,876.0,680.0,595680.0
34715.jpg,1041.0,730.0,759930.0
34716.jpg,1101.0,748.0,823548.0
34717.jpg,953.0,680.0,648040.0
34718.jpg,1400.0,1113.0,1558200.0
34719.jpg,1496.0,800.0,1196800.0
34720.jpg,958.0,720.0,689760.0
34721.jpg,1653.0,1000.0,1653000.0
34722.jpg,1231.0,1000.0,1231000.0
34724.jpg,1100.0,724.0,796400.0
34725.jpg,1100.0,764.0,840400.0
34726.jpg,1097.0,795.0,872115.0
34727.jpg,1054.0,770.0,811580.0
34728.jpg,904.0,567.0,512568.0
34729.jpg,1048.0,1000.0,1048000.0
34730.jpg,1100.0,1108.0,1218800.0
34731.jpg,1031.0,772.0,795932.0
34732.jpg,1218.0,850.0,1035300.0
34733.jpg,1114.0,800.0,891200.0
34734.jpg,1218.0,868.0,1057224.0
34735.jpg,1500.0,1059.0,1588500.0
34736.jpg,937.0,670.0,627790.0
34737.jpg,1000.0,1221.0,1221000.0
34738.jpg,1818.0,1100.0,1999800.0
34739.jpg,1600.0,1147.0,1835200.0
34740.jpg,1156.0,780.0,901680.0
34741.jpg,1591.0,1100.0,1750100.0
34742.jpg,1255.0,1006.0,1262530.0
34743.jpg,1526.0,1000.0,1526000.0
34744.jpg,1542.0,1200.0,1850400.0
34745.jpg,910.0,661.0,601510.0
34746.jpg,820.0,700.0,574000.0
34747.jpg,1158.0,700.0,810600.0
34748.jpg,1069.0,740.0,791060.0
34749.jpg,1166.0,750.0,874500.0
34750.jpg,1454.0,800.0,1163200.0
34751.jpg,791.0,1060.0,838460.0
34752.jpg,1184.0,770.0,911680.0
34753.jpg,833.0,720.0,599760.0
34756.jpg,888.0,1003.0,890664.0
34757.jpg,1295.0,894.0,1157730.0
34759.jpg,1300.0,828.0,1076400.0
34760.jpg,765.0,959.0,733635.0
34761.jpg,756.0,954.0,721224.0
34763.jpg,691.0,958.0,661978.0
34764.jpg,985.0,600.0,591000.0
34766.jpg,1177.0,800.0,941600.0
34770.jpg,1400.0,930.0,1302000.0
34771.jpg,850.0,600.0,510000.0
34781.jpg,1050.0,866.0,909300.0
34782.jpg,1152.0,850.0,979200.0
34783.jpg,1100.0,812.0,893200.0
34784.jpg,928.0,1100.0,1020800.0
34785.jpg,1359.0,1008.0,1369872.0
34786.jpg,1100.0,1100.0,1210000.0
34787.jpg,1020.0,800.0,816000.0
34788.jpg,900.0,1129.0,1016100.0
34790.jpg,959.0,1300.0,1246700.0
34791.jpg,1000.0,1308.0,1308000.0
34792.jpg,1216.0,1000.0,1216000.0
34793.jpg,754.0,900.0,678600.0
34794.jpg,781.0,903.0,705243.0
34798.jpg,771.0,1042.0,803382.0
34799.jpg,1066.0,1300.0,1385800.0
34800.jpg,720.0,1045.0,752400.0
34801.jpg,969.0,776.0,751944.0
34802.jpg,755.0,865.0,653075.0
34803.jpg,594.0,750.0,445500.0
34804.jpg,650.0,1142.0,742300.0
34821.jpg,980.0,650.0,637000.0
34822.jpg,1072.0,1300.0,1393600.0
34825.jpg,900.0,1029.0,926100.0
34826.jpg,862.0,1070.0,922340.0
34827.jpg,793.0,1005.0,796965.0
34828.jpg,1000.0,1334.0,1334000.0
34829.jpg,900.0,1573.0,1415700.0
34830.jpg,1400.0,1018.0,1425200.0
34831.jpg,1400.0,1085.0,1519000.0
34832.jpg,1317.0,1100.0,1448700.0
34833.jpg,1110.0,770.0,854700.0
34834.jpg,729.0,900.0,656100.0
34835.jpg,693.0,880.0,609840.0
34836.jpg,646.0,928.0,599488.0
34838.jpg,1035.0,812.0,840420.0
34839.jpg,843.0,1100.0,927300.0
34840.jpg,1289.0,1000.0,1289000.0
34843.jpg,947.0,650.0,615550.0
34844.jpg,750.0,1032.0,774000.0
34846.jpg,700.0,858.0,600600.0
34847.jpg,1193.0,770.0,918610.0
34848.jpg,750.0,928.0,696000.0
34850.jpg,1250.0,876.0,1095000.0
34851.jpg,1259.0,1000.0,1259000.0
34852.jpg,954.0,700.0,667800.0
34853.jpg,1150.0,804.0,924600.0
34854.jpg,797.0,606.0,482982.0
34855.jpg,1088.0,870.0,946560.0
34856.jpg,1157.0,1500.0,1735500.0
34857.jpg,1030.0,745.0,767350.0
34858.jpg,1150.0,851.0,978650.0
34866.jpg,807.0,900.0,726300.0
34870.jpg,850.0,1082.0,919700.0
34880.jpg,972.0,1237.0,1202364.0
34882.jpg,1469.0,1200.0,1762800.0
34883.jpg,979.0,1300.0,1272700.0
34884.jpg,1500.0,870.0,1305000.0
34885.jpg,1541.0,900.0,1386900.0
34886.jpg,1000.0,1275.0,1275000.0
34887.jpg,900.0,1072.0,964800.0
34888.jpg,800.0,1107.0,885600.0
34889.jpg,900.0,1078.0,970200.0
34890.jpg,1671.0,700.0,1169700.0
34891.jpg,1676.0,700.0,1173200.0
34892.jpg,1791.0,650.0,1164150.0
34893.jpg,1752.0,650.0,1138800.0
34894.jpg,900.0,1150.0,1035000.0
34895.jpg,918.0,1100.0,1009800.0
34896.jpg,937.0,1200.0,1124400.0
34897.jpg,1100.0,1017.0,1118700.0
34898.jpg,1227.0,800.0,981600.0
34899.jpg,800.0,909.0,727200.0
34900.jpg,800.0,527.0,421600.0
34901.jpg,850.0,1243.0,1056550.0
34902.jpg,1100.0,1462.0,1608200.0
34903.jpg,1083.0,918.0,994194.0
34904.jpg,632.0,813.0,513816.0
34905.jpg,1041.0,699.0,727659.0
34906.jpg,1235.0,700.0,864500.0
34907.jpg,1041.0,1400.0,1457400.0
34911.jpg,876.0,900.0,788400.0
34912.jpg,1400.0,961.0,1345400.0
34914.jpg,1300.0,814.0,1058200.0
34915.jpg,1400.0,979.0,1370600.0
34917.jpg,1500.0,1208.0,1812000.0
34918.jpg,1030.0,659.0,678770.0
34926.jpg,1100.0,1366.0,1502600.0
34927.jpg,1000.0,1163.0,1163000.0
34928.jpg,950.0,1381.0,1311950.0
34929.jpg,900.0,1141.0,1026900.0
34930.jpg,800.0,1063.0,850400.0
34931.jpg,851.0,1000.0,851000.0
34932.jpg,1028.0,1200.0,1233600.0
34933.jpg,900.0,1615.0,1453500.0
34934.jpg,900.0,1215.0,1093500.0
34935.jpg,1014.0,1300.0,1318200.0
34936.jpg,900.0,1211.0,1089900.0
34938.jpg,1414.0,1000.0,1414000.0
34939.jpg,950.0,713.0,677350.0
34940.jpg,1400.0,841.0,1177400.0
34941.jpg,1039.0,684.0,710676.0
34942.jpg,1061.0,1200.0,1273200.0
34943.jpg,905.0,1300.0,1176500.0
34944.jpg,1443.0,900.0,1298700.0
34945.jpg,1053.0,1300.0,1368900.0
34946.jpg,1001.0,1300.0,1301300.0
34947.jpg,950.0,1159.0,1101050.0
34952.jpg,1200.0,869.0,1042800.0
34953.jpg,1200.0,921.0,1105200.0
34954.jpg,900.0,1010.0,909000.0
34955.jpg,1200.0,950.0,1140000.0
34956.jpg,1000.0,1237.0,1237000.0
34957.jpg,1200.0,1024.0,1228800.0
34958.jpg,1200.0,957.0,1148400.0
34959.jpg,1200.0,953.0,1143600.0
34960.jpg,661.0,1300.0,859300.0
34961.jpg,1000.0,1302.0,1302000.0
34962.jpg,1040.0,1000.0,1040000.0
34963.jpg,1200.0,911.0,1093200.0
34964.jpg,906.0,1100.0,996600.0
34965.jpg,1453.0,720.0,1046160.0
34966.jpg,1224.0,900.0,1101600.0
34967.jpg,1171.0,800.0,936800.0
34968.jpg,1256.0,800.0,1004800.0
34969.jpg,1265.0,800.0,1012000.0
34970.jpg,1271.0,800.0,1016800.0
34971.jpg,1107.0,850.0,940950.0
34972.jpg,1050.0,627.0,658350.0
34973.jpg,900.0,1166.0,1049400.0
34974.jpg,757.0,1450.0,1097650.0
34982.jpg,1481.0,750.0,1110750.0
34987.jpg,600.0,827.0,496200.0
34988.jpg,750.0,1061.0,795750.0
34989.jpg,1100.0,1199.0,1318900.0
34990.jpg,600.0,1119.0,671400.0
34991.jpg,1206.0,800.0,964800.0
34993.jpg,950.0,1139.0,1082050.0
34994.jpg,1151.0,1200.0,1381200.0
34995.jpg,850.0,1069.0,908650.0
34996.jpg,789.0,709.0,559401.0
34997.jpg,850.0,1029.0,874650.0
34998.jpg,900.0,1016.0,914400.0
34999.jpg,850.0,1405.0,1194250.0
35000.jpg,1030.0,788.0,811640.0
35001.jpg,1413.0,1100.0,1554300.0
35002.jpg,840.0,584.0,490560.0
35003.jpg,1153.0,950.0,1095350.0
35004.jpg,1044.0,950.0,991800.0
35005.jpg,1163.0,900.0,1046700.0
35011.jpg,1094.0,750.0,820500.0
35012.jpg,1100.0,1468.0,1614800.0
35013.jpg,788.0,950.0,748600.0
35014.jpg,989.0,1247.0,1233283.0
35015.jpg,850.0,997.0,847450.0
35019.jpg,1016.0,1200.0,1219200.0
35036.jpg,1390.0,800.0,1112000.0
35052.jpg,884.0,1600.0,1414400.0
35053.jpg,537.0,1200.0,644400.0
35064.jpg,600.0,844.0,506400.0
35065.jpg,637.0,850.0,541450.0
35066.jpg,1028.0,650.0,668200.0
35067.jpg,1035.0,700.0,724500.0
35069.jpg,710.0,1211.0,859810.0
35070.jpg,1241.0,800.0,992800.0
35071.jpg,1176.0,800.0,940800.0
35072.jpg,1218.0,800.0,974400.0
35073.jpg,840.0,1010.0,848400.0
35074.jpg,1201.0,800.0,960800.0
35075.jpg,1213.0,800.0,970400.0
35076.jpg,826.0,1010.0,834260.0
35077.jpg,830.0,1010.0,838300.0
35078.jpg,1205.0,770.0,927850.0
35079.jpg,1263.0,770.0,972510.0
35080.jpg,1914.0,550.0,1052700.0
35081.jpg,1259.0,770.0,969430.0
35082.jpg,1206.0,770.0,928620.0
35083.jpg,625.0,1183.0,739375.0
35084.jpg,1120.0,754.0,844480.0
35085.jpg,719.0,1068.0,767892.0
35150.jpg,740.0,1150.0,851000.0
35151.jpg,1216.0,885.0,1076160.0
35152.jpg,1000.0,1002.0,1002000.0
35156.jpg,771.0,1080.0,832680.0
35157.jpg,961.0,1255.0,1206055.0
35160.jpg,900.0,1094.0,984600.0
35161.jpg,1000.0,1386.0,1386000.0
35165.jpg,800.0,1064.0,851200.0
35173.jpg,801.0,1004.0,804204.0
35174.jpg,456.0,974.0,444144.0
35175.jpg,1169.0,897.0,1048593.0
35176.jpg,1225.0,900.0,1102500.0
35177.jpg,745.0,1060.0,789700.0
35178.jpg,500.0,880.0,440000.0
35179.jpg,805.0,1021.0,821905.0
35180.jpg,995.0,597.0,594015.0
35181.jpg,948.0,1300.0,1232400.0
35183.jpg,904.0,1400.0,1265600.0
35184.jpg,770.0,1080.0,831600.0
35185.jpg,809.0,991.0,801719.0
35186.jpg,750.0,1097.0,822750.0
35187.jpg,1301.0,950.0,1235950.0
35189.jpg,1346.0,900.0,1211400.0
35199.jpg,1224.0,1400.0,1713600.0
35200.jpg,1205.0,1456.0,1754480.0
35201.jpg,1304.0,1297.0,1691288.0
35202.jpg,673.0,1400.0,942200.0
35203.jpg,1256.0,872.0,1095232.0
35204.jpg,900.0,1731.0,1557900.0
35205.jpg,1429.0,1421.0,2030609.0
35206.jpg,860.0,1700.0,1462000.0
35207.jpg,905.0,1600.0,1448000.0
35208.jpg,1200.0,1019.0,1222800.0
35209.jpg,1043.0,1423.0,1484189.0
35210.jpg,1200.0,1131.0,1357200.0
35211.jpg,1400.0,1125.0,1575000.0
35213.jpg,1300.0,1066.0,1385800.0
35214.jpg,1300.0,1063.0,1381900.0
35215.jpg,1109.0,925.0,1025825.0
35216.jpg,1097.0,778.0,853466.0
35217.jpg,1100.0,561.0,617100.0
35218.jpg,1124.0,941.0,1057684.0
35219.jpg,1248.0,1000.0,1248000.0
35224.jpg,1300.0,1090.0,1417000.0
35225.jpg,1009.0,803.0,810227.0
35227.jpg,900.0,562.0,505800.0
35228.jpg,900.0,565.0,508500.0
35229.jpg,900.0,549.0,494100.0
35230.jpg,900.0,565.0,508500.0
35231.jpg,984.0,620.0,610080.0
35232.jpg,553.0,800.0,442400.0
35233.jpg,499.0,735.0,366765.0
35234.jpg,506.0,750.0,379500.0
35235.jpg,735.0,650.0,477750.0
35236.jpg,596.0,800.0,476800.0
35237.jpg,926.0,1008.0,933408.0
35238.jpg,861.0,952.0,819672.0
35239.jpg,1107.0,808.0,894456.0
35240.jpg,1340.0,900.0,1206000.0
35241.jpg,900.0,933.0,839700.0
35242.jpg,750.0,866.0,649500.0
35243.jpg,750.0,869.0,651750.0
35244.jpg,750.0,1233.0,924750.0
35245.jpg,850.0,1004.0,853400.0
35246.jpg,800.0,1309.0,1047200.0
35247.jpg,829.0,1400.0,1160600.0
35248.jpg,1030.0,888.0,914640.0
35249.jpg,1220.0,900.0,1098000.0
35250.jpg,1110.0,770.0,854700.0
35251.jpg,1149.0,770.0,884730.0
35252.jpg,569.0,800.0,455200.0
35253.jpg,763.0,1300.0,991900.0
35254.jpg,777.0,1400.0,1087800.0
35257.jpg,830.0,1053.0,873990.0
35260.jpg,495.0,850.0,420750.0
35262.jpg,804.0,1036.0,832944.0
35266.jpg,859.0,1070.0,919130.0
35267.jpg,691.0,1008.0,696528.0
35271.jpg,2003.0,700.0,1402100.0
35277.jpg,1000.0,1444.0,1444000.0
35278.jpg,833.0,1005.0,837165.0
35282.jpg,694.0,897.0,622518.0
35283.jpg,696.0,900.0,626400.0
35284.jpg,1020.0,719.0,733380.0
35286.jpg,1074.0,836.0,897864.0
35287.jpg,1105.0,550.0,607750.0
35288.jpg,897.0,821.0,736437.0
35289.jpg,1120.0,770.0,862400.0
35291.jpg,962.0,670.0,644540.0
35292.jpg,1300.0,755.0,981500.0
35293.jpg,1084.0,1044.0,1131696.0
35294.jpg,1093.0,820.0,896260.0
35295.jpg,1010.0,500.0,505000.0
35296.jpg,887.0,750.0,665250.0
35297.jpg,758.0,1000.0,758000.0
35298.jpg,1225.0,705.0,863625.0
35300.jpg,1400.0,714.0,999600.0
35308.jpg,1000.0,1228.0,1228000.0
35309.jpg,940.0,1001.0,940940.0
35310.jpg,1066.0,1500.0,1599000.0
35311.jpg,900.0,1175.0,1057500.0
35312.jpg,1259.0,900.0,1133100.0
35313.jpg,900.0,684.0,615600.0
35314.jpg,578.0,680.0,393040.0
35316.jpg,1250.0,902.0,1127500.0
35317.jpg,1249.0,900.0,1124100.0
35318.jpg,900.0,1105.0,994500.0
35319.jpg,1030.0,782.0,805460.0
35320.jpg,1000.0,1275.0,1275000.0
35321.jpg,675.0,1115.0,752625.0
35325.jpg,1411.0,900.0,1269900.0
35328.jpg,752.0,1512.0,1137024.0
35345.jpg,1200.0,950.0,1140000.0
35349.jpg,1122.0,800.0,897600.0
35363.jpg,1063.0,1751.0,1861313.0
35367.jpg,804.0,1755.0,1411020.0
35368.jpg,708.0,990.0,700920.0
35369.jpg,900.0,1164.0,1047600.0
35370.jpg,752.0,982.0,738464.0
35371.jpg,1042.0,950.0,989900.0
35372.jpg,780.0,954.0,744120.0
35373.jpg,1159.0,700.0,811300.0
35374.jpg,1169.0,720.0,841680.0
35375.jpg,1045.0,700.0,731500.0
35376.jpg,1300.0,855.0,1111500.0
35377.jpg,1000.0,1311.0,1311000.0
35378.jpg,1500.0,1206.0,1809000.0
35379.jpg,800.0,968.0,774400.0
35380.jpg,803.0,1028.0,825484.0
35381.jpg,900.0,1117.0,1005300.0
35382.jpg,750.0,1068.0,801000.0
35384.jpg,1000.0,1253.0,1253000.0
35385.jpg,1198.0,1500.0,1797000.0
35387.jpg,1000.0,1365.0,1365000.0
35388.jpg,1000.0,1375.0,1375000.0
35401.jpg,589.0,800.0,471200.0
35402.jpg,1400.0,712.0,996800.0
35403.jpg,882.0,800.0,705600.0
35404.jpg,765.0,800.0,612000.0
35405.jpg,763.0,800.0,610400.0
35406.jpg,1059.0,1100.0,1164900.0
35407.jpg,1032.0,1300.0,1341600.0
35408.jpg,1100.0,1148.0,1262800.0
35409.jpg,1054.0,1100.0,1159400.0
35410.jpg,507.0,940.0,476580.0
35411.jpg,514.0,950.0,488300.0
35412.jpg,709.0,1000.0,709000.0
35419.jpg,760.0,1123.0,853480.0
35420.jpg,1030.0,821.0,845630.0
35421.jpg,750.0,877.0,657750.0
35422.jpg,810.0,1003.0,812430.0
35424.jpg,1095.0,770.0,843150.0
35432.jpg,956.0,788.0,753328.0
35433.jpg,860.0,1400.0,1204000.0
35434.jpg,1034.0,840.0,868560.0
35435.jpg,740.0,900.0,666000.0
35436.jpg,1208.0,814.0,983312.0
35437.jpg,1141.0,770.0,878570.0
35438.jpg,881.0,1100.0,969100.0
35439.jpg,986.0,1135.0,1119110.0
35440.jpg,1235.0,1086.0,1341210.0
35442.jpg,1100.0,1077.0,1184700.0
35443.jpg,1030.0,1000.0,1030000.0
35444.jpg,900.0,1110.0,999000.0
35445.jpg,1102.0,1082.0,1192364.0
35449.jpg,508.0,940.0,477520.0
35450.jpg,1316.0,1000.0,1316000.0
35451.jpg,853.0,600.0,511800.0
35454.jpg,900.0,1264.0,1137600.0
35455.jpg,1200.0,1402.0,1682400.0
35456.jpg,880.0,1200.0,1056000.0
35457.jpg,950.0,900.0,855000.0
35459.jpg,1030.0,824.0,848720.0
35460.jpg,750.0,1171.0,878250.0
35461.jpg,1490.0,1000.0,1490000.0
35462.jpg,1204.0,900.0,1083600.0
35463.jpg,1196.0,892.0,1066832.0
35464.jpg,1055.0,770.0,812350.0
35484.jpg,1134.0,800.0,907200.0
35485.jpg,540.0,1000.0,540000.0
35486.jpg,1063.0,800.0,850400.0
35487.jpg,1077.0,1400.0,1507800.0
35488.jpg,1061.0,1400.0,1485400.0
35489.jpg,1044.0,965.0,1007460.0
35490.jpg,1006.0,1300.0,1307800.0
35491.jpg,850.0,1031.0,876350.0
35492.jpg,1200.0,801.0,961200.0
35493.jpg,1030.0,1225.0,1261750.0
35494.jpg,950.0,1385.0,1315750.0
35495.jpg,850.0,1090.0,926500.0
35502.jpg,1200.0,1720.0,2064000.0
35503.jpg,712.0,1300.0,925600.0
35504.jpg,707.0,1300.0,919100.0
35505.jpg,700.0,733.0,513100.0
35535.jpg,670.0,1006.0,674020.0
35536.jpg,626.0,950.0,594700.0
35537.jpg,900.0,1193.0,1073700.0
35538.jpg,705.0,1197.0,843885.0
35539.jpg,950.0,1400.0,1330000.0
35540.jpg,1215.0,988.0,1200420.0
35543.jpg,922.0,620.0,571640.0
35548.jpg,1135.0,650.0,737750.0
35550.jpg,1200.0,972.0,1166400.0
35551.jpg,1069.0,1300.0,1389700.0
35556.jpg,1246.0,1006.0,1253476.0
35557.jpg,1423.0,1086.0,1545378.0
35558.jpg,1425.0,1077.0,1534725.0
35561.jpg,900.0,1127.0,1014300.0
35562.jpg,982.0,700.0,687400.0
35563.jpg,925.0,721.0,666925.0
35564.jpg,807.0,1200.0,968400.0
35565.jpg,1095.0,654.0,716130.0
35566.jpg,1312.0,1200.0,1574400.0
35567.jpg,1244.0,903.0,1123332.0
35568.jpg,842.0,1016.0,855472.0
35569.jpg,1500.0,831.0,1246500.0
35570.jpg,1221.0,700.0,854700.0
35571.jpg,1400.0,1029.0,1440600.0
35573.jpg,1336.0,900.0,1202400.0
35574.jpg,1000.0,1207.0,1207000.0
35575.jpg,1255.0,905.0,1135775.0
35576.jpg,643.0,804.0,516972.0
35577.jpg,610.0,847.0,516670.0
35578.jpg,1000.0,1430.0,1430000.0
35580.jpg,1255.0,892.0,1119460.0
35582.jpg,1097.0,879.0,964263.0
35583.jpg,1089.0,1400.0,1524600.0
35587.jpg,1100.0,720.0,792000.0
35591.jpg,850.0,1276.0,1084600.0
35592.jpg,850.0,1142.0,970700.0
35593.jpg,1169.0,920.0,1075480.0
35594.jpg,804.0,1349.0,1084596.0
35597.jpg,845.0,1300.0,1098500.0
35598.jpg,1030.0,805.0,829150.0
35599.jpg,1507.0,900.0,1356300.0
35600.jpg,1045.0,750.0,783750.0
35601.jpg,1400.0,1006.0,1408400.0
35602.jpg,920.0,1397.0,1285240.0
35603.jpg,936.0,1397.0,1307592.0
35604.jpg,900.0,1353.0,1217700.0
35605.jpg,2000.0,547.0,1094000.0
35606.jpg,1647.0,900.0,1482300.0
35607.jpg,1379.0,1200.0,1654800.0
35608.jpg,1428.0,600.0,856800.0
35609.jpg,1000.0,1304.0,1304000.0
35610.jpg,1425.0,1000.0,1425000.0
35611.jpg,1000.0,1155.0,1155000.0
35612.jpg,1020.0,1205.0,1229100.0
35613.jpg,627.0,842.0,527934.0
35614.jpg,900.0,1167.0,1050300.0
35617.jpg,1370.0,700.0,959000.0
35618.jpg,950.0,625.0,593750.0
35619.jpg,800.0,539.0,431200.0
35620.jpg,940.0,1001.0,940940.0
35622.jpg,1330.0,700.0,931000.0
35623.jpg,790.0,932.0,736280.0
35624.jpg,1112.0,900.0,1000800.0
35626.jpg,729.0,1400.0,1020600.0
35627.jpg,687.0,1200.0,824400.0
35628.jpg,1000.0,1225.0,1225000.0
35633.jpg,928.0,1300.0,1206400.0
35634.jpg,657.0,948.0,622836.0
35635.jpg,800.0,1164.0,931200.0
35636.jpg,1029.0,1330.0,1368570.0
35637.jpg,800.0,1018.0,814400.0
35638.jpg,1025.0,681.0,698025.0
35639.jpg,921.0,1255.0,1155855.0
35640.jpg,850.0,651.0,553350.0
35641.jpg,741.0,1078.0,798798.0
35642.jpg,1000.0,1223.0,1223000.0
35643.jpg,850.0,781.0,663850.0
35644.jpg,1327.0,900.0,1194300.0
35645.jpg,809.0,1055.0,853495.0
35646.jpg,796.0,1600.0,1273600.0
35647.jpg,1202.0,900.0,1081800.0
35648.jpg,1200.0,1269.0,1522800.0
35649.jpg,1200.0,1231.0,1477200.0
35650.jpg,706.0,1575.0,1111950.0
35651.jpg,733.0,1575.0,1154475.0
35653.jpg,900.0,1153.0,1037700.0
35654.jpg,900.0,1126.0,1013400.0
35655.jpg,900.0,1148.0,1033200.0
35656.jpg,1000.0,1208.0,1208000.0
35657.jpg,1000.0,1210.0,1210000.0
35658.jpg,704.0,900.0,633600.0
35659.jpg,1034.0,1253.0,1295602.0
35660.jpg,1000.0,1279.0,1279000.0
35661.jpg,1020.0,678.0,691560.0
35662.jpg,1097.0,700.0,767900.0
35663.jpg,800.0,1035.0,828000.0
35666.jpg,1400.0,961.0,1345400.0
35668.jpg,869.0,1124.0,976756.0
35670.jpg,1604.0,800.0,1283200.0
35671.jpg,1110.0,1200.0,1332000.0
35672.jpg,1533.0,800.0,1226400.0
35673.jpg,900.0,1206.0,1085400.0
35675.jpg,913.0,1200.0,1095600.0
35678.jpg,932.0,1255.0,1169660.0
35680.jpg,1010.0,1296.0,1308960.0
35681.jpg,1408.0,897.0,1262976.0
35684.jpg,900.0,1205.0,1084500.0
35685.jpg,1250.0,951.0,1188750.0
35686.jpg,1089.0,760.0,827640.0
35688.jpg,1224.0,900.0,1101600.0
35690.jpg,1301.0,700.0,910700.0
35691.jpg,1139.0,750.0,854250.0
35692.jpg,960.0,788.0,756480.0
35694.jpg,1029.0,647.0,665763.0
35695.jpg,1215.0,1400.0,1701000.0
35696.jpg,650.0,1100.0,715000.0
35697.jpg,660.0,1100.0,726000.0
35698.jpg,1076.0,1400.0,1506400.0
35700.jpg,833.0,1800.0,1499400.0
35701.jpg,799.0,1800.0,1438200.0
35702.jpg,778.0,1800.0,1400400.0
35703.jpg,600.0,1112.0,667200.0
35704.jpg,619.0,1050.0,649950.0
35705.jpg,662.0,894.0,591828.0
35706.jpg,900.0,1252.0,1126800.0
35707.jpg,1500.0,720.0,1080000.0
35708.jpg,1110.0,1100.0,1221000.0
35709.jpg,1111.0,1100.0,1222100.0
35710.jpg,1000.0,1470.0,1470000.0
35711.jpg,967.0,1200.0,1160400.0
35712.jpg,900.0,1418.0,1276200.0
35718.jpg,1200.0,1018.0,1221600.0
35719.jpg,1200.0,1014.0,1216800.0
35722.jpg,1032.0,1000.0,1032000.0
35723.jpg,1000.0,1138.0,1138000.0
35732.jpg,760.0,1127.0,856520.0
35733.jpg,1400.0,886.0,1240400.0
35734.jpg,1200.0,822.0,986400.0
35735.jpg,1011.0,650.0,657150.0
35737.jpg,976.0,1095.0,1068720.0
35738.jpg,981.0,1305.0,1280205.0
35739.jpg,962.0,481.0,462722.0
35740.jpg,1183.0,1029.0,1217307.0
35741.jpg,1173.0,1600.0,1876800.0
35742.jpg,1020.0,509.0,519180.0
35743.jpg,1210.0,1500.0,1815000.0
35744.jpg,1313.0,1700.0,2232100.0
35745.jpg,1200.0,1862.0,2234400.0
35746.jpg,1405.0,1400.0,1967000.0
35751.jpg,764.0,716.0,547024.0
35752.jpg,637.0,900.0,573300.0
35753.jpg,709.0,1070.0,758630.0
35754.jpg,1400.0,959.0,1342600.0
35755.jpg,1400.0,665.0,931000.0
35756.jpg,1400.0,949.0,1328600.0
35757.jpg,1400.0,957.0,1339800.0
35758.jpg,1400.0,577.0,807800.0
35759.jpg,1150.0,759.0,872850.0
35760.jpg,1150.0,757.0,870550.0
35761.jpg,700.0,861.0,602700.0
35762.jpg,1039.0,1300.0,1350700.0
35764.jpg,1238.0,800.0,990400.0
35765.jpg,791.0,500.0,395500.0
35766.jpg,1050.0,650.0,682500.0
35767.jpg,1195.0,803.0,959585.0
35768.jpg,1107.0,750.0,830250.0
35769.jpg,850.0,1116.0,948600.0
35771.jpg,502.0,800.0,401600.0
35772.jpg,484.0,800.0,387200.0
35773.jpg,1245.0,1000.0,1245000.0
35774.jpg,1076.0,850.0,914600.0
35775.jpg,903.0,900.0,812700.0
35776.jpg,536.0,850.0,455600.0
35777.jpg,539.0,850.0,458150.0
35778.jpg,519.0,850.0,441150.0
35779.jpg,530.0,850.0,450500.0
35780.jpg,900.0,1072.0,964800.0
35781.jpg,1221.0,800.0,976800.0
35782.jpg,1002.0,883.0,884766.0
35783.jpg,1000.0,1218.0,1218000.0
35784.jpg,824.0,1010.0,832240.0
35785.jpg,545.0,750.0,408750.0
35786.jpg,900.0,1118.0,1006200.0
35787.jpg,1026.0,1256.0,1288656.0
35788.jpg,1278.0,1000.0,1278000.0
35789.jpg,810.0,1010.0,818100.0
35790.jpg,1300.0,1033.0,1342900.0
35791.jpg,964.0,1200.0,1156800.0
35792.jpg,1216.0,1000.0,1216000.0
35793.jpg,1246.0,1000.0,1246000.0
35794.jpg,1251.0,998.0,1248498.0
35795.jpg,1236.0,956.0,1181616.0
35797.jpg,800.0,1015.0,812000.0
35800.jpg,1100.0,922.0,1014200.0
35801.jpg,1128.0,1500.0,1692000.0
35807.jpg,800.0,1031.0,824800.0
35808.jpg,1300.0,912.0,1185600.0
35809.jpg,911.0,1241.0,1130551.0
35820.jpg,869.0,720.0,625680.0
35821.jpg,1136.0,740.0,840640.0
35822.jpg,970.0,762.0,739140.0
35823.jpg,923.0,1248.0,1151904.0
35824.jpg,1100.0,1288.0,1416800.0
35825.jpg,750.0,903.0,677250.0
35826.jpg,858.0,1036.0,888888.0
35827.jpg,1300.0,919.0,1194700.0
35828.jpg,1404.0,900.0,1263600.0
35830.jpg,650.0,1152.0,748800.0
35831.jpg,1000.0,1248.0,1248000.0
35834.jpg,1227.0,967.0,1186509.0
35835.jpg,1355.0,1052.0,1425460.0
35836.jpg,1011.0,805.0,813855.0
35837.jpg,1400.0,1100.0,1540000.0
35838.jpg,1200.0,856.0,1027200.0
35839.jpg,1147.0,900.0,1032300.0
35840.jpg,1250.0,1000.0,1250000.0
35841.jpg,1296.0,900.0,1166400.0
35842.jpg,1275.0,1000.0,1275000.0
35843.jpg,859.0,1100.0,944900.0
35844.jpg,1010.0,834.0,842340.0
35845.jpg,1090.0,850.0,926500.0
35846.jpg,1132.0,900.0,1018800.0
35847.jpg,1100.0,551.0,606100.0
35849.jpg,1100.0,870.0,957000.0
35851.jpg,1095.0,850.0,930750.0
35852.jpg,1400.0,943.0,1320200.0
35853.jpg,1200.0,902.0,1082400.0
35854.jpg,650.0,1041.0,676650.0
35855.jpg,915.0,1200.0,1098000.0
35856.jpg,819.0,1020.0,835380.0
35857.jpg,1015.0,800.0,812000.0
35858.jpg,1050.0,900.0,945000.0
35859.jpg,1070.0,1076.0,1151320.0
35860.jpg,900.0,1144.0,1029600.0
35861.jpg,774.0,1100.0,851400.0
35862.jpg,1165.0,1072.0,1248880.0
35863.jpg,1000.0,900.0,900000.0
35864.jpg,1101.0,900.0,990900.0
35865.jpg,721.0,900.0,648900.0
35866.jpg,917.0,900.0,825300.0
35867.jpg,915.0,720.0,658800.0
35868.jpg,668.0,930.0,621240.0
35869.jpg,687.0,930.0,638910.0
35870.jpg,914.0,710.0,648940.0
35871.jpg,900.0,1176.0,1058400.0
35872.jpg,900.0,1113.0,1001700.0
35873.jpg,900.0,1094.0,984600.0
35874.jpg,632.0,880.0,556160.0
35875.jpg,950.0,676.0,642200.0
35876.jpg,1043.0,900.0,938700.0
35877.jpg,641.0,926.0,593566.0
35878.jpg,788.0,830.0,654040.0
35879.jpg,677.0,929.0,628933.0
35880.jpg,900.0,1158.0,1042200.0
35881.jpg,659.0,918.0,604962.0
35882.jpg,1055.0,1000.0,1055000.0
35883.jpg,721.0,900.0,648900.0
35884.jpg,827.0,820.0,678140.0
35885.jpg,831.0,820.0,681420.0
35886.jpg,1124.0,1000.0,1124000.0
35887.jpg,708.0,890.0,630120.0
35888.jpg,672.0,900.0,604800.0
35889.jpg,1000.0,1076.0,1076000.0
35890.jpg,1068.0,1000.0,1068000.0
35891.jpg,624.0,880.0,549120.0
35892.jpg,871.0,680.0,592280.0
35893.jpg,1201.0,900.0,1080900.0
35894.jpg,683.0,950.0,648850.0
35895.jpg,671.0,965.0,647515.0
35896.jpg,963.0,680.0,654840.0
35897.jpg,793.0,820.0,650260.0
35898.jpg,800.0,1026.0,820800.0
35899.jpg,800.0,1033.0,826400.0
35900.jpg,800.0,1019.0,815200.0
35901.jpg,903.0,900.0,812700.0
35902.jpg,1000.0,1071.0,1071000.0
35903.jpg,1031.0,1000.0,1031000.0
35904.jpg,1000.0,1043.0,1043000.0
35905.jpg,800.0,1034.0,827200.0
35906.jpg,897.0,721.0,646737.0
35907.jpg,953.0,670.0,638510.0
35908.jpg,1005.0,1000.0,1005000.0
35909.jpg,800.0,1025.0,820000.0
35910.jpg,900.0,1110.0,999000.0
35911.jpg,750.0,870.0,652500.0
35912.jpg,938.0,652.0,611576.0
35913.jpg,900.0,1098.0,988200.0
35914.jpg,1200.0,854.0,1024800.0
35915.jpg,970.0,1030.0,999100.0
35916.jpg,801.0,1050.0,841050.0
35917.jpg,1021.0,850.0,867850.0
35918.jpg,1170.0,800.0,936000.0
35919.jpg,1077.0,950.0,1023150.0
35920.jpg,1471.0,600.0,882600.0
35921.jpg,1417.0,600.0,850200.0
35922.jpg,1348.0,600.0,808800.0
35923.jpg,1385.0,600.0,831000.0
35924.jpg,900.0,1156.0,1040400.0
35925.jpg,900.0,1074.0,966600.0
35926.jpg,1000.0,1169.0,1169000.0
35927.jpg,999.0,1233.0,1231767.0
35928.jpg,1000.0,1178.0,1178000.0
35929.jpg,1007.0,1242.0,1250694.0
35930.jpg,979.0,1247.0,1220813.0
35931.jpg,1000.0,1265.0,1265000.0
35932.jpg,1013.0,1000.0,1013000.0
35933.jpg,1000.0,1204.0,1204000.0
35934.jpg,900.0,1150.0,1035000.0
35935.jpg,900.0,1094.0,984600.0
35936.jpg,1000.0,1018.0,1018000.0
35937.jpg,1000.0,1017.0,1017000.0
35938.jpg,1264.0,600.0,758400.0
35939.jpg,1230.0,800.0,984000.0
35940.jpg,695.0,1160.0,806200.0
35941.jpg,779.0,1086.0,845994.0
35942.jpg,870.0,1045.0,909150.0
35943.jpg,937.0,1085.0,1016645.0
35944.jpg,801.0,976.0,781776.0
35945.jpg,1743.0,750.0,1307250.0
35946.jpg,537.0,762.0,409194.0
35948.jpg,1003.0,1000.0,1003000.0
35949.jpg,548.0,762.0,417576.0
35950.jpg,1307.0,1300.0,1699100.0
35951.jpg,1124.0,600.0,674400.0
35952.jpg,1121.0,600.0,672600.0
35953.jpg,1000.0,1555.0,1555000.0
35954.jpg,841.0,1634.0,1374194.0
35955.jpg,850.0,1634.0,1388900.0
35956.jpg,905.0,1500.0,1357500.0
35957.jpg,1200.0,961.0,1153200.0
35958.jpg,520.0,794.0,412880.0
35959.jpg,900.0,1073.0,965700.0
35960.jpg,724.0,1100.0,796400.0
35961.jpg,1000.0,1094.0,1094000.0
35962.jpg,950.0,1055.0,1002250.0
35967.jpg,1200.0,1303.0,1563600.0
35968.jpg,1100.0,1175.0,1292500.0
35970.jpg,1412.0,900.0,1270800.0
35971.jpg,1450.0,1000.0,1450000.0
35972.jpg,1200.0,1031.0,1237200.0
35974.jpg,1255.0,993.0,1246215.0
35975.jpg,873.0,620.0,541260.0
35976.jpg,1250.0,818.0,1022500.0
35994.jpg,1024.0,684.0,700416.0
36009.jpg,1000.0,1410.0,1410000.0
36024.jpg,1400.0,1030.0,1442000.0
36025.jpg,497.0,650.0,323050.0
36026.jpg,718.0,720.0,516960.0
36027.jpg,584.0,1000.0,584000.0
36030.jpg,1000.0,1205.0,1205000.0
36031.jpg,1300.0,1007.0,1309100.0
36032.jpg,1248.0,850.0,1060800.0
36033.jpg,594.0,1000.0,594000.0
36034.jpg,921.0,1200.0,1105200.0
36035.jpg,647.0,800.0,517600.0
36036.jpg,758.0,810.0,613980.0
36037.jpg,1002.0,1300.0,1302600.0
36038.jpg,619.0,800.0,495200.0
36039.jpg,742.0,797.0,591374.0
36040.jpg,1017.0,1300.0,1322100.0
36041.jpg,636.0,780.0,496080.0
36042.jpg,850.0,493.0,419050.0
36043.jpg,1000.0,1122.0,1122000.0
36044.jpg,1000.0,1119.0,1119000.0
36045.jpg,750.0,397.0,297750.0
36046.jpg,750.0,321.0,240750.0
36047.jpg,1275.0,900.0,1147500.0
36048.jpg,1000.0,1221.0,1221000.0
36049.jpg,850.0,1143.0,971550.0
36050.jpg,1000.0,1213.0,1213000.0
36051.jpg,1000.0,1230.0,1230000.0
36052.jpg,800.0,1116.0,892800.0
36053.jpg,800.0,1118.0,894400.0
36054.jpg,609.0,750.0,456750.0
36055.jpg,800.0,1109.0,887200.0
36056.jpg,772.0,1200.0,926400.0
36057.jpg,800.0,1099.0,879200.0
36058.jpg,774.0,1200.0,928800.0
36059.jpg,728.0,1600.0,1164800.0
36060.jpg,745.0,1600.0,1192000.0
36061.jpg,1158.0,750.0,868500.0
36062.jpg,773.0,1200.0,927600.0
36063.jpg,872.0,1000.0,872000.0
36064.jpg,848.0,1163.0,986224.0
36065.jpg,657.0,800.0,525600.0
36066.jpg,850.0,1145.0,973250.0
36067.jpg,660.0,800.0,528000.0
36068.jpg,876.0,1010.0,884760.0
36069.jpg,780.0,1082.0,843960.0
36070.jpg,1017.0,779.0,792243.0
36071.jpg,860.0,1005.0,864300.0
36072.jpg,661.0,800.0,528800.0
36073.jpg,870.0,1019.0,886530.0
36074.jpg,800.0,1045.0,836000.0
36075.jpg,870.0,1004.0,873480.0
36076.jpg,900.0,1027.0,924300.0
36077.jpg,837.0,849.0,710613.0
36078.jpg,690.0,712.0,491280.0
36079.jpg,700.0,1250.0,875000.0
36080.jpg,782.0,1200.0,938400.0
36081.jpg,700.0,1204.0,842800.0
36082.jpg,814.0,1088.0,885632.0
36083.jpg,525.0,650.0,341250.0
36084.jpg,880.0,1004.0,883520.0
36085.jpg,900.0,951.0,855900.0
36086.jpg,758.0,1200.0,909600.0
36087.jpg,915.0,1000.0,915000.0
36088.jpg,820.0,1071.0,878220.0
36092.jpg,930.0,631.0,586830.0
36093.jpg,1290.0,600.0,774000.0
36094.jpg,634.0,806.0,511004.0
36095.jpg,1561.0,750.0,1170750.0
36096.jpg,823.0,1200.0,987600.0
36097.jpg,900.0,1147.0,1032300.0
36098.jpg,1163.0,298.0,346574.0
36099.jpg,672.0,820.0,551040.0
36100.jpg,571.0,950.0,542450.0
36101.jpg,775.0,750.0,581250.0
36102.jpg,666.0,850.0,566100.0
36103.jpg,538.0,950.0,511100.0
36104.jpg,541.0,950.0,513950.0
36105.jpg,910.0,608.0,553280.0
36106.jpg,971.0,592.0,574832.0
36107.jpg,645.0,863.0,556635.0
36108.jpg,1150.0,511.0,587650.0
36109.jpg,495.0,950.0,470250.0
36110.jpg,496.0,939.0,465744.0
36111.jpg,1050.0,608.0,638400.0
36112.jpg,490.0,1101.0,539490.0
36113.jpg,550.0,983.0,540650.0
36114.jpg,968.0,620.0,600160.0
36115.jpg,666.0,900.0,599400.0
36116.jpg,531.0,900.0,477900.0
36117.jpg,705.0,800.0,564000.0
36118.jpg,1271.0,1000.0,1271000.0
36119.jpg,800.0,800.0,640000.0
36120.jpg,693.0,850.0,589050.0
36121.jpg,744.0,720.0,535680.0
36122.jpg,679.0,830.0,563570.0
36123.jpg,732.0,725.0,530700.0
36124.jpg,537.0,1058.0,568146.0
36125.jpg,770.0,1165.0,897050.0
36126.jpg,1154.0,1400.0,1615600.0
36127.jpg,955.0,720.0,687600.0
36128.jpg,1700.0,739.0,1256300.0
36129.jpg,1465.0,473.0,692945.0
36130.jpg,1300.0,1152.0,1497600.0
36131.jpg,1000.0,1355.0,1355000.0
36132.jpg,817.0,700.0,571900.0
36133.jpg,950.0,625.0,593750.0
36134.jpg,1100.0,1052.0,1157200.0
36135.jpg,463.0,700.0,324100.0
36136.jpg,681.0,950.0,646950.0
36137.jpg,1137.0,970.0,1102890.0
36138.jpg,718.0,699.0,501882.0
36139.jpg,530.0,796.0,421880.0
36140.jpg,800.0,954.0,763200.0
36141.jpg,700.0,800.0,560000.0
36142.jpg,647.0,789.0,510483.0
36143.jpg,586.0,800.0,468800.0
36145.jpg,599.0,837.0,501363.0
36146.jpg,806.0,1200.0,967200.0
36147.jpg,616.0,888.0,547008.0
36148.jpg,528.0,904.0,477312.0
36149.jpg,553.0,900.0,497700.0
36150.jpg,591.0,950.0,561450.0
36151.jpg,593.0,950.0,563350.0
36152.jpg,700.0,1109.0,776300.0
36153.jpg,900.0,1345.0,1210500.0
36157.jpg,997.0,800.0,797600.0
36158.jpg,1000.0,1229.0,1229000.0
36161.jpg,1500.0,1068.0,1602000.0
36163.jpg,630.0,881.0,555030.0
36165.jpg,1209.0,1500.0,1813500.0
36169.jpg,1407.0,1000.0,1407000.0
36171.jpg,1385.0,1000.0,1385000.0
36172.jpg,1348.0,1000.0,1348000.0
36173.jpg,1421.0,1100.0,1563100.0
36174.jpg,1451.0,1200.0,1741200.0
36175.jpg,1310.0,1000.0,1310000.0
36176.jpg,1324.0,900.0,1191600.0
36177.jpg,1361.0,1100.0,1497100.0
36178.jpg,1300.0,1052.0,1367600.0
36179.jpg,1070.0,1300.0,1391000.0
36180.jpg,1000.0,1231.0,1231000.0
36181.jpg,1363.0,1100.0,1499300.0
36182.jpg,1229.0,1000.0,1229000.0
36183.jpg,1086.0,863.0,937218.0
36184.jpg,802.0,1145.0,918290.0
36185.jpg,1200.0,755.0,906000.0
36186.jpg,1213.0,770.0,934010.0
36187.jpg,1119.0,770.0,861630.0
36188.jpg,1313.0,1000.0,1313000.0
36189.jpg,1200.0,916.0,1099200.0
36190.jpg,1572.0,1149.0,1806228.0
36191.jpg,1020.0,835.0,851700.0
36192.jpg,1325.0,1000.0,1325000.0
36193.jpg,1200.0,951.0,1141200.0
36194.jpg,1226.0,1000.0,1226000.0
36195.jpg,1000.0,1211.0,1211000.0
36196.jpg,1186.0,1462.0,1733932.0
36197.jpg,1300.0,1012.0,1315600.0
36198.jpg,1323.0,1000.0,1323000.0
36199.jpg,900.0,717.0,645300.0
36200.jpg,1300.0,953.0,1238900.0
36201.jpg,1300.0,1055.0,1371500.0
36202.jpg,1200.0,924.0,1108800.0
36203.jpg,1284.0,770.0,988680.0
36204.jpg,1307.0,1000.0,1307000.0
36205.jpg,1304.0,1000.0,1304000.0
36206.jpg,900.0,701.0,630900.0
36207.jpg,1228.0,1000.0,1228000.0
36208.jpg,1310.0,900.0,1179000.0
36209.jpg,1189.0,878.0,1043942.0
36210.jpg,1354.0,1000.0,1354000.0
36211.jpg,1388.0,1000.0,1388000.0
36212.jpg,1300.0,651.0,846300.0
36213.jpg,1267.0,894.0,1132698.0
36214.jpg,763.0,1000.0,763000.0
36215.jpg,750.0,1011.0,758250.0
36216.jpg,807.0,1068.0,861876.0
36217.jpg,1063.0,1500.0,1594500.0
36218.jpg,858.0,1100.0,943800.0
36219.jpg,1019.0,1600.0,1630400.0
36221.jpg,869.0,1200.0,1042800.0
36222.jpg,1115.0,800.0,892000.0
36223.jpg,900.0,1304.0,1173600.0
36224.jpg,1336.0,1100.0,1469600.0
36225.jpg,1060.0,1300.0,1378000.0
36226.jpg,1048.0,1300.0,1362400.0
36227.jpg,1400.0,905.0,1267000.0
36228.jpg,1300.0,1013.0,1316900.0
36229.jpg,1145.0,900.0,1030500.0
36230.jpg,1000.0,1354.0,1354000.0
36231.jpg,982.0,1200.0,1178400.0
36232.jpg,1100.0,1411.0,1552100.0
36233.jpg,700.0,880.0,616000.0
36234.jpg,402.0,500.0,201000.0
36235.jpg,1136.0,1300.0,1476800.0
36236.jpg,1136.0,1400.0,1590400.0
36239.jpg,686.0,900.0,617400.0
36274.jpg,300.0,400.0,120000.0
36275.jpg,362.0,480.0,173760.0
36276.jpg,336.0,480.0,161280.0
36278.jpg,1446.0,1072.0,1550112.0
36279.jpg,1364.0,1018.0,1388552.0
36282.jpg,947.0,650.0,615550.0
36283.jpg,1255.0,878.0,1101890.0
36286.jpg,1101.0,800.0,880800.0
36287.jpg,1333.0,1000.0,1333000.0
36288.jpg,1424.0,1000.0,1424000.0
36290.jpg,1237.0,763.0,943831.0
36294.jpg,993.0,550.0,546150.0
36295.jpg,1255.0,757.0,950035.0
36296.jpg,1243.0,746.0,927278.0
36297.jpg,1255.0,763.0,957565.0
36298.jpg,1018.0,628.0,639304.0
36300.jpg,1001.0,630.0,630630.0
36303.jpg,922.0,636.0,586392.0
36304.jpg,1247.0,694.0,865418.0
36305.jpg,1481.0,1000.0,1481000.0
36309.jpg,1080.0,700.0,756000.0
36310.jpg,710.0,887.0,629770.0
36311.jpg,1121.0,750.0,840750.0
36312.jpg,1197.0,793.0,949221.0
36313.jpg,951.0,600.0,570600.0
36314.jpg,1110.0,770.0,854700.0
36315.jpg,1300.0,878.0,1141400.0
36316.jpg,1118.0,778.0,869804.0
36317.jpg,1500.0,985.0,1477500.0
36318.jpg,1500.0,861.0,1291500.0
36319.jpg,1118.0,770.0,860860.0
36320.jpg,982.0,900.0,883800.0
36322.jpg,800.0,1289.0,1031200.0
36323.jpg,900.0,1112.0,1000800.0
36324.jpg,1050.0,526.0,552300.0
36325.jpg,1050.0,572.0,600600.0
36326.jpg,1000.0,1300.0,1300000.0
36327.jpg,1000.0,1178.0,1178000.0
36328.jpg,515.0,750.0,386250.0
36329.jpg,1250.0,652.0,815000.0
36330.jpg,1388.0,600.0,832800.0
36331.jpg,680.0,950.0,646000.0
36333.jpg,840.0,1069.0,897960.0
36334.jpg,750.0,934.0,700500.0
36335.jpg,854.0,1100.0,939400.0
36336.jpg,800.0,1172.0,937600.0
36337.jpg,1300.0,824.0,1071200.0
36338.jpg,900.0,1096.0,986400.0
36339.jpg,1300.0,845.0,1098500.0
36340.jpg,1209.0,900.0,1088100.0
36341.jpg,1400.0,849.0,1188600.0
36342.jpg,1082.0,1000.0,1082000.0
36343.jpg,900.0,1058.0,952200.0
36344.jpg,1000.0,1204.0,1204000.0
36345.jpg,1000.0,1179.0,1179000.0
36346.jpg,900.0,1201.0,1080900.0
36347.jpg,491.0,816.0,400656.0
36348.jpg,900.0,1164.0,1047600.0
36349.jpg,900.0,1096.0,986400.0
36350.jpg,900.0,1150.0,1035000.0
36351.jpg,1000.0,1061.0,1061000.0
36352.jpg,900.0,1098.0,988200.0
36353.jpg,900.0,1153.0,1037700.0
36354.jpg,900.0,1005.0,904500.0
36355.jpg,900.0,1157.0,1041300.0
36356.jpg,900.0,1100.0,990000.0
36357.jpg,900.0,1180.0,1062000.0
36358.jpg,900.0,1153.0,1037700.0
36359.jpg,900.0,1082.0,973800.0
36360.jpg,900.0,1089.0,980100.0
36361.jpg,900.0,1152.0,1036800.0
36362.jpg,900.0,1150.0,1035000.0
36363.jpg,1000.0,1230.0,1230000.0
36364.jpg,1000.0,1206.0,1206000.0
36365.jpg,739.0,1100.0,812900.0
36366.jpg,900.0,1187.0,1068300.0
36367.jpg,1200.0,942.0,1130400.0
36368.jpg,735.0,900.0,661500.0
36371.jpg,1212.0,860.0,1042320.0
36372.jpg,1300.0,1124.0,1461200.0
36385.jpg,572.0,848.0,485056.0
36387.jpg,750.0,1083.0,812250.0
36389.jpg,800.0,1101.0,880800.0
36390.jpg,827.0,1006.0,831962.0
36391.jpg,1000.0,1097.0,1097000.0
36392.jpg,806.0,991.0,798746.0
36393.jpg,515.0,650.0,334750.0
36394.jpg,734.0,961.0,705374.0
36395.jpg,800.0,887.0,709600.0
36396.jpg,1058.0,1300.0,1375400.0
36398.jpg,1010.0,1200.0,1212000.0
36400.jpg,823.0,1010.0,831230.0
36428.jpg,674.0,867.0,584358.0
36430.jpg,610.0,900.0,549000.0
36431.jpg,750.0,1022.0,766500.0
36432.jpg,1116.0,900.0,1004400.0
36433.jpg,702.0,1050.0,737100.0
36434.jpg,1648.0,800.0,1318400.0
36435.jpg,1224.0,600.0,734400.0
36436.jpg,572.0,850.0,486200.0
36437.jpg,1015.0,650.0,659750.0
36438.jpg,1116.0,800.0,892800.0
36439.jpg,1082.0,825.0,892650.0
36440.jpg,960.0,770.0,739200.0
36442.jpg,767.0,1000.0,767000.0
36445.jpg,1034.0,1300.0,1344200.0
36446.jpg,659.0,820.0,540380.0
36447.jpg,1068.0,1255.0,1340340.0
36448.jpg,1169.0,1400.0,1636600.0
36449.jpg,724.0,1200.0,868800.0
36450.jpg,1000.0,1205.0,1205000.0
36451.jpg,1066.0,1300.0,1385800.0
36452.jpg,1005.0,1300.0,1306500.0
36453.jpg,1068.0,1300.0,1388400.0
36454.jpg,1012.0,1300.0,1315600.0
36455.jpg,1500.0,889.0,1333500.0
36456.jpg,1500.0,896.0,1344000.0
36457.jpg,904.0,1150.0,1039600.0
36459.jpg,729.0,1500.0,1093500.0
36460.jpg,1400.0,1025.0,1435000.0
36461.jpg,800.0,966.0,772800.0
36466.jpg,927.0,725.0,672075.0
36468.jpg,1108.0,802.0,888616.0
36469.jpg,1420.0,1093.0,1552060.0
36470.jpg,788.0,1079.0,850252.0
36471.jpg,1096.0,915.0,1002840.0
36472.jpg,1200.0,858.0,1029600.0
36473.jpg,1247.0,843.0,1051221.0
36474.jpg,923.0,1200.0,1107600.0
36479.jpg,1197.0,853.0,1021041.0
36480.jpg,1400.0,962.0,1346800.0
36482.jpg,1045.0,782.0,817190.0
36484.jpg,1470.0,1032.0,1517040.0
36485.jpg,1105.0,1300.0,1436500.0
36487.jpg,1100.0,1471.0,1618100.0
36489.jpg,1255.0,972.0,1219860.0
36490.jpg,1094.0,851.0,930994.0
36496.jpg,934.0,673.0,628582.0
36497.jpg,1177.0,590.0,694430.0
36498.jpg,948.0,672.0,637056.0
36499.jpg,1000.0,1143.0,1143000.0
36500.jpg,951.0,1200.0,1141200.0
36501.jpg,452.0,889.0,401828.0
36502.jpg,1400.0,1035.0,1449000.0
36503.jpg,1110.0,1500.0,1665000.0
36505.jpg,900.0,737.0,663300.0
36507.jpg,1000.0,1328.0,1328000.0
36508.jpg,1030.0,832.0,856960.0
36509.jpg,700.0,1005.0,703500.0
36510.jpg,1030.0,802.0,826060.0
36512.jpg,1108.0,800.0,886400.0
36513.jpg,1400.0,1013.0,1418200.0
36518.jpg,872.0,943.0,822296.0
36524.jpg,1266.0,1000.0,1266000.0
36526.jpg,951.0,1082.0,1028982.0
36527.jpg,912.0,1060.0,966720.0
36528.jpg,874.0,1100.0,961400.0
36539.jpg,1166.0,850.0,991100.0
36548.jpg,860.0,1100.0,946000.0
36549.jpg,883.0,1100.0,971300.0
36551.jpg,1072.0,773.0,828656.0
36559.jpg,1000.0,750.0,750000.0
36561.jpg,950.0,1267.0,1203650.0
36585.jpg,1000.0,1210.0,1210000.0
36586.jpg,1042.0,1000.0,1042000.0
36587.jpg,1416.0,800.0,1132800.0
36588.jpg,942.0,769.0,724398.0
36589.jpg,882.0,747.0,658854.0
36590.jpg,1015.0,1000.0,1015000.0
36591.jpg,1481.0,777.0,1150737.0
36592.jpg,1000.0,1004.0,1004000.0
36593.jpg,905.0,781.0,706805.0
36594.jpg,1023.0,1000.0,1023000.0
36595.jpg,1438.0,620.0,891560.0
36596.jpg,965.0,1300.0,1254500.0
36597.jpg,937.0,1200.0,1124400.0
36598.jpg,1000.0,1302.0,1302000.0
36599.jpg,1001.0,1000.0,1001000.0
36600.jpg,1200.0,1199.0,1438800.0
36601.jpg,733.0,843.0,617919.0
36602.jpg,617.0,842.0,519514.0
36603.jpg,669.0,842.0,563298.0
36604.jpg,887.0,842.0,746854.0
36605.jpg,877.0,1060.0,929620.0
36606.jpg,799.0,1060.0,846940.0
36607.jpg,891.0,1060.0,944460.0
36608.jpg,809.0,1060.0,857540.0
36609.jpg,801.0,1060.0,849060.0
36610.jpg,800.0,983.0,786400.0
36611.jpg,800.0,983.0,786400.0
36612.jpg,870.0,1040.0,904800.0
36613.jpg,1000.0,1050.0,1050000.0
36614.jpg,929.0,639.0,593631.0
36615.jpg,1002.0,1000.0,1002000.0
36616.jpg,600.0,1405.0,843000.0
36617.jpg,739.0,904.0,668056.0
36618.jpg,452.0,1178.0,532456.0
36619.jpg,487.0,1255.0,611185.0
36620.jpg,906.0,610.0,552660.0
36621.jpg,1312.0,900.0,1180800.0
36622.jpg,1210.0,710.0,859100.0
36623.jpg,1210.0,968.0,1171280.0
36624.jpg,1254.0,1000.0,1254000.0
36626.jpg,377.0,1200.0,452400.0
36627.jpg,850.0,1178.0,1001300.0
36628.jpg,800.0,985.0,788000.0
36630.jpg,952.0,950.0,904400.0
36631.jpg,720.0,1180.0,849600.0
36632.jpg,750.0,1090.0,817500.0
36633.jpg,1050.0,1281.0,1345050.0
36634.jpg,538.0,700.0,376600.0
36636.jpg,1021.0,820.0,837220.0
36637.jpg,1000.0,1210.0,1210000.0
36645.jpg,1077.0,800.0,861600.0
36652.jpg,1000.0,1205.0,1205000.0
36655.jpg,1400.0,802.0,1122800.0
36656.jpg,1000.0,1131.0,1131000.0
36657.jpg,1300.0,884.0,1149200.0
36658.jpg,1500.0,968.0,1452000.0
36660.jpg,1300.0,852.0,1107600.0
36661.jpg,626.0,1200.0,751200.0
36662.jpg,1329.0,1000.0,1329000.0
36663.jpg,1034.0,1200.0,1240800.0
36664.jpg,1277.0,700.0,893900.0
36665.jpg,878.0,623.0,546994.0
36666.jpg,928.0,1200.0,1113600.0
36667.jpg,722.0,1255.0,906110.0
36668.jpg,1030.0,766.0,788980.0
36669.jpg,889.0,1200.0,1066800.0
36670.jpg,1129.0,1500.0,1693500.0
36671.jpg,830.0,1100.0,913000.0
36672.jpg,941.0,1200.0,1129200.0
36673.jpg,949.0,1200.0,1138800.0
36674.jpg,1508.0,520.0,784160.0
36675.jpg,1006.0,810.0,814860.0
36676.jpg,1050.0,900.0,945000.0
36677.jpg,750.0,1136.0,852000.0
36678.jpg,403.0,789.0,317967.0
36680.jpg,1100.0,1321.0,1453100.0
36687.jpg,1100.0,1367.0,1503700.0
36688.jpg,1286.0,905.0,1163830.0
36689.jpg,1200.0,1446.0,1735200.0
36690.jpg,1344.0,1200.0,1612800.0
36691.jpg,881.0,1027.0,904787.0
36692.jpg,1505.0,1300.0,1956500.0
36693.jpg,634.0,1170.0,741780.0
36694.jpg,908.0,1107.0,1005156.0
36695.jpg,1138.0,887.0,1009406.0
36697.jpg,752.0,880.0,661760.0
36700.jpg,832.0,1040.0,865280.0
36701.jpg,1040.0,1400.0,1456000.0
36702.jpg,1100.0,1281.0,1409100.0
36703.jpg,900.0,1029.0,926100.0
36704.jpg,800.0,924.0,739200.0
36705.jpg,1100.0,1301.0,1431100.0
36706.jpg,646.0,856.0,552976.0
36708.jpg,1005.0,850.0,854250.0
36709.jpg,770.0,971.0,747670.0
36710.jpg,889.0,1200.0,1066800.0
36711.jpg,750.0,959.0,719250.0
36712.jpg,1200.0,1394.0,1672800.0
36713.jpg,788.0,980.0,772240.0
36714.jpg,1200.0,1000.0,1200000.0
36715.jpg,1049.0,1400.0,1468600.0
36717.jpg,1300.0,1051.0,1366300.0
36718.jpg,1083.0,820.0,888060.0
36720.jpg,1116.0,900.0,1004400.0
36721.jpg,1274.0,1100.0,1401400.0
36723.jpg,1255.0,972.0,1219860.0
36724.jpg,1250.0,1100.0,1375000.0
36725.jpg,1027.0,1200.0,1232400.0
36726.jpg,1300.0,1531.0,1990300.0
36727.jpg,900.0,1219.0,1097100.0
36728.jpg,728.0,1000.0,728000.0
36729.jpg,1424.0,1000.0,1424000.0
36730.jpg,1000.0,1432.0,1432000.0
36731.jpg,1027.0,1200.0,1232400.0
36732.jpg,1130.0,900.0,1017000.0
36733.jpg,1000.0,1103.0,1103000.0
36734.jpg,1400.0,503.0,704200.0
36735.jpg,1500.0,1243.0,1864500.0
36736.jpg,750.0,1032.0,774000.0
36737.jpg,1155.0,790.0,912450.0
36738.jpg,1600.0,1181.0,1889600.0
36740.jpg,1053.0,860.0,905580.0
36741.jpg,1314.0,1400.0,1839600.0
36742.jpg,889.0,950.0,844550.0
36743.jpg,752.0,1052.0,791104.0
36744.jpg,722.0,1070.0,772540.0
36745.jpg,1000.0,1330.0,1330000.0
36746.jpg,1008.0,650.0,655200.0
36747.jpg,1116.0,1200.0,1339200.0
36748.jpg,640.0,900.0,576000.0
36749.jpg,846.0,750.0,634500.0
36750.jpg,1160.0,1242.0,1440720.0
36751.jpg,811.0,947.0,768017.0
36752.jpg,1019.0,1400.0,1426600.0
36753.jpg,1400.0,1075.0,1505000.0
36754.jpg,1400.0,1164.0,1629600.0
36755.jpg,1094.0,850.0,929900.0
36756.jpg,1079.0,770.0,830830.0
36757.jpg,1400.0,1043.0,1460200.0
36758.jpg,950.0,650.0,617500.0
36759.jpg,942.0,630.0,593460.0
36760.jpg,1301.0,1000.0,1301000.0
36763.jpg,754.0,704.0,530816.0
36764.jpg,1395.0,1100.0,1534500.0
36767.jpg,1255.0,959.0,1203545.0
36768.jpg,1215.0,900.0,1093500.0
36769.jpg,1073.0,778.0,834794.0
36770.jpg,1255.0,851.0,1068005.0
36771.jpg,1097.0,918.0,1007046.0
36772.jpg,1100.0,1427.0,1569700.0
36773.jpg,1300.0,1070.0,1391000.0
36774.jpg,1055.0,700.0,738500.0
36775.jpg,750.0,1138.0,853500.0
36776.jpg,663.0,880.0,583440.0
36777.jpg,840.0,1156.0,971040.0
36779.jpg,700.0,965.0,675500.0
36780.jpg,700.0,1093.0,765100.0
36781.jpg,1000.0,1302.0,1302000.0
36785.jpg,700.0,1155.0,808500.0
36786.jpg,1224.0,901.0,1102824.0
36787.jpg,709.0,1460.0,1035140.0
36792.jpg,700.0,818.0,572600.0
36793.jpg,1001.0,702.0,702702.0
36797.jpg,1100.0,1411.0,1552100.0
36798.jpg,974.0,1225.0,1193150.0
36799.jpg,1029.0,1255.0,1291395.0
36802.jpg,1030.0,829.0,853870.0
36809.jpg,1164.0,768.0,893952.0
36810.jpg,820.0,967.0,792940.0
36812.jpg,877.0,1068.0,936636.0
36813.jpg,1242.0,1019.0,1265598.0
36814.jpg,700.0,855.0,598500.0
36815.jpg,684.0,979.0,669636.0
36816.jpg,875.0,1069.0,935375.0
36817.jpg,981.0,1200.0,1177200.0
36818.jpg,986.0,1200.0,1183200.0
36823.jpg,1200.0,715.0,858000.0
36827.jpg,939.0,800.0,751200.0
36828.jpg,900.0,614.0,552600.0
36829.jpg,1548.0,1000.0,1548000.0
36830.jpg,1400.0,1100.0,1540000.0
36831.jpg,1251.0,918.0,1148418.0
36834.jpg,687.0,878.0,603186.0
36835.jpg,1258.0,1500.0,1887000.0
36836.jpg,963.0,700.0,674100.0
36837.jpg,1391.0,1700.0,2364700.0
36839.jpg,1027.0,1255.0,1288885.0
36841.jpg,966.0,750.0,724500.0
36842.jpg,1128.0,800.0,902400.0
36847.jpg,1127.0,880.0,991760.0
36848.jpg,1199.0,874.0,1047926.0
36851.jpg,1500.0,1197.0,1795500.0
36852.jpg,1069.0,850.0,908650.0
36853.jpg,1064.0,890.0,946960.0
36854.jpg,1100.0,830.0,913000.0
36857.jpg,1377.0,1024.0,1410048.0
36858.jpg,800.0,682.0,545600.0
36868.jpg,1024.0,600.0,614400.0
36869.jpg,1087.0,770.0,836990.0
36870.jpg,1173.0,702.0,823446.0
36872.jpg,818.0,1010.0,826180.0
36873.jpg,1010.0,750.0,757500.0
36874.jpg,1116.0,900.0,1004400.0
36875.jpg,900.0,1077.0,969300.0
36877.jpg,1409.0,1000.0,1409000.0
36878.jpg,1098.0,800.0,878400.0
36879.jpg,614.0,872.0,535408.0
36926.jpg,800.0,1057.0,845600.0
36927.jpg,1141.0,1300.0,1483300.0
36928.jpg,1100.0,1351.0,1486100.0
36929.jpg,770.0,1041.0,801570.0
36932.jpg,700.0,1043.0,730100.0
36936.jpg,1200.0,927.0,1112400.0
36947.jpg,866.0,1140.0,987240.0
36950.jpg,978.0,1250.0,1222500.0
36953.jpg,782.0,956.0,747592.0
36954.jpg,990.0,1187.0,1175130.0
36955.jpg,1200.0,929.0,1114800.0
36956.jpg,900.0,1057.0,951300.0
36957.jpg,800.0,932.0,745600.0
36959.jpg,718.0,1009.0,724462.0
36960.jpg,1116.0,1300.0,1450800.0
36961.jpg,925.0,1400.0,1295000.0
36962.jpg,1000.0,1188.0,1188000.0
36963.jpg,1000.0,1192.0,1192000.0
36964.jpg,866.0,1300.0,1125800.0
36965.jpg,855.0,1300.0,1111500.0
36966.jpg,846.0,1300.0,1099800.0
36967.jpg,841.0,875.0,735875.0
36968.jpg,675.0,950.0,641250.0
36969.jpg,685.0,900.0,616500.0
36970.jpg,650.0,1199.0,779350.0
36971.jpg,1119.0,1300.0,1454700.0
36972.jpg,922.0,1100.0,1014200.0
36983.jpg,1400.0,1030.0,1442000.0
36984.jpg,1216.0,1000.0,1216000.0
36986.jpg,1024.0,694.0,710656.0
36987.jpg,1097.0,809.0,887473.0
36988.jpg,927.0,1080.0,1001160.0
36989.jpg,490.0,660.0,323400.0
36990.jpg,490.0,650.0,318500.0
36991.jpg,722.0,1100.0,794200.0
36992.jpg,1263.0,1000.0,1263000.0
36993.jpg,634.0,866.0,549044.0
36994.jpg,918.0,1255.0,1152090.0
36996.jpg,1213.0,850.0,1031050.0
36997.jpg,842.0,1063.0,895046.0
36998.jpg,704.0,1148.0,808192.0
36999.jpg,2000.0,687.0,1374000.0
37000.jpg,1427.0,1000.0,1427000.0
37001.jpg,1456.0,1000.0,1456000.0
37002.jpg,1159.0,780.0,904020.0
37003.jpg,1000.0,1128.0,1128000.0
37004.jpg,801.0,1068.0,855468.0
37005.jpg,850.0,1190.0,1011500.0
37006.jpg,1033.0,758.0,783014.0
37007.jpg,802.0,1043.0,836486.0
37008.jpg,700.0,1185.0,829500.0
37009.jpg,902.0,719.0,648538.0
37010.jpg,803.0,1052.0,844756.0
37011.jpg,705.0,1102.0,776910.0
37012.jpg,698.0,880.0,614240.0
37013.jpg,958.0,1200.0,1149600.0
37014.jpg,1470.0,796.0,1170120.0
37015.jpg,1215.0,925.0,1123875.0
37016.jpg,1076.0,1004.0,1080304.0
37017.jpg,1000.0,1424.0,1424000.0
37018.jpg,1014.0,1255.0,1272570.0
37019.jpg,658.0,814.0,535612.0
37021.jpg,633.0,850.0,538050.0
37022.jpg,928.0,703.0,652384.0
37024.jpg,809.0,1040.0,841360.0
37025.jpg,1255.0,864.0,1084320.0
37026.jpg,833.0,1300.0,1082900.0
37027.jpg,850.0,1048.0,890800.0
37028.jpg,1036.0,1300.0,1346800.0
37029.jpg,630.0,810.0,510300.0
37030.jpg,850.0,1108.0,941800.0
37031.jpg,1244.0,1020.0,1268880.0
37032.jpg,1000.0,1155.0,1155000.0
37036.jpg,870.0,1024.0,890880.0
37037.jpg,1500.0,1038.0,1557000.0
37047.jpg,800.0,1222.0,977600.0
37048.jpg,900.0,1018.0,916200.0
37049.jpg,953.0,850.0,810050.0
37050.jpg,1200.0,1038.0,1245600.0
37051.jpg,900.0,1109.0,998100.0
37052.jpg,692.0,900.0,622800.0
37056.jpg,626.0,809.0,506434.0
37057.jpg,1004.0,1176.0,1180704.0
37058.jpg,1089.0,858.0,934362.0
37059.jpg,1138.0,900.0,1024200.0
37060.jpg,1130.0,743.0,839590.0
37061.jpg,1250.0,850.0,1062500.0
37062.jpg,1156.0,750.0,867000.0
37063.jpg,1145.0,990.0,1133550.0
37064.jpg,1200.0,1004.0,1204800.0
37065.jpg,1150.0,878.0,1009700.0
37066.jpg,829.0,950.0,787550.0
37070.jpg,774.0,1300.0,1006200.0
37071.jpg,1130.0,1300.0,1469000.0
37072.jpg,754.0,1160.0,874640.0
37073.jpg,712.0,1250.0,890000.0
37074.jpg,804.0,1100.0,884400.0
37075.jpg,673.0,1126.0,757798.0
37076.jpg,1655.0,500.0,827500.0
37077.jpg,1921.0,770.0,1479170.0
37079.jpg,1234.0,870.0,1073580.0
37081.jpg,826.0,1000.0,826000.0
37082.jpg,714.0,900.0,642600.0
37083.jpg,1000.0,1278.0,1278000.0
37084.jpg,1000.0,1352.0,1352000.0
37085.jpg,850.0,1067.0,906950.0
37087.jpg,970.0,1300.0,1261000.0
37088.jpg,1051.0,700.0,735700.0
37112.jpg,800.0,1136.0,908800.0
37113.jpg,750.0,978.0,733500.0
37114.jpg,600.0,1035.0,621000.0
37115.jpg,900.0,1147.0,1032300.0
37116.jpg,850.0,1070.0,909500.0
37117.jpg,707.0,1300.0,919100.0
37118.jpg,750.0,1006.0,754500.0
37119.jpg,700.0,1212.0,848400.0
37121.jpg,700.0,812.0,568400.0
37122.jpg,606.0,950.0,575700.0
37123.jpg,1029.0,800.0,823200.0
37126.jpg,1264.0,800.0,1011200.0
37127.jpg,735.0,1600.0,1176000.0
37128.jpg,702.0,1600.0,1123200.0
37129.jpg,900.0,1136.0,1022400.0
37130.jpg,1342.0,800.0,1073600.0
37131.jpg,1300.0,817.0,1062100.0
37132.jpg,1317.0,800.0,1053600.0
37133.jpg,1300.0,815.0,1059500.0
37134.jpg,1335.0,700.0,934500.0
37135.jpg,609.0,800.0,487200.0
37136.jpg,1024.0,770.0,788480.0
37137.jpg,1500.0,740.0,1110000.0
37140.jpg,1100.0,800.0,880000.0
37142.jpg,800.0,1049.0,839200.0
37143.jpg,670.0,1361.0,911870.0
37145.jpg,1200.0,945.0,1134000.0
37148.jpg,1199.0,801.0,960399.0
37149.jpg,900.0,1161.0,1044900.0
37158.jpg,800.0,655.0,524000.0
37159.jpg,1178.0,800.0,942400.0
37160.jpg,942.0,690.0,649980.0
37162.jpg,799.0,641.0,512159.0
37163.jpg,1100.0,1106.0,1216600.0
37167.jpg,1116.0,750.0,837000.0
37168.jpg,1099.0,900.0,989100.0
37169.jpg,1200.0,738.0,885600.0
37170.jpg,1132.0,1300.0,1471600.0
37171.jpg,850.0,1003.0,852550.0
37172.jpg,800.0,1051.0,840800.0
37173.jpg,443.0,598.0,264914.0
37174.jpg,1042.0,1300.0,1354600.0
37175.jpg,1027.0,693.0,711711.0
37177.jpg,1002.0,1255.0,1257510.0
37178.jpg,900.0,1463.0,1316700.0
37182.jpg,1017.0,1400.0,1423800.0
37183.jpg,1500.0,1127.0,1690500.0
37184.jpg,1027.0,1400.0,1437800.0
37185.jpg,1245.0,1027.0,1278615.0
37186.jpg,1015.0,1300.0,1319500.0
37187.jpg,1124.0,600.0,674400.0
37188.jpg,1026.0,1200.0,1231200.0
37189.jpg,900.0,1225.0,1102500.0
37190.jpg,1200.0,1476.0,1771200.0
37191.jpg,1100.0,1513.0,1664300.0
37192.jpg,800.0,1002.0,801600.0
37193.jpg,581.0,750.0,435750.0
37194.jpg,1404.0,1200.0,1684800.0
37195.jpg,1100.0,1336.0,1469600.0
37196.jpg,746.0,1100.0,820600.0
37197.jpg,1300.0,1022.0,1328600.0
37198.jpg,939.0,1100.0,1032900.0
37199.jpg,1124.0,1500.0,1686000.0
37200.jpg,1000.0,1066.0,1066000.0
37201.jpg,700.0,946.0,662200.0
37202.jpg,818.0,1100.0,899800.0
37203.jpg,1350.0,800.0,1080000.0
37204.jpg,1322.0,1000.0,1322000.0
37205.jpg,1171.0,1300.0,1522300.0
37217.jpg,1018.0,750.0,763500.0
37218.jpg,1077.0,850.0,915450.0
37219.jpg,666.0,1300.0,865800.0
37220.jpg,1266.0,900.0,1139400.0
37222.jpg,800.0,1030.0,824000.0
37223.jpg,1025.0,1008.0,1033200.0
37224.jpg,1036.0,1546.0,1601656.0
37234.jpg,1700.0,798.0,1356600.0
37235.jpg,1189.0,1100.0,1307900.0
37236.jpg,920.0,623.0,573160.0
37238.jpg,1031.0,1500.0,1546500.0
37239.jpg,1141.0,1500.0,1711500.0
37240.jpg,1000.0,1247.0,1247000.0
37241.jpg,739.0,1048.0,774472.0
37242.jpg,1109.0,850.0,942650.0
37243.jpg,816.0,1020.0,832320.0
37244.jpg,806.0,1020.0,822120.0
37253.jpg,1200.0,1057.0,1268400.0
37254.jpg,656.0,1133.0,743248.0
37259.jpg,995.0,1500.0,1492500.0
37262.jpg,703.0,1099.0,772597.0
37263.jpg,850.0,1044.0,887400.0
37265.jpg,917.0,1177.0,1079309.0
37267.jpg,1081.0,770.0,832370.0
37268.jpg,1079.0,770.0,830830.0
37269.jpg,1030.0,722.0,743660.0
37270.jpg,1164.0,607.0,706548.0
37271.jpg,1500.0,947.0,1420500.0
37272.jpg,1200.0,888.0,1065600.0
37273.jpg,1200.0,900.0,1080000.0
37274.jpg,1500.0,814.0,1221000.0
37278.jpg,928.0,1169.0,1084832.0
37279.jpg,932.0,1159.0,1080188.0
37280.jpg,1109.0,813.0,901617.0
37281.jpg,900.0,896.0,806400.0
37282.jpg,487.0,500.0,243500.0
37283.jpg,509.0,500.0,254500.0
37284.jpg,491.0,500.0,245500.0
37285.jpg,700.0,1049.0,734300.0
37286.jpg,1049.0,700.0,734300.0
37287.jpg,1343.0,797.0,1070371.0
37292.jpg,1300.0,998.0,1297400.0
37293.jpg,1300.0,992.0,1289600.0
37294.jpg,1300.0,1008.0,1310400.0
37295.jpg,1255.0,919.0,1153345.0
37296.jpg,791.0,973.0,769643.0
37297.jpg,800.0,1007.0,805600.0
37304.jpg,1000.0,1246.0,1246000.0
37305.jpg,1369.0,1100.0,1505900.0
37307.jpg,800.0,581.0,464800.0
37308.jpg,1244.0,913.0,1135772.0
37309.jpg,1241.0,905.0,1123105.0
37310.jpg,1032.0,770.0,794640.0
37313.jpg,1249.0,808.0,1009192.0
37315.jpg,1255.0,885.0,1110675.0
37316.jpg,1267.0,1000.0,1267000.0
37317.jpg,1217.0,825.0,1004025.0
37318.jpg,1056.0,1500.0,1584000.0
37319.jpg,847.0,1085.0,918995.0
37320.jpg,1149.0,850.0,976650.0
37321.jpg,993.0,775.0,769575.0
37322.jpg,1027.0,770.0,790790.0
37323.jpg,1032.0,780.0,804960.0
37324.jpg,1317.0,1000.0,1317000.0
37327.jpg,931.0,720.0,670320.0
37328.jpg,1189.0,800.0,951200.0
37330.jpg,1153.0,750.0,864750.0
37331.jpg,1111.0,800.0,888800.0
37332.jpg,1398.0,1019.0,1424562.0
37333.jpg,1030.0,716.0,737480.0
37334.jpg,1600.0,944.0,1510400.0
37335.jpg,1400.0,929.0,1300600.0
37336.jpg,830.0,1100.0,913000.0
37337.jpg,832.0,1030.0,856960.0
37338.jpg,1100.0,758.0,833800.0
37339.jpg,691.0,900.0,621900.0
37340.jpg,1107.0,888.0,983016.0
37341.jpg,750.0,952.0,714000.0
37342.jpg,900.0,971.0,873900.0
37343.jpg,1041.0,1200.0,1249200.0
37344.jpg,1112.0,850.0,945200.0
37346.jpg,974.0,1255.0,1222370.0
37347.jpg,891.0,700.0,623700.0
37348.jpg,1406.0,1000.0,1406000.0
37350.jpg,1255.0,932.0,1169660.0
37351.jpg,831.0,1099.0,913269.0
37352.jpg,1255.0,830.0,1041650.0
37353.jpg,1300.0,922.0,1198600.0
37354.jpg,1098.0,780.0,856440.0
37355.jpg,1140.0,800.0,912000.0
37356.jpg,1476.0,1000.0,1476000.0
37357.jpg,1105.0,1300.0,1436500.0
37358.jpg,1052.0,770.0,810040.0
37361.jpg,1255.0,777.0,975135.0
37362.jpg,1500.0,1078.0,1617000.0
37363.jpg,1159.0,750.0,869250.0
37364.jpg,1300.0,885.0,1150500.0
37365.jpg,1012.0,1300.0,1315600.0
37366.jpg,1247.0,1000.0,1247000.0
37367.jpg,1024.0,748.0,765952.0
37368.jpg,1097.0,877.0,962069.0
37369.jpg,967.0,780.0,754260.0
37370.jpg,1253.0,800.0,1002400.0
37371.jpg,1100.0,684.0,752400.0
37372.jpg,1200.0,893.0,1071600.0
37373.jpg,908.0,777.0,705516.0
37374.jpg,1123.0,813.0,912999.0
37375.jpg,970.0,675.0,654750.0
37376.jpg,1021.0,630.0,643230.0
37377.jpg,1233.0,952.0,1173816.0
37378.jpg,1255.0,926.0,1162130.0
37380.jpg,900.0,1166.0,1049400.0
37382.jpg,600.0,855.0,513000.0
37386.jpg,1381.0,1000.0,1381000.0
37387.jpg,1179.0,800.0,943200.0
37388.jpg,1039.0,1000.0,1039000.0
37389.jpg,1200.0,1436.0,1723200.0
37390.jpg,931.0,1080.0,1005480.0
37392.jpg,1099.0,1500.0,1648500.0
37393.jpg,688.0,881.0,606128.0
37394.jpg,860.0,953.0,819580.0
37395.jpg,1200.0,1396.0,1675200.0
37396.jpg,1077.0,1300.0,1400100.0
37397.jpg,1120.0,1402.0,1570240.0
37398.jpg,555.0,864.0,479520.0
37399.jpg,739.0,892.0,659188.0
37400.jpg,1113.0,850.0,946050.0
37401.jpg,801.0,1200.0,961200.0
37402.jpg,800.0,1062.0,849600.0
37403.jpg,734.0,880.0,645920.0
37404.jpg,1032.0,1400.0,1444800.0
37405.jpg,900.0,1110.0,999000.0
37406.jpg,602.0,750.0,451500.0
37407.jpg,1200.0,1272.0,1526400.0
37408.jpg,1200.0,1384.0,1660800.0
37409.jpg,1156.0,1300.0,1502800.0
37410.jpg,1133.0,1500.0,1699500.0
37411.jpg,784.0,1000.0,784000.0
37412.jpg,1220.0,1500.0,1830000.0
37413.jpg,873.0,970.0,846810.0
37414.jpg,1289.0,1600.0,2062400.0
37415.jpg,1292.0,1600.0,2067200.0
37416.jpg,603.0,800.0,482400.0
37417.jpg,890.0,1200.0,1068000.0
37418.jpg,1001.0,1200.0,1201200.0
37419.jpg,1101.0,1300.0,1431300.0
37420.jpg,1107.0,1300.0,1439100.0
37423.jpg,736.0,1006.0,740416.0
37424.jpg,850.0,1108.0,941800.0
37425.jpg,1303.0,1500.0,1954500.0
37426.jpg,824.0,1060.0,873440.0
37428.jpg,842.0,1002.0,843684.0
37429.jpg,900.0,1096.0,986400.0
37430.jpg,829.0,1009.0,836461.0
37431.jpg,1049.0,1300.0,1363700.0
37433.jpg,703.0,880.0,618640.0
37435.jpg,746.0,1003.0,748238.0
37438.jpg,800.0,1101.0,880800.0
37441.jpg,713.0,900.0,641700.0
37443.jpg,850.0,1017.0,864450.0
37444.jpg,675.0,879.0,593325.0
37445.jpg,716.0,842.0,602872.0
37446.jpg,1000.0,1140.0,1140000.0
37447.jpg,1014.0,1255.0,1272570.0
37449.jpg,730.0,900.0,657000.0
37450.jpg,1000.0,1503.0,1503000.0
37451.jpg,1176.0,1600.0,1881600.0
37452.jpg,769.0,970.0,745930.0
37453.jpg,1134.0,850.0,963900.0
37454.jpg,1115.0,900.0,1003500.0
37455.jpg,950.0,1223.0,1161850.0
37456.jpg,850.0,1081.0,918850.0
37457.jpg,1082.0,850.0,919700.0
37458.jpg,1059.0,790.0,836610.0
37459.jpg,1023.0,830.0,849090.0
37460.jpg,1400.0,1050.0,1470000.0
37462.jpg,749.0,920.0,689080.0
37463.jpg,900.0,1126.0,1013400.0
37464.jpg,768.0,948.0,728064.0
37465.jpg,1016.0,1255.0,1275080.0
37466.jpg,906.0,798.0,722988.0
37467.jpg,1200.0,1002.0,1202400.0
37468.jpg,1069.0,1300.0,1389700.0
37469.jpg,821.0,1080.0,886680.0
37470.jpg,1044.0,800.0,835200.0
37471.jpg,1117.0,1400.0,1563800.0
37472.jpg,957.0,730.0,698610.0
37473.jpg,900.0,761.0,684900.0
37474.jpg,680.0,872.0,592960.0
37475.jpg,854.0,1080.0,922320.0
37476.jpg,1000.0,1173.0,1173000.0
37477.jpg,1204.0,1000.0,1204000.0
37478.jpg,864.0,1020.0,881280.0
37479.jpg,1030.0,854.0,879620.0
37481.jpg,1066.0,1300.0,1385800.0
37482.jpg,1000.0,1371.0,1371000.0
37483.jpg,1000.0,1378.0,1378000.0
37484.jpg,1140.0,1400.0,1596000.0
37485.jpg,600.0,1111.0,666600.0
37498.jpg,1198.0,903.0,1081794.0
37499.jpg,873.0,1251.0,1092123.0
37500.jpg,1248.0,900.0,1123200.0
37511.jpg,1430.0,1100.0,1573000.0
37512.jpg,441.0,600.0,264600.0
37513.jpg,480.0,600.0,288000.0
37514.jpg,451.0,906.0,408606.0
37515.jpg,498.0,903.0,449694.0
37516.jpg,472.0,903.0,426216.0
37517.jpg,655.0,954.0,624870.0
37518.jpg,475.0,954.0,453150.0
37519.jpg,525.0,956.0,501900.0
37520.jpg,441.0,955.0,421155.0
37521.jpg,612.0,810.0,495720.0
37522.jpg,1337.0,700.0,935900.0
37523.jpg,664.0,813.0,539832.0
37525.jpg,1523.0,1000.0,1523000.0
37528.jpg,1053.0,800.0,842400.0
37531.jpg,1100.0,1474.0,1621400.0
37532.jpg,1351.0,950.0,1283450.0
37533.jpg,1600.0,868.0,1388800.0
37534.jpg,1022.0,1300.0,1328600.0
37535.jpg,1034.0,1400.0,1447600.0
37539.jpg,1108.0,1300.0,1440400.0
37545.jpg,759.0,1124.0,853116.0
37568.jpg,1409.0,1000.0,1409000.0
37569.jpg,782.0,1130.0,883660.0
37570.jpg,1242.0,1012.0,1256904.0
37571.jpg,1085.0,803.0,871255.0
37572.jpg,861.0,950.0,817950.0
37579.jpg,825.0,1255.0,1035375.0
37581.jpg,1200.0,1504.0,1804800.0
37582.jpg,900.0,1347.0,1212300.0
37583.jpg,1322.0,800.0,1057600.0
37584.jpg,1100.0,1140.0,1254000.0
37585.jpg,1217.0,1000.0,1217000.0
37586.jpg,1090.0,483.0,526470.0
37587.jpg,841.0,1700.0,1429700.0
37588.jpg,803.0,1700.0,1365100.0
37589.jpg,1382.0,1000.0,1382000.0
37590.jpg,1379.0,1000.0,1379000.0
37591.jpg,1427.0,900.0,1284300.0
37592.jpg,1448.0,900.0,1303200.0
37593.jpg,1000.0,1088.0,1088000.0
37594.jpg,1306.0,900.0,1175400.0
37595.jpg,1300.0,900.0,1170000.0
37596.jpg,1316.0,900.0,1184400.0
37597.jpg,1300.0,904.0,1175200.0
37598.jpg,770.0,1155.0,889350.0
37599.jpg,700.0,1035.0,724500.0
37600.jpg,700.0,1005.0,703500.0
37601.jpg,800.0,1111.0,888800.0
37604.jpg,1348.0,1000.0,1348000.0
37605.jpg,1300.0,1014.0,1318200.0
37606.jpg,818.0,1010.0,826180.0
37607.jpg,790.0,950.0,750500.0
37608.jpg,1147.0,1400.0,1605800.0
37609.jpg,1111.0,1400.0,1555400.0
37610.jpg,900.0,1411.0,1269900.0
37611.jpg,1500.0,905.0,1357500.0
37612.jpg,1059.0,1300.0,1376700.0
37613.jpg,1110.0,1400.0,1554000.0
37614.jpg,1085.0,1400.0,1519000.0
37615.jpg,596.0,1500.0,894000.0
37616.jpg,599.0,1500.0,898500.0
37617.jpg,1500.0,889.0,1333500.0
37618.jpg,1101.0,808.0,889608.0
37619.jpg,1100.0,1343.0,1477300.0
37620.jpg,1500.0,929.0,1393500.0
37621.jpg,1200.0,829.0,994800.0
37622.jpg,1200.0,868.0,1041600.0
37623.jpg,1500.0,947.0,1420500.0
37624.jpg,1144.0,787.0,900328.0
37625.jpg,1200.0,1156.0,1387200.0
37626.jpg,1111.0,780.0,866580.0
37627.jpg,1030.0,1400.0,1442000.0
37629.jpg,966.0,1200.0,1159200.0
37630.jpg,1500.0,1001.0,1501500.0
37631.jpg,1683.0,1000.0,1683000.0
37632.jpg,1269.0,1011.0,1282959.0
37633.jpg,1103.0,1200.0,1323600.0
37634.jpg,1000.0,1351.0,1351000.0
37635.jpg,906.0,1100.0,996600.0
37636.jpg,1000.0,1341.0,1341000.0
37637.jpg,1000.0,1357.0,1357000.0
37638.jpg,1000.0,1337.0,1337000.0
37639.jpg,1004.0,1200.0,1204800.0
37640.jpg,1000.0,1259.0,1259000.0
37641.jpg,1000.0,1209.0,1209000.0
37642.jpg,1168.0,1400.0,1635200.0
37643.jpg,1103.0,1200.0,1323600.0
37644.jpg,1200.0,940.0,1128000.0
37645.jpg,1000.0,1339.0,1339000.0
37646.jpg,1000.0,1346.0,1346000.0
37647.jpg,900.0,1216.0,1094400.0
37648.jpg,1000.0,1346.0,1346000.0
37649.jpg,1400.0,1144.0,1601600.0
37650.jpg,1300.0,1205.0,1566500.0
37651.jpg,1000.0,1268.0,1268000.0
37652.jpg,1300.0,1210.0,1573000.0
37653.jpg,1000.0,1271.0,1271000.0
37654.jpg,1000.0,1245.0,1245000.0
37655.jpg,1001.0,1200.0,1201200.0
37656.jpg,1376.0,1000.0,1376000.0
37657.jpg,1200.0,880.0,1056000.0
37659.jpg,1651.0,900.0,1485900.0
37660.jpg,1000.0,1125.0,1125000.0
37661.jpg,1008.0,1254.0,1264032.0
37662.jpg,900.0,1637.0,1473300.0
37663.jpg,900.0,1507.0,1356300.0
37664.jpg,709.0,1388.0,984092.0
37665.jpg,900.0,1058.0,952200.0
37666.jpg,1000.0,1290.0,1290000.0
37667.jpg,850.0,1009.0,857650.0
37668.jpg,1060.0,1500.0,1590000.0
37669.jpg,1150.0,835.0,960250.0
37670.jpg,1150.0,820.0,943000.0
37671.jpg,1125.0,529.0,595125.0
37672.jpg,800.0,1333.0,1066400.0
37673.jpg,600.0,486.0,291600.0
37674.jpg,800.0,1389.0,1111200.0
37675.jpg,800.0,1429.0,1143200.0
37676.jpg,1101.0,956.0,1052556.0
37677.jpg,1200.0,976.0,1171200.0
37678.jpg,1542.0,500.0,771000.0
37679.jpg,1024.0,569.0,582656.0
37682.jpg,1000.0,1592.0,1592000.0
37683.jpg,670.0,1700.0,1139000.0
37684.jpg,850.0,1231.0,1046350.0
37685.jpg,940.0,1300.0,1222000.0
37686.jpg,750.0,1034.0,775500.0
37687.jpg,700.0,966.0,676200.0
37688.jpg,1304.0,1000.0,1304000.0
37689.jpg,1302.0,1000.0,1302000.0
37690.jpg,850.0,1060.0,901000.0
37691.jpg,650.0,1291.0,839150.0
37692.jpg,900.0,1240.0,1116000.0
37693.jpg,1060.0,1300.0,1378000.0
37694.jpg,1300.0,1000.0,1300000.0
37695.jpg,820.0,1061.0,870020.0
37696.jpg,750.0,1389.0,1041750.0
37697.jpg,819.0,1150.0,941850.0
37698.jpg,820.0,1154.0,946280.0
37699.jpg,1200.0,1351.0,1621200.0
37700.jpg,956.0,1100.0,1051600.0
37701.jpg,1100.0,1211.0,1332100.0
37702.jpg,845.0,1032.0,872040.0
37703.jpg,1103.0,770.0,849310.0
37704.jpg,1248.0,972.0,1213056.0
37705.jpg,757.0,1500.0,1135500.0
37706.jpg,796.0,1500.0,1194000.0
37707.jpg,1000.0,1243.0,1243000.0
37708.jpg,1226.0,1200.0,1471200.0
37709.jpg,1139.0,1000.0,1139000.0
37710.jpg,750.0,1285.0,963750.0
37711.jpg,750.0,1505.0,1128750.0
37712.jpg,848.0,1300.0,1102400.0
37713.jpg,850.0,1371.0,1165350.0
37714.jpg,1400.0,1033.0,1446200.0
37715.jpg,1278.0,1253.0,1601334.0
37716.jpg,1265.0,1250.0,1581250.0
37717.jpg,900.0,1345.0,1210500.0
37718.jpg,1000.0,1249.0,1249000.0
37719.jpg,1000.0,1220.0,1220000.0
37720.jpg,1800.0,839.0,1510200.0
37721.jpg,1200.0,1118.0,1341600.0
37722.jpg,1100.0,1214.0,1335400.0
37723.jpg,1300.0,962.0,1250600.0
37724.jpg,1200.0,1144.0,1372800.0
37725.jpg,1000.0,1200.0,1200000.0
37726.jpg,1066.0,1300.0,1385800.0
37727.jpg,1067.0,1300.0,1387100.0
37728.jpg,840.0,1109.0,931560.0
37729.jpg,900.0,1547.0,1392300.0
37730.jpg,1072.0,1300.0,1393600.0
37731.jpg,1061.0,1300.0,1379300.0
37732.jpg,1049.0,1300.0,1363700.0
37733.jpg,802.0,1134.0,909468.0
37734.jpg,910.0,1500.0,1365000.0
37735.jpg,706.0,889.0,627634.0
37736.jpg,707.0,905.0,639835.0
37737.jpg,708.0,922.0,652776.0
37738.jpg,710.0,772.0,548120.0
37739.jpg,1200.0,964.0,1156800.0
37740.jpg,1063.0,786.0,835518.0
37741.jpg,974.0,1300.0,1266200.0
37742.jpg,950.0,1276.0,1212200.0
37743.jpg,702.0,944.0,662688.0
37744.jpg,1002.0,1200.0,1202400.0
37745.jpg,1005.0,1300.0,1306500.0
37746.jpg,1100.0,1159.0,1274900.0
37747.jpg,986.0,1060.0,1045160.0
37748.jpg,850.0,1057.0,898450.0
37749.jpg,1043.0,838.0,874034.0
37750.jpg,1046.0,877.0,917342.0
37751.jpg,1000.0,1202.0,1202000.0
37752.jpg,985.0,1200.0,1182000.0
37753.jpg,1454.0,900.0,1308600.0
37754.jpg,1487.0,900.0,1338300.0
37755.jpg,988.0,1200.0,1185600.0
37756.jpg,967.0,1200.0,1160400.0
37758.jpg,970.0,885.0,858450.0
37759.jpg,780.0,1073.0,836940.0
37762.jpg,1158.0,903.0,1045674.0
37763.jpg,824.0,1084.0,893216.0
37764.jpg,1030.0,811.0,835330.0
37765.jpg,1050.0,795.0,834750.0
37766.jpg,1066.0,780.0,831480.0
37767.jpg,1031.0,777.0,801087.0
37768.jpg,1120.0,780.0,873600.0
37769.jpg,1119.0,780.0,872820.0
37770.jpg,1224.0,808.0,988992.0
37771.jpg,1203.0,780.0,938340.0
37772.jpg,1143.0,1400.0,1600200.0
37773.jpg,1700.0,888.0,1509600.0
37774.jpg,1029.0,1300.0,1337700.0
37775.jpg,1150.0,1400.0,1610000.0
37776.jpg,1200.0,1004.0,1204800.0
37777.jpg,952.0,1200.0,1142400.0
37778.jpg,909.0,1400.0,1272600.0
37779.jpg,900.0,1203.0,1082700.0
37780.jpg,1025.0,1400.0,1435000.0
37781.jpg,1089.0,1400.0,1524600.0
37782.jpg,1200.0,1130.0,1356000.0
37783.jpg,1151.0,1400.0,1611400.0
37784.jpg,1030.0,880.0,906400.0
37785.jpg,1000.0,1201.0,1201000.0
37786.jpg,1096.0,1400.0,1534400.0
37787.jpg,938.0,1600.0,1500800.0
37788.jpg,1085.0,608.0,659680.0
37789.jpg,1143.0,1400.0,1600200.0
37790.jpg,1464.0,900.0,1317600.0
37791.jpg,1095.0,1400.0,1533000.0
37792.jpg,1000.0,1202.0,1202000.0
37793.jpg,1055.0,1400.0,1477000.0
37794.jpg,886.0,1400.0,1240400.0
37795.jpg,1152.0,1400.0,1612800.0
37796.jpg,1107.0,1100.0,1217700.0
37797.jpg,950.0,1200.0,1140000.0
37798.jpg,1100.0,1156.0,1271600.0
37799.jpg,955.0,1200.0,1146000.0
37800.jpg,1124.0,1400.0,1573600.0
37801.jpg,1152.0,1400.0,1612800.0
37802.jpg,1000.0,1352.0,1352000.0
37803.jpg,1200.0,1063.0,1275600.0
37804.jpg,962.0,950.0,913900.0
37805.jpg,1000.0,1248.0,1248000.0
37806.jpg,950.0,1145.0,1087750.0
37807.jpg,750.0,1158.0,868500.0
37808.jpg,1000.0,1212.0,1212000.0
37809.jpg,1151.0,1400.0,1611400.0
37810.jpg,1088.0,1400.0,1523200.0
37811.jpg,1000.0,1203.0,1203000.0
37812.jpg,1090.0,1400.0,1526000.0
37813.jpg,1214.0,1000.0,1214000.0
37814.jpg,1061.0,770.0,816970.0
37815.jpg,1155.0,1400.0,1617000.0
37816.jpg,1207.0,770.0,929390.0
37817.jpg,1156.0,1400.0,1618400.0
37818.jpg,1086.0,1400.0,1520400.0
37819.jpg,595.0,1400.0,833000.0
37820.jpg,588.0,1400.0,823200.0
37822.jpg,800.0,1070.0,856000.0
37823.jpg,850.0,1046.0,889100.0
37824.jpg,600.0,1161.0,696600.0
37825.jpg,780.0,1150.0,897000.0
37826.jpg,530.0,1541.0,816730.0
37827.jpg,921.0,900.0,828900.0
37828.jpg,900.0,1193.0,1073700.0
37829.jpg,826.0,1200.0,991200.0
37830.jpg,1011.0,1400.0,1415400.0
37831.jpg,800.0,1107.0,885600.0
37832.jpg,1501.0,900.0,1350900.0
37833.jpg,1017.0,950.0,966150.0
37834.jpg,1001.0,1200.0,1201200.0
37835.jpg,810.0,1100.0,891000.0
37836.jpg,900.0,1353.0,1217700.0
37837.jpg,805.0,1132.0,911260.0
37838.jpg,972.0,1300.0,1263600.0
37839.jpg,1001.0,1200.0,1201200.0
37840.jpg,1205.0,900.0,1084500.0
37841.jpg,1200.0,751.0,901200.0
37842.jpg,1200.0,745.0,894000.0
37843.jpg,1492.0,770.0,1148840.0
37844.jpg,800.0,1656.0,1324800.0
37845.jpg,1107.0,1300.0,1439100.0
37846.jpg,800.0,1640.0,1312000.0
37847.jpg,544.0,700.0,380800.0
37848.jpg,830.0,1106.0,917980.0
37849.jpg,844.0,1238.0,1044872.0
37850.jpg,1119.0,822.0,919818.0
37851.jpg,1118.0,826.0,923468.0
37852.jpg,703.0,1282.0,901246.0
37853.jpg,1030.0,842.0,867260.0
37854.jpg,1050.0,774.0,812700.0
37855.jpg,807.0,1194.0,963558.0
37856.jpg,801.0,1222.0,978822.0
37857.jpg,820.0,1157.0,948740.0
37858.jpg,876.0,600.0,525600.0
37859.jpg,1142.0,703.0,802826.0
37860.jpg,1087.0,850.0,923950.0
37861.jpg,1400.0,1007.0,1409800.0
37862.jpg,900.0,1114.0,1002600.0
37863.jpg,1000.0,1310.0,1310000.0
37864.jpg,709.0,1128.0,799752.0
37866.jpg,850.0,1003.0,852550.0
37867.jpg,1053.0,770.0,810810.0
37868.jpg,1200.0,861.0,1033200.0
37869.jpg,1300.0,929.0,1207700.0
37870.jpg,1271.0,999.0,1269729.0
37871.jpg,1009.0,1200.0,1210800.0
37872.jpg,1229.0,720.0,884880.0
37873.jpg,872.0,1122.0,978384.0
37875.jpg,1200.0,1007.0,1208400.0
37876.jpg,1000.0,1376.0,1376000.0
37877.jpg,900.0,1384.0,1245600.0
37878.jpg,1601.0,600.0,960600.0
37879.jpg,1128.0,900.0,1015200.0
37880.jpg,1165.0,900.0,1048500.0
37881.jpg,1069.0,1300.0,1389700.0
37882.jpg,1007.0,1200.0,1208400.0
37883.jpg,1000.0,1315.0,1315000.0
37884.jpg,1000.0,1326.0,1326000.0
37885.jpg,1054.0,1300.0,1370200.0
37886.jpg,1000.0,1208.0,1208000.0
37887.jpg,1000.0,1338.0,1338000.0
37888.jpg,900.0,975.0,877500.0
37889.jpg,900.0,971.0,873900.0
37890.jpg,1896.0,600.0,1137600.0
37891.jpg,850.0,1133.0,963050.0
37892.jpg,1000.0,1350.0,1350000.0
37893.jpg,820.0,1140.0,934800.0
37894.jpg,1000.0,1345.0,1345000.0
37895.jpg,1008.0,1000.0,1008000.0
37896.jpg,1257.0,1200.0,1508400.0
37897.jpg,1000.0,1095.0,1095000.0
37898.jpg,1330.0,900.0,1197000.0
37899.jpg,1332.0,858.0,1142856.0
37900.jpg,1334.0,900.0,1200600.0
37901.jpg,1300.0,858.0,1115400.0
37902.jpg,1073.0,1300.0,1394900.0
37903.jpg,1000.0,1203.0,1203000.0
37904.jpg,1464.0,1000.0,1464000.0
37905.jpg,1000.0,1205.0,1205000.0
37906.jpg,1072.0,1300.0,1393600.0
37907.jpg,1100.0,1406.0,1546600.0
37908.jpg,801.0,1075.0,861075.0
37909.jpg,936.0,1300.0,1216800.0
37910.jpg,1026.0,1300.0,1333800.0
37911.jpg,1016.0,1300.0,1320800.0
37912.jpg,900.0,1284.0,1155600.0
37913.jpg,950.0,1135.0,1078250.0
37914.jpg,1070.0,1300.0,1391000.0
37915.jpg,950.0,1136.0,1079200.0
37916.jpg,1049.0,1300.0,1363700.0
37917.jpg,900.0,1136.0,1022400.0
37918.jpg,805.0,1300.0,1046500.0
37919.jpg,734.0,1400.0,1027600.0
37920.jpg,1100.0,818.0,899800.0
37921.jpg,948.0,1200.0,1137600.0
37922.jpg,870.0,1021.0,888270.0
37923.jpg,950.0,1152.0,1094400.0
37924.jpg,1037.0,1300.0,1348100.0
37925.jpg,967.0,1300.0,1257100.0
37926.jpg,672.0,1400.0,940800.0
37927.jpg,900.0,1086.0,977400.0
37930.jpg,1041.0,1400.0,1457400.0
37932.jpg,976.0,720.0,702720.0
37935.jpg,1100.0,816.0,897600.0
37941.jpg,1242.0,896.0,1112832.0
37944.jpg,1229.0,500.0,614500.0
37970.jpg,1149.0,700.0,804300.0
37971.jpg,1400.0,1022.0,1430800.0
37972.jpg,927.0,1255.0,1163385.0
37973.jpg,1257.0,800.0,1005600.0
37974.jpg,850.0,1157.0,983450.0
37975.jpg,1800.0,691.0,1243800.0
37976.jpg,900.0,1089.0,980100.0
37977.jpg,1100.0,1197.0,1316700.0
37978.jpg,1074.0,1001.0,1075074.0
37979.jpg,850.0,1258.0,1069300.0
37980.jpg,800.0,1183.0,946400.0
37984.jpg,1300.0,899.0,1168700.0
37985.jpg,800.0,938.0,750400.0
37986.jpg,1401.0,800.0,1120800.0
37987.jpg,750.0,1135.0,851250.0
37988.jpg,1000.0,1516.0,1516000.0
37989.jpg,1255.0,858.0,1076790.0
37990.jpg,900.0,610.0,549000.0
37991.jpg,732.0,999.0,731268.0
37992.jpg,850.0,1479.0,1257150.0
37993.jpg,800.0,1311.0,1048800.0
37994.jpg,1118.0,800.0,894400.0
37995.jpg,1034.0,800.0,827200.0
37996.jpg,826.0,1045.0,863170.0
37997.jpg,800.0,1329.0,1063200.0
37998.jpg,800.0,1371.0,1096800.0
37999.jpg,706.0,1188.0,838728.0
38000.jpg,923.0,710.0,655330.0
38001.jpg,1144.0,1000.0,1144000.0
38002.jpg,1168.0,1000.0,1168000.0
38003.jpg,941.0,1118.0,1052038.0
38004.jpg,870.0,1592.0,1385040.0
38005.jpg,750.0,1365.0,1023750.0
38006.jpg,717.0,1600.0,1147200.0
38007.jpg,700.0,1486.0,1040200.0
38008.jpg,850.0,1209.0,1027650.0
38009.jpg,1000.0,900.0,900000.0
38010.jpg,1245.0,700.0,871500.0
38011.jpg,700.0,1481.0,1036700.0
38012.jpg,900.0,1060.0,954000.0
38013.jpg,1000.0,1200.0,1200000.0
38014.jpg,800.0,1466.0,1172800.0
38015.jpg,933.0,1200.0,1119600.0
38016.jpg,900.0,1240.0,1116000.0
38017.jpg,1320.0,1000.0,1320000.0
38018.jpg,1375.0,1000.0,1375000.0
38019.jpg,1000.0,1389.0,1389000.0
38020.jpg,1200.0,1227.0,1472400.0
38021.jpg,1025.0,685.0,702125.0
38022.jpg,850.0,1144.0,972400.0
38023.jpg,700.0,862.0,603400.0
38024.jpg,922.0,950.0,875900.0
38025.jpg,700.0,1105.0,773500.0
38026.jpg,1070.0,950.0,1016500.0
38027.jpg,1030.0,920.0,947600.0
38028.jpg,1691.0,700.0,1183700.0
38029.jpg,1307.0,1000.0,1307000.0
38030.jpg,1251.0,950.0,1188450.0
38031.jpg,950.0,1131.0,1074450.0
38032.jpg,1329.0,900.0,1196100.0
38033.jpg,750.0,1381.0,1035750.0
38034.jpg,1000.0,1081.0,1081000.0
38035.jpg,1100.0,1326.0,1458600.0
38036.jpg,1023.0,1000.0,1023000.0
38037.jpg,800.0,1230.0,984000.0
38038.jpg,1100.0,1372.0,1509200.0
38039.jpg,950.0,1088.0,1033600.0
38040.jpg,1256.0,900.0,1130400.0
38041.jpg,1217.0,950.0,1156150.0
38042.jpg,999.0,820.0,819180.0
38043.jpg,994.0,976.0,970144.0
38044.jpg,991.0,977.0,968207.0
38045.jpg,998.0,979.0,977042.0
38046.jpg,993.0,976.0,969168.0
38047.jpg,1507.0,600.0,904200.0
38048.jpg,1358.0,650.0,882700.0
38049.jpg,1539.0,600.0,923400.0
38050.jpg,1397.0,700.0,977900.0
38051.jpg,1441.0,700.0,1008700.0
38052.jpg,1605.0,700.0,1123500.0
38053.jpg,1479.0,600.0,887400.0
38054.jpg,1456.0,700.0,1019200.0
38055.jpg,1220.0,700.0,854000.0
38056.jpg,1516.0,600.0,909600.0
38057.jpg,1599.0,700.0,1119300.0
38058.jpg,1495.0,700.0,1046500.0
38059.jpg,1451.0,700.0,1015700.0
38060.jpg,906.0,1300.0,1177800.0
38061.jpg,1093.0,1002.0,1095186.0
38062.jpg,1356.0,900.0,1220400.0
38063.jpg,837.0,1045.0,874665.0
38064.jpg,1000.0,1451.0,1451000.0
38065.jpg,645.0,923.0,595335.0
38066.jpg,1510.0,650.0,981500.0
38067.jpg,1000.0,1114.0,1114000.0
38068.jpg,1100.0,1312.0,1443200.0
38069.jpg,978.0,686.0,670908.0
38070.jpg,950.0,1062.0,1008900.0
38071.jpg,1000.0,769.0,769000.0
38072.jpg,1000.0,859.0,859000.0
38073.jpg,1067.0,800.0,853600.0
38074.jpg,1000.0,974.0,974000.0
38075.jpg,802.0,900.0,721800.0
38076.jpg,1098.0,900.0,988200.0
38077.jpg,844.0,900.0,759600.0
38078.jpg,564.0,1300.0,733200.0
38079.jpg,650.0,1293.0,840450.0
38080.jpg,1120.0,850.0,952000.0
38081.jpg,1172.0,900.0,1054800.0
38082.jpg,1312.0,1000.0,1312000.0
38083.jpg,1154.0,800.0,923200.0
38084.jpg,811.0,1300.0,1054300.0
38085.jpg,1250.0,862.0,1077500.0
38086.jpg,1000.0,1054.0,1054000.0
38087.jpg,1109.0,900.0,998100.0
38088.jpg,1295.0,750.0,971250.0
38089.jpg,1004.0,1048.0,1052192.0
38090.jpg,1131.0,1000.0,1131000.0
38091.jpg,1260.0,900.0,1134000.0
38092.jpg,900.0,1265.0,1138500.0
38093.jpg,900.0,1242.0,1117800.0
38094.jpg,1262.0,900.0,1135800.0
38095.jpg,700.0,1754.0,1227800.0
38096.jpg,700.0,1763.0,1234100.0
38097.jpg,1275.0,900.0,1147500.0
38098.jpg,900.0,1262.0,1135800.0
38099.jpg,900.0,1221.0,1098900.0
38100.jpg,1200.0,853.0,1023600.0
38101.jpg,921.0,1096.0,1009416.0
38102.jpg,1005.0,1172.0,1177860.0
38103.jpg,1126.0,750.0,844500.0
38104.jpg,900.0,1117.0,1005300.0
38105.jpg,800.0,993.0,794400.0
38106.jpg,938.0,1010.0,947380.0
38107.jpg,1117.0,900.0,1005300.0
38108.jpg,1003.0,1175.0,1178525.0
38109.jpg,1144.0,800.0,915200.0
38110.jpg,850.0,1056.0,897600.0
38111.jpg,900.0,1121.0,1008900.0
38112.jpg,1000.0,1108.0,1108000.0
38113.jpg,1164.0,850.0,989400.0
38114.jpg,1000.0,1051.0,1051000.0
38115.jpg,900.0,1042.0,937800.0
38116.jpg,800.0,1575.0,1260000.0
38117.jpg,1004.0,1109.0,1113436.0
38118.jpg,1030.0,896.0,922880.0
38119.jpg,800.0,1260.0,1008000.0
38120.jpg,1025.0,900.0,922500.0
38121.jpg,750.0,1253.0,939750.0
38122.jpg,1023.0,800.0,818400.0
38123.jpg,900.0,1120.0,1008000.0
38124.jpg,900.0,1006.0,905400.0
38125.jpg,1005.0,1022.0,1027110.0
38126.jpg,866.0,1001.0,866866.0
38127.jpg,800.0,1411.0,1128800.0
38128.jpg,933.0,920.0,858360.0
38129.jpg,700.0,1400.0,980000.0
38130.jpg,700.0,1437.0,1005900.0
38131.jpg,1129.0,850.0,959650.0
38132.jpg,1280.0,1004.0,1285120.0
38133.jpg,900.0,1121.0,1008900.0
38134.jpg,1188.0,900.0,1069200.0
38135.jpg,850.0,1066.0,906100.0
38136.jpg,900.0,1085.0,976500.0
38137.jpg,850.0,1057.0,898450.0
38138.jpg,1190.0,900.0,1071000.0
38139.jpg,900.0,1129.0,1016100.0
38140.jpg,1002.0,1098.0,1100196.0
38141.jpg,900.0,1132.0,1018800.0
38142.jpg,1071.0,820.0,878220.0
38143.jpg,1030.0,682.0,702460.0
38144.jpg,820.0,1023.0,838860.0
38145.jpg,810.0,1009.0,817290.0
38146.jpg,800.0,1006.0,804800.0
38147.jpg,700.0,1436.0,1005200.0
38148.jpg,700.0,1430.0,1001000.0
38149.jpg,1001.0,873.0,873873.0
38150.jpg,1154.0,1000.0,1154000.0
38151.jpg,850.0,1063.0,903550.0
38152.jpg,1100.0,800.0,880000.0
38153.jpg,800.0,993.0,794400.0
38154.jpg,1030.0,785.0,808550.0
38155.jpg,650.0,924.0,600600.0
38156.jpg,1592.0,700.0,1114400.0
38157.jpg,950.0,1039.0,987050.0
38158.jpg,1061.0,1004.0,1065244.0
38159.jpg,1003.0,1082.0,1085246.0
38160.jpg,1579.0,700.0,1105300.0
38161.jpg,1082.0,950.0,1027900.0
38162.jpg,1005.0,1004.0,1009020.0
38163.jpg,1001.0,1029.0,1030029.0
38164.jpg,1073.0,700.0,751100.0
38165.jpg,1640.0,700.0,1148000.0
38166.jpg,704.0,1050.0,739200.0
38167.jpg,1114.0,762.0,848868.0
38168.jpg,750.0,1295.0,971250.0
38169.jpg,1393.0,1200.0,1671600.0
38170.jpg,1360.0,1200.0,1632000.0
38171.jpg,1278.0,1200.0,1533600.0
38172.jpg,1298.0,1200.0,1557600.0
38174.jpg,1069.0,800.0,855200.0
38175.jpg,1091.0,800.0,872800.0
38177.jpg,700.0,1266.0,886200.0
38178.jpg,1680.0,650.0,1092000.0
38179.jpg,1800.0,578.0,1040400.0
38180.jpg,1029.0,734.0,755286.0
38181.jpg,991.0,734.0,727394.0
38182.jpg,947.0,1200.0,1136400.0
38183.jpg,1160.0,1100.0,1276000.0
38184.jpg,1016.0,820.0,833120.0
38185.jpg,800.0,1120.0,896000.0
38186.jpg,700.0,1116.0,781200.0
38187.jpg,1475.0,850.0,1253750.0
38188.jpg,1290.0,750.0,967500.0
38189.jpg,1018.0,846.0,861228.0
38190.jpg,1038.0,846.0,878148.0
38191.jpg,1000.0,1244.0,1244000.0
38192.jpg,1000.0,1231.0,1231000.0
38193.jpg,1100.0,1204.0,1324400.0
38194.jpg,1105.0,1200.0,1326000.0
38195.jpg,1518.0,580.0,880440.0
38196.jpg,1200.0,880.0,1056000.0
38197.jpg,950.0,571.0,542450.0
38198.jpg,1079.0,700.0,755300.0
38199.jpg,1241.0,800.0,992800.0
38200.jpg,950.0,1274.0,1210300.0
38201.jpg,950.0,1228.0,1166600.0
38202.jpg,1337.0,850.0,1136450.0
38203.jpg,917.0,1600.0,1467200.0
38204.jpg,1103.0,642.0,708126.0
38205.jpg,1026.0,771.0,791046.0
38206.jpg,1190.0,800.0,952000.0
38207.jpg,1144.0,850.0,972400.0
38208.jpg,1050.0,487.0,511350.0
38209.jpg,929.0,700.0,650300.0
38210.jpg,900.0,1179.0,1061100.0
38211.jpg,900.0,1071.0,963900.0
38212.jpg,1029.0,1000.0,1029000.0
38213.jpg,1031.0,1000.0,1031000.0
38214.jpg,1052.0,770.0,810040.0
38215.jpg,860.0,1002.0,861720.0
38216.jpg,1044.0,1050.0,1096200.0
38217.jpg,1259.0,850.0,1070150.0
38218.jpg,894.0,882.0,788508.0
38219.jpg,1034.0,800.0,827200.0
38220.jpg,1539.0,900.0,1385100.0
38222.jpg,900.0,810.0,729000.0
38223.jpg,707.0,1500.0,1060500.0
38224.jpg,869.0,1045.0,908105.0
38225.jpg,1292.0,1000.0,1292000.0
38226.jpg,850.0,1022.0,868700.0
38227.jpg,700.0,1084.0,758800.0
38228.jpg,827.0,1024.0,846848.0
38229.jpg,830.0,997.0,827510.0
38230.jpg,690.0,818.0,564420.0
38231.jpg,850.0,1059.0,900150.0
38232.jpg,930.0,1200.0,1116000.0
38233.jpg,800.0,1128.0,902400.0
38234.jpg,800.0,947.0,757600.0
38235.jpg,810.0,1018.0,824580.0
38236.jpg,806.0,925.0,745550.0
38237.jpg,638.0,900.0,574200.0
38238.jpg,786.0,1007.0,791502.0
38239.jpg,792.0,1001.0,792792.0
38240.jpg,789.0,950.0,749550.0
38241.jpg,800.0,1063.0,850400.0
38242.jpg,724.0,1001.0,724724.0
38243.jpg,816.0,1019.0,831504.0
38244.jpg,794.0,1001.0,794794.0
38246.jpg,900.0,1025.0,922500.0
38247.jpg,795.0,989.0,786255.0
38248.jpg,1000.0,1204.0,1204000.0
38249.jpg,850.0,1118.0,950300.0
38250.jpg,800.0,958.0,766400.0
38251.jpg,572.0,964.0,551408.0
38252.jpg,630.0,939.0,591570.0
38253.jpg,1000.0,1375.0,1375000.0
38254.jpg,1100.0,1118.0,1229800.0
38255.jpg,850.0,1062.0,902700.0
38256.jpg,850.0,1012.0,860200.0
38266.jpg,600.0,985.0,591000.0
38267.jpg,800.0,1071.0,856800.0
38268.jpg,589.0,814.0,479446.0
38270.jpg,999.0,1255.0,1253745.0
38272.jpg,1251.0,971.0,1214721.0
38273.jpg,900.0,1071.0,963900.0
38274.jpg,900.0,1169.0,1052100.0
38275.jpg,1008.0,1300.0,1310400.0
38276.jpg,1500.0,1162.0,1743000.0
38277.jpg,1251.0,885.0,1107135.0
38278.jpg,900.0,641.0,576900.0
38280.jpg,1405.0,1100.0,1545500.0
38281.jpg,1100.0,1326.0,1458600.0
38282.jpg,900.0,675.0,607500.0
38283.jpg,1400.0,1163.0,1628200.0
38284.jpg,1007.0,1400.0,1409800.0
38285.jpg,1000.0,1256.0,1256000.0
38288.jpg,1199.0,1500.0,1798500.0
38289.jpg,1000.0,1316.0,1316000.0
38290.jpg,950.0,1400.0,1330000.0
38293.jpg,800.0,995.0,796000.0
38294.jpg,900.0,973.0,875700.0
38295.jpg,675.0,1300.0,877500.0
38297.jpg,900.0,1365.0,1228500.0
38298.jpg,902.0,1200.0,1082400.0
38299.jpg,1091.0,900.0,981900.0
38300.jpg,600.0,896.0,537600.0
38302.jpg,800.0,1131.0,904800.0
38303.jpg,1174.0,900.0,1056600.0
38304.jpg,1000.0,1038.0,1038000.0
38305.jpg,1126.0,850.0,957100.0
38306.jpg,1376.0,1000.0,1376000.0
38307.jpg,1280.0,1008.0,1290240.0
38308.jpg,1000.0,1208.0,1208000.0
38309.jpg,1200.0,726.0,871200.0
38310.jpg,874.0,722.0,631028.0
38311.jpg,1316.0,1000.0,1316000.0
38312.jpg,1319.0,900.0,1187100.0
38313.jpg,1008.0,1212.0,1221696.0
38314.jpg,845.0,960.0,811200.0
38315.jpg,600.0,503.0,301800.0
38316.jpg,1357.0,1000.0,1357000.0
38317.jpg,1400.0,850.0,1190000.0
38318.jpg,1103.0,1100.0,1213300.0
38319.jpg,1000.0,1275.0,1275000.0
38320.jpg,900.0,1245.0,1120500.0
38321.jpg,993.0,750.0,744750.0
38322.jpg,1238.0,1008.0,1247904.0
38323.jpg,1016.0,1335.0,1356360.0
38324.jpg,1463.0,1000.0,1463000.0
38325.jpg,1035.0,1008.0,1043280.0
38327.jpg,960.0,1346.0,1292160.0
38328.jpg,1000.0,1929.0,1929000.0
38329.jpg,882.0,1700.0,1499400.0
38330.jpg,1004.0,1188.0,1192752.0
38331.jpg,617.0,880.0,542960.0
38332.jpg,377.0,600.0,226200.0
38333.jpg,497.0,500.0,248500.0
38334.jpg,837.0,1200.0,1004400.0
38335.jpg,1005.0,1800.0,1809000.0
38336.jpg,863.0,1500.0,1294500.0
38337.jpg,1051.0,1200.0,1261200.0
38338.jpg,900.0,1149.0,1034100.0
38339.jpg,422.0,400.0,168800.0
38340.jpg,571.0,613.0,350023.0
38341.jpg,600.0,1112.0,667200.0
38343.jpg,905.0,1400.0,1267000.0
38344.jpg,1000.0,1341.0,1341000.0
38345.jpg,800.0,1659.0,1327200.0
38346.jpg,1000.0,1376.0,1376000.0
38347.jpg,900.0,1211.0,1089900.0
38356.jpg,1006.0,1045.0,1051270.0
38357.jpg,1002.0,1048.0,1050096.0
38358.jpg,1080.0,1228.0,1326240.0
38359.jpg,1200.0,1219.0,1462800.0
38360.jpg,800.0,1815.0,1452000.0
38361.jpg,800.0,2081.0,1664800.0
38362.jpg,800.0,2072.0,1657600.0
38363.jpg,1047.0,1241.0,1299327.0
38364.jpg,1044.0,1241.0,1295604.0
38365.jpg,900.0,1399.0,1259100.0
38366.jpg,1260.0,1004.0,1265040.0
38367.jpg,1245.0,850.0,1058250.0
38368.jpg,850.0,1400.0,1190000.0
38369.jpg,802.0,1500.0,1203000.0
38370.jpg,1200.0,845.0,1014000.0
38371.jpg,1421.0,1000.0,1421000.0
38372.jpg,1077.0,900.0,969300.0
38373.jpg,1139.0,900.0,1025100.0
38374.jpg,1400.0,948.0,1327200.0
38375.jpg,1000.0,1251.0,1251000.0
38376.jpg,800.0,970.0,776000.0
38377.jpg,1156.0,492.0,568752.0
38378.jpg,1002.0,1192.0,1194384.0
38379.jpg,900.0,1124.0,1011600.0
38380.jpg,1300.0,933.0,1212900.0
38381.jpg,769.0,1400.0,1076600.0
38382.jpg,1120.0,1008.0,1128960.0
38383.jpg,1165.0,1300.0,1514500.0
38384.jpg,1520.0,1000.0,1520000.0
38385.jpg,1500.0,914.0,1371000.0
38386.jpg,1137.0,1900.0,2160300.0
38387.jpg,1000.0,1506.0,1506000.0
38388.jpg,791.0,1300.0,1028300.0
38389.jpg,1459.0,1009.0,1472131.0
38390.jpg,1200.0,1259.0,1510800.0
38391.jpg,1135.0,1200.0,1362000.0
38392.jpg,850.0,1076.0,914600.0
38393.jpg,1203.0,800.0,962400.0
38394.jpg,1003.0,1231.0,1234693.0
38395.jpg,900.0,1504.0,1353600.0
38396.jpg,1002.0,1304.0,1306608.0
38397.jpg,800.0,1171.0,936800.0
38398.jpg,950.0,1167.0,1108650.0
38399.jpg,1000.0,1108.0,1108000.0
38400.jpg,750.0,1473.0,1104750.0
38401.jpg,900.0,1323.0,1190700.0
38402.jpg,1050.0,1846.0,1938300.0
38403.jpg,800.0,1479.0,1183200.0
38404.jpg,1500.0,1153.0,1729500.0
38405.jpg,670.0,1150.0,770500.0
38406.jpg,630.0,873.0,549990.0
38407.jpg,920.0,1600.0,1472000.0
38408.jpg,847.0,1100.0,931700.0
38409.jpg,779.0,1200.0,934800.0
38410.jpg,1086.0,900.0,977400.0
38411.jpg,659.0,802.0,528518.0
38412.jpg,1055.0,950.0,1002250.0
38413.jpg,1196.0,1400.0,1674400.0
38414.jpg,807.0,1066.0,860262.0
38415.jpg,1000.0,1318.0,1318000.0
38416.jpg,1000.0,1192.0,1192000.0
38417.jpg,900.0,1247.0,1122300.0
38418.jpg,1168.0,1300.0,1518400.0
38419.jpg,1008.0,1427.0,1438416.0
38420.jpg,1007.0,1231.0,1239617.0
38421.jpg,1000.0,1142.0,1142000.0
38422.jpg,1190.0,1007.0,1198330.0
38423.jpg,850.0,1031.0,876350.0
38424.jpg,1012.0,1000.0,1012000.0
38425.jpg,653.0,1200.0,783600.0
38426.jpg,1000.0,1565.0,1565000.0
38427.jpg,1017.0,771.0,784107.0
38428.jpg,1300.0,941.0,1223300.0
38429.jpg,900.0,1015.0,913500.0
38430.jpg,1090.0,800.0,872000.0
38431.jpg,1364.0,700.0,954800.0
38432.jpg,1205.0,1200.0,1446000.0
38433.jpg,900.0,1079.0,971100.0
38434.jpg,2391.0,500.0,1195500.0
38435.jpg,1516.0,800.0,1212800.0
38436.jpg,2394.0,500.0,1197000.0
38437.jpg,1400.0,1000.0,1400000.0
38438.jpg,1515.0,900.0,1363500.0
38439.jpg,1000.0,1151.0,1151000.0
38440.jpg,1011.0,1186.0,1199046.0
38441.jpg,2268.0,900.0,2041200.0
38442.jpg,1459.0,501.0,730959.0
38443.jpg,1000.0,1364.0,1364000.0
38444.jpg,1000.0,1175.0,1175000.0
38445.jpg,1000.0,1319.0,1319000.0
38446.jpg,1100.0,1173.0,1290300.0
38447.jpg,1006.0,1169.0,1176014.0
38448.jpg,1000.0,1345.0,1345000.0
38449.jpg,1580.0,1100.0,1738000.0
38450.jpg,1007.0,1327.0,1336289.0
38451.jpg,1000.0,1156.0,1156000.0
38452.jpg,1200.0,1176.0,1411200.0
38453.jpg,703.0,1300.0,913900.0
38454.jpg,1104.0,1002.0,1106208.0
38455.jpg,708.0,878.0,621624.0
38456.jpg,1000.0,1197.0,1197000.0
38457.jpg,773.0,1148.0,887404.0
38458.jpg,1200.0,1049.0,1258800.0
38459.jpg,800.0,1188.0,950400.0
38460.jpg,1400.0,1001.0,1401400.0
38461.jpg,900.0,1059.0,953100.0
38462.jpg,1200.0,1074.0,1288800.0
38463.jpg,1100.0,1306.0,1436600.0
38464.jpg,1000.0,1169.0,1169000.0
38465.jpg,1212.0,1100.0,1333200.0
38466.jpg,1100.0,1135.0,1248500.0
38467.jpg,1189.0,1100.0,1307900.0
38468.jpg,1000.0,1038.0,1038000.0
38469.jpg,718.0,745.0,534910.0
38470.jpg,1020.0,930.0,948600.0
38471.jpg,1030.0,898.0,924940.0
38472.jpg,1112.0,1000.0,1112000.0
38473.jpg,1111.0,1000.0,1111000.0
38474.jpg,900.0,1135.0,1021500.0
38475.jpg,729.0,970.0,707130.0
38476.jpg,1033.0,1200.0,1239600.0
38477.jpg,1102.0,1200.0,1322400.0
38478.jpg,1000.0,1142.0,1142000.0
38479.jpg,1481.0,1000.0,1481000.0
38480.jpg,1300.0,905.0,1176500.0
38481.jpg,1522.0,800.0,1217600.0
38482.jpg,1500.0,926.0,1389000.0
38483.jpg,1616.0,1100.0,1777600.0
38484.jpg,1255.0,796.0,998980.0
38485.jpg,1428.0,700.0,999600.0
38486.jpg,1305.0,886.0,1156230.0
38487.jpg,1030.0,1227.0,1263810.0
38488.jpg,900.0,1200.0,1080000.0
38489.jpg,950.0,913.0,867350.0
38490.jpg,1236.0,1200.0,1483200.0
38491.jpg,1300.0,804.0,1045200.0
38492.jpg,1132.0,1213.0,1373116.0
38493.jpg,1042.0,859.0,895078.0
38494.jpg,1030.0,873.0,899190.0
38495.jpg,1040.0,1249.0,1298960.0
38496.jpg,1050.0,1300.0,1365000.0
38497.jpg,1000.0,1268.0,1268000.0
38498.jpg,1066.0,1300.0,1385800.0
38499.jpg,843.0,1000.0,843000.0
38500.jpg,1030.0,1300.0,1339000.0
38501.jpg,1000.0,1194.0,1194000.0
38502.jpg,960.0,1200.0,1152000.0
38503.jpg,800.0,1040.0,832000.0
38504.jpg,650.0,1022.0,664300.0
38505.jpg,1100.0,1203.0,1323300.0
38506.jpg,959.0,1253.0,1201627.0
38507.jpg,800.0,1248.0,998400.0
38508.jpg,1000.0,1198.0,1198000.0
38509.jpg,1038.0,1200.0,1245600.0
38510.jpg,1008.0,1158.0,1167264.0
38511.jpg,800.0,1040.0,832000.0
38512.jpg,1021.0,1233.0,1258893.0
38513.jpg,1009.0,1252.0,1263268.0
38514.jpg,800.0,932.0,745600.0
38515.jpg,1062.0,1300.0,1380600.0
38516.jpg,775.0,1001.0,775775.0
38517.jpg,800.0,1046.0,836800.0
38518.jpg,850.0,1053.0,895050.0
38519.jpg,1200.0,1393.0,1671600.0
38520.jpg,1100.0,1240.0,1364000.0
38521.jpg,845.0,1020.0,861900.0
38522.jpg,1069.0,1200.0,1282800.0
38523.jpg,932.0,1200.0,1118400.0
38524.jpg,705.0,891.0,628155.0
38525.jpg,1026.0,1293.0,1326618.0
38526.jpg,676.0,800.0,540800.0
38527.jpg,1000.0,1052.0,1052000.0
38528.jpg,750.0,992.0,744000.0
38529.jpg,900.0,1556.0,1400400.0
38530.jpg,1000.0,1174.0,1174000.0
38531.jpg,825.0,1003.0,827475.0
38532.jpg,803.0,1001.0,803803.0
38533.jpg,980.0,1300.0,1274000.0
38534.jpg,1002.0,1187.0,1189374.0
38535.jpg,1000.0,1224.0,1224000.0
38536.jpg,850.0,1020.0,867000.0
38537.jpg,800.0,1022.0,817600.0
38538.jpg,1006.0,1296.0,1303776.0
38539.jpg,926.0,1200.0,1111200.0
38540.jpg,1000.0,1205.0,1205000.0
38541.jpg,800.0,1044.0,835200.0
38542.jpg,800.0,1002.0,801600.0
38543.jpg,650.0,1036.0,673400.0
38544.jpg,1000.0,1205.0,1205000.0
38545.jpg,1025.0,1300.0,1332500.0
38546.jpg,800.0,1054.0,843200.0
38547.jpg,850.0,1349.0,1146650.0
38548.jpg,1178.0,1400.0,1649200.0
38549.jpg,1000.0,1332.0,1332000.0
38550.jpg,1000.0,1191.0,1191000.0
38551.jpg,801.0,946.0,757746.0
38552.jpg,1000.0,1168.0,1168000.0
38553.jpg,871.0,1500.0,1306500.0
38554.jpg,775.0,1400.0,1085000.0
38555.jpg,1004.0,1468.0,1473872.0
38556.jpg,850.0,1111.0,944350.0
38557.jpg,1100.0,1261.0,1387100.0
38558.jpg,1016.0,1175.0,1193800.0
38559.jpg,975.0,978.0,953550.0
38560.jpg,1058.0,1250.0,1322500.0
38561.jpg,900.0,1197.0,1077300.0
38562.jpg,900.0,1074.0,966600.0
38563.jpg,1000.0,1300.0,1300000.0
38564.jpg,1418.0,1005.0,1425090.0
38565.jpg,1004.0,1131.0,1135524.0
38566.jpg,900.0,1000.0,900000.0
38567.jpg,1000.0,1352.0,1352000.0
38568.jpg,1138.0,1300.0,1479400.0
38569.jpg,810.0,1002.0,811620.0
38570.jpg,1017.0,1118.0,1137006.0
38577.jpg,872.0,1107.0,965304.0
38578.jpg,1000.0,1249.0,1249000.0
38579.jpg,870.0,1100.0,957000.0
38580.jpg,914.0,1200.0,1096800.0
38581.jpg,609.0,800.0,487200.0
38582.jpg,782.0,1070.0,836740.0
38583.jpg,1219.0,850.0,1036150.0
38584.jpg,900.0,1328.0,1195200.0
38585.jpg,740.0,1400.0,1036000.0
38586.jpg,1069.0,850.0,908650.0
38587.jpg,762.0,1400.0,1066800.0
38588.jpg,728.0,1400.0,1019200.0
38589.jpg,786.0,1500.0,1179000.0
38590.jpg,953.0,1200.0,1143600.0
38591.jpg,742.0,1400.0,1038800.0
38592.jpg,766.0,1400.0,1072400.0
38594.jpg,1244.0,770.0,957880.0
38598.jpg,803.0,1000.0,803000.0
38599.jpg,886.0,1100.0,974600.0
38605.jpg,1500.0,1146.0,1719000.0
38609.jpg,1338.0,1000.0,1338000.0
38610.jpg,1248.0,783.0,977184.0
38611.jpg,576.0,1119.0,644544.0
38612.jpg,1049.0,1400.0,1468600.0
38613.jpg,1000.0,1008.0,1008000.0
38616.jpg,809.0,825.0,667425.0
38618.jpg,993.0,1300.0,1290900.0
38620.jpg,1077.0,1300.0,1400100.0
38622.jpg,1400.0,1155.0,1617000.0
38623.jpg,914.0,1100.0,1005400.0
38625.jpg,889.0,700.0,622300.0
38630.jpg,890.0,700.0,623000.0
38631.jpg,1113.0,1300.0,1446900.0
38632.jpg,1100.0,1039.0,1142900.0
38633.jpg,1200.0,861.0,1033200.0
38634.jpg,1062.0,900.0,955800.0
38636.jpg,600.0,982.0,589200.0
38638.jpg,856.0,1239.0,1060584.0
38639.jpg,749.0,1252.0,937748.0
38640.jpg,717.0,900.0,645300.0
38641.jpg,1000.0,1305.0,1305000.0
38642.jpg,1100.0,770.0,847000.0
38643.jpg,734.0,900.0,660600.0
38644.jpg,1400.0,1103.0,1544200.0
38645.jpg,776.0,1000.0,776000.0
38646.jpg,1001.0,1004.0,1005004.0
38679.jpg,900.0,1209.0,1088100.0
38680.jpg,900.0,1050.0,945000.0
38681.jpg,900.0,986.0,887400.0
38682.jpg,742.0,905.0,671510.0
38683.jpg,800.0,1001.0,800800.0
38684.jpg,1004.0,1300.0,1305200.0
38685.jpg,901.0,1005.0,905505.0
38686.jpg,850.0,1051.0,893350.0
38687.jpg,850.0,1104.0,938400.0
38688.jpg,1115.0,780.0,869700.0
38689.jpg,1039.0,850.0,883150.0
38690.jpg,850.0,1103.0,937550.0
38691.jpg,850.0,973.0,827050.0
38693.jpg,1695.0,500.0,847500.0
38694.jpg,1136.0,1500.0,1704000.0
38697.jpg,635.0,750.0,476250.0
38698.jpg,850.0,1061.0,901850.0
38699.jpg,1123.0,1126.0,1264498.0
38700.jpg,1310.0,1000.0,1310000.0
38701.jpg,700.0,925.0,647500.0
38702.jpg,1000.0,1302.0,1302000.0
38703.jpg,879.0,1100.0,966900.0
38704.jpg,1000.0,1179.0,1179000.0
38705.jpg,1118.0,1300.0,1453400.0
38706.jpg,900.0,1061.0,954900.0
38707.jpg,1112.0,1400.0,1556800.0
38708.jpg,900.0,1134.0,1020600.0
38709.jpg,1200.0,1515.0,1818000.0
38710.jpg,1212.0,1500.0,1818000.0
38711.jpg,1032.0,1300.0,1341600.0
38712.jpg,1110.0,1400.0,1554000.0
38713.jpg,1002.0,1200.0,1202400.0
38714.jpg,1008.0,1200.0,1209600.0
38715.jpg,922.0,1100.0,1014200.0
38716.jpg,1104.0,1400.0,1545600.0
38717.jpg,1017.0,1200.0,1220400.0
38718.jpg,1000.0,1208.0,1208000.0
38719.jpg,1655.0,1000.0,1655000.0
38720.jpg,1288.0,1078.0,1388464.0
38721.jpg,1001.0,1200.0,1201200.0
38722.jpg,800.0,1466.0,1172800.0
38724.jpg,1000.0,1276.0,1276000.0
38725.jpg,1070.0,1300.0,1391000.0
38726.jpg,1000.0,1444.0,1444000.0
38727.jpg,1200.0,1068.0,1281600.0
38728.jpg,1000.0,1317.0,1317000.0
38729.jpg,950.0,1128.0,1071600.0
38730.jpg,917.0,1100.0,1008700.0
38731.jpg,1200.0,1322.0,1586400.0
38732.jpg,1233.0,1000.0,1233000.0
38733.jpg,1037.0,1300.0,1348100.0
38734.jpg,975.0,1200.0,1170000.0
38735.jpg,1000.0,1223.0,1223000.0
38736.jpg,1000.0,1587.0,1587000.0
38737.jpg,1296.0,1000.0,1296000.0
38738.jpg,1050.0,1300.0,1365000.0
38739.jpg,1000.0,1439.0,1439000.0
38740.jpg,1000.0,1505.0,1505000.0
38741.jpg,900.0,1271.0,1143900.0
38742.jpg,1283.0,1000.0,1283000.0
38743.jpg,800.0,1036.0,828800.0
38744.jpg,1000.0,1338.0,1338000.0
38745.jpg,1058.0,1400.0,1481200.0
38746.jpg,1000.0,1319.0,1319000.0
38747.jpg,1000.0,1314.0,1314000.0
38748.jpg,1112.0,1300.0,1445600.0
38749.jpg,1113.0,1500.0,1669500.0
38750.jpg,1158.0,1300.0,1505400.0
38751.jpg,863.0,1600.0,1380800.0
38752.jpg,830.0,1600.0,1328000.0
38753.jpg,1000.0,1319.0,1319000.0
38754.jpg,1508.0,1000.0,1508000.0
38755.jpg,1365.0,1050.0,1433250.0
38756.jpg,900.0,1415.0,1273500.0
38757.jpg,1227.0,1000.0,1227000.0
38758.jpg,1400.0,1029.0,1440600.0
38759.jpg,1400.0,1053.0,1474200.0
38760.jpg,1000.0,1417.0,1417000.0
38761.jpg,1410.0,1200.0,1692000.0
38762.jpg,1421.0,1200.0,1705200.0
38763.jpg,900.0,1367.0,1230300.0
38764.jpg,1010.0,1400.0,1414000.0
38765.jpg,1000.0,1300.0,1300000.0
38766.jpg,1200.0,1535.0,1842000.0
38767.jpg,1200.0,1678.0,2013600.0
38768.jpg,900.0,1255.0,1129500.0
38769.jpg,1000.0,1290.0,1290000.0
38770.jpg,900.0,1264.0,1137600.0
38771.jpg,1400.0,1048.0,1467200.0
38772.jpg,1313.0,1000.0,1313000.0
38773.jpg,1514.0,1000.0,1514000.0
38774.jpg,1320.0,1100.0,1452000.0
38775.jpg,1052.0,1300.0,1367600.0
38776.jpg,1200.0,1311.0,1573200.0
38777.jpg,1000.0,1329.0,1329000.0
38778.jpg,1100.0,1484.0,1632400.0
38779.jpg,816.0,1600.0,1305600.0
38780.jpg,1100.0,1429.0,1571900.0
38781.jpg,1100.0,1430.0,1573000.0
38782.jpg,820.0,1300.0,1066000.0
38783.jpg,1131.0,1400.0,1583400.0
38784.jpg,1100.0,1528.0,1680800.0
38785.jpg,1200.0,1134.0,1360800.0
38786.jpg,1200.0,1114.0,1336800.0
38787.jpg,950.0,1115.0,1059250.0
38788.jpg,1092.0,1400.0,1528800.0
38789.jpg,1310.0,1300.0,1703000.0
38790.jpg,971.0,1300.0,1262300.0
38791.jpg,950.0,734.0,697300.0
38792.jpg,1000.0,1222.0,1222000.0
38793.jpg,1000.0,1312.0,1312000.0
38794.jpg,1043.0,1300.0,1355900.0
38795.jpg,1048.0,1400.0,1467200.0
38796.jpg,800.0,1004.0,803200.0
38797.jpg,1233.0,1500.0,1849500.0
38798.jpg,1225.0,1501.0,1838725.0
38799.jpg,1065.0,1501.0,1598565.0
38800.jpg,1112.0,1500.0,1668000.0
38801.jpg,1181.0,1458.0,1721898.0
38802.jpg,1000.0,1471.0,1471000.0
38803.jpg,1400.0,1259.0,1762600.0
38804.jpg,1400.0,1118.0,1565200.0
38830.jpg,919.0,1400.0,1286600.0
38831.jpg,1065.0,1400.0,1491000.0
38832.jpg,950.0,1309.0,1243550.0
38834.jpg,900.0,1242.0,1117800.0
38844.jpg,731.0,1100.0,804100.0
38845.jpg,950.0,624.0,592800.0
38846.jpg,1350.0,918.0,1239300.0
38848.jpg,1427.0,1000.0,1427000.0
38850.jpg,1000.0,1331.0,1331000.0
38851.jpg,1000.0,1313.0,1313000.0
38852.jpg,1100.0,683.0,751300.0
38853.jpg,950.0,1186.0,1126700.0
38858.jpg,1214.0,1062.0,1289268.0
38860.jpg,826.0,600.0,495600.0
38861.jpg,626.0,500.0,313000.0
38862.jpg,1092.0,1500.0,1638000.0
38863.jpg,600.0,1101.0,660600.0
38864.jpg,841.0,1000.0,841000.0
38866.jpg,1072.0,1300.0,1393600.0
38867.jpg,900.0,1650.0,1485000.0
38868.jpg,1000.0,1430.0,1430000.0
38869.jpg,1388.0,501.0,695388.0
38871.jpg,900.0,1165.0,1048500.0
38873.jpg,1038.0,1400.0,1453200.0
38876.jpg,1147.0,860.0,986420.0
38879.jpg,1078.0,800.0,862400.0
38880.jpg,1324.0,1100.0,1456400.0
38881.jpg,1127.0,810.0,912870.0
38884.jpg,1000.0,1302.0,1302000.0
38885.jpg,596.0,700.0,417200.0
38891.jpg,1164.0,1420.0,1652880.0
38893.jpg,653.0,811.0,529583.0
38904.jpg,700.0,1411.0,987700.0
38905.jpg,800.0,1143.0,914400.0
38906.jpg,709.0,954.0,676386.0
38907.jpg,1048.0,1000.0,1048000.0
38908.jpg,1008.0,1141.0,1150128.0
38909.jpg,719.0,1049.0,754231.0
38911.jpg,800.0,1288.0,1030400.0
38912.jpg,1245.0,1010.0,1257450.0
38913.jpg,800.0,1011.0,808800.0
38914.jpg,832.0,1050.0,873600.0
38915.jpg,1020.0,800.0,816000.0
38916.jpg,734.0,1020.0,748680.0
38917.jpg,885.0,1030.0,911550.0
38918.jpg,712.0,947.0,674264.0
38921.jpg,909.0,1200.0,1090800.0
38922.jpg,905.0,1200.0,1086000.0
38923.jpg,700.0,841.0,588700.0
38924.jpg,1234.0,1200.0,1480800.0
38925.jpg,1000.0,1360.0,1360000.0
38926.jpg,1097.0,900.0,987300.0
38927.jpg,1278.0,1016.0,1298448.0
38928.jpg,787.0,1070.0,842090.0
38929.jpg,902.0,731.0,659362.0
38930.jpg,960.0,1255.0,1204800.0
38931.jpg,857.0,1300.0,1114100.0
38932.jpg,866.0,1200.0,1039200.0
38933.jpg,1255.0,1027.0,1288885.0
38934.jpg,863.0,700.0,604100.0
38935.jpg,859.0,700.0,601300.0
38936.jpg,1228.0,650.0,798200.0
38937.jpg,947.0,567.0,536949.0
38939.jpg,1133.0,700.0,793100.0
38941.jpg,972.0,1245.0,1210140.0
38942.jpg,1181.0,797.0,941257.0
38943.jpg,1000.0,1255.0,1255000.0
38944.jpg,1154.0,1400.0,1615600.0
38945.jpg,1037.0,800.0,829600.0
38949.jpg,720.0,901.0,648720.0
38950.jpg,1523.0,1000.0,1523000.0
38951.jpg,1135.0,700.0,794500.0
38952.jpg,1110.0,1300.0,1443000.0
38953.jpg,1400.0,1016.0,1422400.0
38954.jpg,1100.0,1645.0,1809500.0
38955.jpg,1126.0,900.0,1013400.0
38956.jpg,1006.0,1300.0,1307800.0
38957.jpg,741.0,984.0,729144.0
38958.jpg,741.0,931.0,689871.0
38960.jpg,609.0,360.0,219240.0
38961.jpg,900.0,1063.0,956700.0
38968.jpg,820.0,992.0,813440.0
38969.jpg,790.0,968.0,764720.0
38970.jpg,640.0,990.0,633600.0
38971.jpg,568.0,990.0,562320.0
38972.jpg,702.0,1600.0,1123200.0
38973.jpg,705.0,1600.0,1128000.0
38974.jpg,526.0,990.0,520740.0
38975.jpg,700.0,1655.0,1158500.0
38976.jpg,851.0,1000.0,851000.0
38977.jpg,1020.0,1124.0,1146480.0
38978.jpg,1583.0,900.0,1424700.0
38979.jpg,1649.0,800.0,1319200.0
38980.jpg,892.0,893.0,796556.0
38981.jpg,888.0,882.0,783216.0
38982.jpg,890.0,880.0,783200.0
38983.jpg,678.0,946.0,641388.0
38984.jpg,1846.0,700.0,1292200.0
38985.jpg,867.0,1100.0,953700.0
38986.jpg,1129.0,771.0,870459.0
38987.jpg,863.0,1100.0,949300.0
38988.jpg,1097.0,770.0,844690.0
38989.jpg,859.0,1100.0,944900.0
38990.jpg,1131.0,770.0,870870.0
38991.jpg,950.0,300.0,285000.0
38992.jpg,701.0,860.0,602860.0
38993.jpg,858.0,1100.0,943800.0
38994.jpg,1108.0,770.0,853160.0
38995.jpg,1126.0,770.0,867020.0
38996.jpg,900.0,1075.0,967500.0
38997.jpg,770.0,1200.0,924000.0
38998.jpg,664.0,962.0,638768.0
38999.jpg,902.0,1351.0,1218602.0
39000.jpg,850.0,1421.0,1207850.0
39001.jpg,1006.0,1200.0,1207200.0
39002.jpg,864.0,1400.0,1209600.0
39003.jpg,1078.0,531.0,572418.0
39004.jpg,900.0,1145.0,1030500.0
39005.jpg,934.0,1100.0,1027400.0
39006.jpg,790.0,956.0,755240.0
39007.jpg,810.0,1300.0,1053000.0
39008.jpg,944.0,448.0,422912.0
39009.jpg,800.0,1310.0,1048000.0
39010.jpg,902.0,770.0,694540.0
39011.jpg,836.0,1500.0,1254000.0
39012.jpg,600.0,1052.0,631200.0
39013.jpg,943.0,1400.0,1320200.0
39014.jpg,1379.0,950.0,1310050.0
39015.jpg,523.0,1000.0,523000.0
39020.jpg,1255.0,959.0,1203545.0
39024.jpg,1030.0,803.0,827090.0
39025.jpg,945.0,1200.0,1134000.0
39027.jpg,1375.0,1000.0,1375000.0
39029.jpg,715.0,1400.0,1001000.0
39030.jpg,1011.0,1266.0,1279926.0
39031.jpg,994.0,1369.0,1360786.0
39032.jpg,770.0,971.0,747670.0
39033.jpg,1053.0,770.0,810810.0
39034.jpg,800.0,1060.0,848000.0
39035.jpg,1065.0,768.0,817920.0
39036.jpg,1077.0,774.0,833598.0
39037.jpg,1030.0,752.0,774560.0
39038.jpg,1213.0,750.0,909750.0
39039.jpg,1177.0,750.0,882750.0
39040.jpg,1352.0,900.0,1216800.0
39041.jpg,1102.0,764.0,841928.0
39044.jpg,1099.0,850.0,934150.0
39045.jpg,1400.0,1037.0,1451800.0
39046.jpg,1281.0,948.0,1214388.0
39047.jpg,1030.0,779.0,802370.0
39048.jpg,1100.0,812.0,893200.0
39049.jpg,1165.0,850.0,990250.0
39050.jpg,1045.0,1037.0,1083665.0
39051.jpg,954.0,950.0,906300.0
39052.jpg,1043.0,770.0,803110.0
39053.jpg,1351.0,900.0,1215900.0
39054.jpg,1001.0,997.0,997997.0
39055.jpg,1186.0,902.0,1069772.0
39056.jpg,1025.0,775.0,794375.0
39057.jpg,1009.0,1001.0,1010009.0
39058.jpg,1035.0,1008.0,1043280.0
39059.jpg,1208.0,770.0,930160.0
39060.jpg,739.0,900.0,665100.0
39061.jpg,900.0,623.0,560700.0
39062.jpg,1300.0,857.0,1114100.0
39063.jpg,1300.0,881.0,1145300.0
39066.jpg,913.0,1200.0,1095600.0
39067.jpg,1364.0,1000.0,1364000.0
39068.jpg,1046.0,1300.0,1359800.0
39069.jpg,1209.0,900.0,1088100.0
39070.jpg,995.0,1200.0,1194000.0
39071.jpg,1264.0,1000.0,1264000.0
39072.jpg,1000.0,1207.0,1207000.0
39074.jpg,1300.0,976.0,1268800.0
39075.jpg,1302.0,660.0,859320.0
39076.jpg,880.0,644.0,566720.0
39077.jpg,1345.0,600.0,807000.0
39078.jpg,984.0,850.0,836400.0
39079.jpg,1376.0,640.0,880640.0
39080.jpg,787.0,1000.0,787000.0
39081.jpg,806.0,1070.0,862420.0
39082.jpg,1142.0,750.0,856500.0
39083.jpg,1022.0,850.0,868700.0
39084.jpg,1077.0,840.0,904680.0
39085.jpg,1300.0,901.0,1171300.0
39086.jpg,1000.0,1228.0,1228000.0
39087.jpg,1096.0,850.0,931600.0
39088.jpg,894.0,900.0,804600.0
39089.jpg,901.0,900.0,810900.0
39090.jpg,1093.0,800.0,874400.0
39091.jpg,862.0,950.0,818900.0
39092.jpg,756.0,1069.0,808164.0
39093.jpg,902.0,900.0,811800.0
39094.jpg,900.0,1519.0,1367100.0
39095.jpg,748.0,1200.0,897600.0
39098.jpg,945.0,930.0,878850.0
39099.jpg,844.0,920.0,776480.0
39100.jpg,830.0,920.0,763600.0
39101.jpg,862.0,861.0,742182.0
39102.jpg,857.0,858.0,735306.0
39103.jpg,1264.0,720.0,910080.0
39104.jpg,900.0,1005.0,904500.0
39105.jpg,1260.0,710.0,894600.0
39106.jpg,652.0,941.0,613532.0
39107.jpg,829.0,1120.0,928480.0
39108.jpg,1060.0,850.0,901000.0
39109.jpg,1264.0,720.0,910080.0
39110.jpg,1066.0,850.0,906100.0
39111.jpg,1227.0,700.0,858900.0
39112.jpg,1166.0,650.0,757900.0
39113.jpg,1161.0,650.0,754650.0
39114.jpg,1236.0,680.0,840480.0
39115.jpg,1158.0,650.0,752700.0
39116.jpg,1161.0,647.0,751167.0
39117.jpg,604.0,823.0,497092.0
39118.jpg,1253.0,550.0,689150.0
39119.jpg,1939.0,520.0,1008280.0
39120.jpg,1039.0,750.0,779250.0
39121.jpg,1386.0,550.0,762300.0
39122.jpg,1215.0,770.0,935550.0
39123.jpg,800.0,1049.0,839200.0
39124.jpg,1000.0,1300.0,1300000.0
39125.jpg,659.0,970.0,639230.0
39126.jpg,900.0,1214.0,1092600.0
39127.jpg,1171.0,900.0,1053900.0
39128.jpg,1250.0,705.0,881250.0
39129.jpg,1581.0,600.0,948600.0
39130.jpg,1375.0,1000.0,1375000.0
39136.jpg,1173.0,736.0,863328.0
39137.jpg,1250.0,801.0,1001250.0
39138.jpg,1248.0,763.0,952224.0
39145.jpg,900.0,828.0,745200.0
39148.jpg,1095.0,1000.0,1095000.0
39149.jpg,1442.0,700.0,1009400.0
39150.jpg,1456.0,700.0,1019200.0
39151.jpg,1159.0,1300.0,1506700.0
39152.jpg,850.0,898.0,763300.0
39153.jpg,850.0,853.0,725050.0
39154.jpg,850.0,813.0,691050.0
39155.jpg,1167.0,1300.0,1517100.0
39156.jpg,846.0,1503.0,1271538.0
39157.jpg,915.0,1300.0,1189500.0
39158.jpg,938.0,1600.0,1500800.0
39159.jpg,952.0,1600.0,1523200.0
39160.jpg,1525.0,1000.0,1525000.0
39161.jpg,1487.0,1000.0,1487000.0
39162.jpg,1095.0,700.0,766500.0
39163.jpg,1447.0,1000.0,1447000.0
39164.jpg,1100.0,1119.0,1230900.0
39165.jpg,1060.0,1400.0,1484000.0
39166.jpg,1500.0,778.0,1167000.0
39167.jpg,1475.0,1000.0,1475000.0
39168.jpg,1089.0,700.0,762300.0
39169.jpg,1432.0,1000.0,1432000.0
39170.jpg,764.0,1500.0,1146000.0
39171.jpg,850.0,1270.0,1079500.0
39173.jpg,536.0,796.0,426656.0
39174.jpg,906.0,1300.0,1177800.0
39175.jpg,1000.0,1330.0,1330000.0
39176.jpg,800.0,1166.0,932800.0
39177.jpg,1856.0,900.0,1670400.0
39178.jpg,1235.0,1300.0,1605500.0
39181.jpg,476.0,890.0,423640.0
39182.jpg,900.0,1409.0,1268100.0
39183.jpg,1366.0,1000.0,1366000.0
39184.jpg,1300.0,955.0,1241500.0
39185.jpg,857.0,1100.0,942700.0
39186.jpg,1319.0,1200.0,1582800.0
39187.jpg,1000.0,1276.0,1276000.0
39188.jpg,1100.0,902.0,992200.0
39189.jpg,780.0,1250.0,975000.0
39190.jpg,1041.0,650.0,676650.0
39202.jpg,1099.0,1300.0,1428700.0
39212.jpg,726.0,900.0,653400.0
39213.jpg,1047.0,1200.0,1256400.0
39467.jpg,824.0,1080.0,889920.0
39468.jpg,800.0,1093.0,874400.0
39469.jpg,1549.0,598.0,926302.0
39470.jpg,1554.0,576.0,895104.0
39471.jpg,860.0,1041.0,895260.0
39472.jpg,841.0,1080.0,908280.0
39473.jpg,690.0,1320.0,910800.0
39474.jpg,807.0,994.0,802158.0
39475.jpg,715.0,1114.0,796510.0
39476.jpg,659.0,964.0,635276.0
39477.jpg,750.0,927.0,695250.0
39478.jpg,850.0,1063.0,903550.0
39479.jpg,900.0,1262.0,1135800.0
39480.jpg,820.0,800.0,656000.0
39481.jpg,900.0,1242.0,1117800.0
39482.jpg,1131.0,900.0,1017900.0
39483.jpg,900.0,1214.0,1092600.0
39484.jpg,900.0,1217.0,1095300.0
39485.jpg,909.0,1600.0,1454400.0
39486.jpg,900.0,1210.0,1089000.0
39487.jpg,1090.0,1400.0,1526000.0
39488.jpg,935.0,1400.0,1309000.0
39489.jpg,950.0,1007.0,956650.0
39490.jpg,794.0,1021.0,810674.0
39491.jpg,962.0,1300.0,1250600.0
39492.jpg,900.0,1215.0,1093500.0
39493.jpg,801.0,1079.0,864279.0
39494.jpg,787.0,1080.0,849960.0
39495.jpg,685.0,1315.0,900775.0
39496.jpg,767.0,1024.0,785408.0
39497.jpg,810.0,1077.0,872370.0
39498.jpg,652.0,926.0,603752.0
39499.jpg,943.0,1400.0,1320200.0
39500.jpg,764.0,1006.0,768584.0
39501.jpg,888.0,800.0,710400.0
39502.jpg,1079.0,1300.0,1402700.0
39503.jpg,698.0,901.0,628898.0
39504.jpg,870.0,1135.0,987450.0
39505.jpg,853.0,1150.0,980950.0
39506.jpg,769.0,926.0,712094.0
39507.jpg,800.0,912.0,729600.0
39508.jpg,683.0,877.0,598991.0
39509.jpg,799.0,994.0,794206.0
39510.jpg,715.0,1115.0,797225.0
39511.jpg,865.0,944.0,816560.0
39513.jpg,1091.0,1400.0,1527400.0
39514.jpg,1166.0,850.0,991100.0
39515.jpg,824.0,1200.0,988800.0
39516.jpg,642.0,907.0,582294.0
39517.jpg,830.0,1200.0,996000.0
39518.jpg,1200.0,903.0,1083600.0
39523.jpg,770.0,1004.0,773080.0
39524.jpg,722.0,1500.0,1083000.0
39525.jpg,735.0,1100.0,808500.0
39526.jpg,714.0,920.0,656880.0
39529.jpg,841.0,980.0,824180.0
39532.jpg,750.0,1061.0,795750.0
39533.jpg,751.0,1102.0,827602.0
39534.jpg,750.0,1463.0,1097250.0
39535.jpg,1032.0,700.0,722400.0
39536.jpg,700.0,883.0,618100.0
39538.jpg,1076.0,900.0,968400.0
39539.jpg,661.0,880.0,581680.0
39540.jpg,1336.0,700.0,935200.0
39541.jpg,756.0,719.0,543564.0
39542.jpg,967.0,604.0,584068.0
39543.jpg,1117.0,690.0,770730.0
39550.jpg,1020.0,717.0,731340.0
39551.jpg,563.0,850.0,478550.0
39552.jpg,1047.0,813.0,851211.0
39553.jpg,900.0,1427.0,1284300.0
39554.jpg,850.0,1013.0,861050.0
39555.jpg,1100.0,1303.0,1433300.0
39556.jpg,1162.0,747.0,868014.0
39557.jpg,1500.0,1183.0,1774500.0
39558.jpg,1100.0,1453.0,1598300.0
39559.jpg,918.0,1100.0,1009800.0
39574.jpg,805.0,1037.0,834785.0
39575.jpg,824.0,1025.0,844600.0
39591.jpg,1300.0,844.0,1097200.0
39592.jpg,1400.0,910.0,1274000.0
39593.jpg,644.0,1000.0,644000.0
39594.jpg,730.0,1138.0,830740.0
39595.jpg,660.0,1000.0,660000.0
39596.jpg,770.0,1164.0,896280.0
39597.jpg,934.0,941.0,878894.0
39598.jpg,680.0,970.0,659600.0
39599.jpg,713.0,994.0,708722.0
39600.jpg,929.0,917.0,851893.0
39601.jpg,850.0,1119.0,951150.0
39602.jpg,1346.0,650.0,874900.0
39603.jpg,740.0,1004.0,742960.0
39604.jpg,900.0,1432.0,1288800.0
39605.jpg,1300.0,954.0,1240200.0
39607.jpg,680.0,1245.0,846600.0
39608.jpg,800.0,1212.0,969600.0
39609.jpg,1004.0,1100.0,1104400.0
39610.jpg,1430.0,700.0,1001000.0
39612.jpg,800.0,1089.0,871200.0
39613.jpg,727.0,1054.0,766258.0
39614.jpg,930.0,1050.0,976500.0
39615.jpg,844.0,1200.0,1012800.0
39616.jpg,850.0,1157.0,983450.0
39617.jpg,898.0,1210.0,1086580.0
39618.jpg,750.0,1057.0,792750.0
39619.jpg,938.0,800.0,750400.0
39620.jpg,808.0,973.0,786184.0
39621.jpg,810.0,966.0,782460.0
39622.jpg,802.0,1045.0,838090.0
39623.jpg,900.0,1201.0,1080900.0
39624.jpg,741.0,1103.0,817323.0
39625.jpg,820.0,1005.0,824100.0
39626.jpg,900.0,1062.0,955800.0
39627.jpg,1441.0,750.0,1080750.0
39628.jpg,820.0,1109.0,909380.0
39629.jpg,456.0,583.0,265848.0
39630.jpg,830.0,1174.0,974420.0
39631.jpg,1247.0,831.0,1036257.0
39632.jpg,675.0,1000.0,675000.0
39633.jpg,905.0,1097.0,992785.0
39634.jpg,905.0,1088.0,984640.0
39635.jpg,1001.0,1100.0,1101100.0
39636.jpg,1245.0,950.0,1182750.0
39637.jpg,1223.0,1200.0,1467600.0
39638.jpg,700.0,1130.0,791000.0
39639.jpg,1145.0,750.0,858750.0
39640.jpg,701.0,1048.0,734648.0
39641.jpg,838.0,1094.0,916772.0
39642.jpg,685.0,1400.0,959000.0
39643.jpg,974.0,692.0,674008.0
39644.jpg,975.0,693.0,675675.0
39645.jpg,1269.0,790.0,1002510.0
39646.jpg,950.0,873.0,829350.0
39647.jpg,770.0,1033.0,795410.0
39648.jpg,950.0,814.0,773300.0
39649.jpg,900.0,907.0,816300.0
39650.jpg,870.0,1190.0,1035300.0
39651.jpg,870.0,1176.0,1023120.0
39652.jpg,851.0,1065.0,906315.0
39653.jpg,1041.0,890.0,926490.0
39654.jpg,1092.0,1000.0,1092000.0
39655.jpg,1040.0,1400.0,1456000.0
39656.jpg,1000.0,1522.0,1522000.0
39657.jpg,1110.0,800.0,888000.0
39658.jpg,1248.0,800.0,998400.0
39659.jpg,1000.0,1317.0,1317000.0
39660.jpg,837.0,870.0,728190.0
39661.jpg,1373.0,660.0,906180.0
39662.jpg,700.0,1230.0,861000.0
39663.jpg,700.0,1036.0,725200.0
39664.jpg,1468.0,612.0,898416.0
39665.jpg,800.0,1198.0,958400.0
39666.jpg,1108.0,800.0,886400.0
39667.jpg,800.0,1187.0,949600.0
39668.jpg,850.0,1280.0,1088000.0
39669.jpg,610.0,1428.0,871080.0
39670.jpg,1041.0,1296.0,1349136.0
39671.jpg,1113.0,1301.0,1448013.0
39672.jpg,775.0,1030.0,798250.0
39673.jpg,754.0,1020.0,769080.0
39674.jpg,1314.0,800.0,1051200.0
39675.jpg,750.0,1029.0,771750.0
39676.jpg,871.0,1200.0,1045200.0
39677.jpg,822.0,804.0,660888.0
39678.jpg,1036.0,780.0,808080.0
39679.jpg,946.0,605.0,572330.0
39680.jpg,694.0,883.0,612802.0
39681.jpg,1100.0,1101.0,1211100.0
39726.jpg,800.0,1228.0,982400.0
39727.jpg,710.0,1124.0,798040.0
39728.jpg,1271.0,1003.0,1274813.0
39729.jpg,624.0,990.0,617760.0
39730.jpg,855.0,851.0,727605.0
39731.jpg,677.0,1000.0,677000.0
39732.jpg,677.0,1000.0,677000.0
39733.jpg,636.0,446.0,283656.0
39735.jpg,756.0,1000.0,756000.0
39736.jpg,1100.0,945.0,1039500.0
39737.jpg,842.0,1700.0,1431400.0
39738.jpg,1100.0,1290.0,1419000.0
39739.jpg,900.0,1182.0,1063800.0
39740.jpg,1000.0,1271.0,1271000.0
39742.jpg,1018.0,770.0,783860.0
39743.jpg,900.0,1305.0,1174500.0
39744.jpg,497.0,1100.0,546700.0
39745.jpg,1161.0,1000.0,1161000.0
39746.jpg,700.0,937.0,655900.0
39747.jpg,1358.0,1600.0,2172800.0
39748.jpg,647.0,900.0,582300.0
39749.jpg,747.0,1400.0,1045800.0
39750.jpg,615.0,800.0,492000.0
39751.jpg,1029.0,770.0,792330.0
39752.jpg,1007.0,700.0,704900.0
39753.jpg,850.0,850.0,722500.0
39754.jpg,800.0,974.0,779200.0
39755.jpg,1187.0,1400.0,1661800.0
39756.jpg,1145.0,1400.0,1603000.0
39757.jpg,1190.0,1400.0,1666000.0
39758.jpg,1584.0,800.0,1267200.0
39759.jpg,1051.0,1300.0,1366300.0
39824.jpg,1031.0,750.0,773250.0
39825.jpg,907.0,610.0,553270.0
39826.jpg,785.0,940.0,737900.0
39827.jpg,676.0,800.0,540800.0
39828.jpg,523.0,1350.0,706050.0
39829.jpg,800.0,1394.0,1115200.0
39830.jpg,1502.0,1100.0,1652200.0
39831.jpg,1470.0,490.0,720300.0
39832.jpg,720.0,1059.0,762480.0
39833.jpg,720.0,1047.0,753840.0
39834.jpg,770.0,957.0,736890.0
39835.jpg,1354.0,700.0,947800.0
39836.jpg,1239.0,570.0,706230.0
39837.jpg,931.0,790.0,735490.0
39838.jpg,993.0,729.0,723897.0
39839.jpg,1100.0,763.0,839300.0
39840.jpg,1060.0,856.0,907360.0
39841.jpg,593.0,1123.0,665939.0
39842.jpg,898.0,730.0,655540.0
39843.jpg,700.0,1318.0,922600.0
39844.jpg,1400.0,504.0,705600.0
39845.jpg,990.0,800.0,792000.0
39846.jpg,911.0,802.0,730622.0
39847.jpg,894.0,186.0,166284.0
39848.jpg,1036.0,720.0,745920.0
39849.jpg,1150.0,800.0,920000.0
39850.jpg,913.0,724.0,661012.0
39851.jpg,1500.0,710.0,1065000.0
39852.jpg,790.0,908.0,717320.0
39853.jpg,1438.0,850.0,1222300.0
39854.jpg,1289.0,650.0,837850.0
39855.jpg,1895.0,800.0,1516000.0
39856.jpg,1329.0,770.0,1023330.0
39857.jpg,1476.0,650.0,959400.0
39858.jpg,989.0,900.0,890100.0
39859.jpg,720.0,1100.0,792000.0
39860.jpg,702.0,891.0,625482.0
39861.jpg,600.0,900.0,540000.0
39862.jpg,720.0,1204.0,866880.0
39863.jpg,790.0,1500.0,1185000.0
39864.jpg,788.0,1500.0,1182000.0
39865.jpg,804.0,1500.0,1206000.0
39866.jpg,806.0,1500.0,1209000.0
39867.jpg,1172.0,900.0,1054800.0
39868.jpg,730.0,1157.0,844610.0
39869.jpg,840.0,979.0,822360.0
39870.jpg,576.0,1020.0,587520.0
39871.jpg,978.0,801.0,783378.0
39872.jpg,800.0,1267.0,1013600.0
39873.jpg,900.0,1184.0,1065600.0
39874.jpg,800.0,1280.0,1024000.0
39875.jpg,954.0,674.0,642996.0
39876.jpg,804.0,1082.0,869928.0
39877.jpg,820.0,950.0,779000.0
39878.jpg,650.0,700.0,455000.0
39879.jpg,784.0,1080.0,846720.0
39880.jpg,759.0,1120.0,850080.0
39881.jpg,1099.0,1200.0,1318800.0
39882.jpg,680.0,1200.0,816000.0
39883.jpg,631.0,1100.0,694100.0
39885.jpg,898.0,1200.0,1077600.0
39886.jpg,900.0,1300.0,1170000.0
39887.jpg,904.0,1079.0,975416.0
39889.jpg,1000.0,1253.0,1253000.0
39890.jpg,715.0,1024.0,732160.0
39891.jpg,964.0,1200.0,1156800.0
39892.jpg,950.0,950.0,902500.0
39893.jpg,617.0,1500.0,925500.0
39894.jpg,852.0,1000.0,852000.0
39895.jpg,750.0,1117.0,837750.0
39896.jpg,553.0,1500.0,829500.0
39897.jpg,543.0,814.0,442002.0
39898.jpg,887.0,761.0,675007.0
39899.jpg,750.0,1225.0,918750.0
39900.jpg,919.0,1200.0,1102800.0
39901.jpg,909.0,1200.0,1090800.0
39902.jpg,395.0,1200.0,474000.0
39903.jpg,912.0,1271.0,1159152.0
39904.jpg,925.0,1270.0,1174750.0
39905.jpg,1000.0,1299.0,1299000.0
39906.jpg,900.0,1229.0,1106100.0
39907.jpg,1096.0,1300.0,1424800.0
39908.jpg,1000.0,1165.0,1165000.0
39909.jpg,624.0,800.0,499200.0
39910.jpg,1600.0,670.0,1072000.0
39911.jpg,1103.0,900.0,992700.0
39912.jpg,942.0,1200.0,1130400.0
39913.jpg,1000.0,1011.0,1011000.0
39914.jpg,1100.0,1120.0,1232000.0
39915.jpg,394.0,500.0,197000.0
39916.jpg,389.0,500.0,194500.0
39917.jpg,394.0,500.0,197000.0
39918.jpg,383.0,500.0,191500.0
39919.jpg,851.0,970.0,825470.0
39920.jpg,1145.0,700.0,801500.0
39921.jpg,1443.0,1000.0,1443000.0
39922.jpg,800.0,1323.0,1058400.0
40018.jpg,669.0,777.0,519813.0
40019.jpg,667.0,827.0,551609.0
40020.jpg,568.0,866.0,491888.0
40021.jpg,688.0,786.0,540768.0
40022.jpg,768.0,850.0,652800.0
40023.jpg,714.0,700.0,499800.0
40024.jpg,624.0,870.0,542880.0
40025.jpg,825.0,880.0,726000.0
40026.jpg,652.0,872.0,568544.0
40027.jpg,714.0,714.0,509796.0
40028.jpg,653.0,786.0,513258.0
40044.jpg,1012.0,1200.0,1214400.0
40045.jpg,663.0,1224.0,811512.0
40046.jpg,700.0,1082.0,757400.0
40047.jpg,1023.0,1215.0,1242945.0
40048.jpg,759.0,980.0,743820.0
40049.jpg,1022.0,1300.0,1328600.0
40050.jpg,950.0,770.0,731500.0
40051.jpg,731.0,1600.0,1169600.0
40052.jpg,1000.0,1096.0,1096000.0
40053.jpg,608.0,1500.0,912000.0
40054.jpg,900.0,1148.0,1033200.0
40055.jpg,1177.0,1000.0,1177000.0
40056.jpg,1171.0,1000.0,1171000.0
40057.jpg,1168.0,1000.0,1168000.0
40058.jpg,1171.0,1000.0,1171000.0
40059.jpg,900.0,1314.0,1182600.0
40060.jpg,754.0,1163.0,876902.0
40061.jpg,788.0,1200.0,945600.0
40062.jpg,801.0,1167.0,934767.0
40063.jpg,701.0,949.0,665249.0
40064.jpg,774.0,1600.0,1238400.0
40065.jpg,1000.0,1173.0,1173000.0
40066.jpg,928.0,1530.0,1419840.0
40067.jpg,900.0,1297.0,1167300.0
40068.jpg,885.0,1200.0,1062000.0
40069.jpg,889.0,1200.0,1066800.0
40070.jpg,1500.0,729.0,1093500.0
40071.jpg,1114.0,720.0,802080.0
40072.jpg,803.0,1042.0,836726.0
40073.jpg,900.0,1247.0,1122300.0
40074.jpg,700.0,1086.0,760200.0
40076.jpg,871.0,1200.0,1045200.0
40077.jpg,1863.0,1000.0,1863000.0
40078.jpg,1004.0,1300.0,1305200.0
40079.jpg,850.0,1089.0,925650.0
40080.jpg,1100.0,1207.0,1327700.0
40081.jpg,1267.0,800.0,1013600.0
40082.jpg,800.0,1200.0,960000.0
40083.jpg,920.0,782.0,719440.0
40084.jpg,630.0,1276.0,803880.0
40085.jpg,1200.0,949.0,1138800.0
40086.jpg,1240.0,1000.0,1240000.0
40087.jpg,500.0,1484.0,742000.0
40088.jpg,1000.0,1232.0,1232000.0
40089.jpg,1482.0,1000.0,1482000.0
40090.jpg,1000.0,1280.0,1280000.0
40091.jpg,1000.0,1215.0,1215000.0
40092.jpg,1000.0,1232.0,1232000.0
40093.jpg,1000.0,1224.0,1224000.0
40094.jpg,850.0,1104.0,938400.0
40095.jpg,1000.0,1241.0,1241000.0
40096.jpg,1000.0,1286.0,1286000.0
40097.jpg,1000.0,1292.0,1292000.0
40098.jpg,1000.0,1225.0,1225000.0
40099.jpg,750.0,1312.0,984000.0
40100.jpg,750.0,1718.0,1288500.0
40101.jpg,800.0,1353.0,1082400.0
40102.jpg,1066.0,1000.0,1066000.0
40103.jpg,1006.0,576.0,579456.0
40104.jpg,830.0,1548.0,1284840.0
40105.jpg,830.0,1550.0,1286500.0
40106.jpg,1020.0,1200.0,1224000.0
40107.jpg,900.0,969.0,872100.0
40108.jpg,670.0,1258.0,842860.0
40109.jpg,1512.0,600.0,907200.0
40110.jpg,1514.0,600.0,908400.0
40111.jpg,800.0,1047.0,837600.0
40112.jpg,1050.0,1467.0,1540350.0
40113.jpg,1000.0,1467.0,1467000.0
40114.jpg,1010.0,732.0,739320.0
40115.jpg,913.0,1200.0,1095600.0
40116.jpg,1100.0,864.0,950400.0
40117.jpg,547.0,1000.0,547000.0
40118.jpg,1100.0,1157.0,1272700.0
40119.jpg,901.0,968.0,872168.0
40120.jpg,901.0,932.0,839732.0
40121.jpg,900.0,947.0,852300.0
40122.jpg,1037.0,1300.0,1348100.0
40123.jpg,1900.0,603.0,1145700.0
40124.jpg,1100.0,1118.0,1229800.0
40125.jpg,1046.0,1000.0,1046000.0
40126.jpg,1058.0,800.0,846400.0
40127.jpg,829.0,1400.0,1160600.0
40128.jpg,853.0,1208.0,1030424.0
40129.jpg,900.0,1051.0,945900.0
40130.jpg,900.0,1049.0,944100.0
40131.jpg,1307.0,750.0,980250.0
40132.jpg,1003.0,1300.0,1303900.0
40133.jpg,836.0,1100.0,919600.0
40134.jpg,998.0,1200.0,1197600.0
40135.jpg,992.0,1200.0,1190400.0
40136.jpg,980.0,1200.0,1176000.0
40137.jpg,979.0,1200.0,1174800.0
40138.jpg,900.0,1100.0,990000.0
40140.jpg,1192.0,1001.0,1193192.0
40141.jpg,788.0,1135.0,894380.0
40142.jpg,1000.0,1447.0,1447000.0
40143.jpg,850.0,1190.0,1011500.0
40144.jpg,901.0,965.0,869465.0
40145.jpg,805.0,958.0,771190.0
40146.jpg,850.0,1302.0,1106700.0
40147.jpg,738.0,1050.0,774900.0
40148.jpg,1300.0,854.0,1110200.0
40149.jpg,1231.0,800.0,984800.0
40150.jpg,1422.0,1000.0,1422000.0
40151.jpg,1300.0,908.0,1180400.0
40152.jpg,950.0,1179.0,1120050.0
40153.jpg,1200.0,1015.0,1218000.0
40154.jpg,1050.0,1070.0,1123500.0
40155.jpg,923.0,1100.0,1015300.0
40156.jpg,1071.0,1000.0,1071000.0
40157.jpg,1100.0,837.0,920700.0
40158.jpg,1076.0,900.0,968400.0
40159.jpg,900.0,1103.0,992700.0
40160.jpg,851.0,1100.0,936100.0
40161.jpg,1056.0,1053.0,1111968.0
40162.jpg,1400.0,828.0,1159200.0
40163.jpg,1207.0,900.0,1086300.0
40164.jpg,1210.0,900.0,1089000.0
40165.jpg,1500.0,775.0,1162500.0
40166.jpg,1227.0,900.0,1104300.0
40167.jpg,1000.0,1210.0,1210000.0
40168.jpg,918.0,1100.0,1009800.0
40169.jpg,874.0,1050.0,917700.0
40170.jpg,1001.0,1200.0,1201200.0
40171.jpg,1200.0,821.0,985200.0
40172.jpg,1200.0,769.0,922800.0
40173.jpg,1200.0,752.0,902400.0
40174.jpg,1307.0,800.0,1045600.0
40175.jpg,1200.0,822.0,986400.0
40176.jpg,1200.0,813.0,975600.0
40177.jpg,1200.0,800.0,960000.0
40178.jpg,1228.0,800.0,982400.0
40179.jpg,900.0,1083.0,974700.0
40180.jpg,826.0,1200.0,991200.0
40181.jpg,1300.0,907.0,1179100.0
40182.jpg,873.0,1300.0,1134900.0
40183.jpg,1354.0,800.0,1083200.0
40184.jpg,939.0,1200.0,1126800.0
40185.jpg,1190.0,1189.0,1414910.0
40186.jpg,1190.0,1038.0,1235220.0
40187.jpg,1190.0,986.0,1173340.0
40188.jpg,2547.0,700.0,1782900.0
40189.jpg,747.0,1024.0,764928.0
40190.jpg,794.0,1002.0,795588.0
40191.jpg,1400.0,834.0,1167600.0
40192.jpg,1248.0,1000.0,1248000.0
40193.jpg,1251.0,1000.0,1251000.0
40194.jpg,807.0,800.0,645600.0
40195.jpg,1010.0,1004.0,1014040.0
40196.jpg,771.0,1300.0,1002300.0
40197.jpg,900.0,1264.0,1137600.0
40198.jpg,1076.0,908.0,977008.0
40199.jpg,861.0,1135.0,977235.0
40200.jpg,1000.0,1429.0,1429000.0
40201.jpg,750.0,1228.0,921000.0
40202.jpg,850.0,1113.0,946050.0
40203.jpg,1210.0,750.0,907500.0
40204.jpg,1219.0,750.0,914250.0
40205.jpg,926.0,1400.0,1296400.0
40206.jpg,696.0,700.0,487200.0
40207.jpg,529.0,750.0,396750.0
40208.jpg,1682.0,1100.0,1850200.0
40209.jpg,1000.0,1205.0,1205000.0
40210.jpg,881.0,768.0,676608.0
40211.jpg,1201.0,800.0,960800.0
40212.jpg,800.0,1201.0,960800.0
40213.jpg,1070.0,900.0,963000.0
40214.jpg,1338.0,700.0,936600.0
40222.jpg,800.0,601.0,480800.0
40223.jpg,1250.0,906.0,1132500.0
40224.jpg,1200.0,1196.0,1435200.0
40225.jpg,900.0,675.0,607500.0
40226.jpg,1400.0,1002.0,1402800.0
40227.jpg,1001.0,1200.0,1201200.0
40228.jpg,1400.0,808.0,1131200.0
40229.jpg,1400.0,812.0,1136800.0
40230.jpg,1400.0,845.0,1183000.0
40231.jpg,1400.0,860.0,1204000.0
40232.jpg,1000.0,1277.0,1277000.0
40233.jpg,1000.0,1204.0,1204000.0
40234.jpg,1400.0,848.0,1187200.0
40235.jpg,1400.0,764.0,1069600.0
40236.jpg,1002.0,1200.0,1202400.0
40237.jpg,1000.0,1206.0,1206000.0
40238.jpg,1030.0,1300.0,1339000.0
40239.jpg,863.0,700.0,604100.0
40240.jpg,876.0,1200.0,1051200.0
40241.jpg,676.0,1400.0,946400.0
40242.jpg,900.0,1460.0,1314000.0
40243.jpg,698.0,1200.0,837600.0
40244.jpg,844.0,1010.0,852440.0
40245.jpg,844.0,900.0,759600.0
40246.jpg,1100.0,714.0,785400.0
40247.jpg,1289.0,1600.0,2062400.0
40248.jpg,950.0,689.0,654550.0
40249.jpg,900.0,1119.0,1007100.0
40250.jpg,700.0,930.0,651000.0
40251.jpg,950.0,1007.0,956650.0
40252.jpg,1103.0,1100.0,1213300.0
40253.jpg,700.0,1230.0,861000.0
40254.jpg,1208.0,650.0,785200.0
40265.jpg,1100.0,1520.0,1672000.0
40266.jpg,1300.0,996.0,1294800.0
40267.jpg,704.0,1200.0,844800.0
40268.jpg,1309.0,1000.0,1309000.0
40269.jpg,1017.0,800.0,813600.0
40270.jpg,800.0,1066.0,852800.0
40271.jpg,615.0,1050.0,645750.0
40272.jpg,1020.0,870.0,887400.0
40273.jpg,1400.0,1255.0,1757000.0
40274.jpg,950.0,1300.0,1235000.0
40275.jpg,800.0,997.0,797600.0
40276.jpg,1000.0,1131.0,1131000.0
40277.jpg,700.0,904.0,632800.0
40278.jpg,1197.0,936.0,1120392.0
40279.jpg,1010.0,812.0,820120.0
40309.jpg,803.0,1500.0,1204500.0
40310.jpg,1700.0,689.0,1171300.0
40317.jpg,900.0,1339.0,1205100.0
40323.jpg,1761.0,700.0,1232700.0
40331.jpg,1001.0,1200.0,1201200.0
40344.jpg,600.0,963.0,577800.0
40365.jpg,700.0,1622.0,1135400.0
40366.jpg,892.0,900.0,802800.0
40367.jpg,1462.0,700.0,1023400.0
40368.jpg,1201.0,770.0,924770.0
40369.jpg,750.0,1176.0,882000.0
40370.jpg,1300.0,1019.0,1324700.0
40371.jpg,1098.0,911.0,1000278.0
40372.jpg,1153.0,950.0,1095350.0
40373.jpg,931.0,1200.0,1117200.0
40374.jpg,607.0,1050.0,637350.0
40375.jpg,850.0,1228.0,1043800.0
40376.jpg,1400.0,1025.0,1435000.0
40377.jpg,809.0,800.0,647200.0
40378.jpg,800.0,786.0,628800.0
40379.jpg,1200.0,1028.0,1233600.0
40380.jpg,950.0,1267.0,1203650.0
40382.jpg,1352.0,1000.0,1352000.0
40383.jpg,1463.0,770.0,1126510.0
40384.jpg,1372.0,760.0,1042720.0
40412.jpg,838.0,1200.0,1005600.0
40413.jpg,750.0,1121.0,840750.0
40416.jpg,800.0,1121.0,896800.0
40417.jpg,928.0,620.0,575360.0
40418.jpg,838.0,700.0,586600.0
40419.jpg,594.0,860.0,510840.0
40420.jpg,749.0,725.0,543025.0
40421.jpg,506.0,981.0,496386.0
40422.jpg,1300.0,908.0,1180400.0
40423.jpg,929.0,660.0,613140.0
40424.jpg,602.0,834.0,502068.0
40425.jpg,548.0,880.0,482240.0
40426.jpg,705.0,800.0,564000.0
40427.jpg,555.0,905.0,502275.0
40429.jpg,689.0,750.0,516750.0
40430.jpg,496.0,950.0,471200.0
40432.jpg,750.0,1059.0,794250.0
40434.jpg,1262.0,1000.0,1262000.0
40465.jpg,1119.0,700.0,783300.0
40466.jpg,1139.0,700.0,797300.0
40468.jpg,600.0,1228.0,736800.0
40471.jpg,700.0,1241.0,868700.0
40472.jpg,700.0,1236.0,865200.0
40473.jpg,700.0,1239.0,867300.0
40474.jpg,700.0,1237.0,865900.0
40475.jpg,1000.0,1147.0,1147000.0
40606.jpg,750.0,929.0,696750.0
40611.jpg,1358.0,900.0,1222200.0
40612.jpg,1400.0,903.0,1264200.0
40613.jpg,1400.0,908.0,1271200.0
40614.jpg,1400.0,928.0,1299200.0
40615.jpg,1400.0,929.0,1300600.0
40616.jpg,924.0,1200.0,1108800.0
40617.jpg,1088.0,1200.0,1305600.0
40618.jpg,1000.0,1258.0,1258000.0
40619.jpg,1125.0,1200.0,1350000.0
40620.jpg,1000.0,1200.0,1200000.0
40621.jpg,1360.0,900.0,1224000.0
40622.jpg,1345.0,800.0,1076000.0
40623.jpg,1386.0,800.0,1108800.0
40624.jpg,1300.0,962.0,1250600.0
40625.jpg,900.0,1317.0,1185300.0
40630.jpg,771.0,1200.0,925200.0
40632.jpg,1400.0,841.0,1177400.0
40633.jpg,808.0,800.0,646400.0
40634.jpg,1044.0,656.0,684864.0
40635.jpg,1313.0,750.0,984750.0
40636.jpg,1146.0,1100.0,1260600.0
40638.jpg,1093.0,780.0,852540.0
40639.jpg,1300.0,1005.0,1306500.0
40640.jpg,1028.0,1248.0,1282944.0
40641.jpg,1389.0,1000.0,1389000.0
40642.jpg,1385.0,879.0,1217415.0
40643.jpg,1098.0,857.0,940986.0
40645.jpg,1048.0,1088.0,1140224.0
40646.jpg,1065.0,1200.0,1278000.0
40647.jpg,1300.0,1109.0,1441700.0
40648.jpg,1500.0,886.0,1329000.0
40651.jpg,1200.0,652.0,782400.0
40654.jpg,861.0,1100.0,947100.0
40657.jpg,781.0,983.0,767723.0
40663.jpg,851.0,1045.0,889295.0
40666.jpg,944.0,670.0,632480.0
40669.jpg,1420.0,718.0,1019560.0
40670.jpg,1219.0,700.0,853300.0
40671.jpg,1244.0,700.0,870800.0
40672.jpg,1250.0,850.0,1062500.0
40673.jpg,1106.0,800.0,884800.0
40674.jpg,1059.0,770.0,815430.0
40675.jpg,1139.0,800.0,911200.0
40676.jpg,1125.0,800.0,900000.0
40677.jpg,1359.0,900.0,1223100.0
40680.jpg,1000.0,767.0,767000.0
40684.jpg,1100.0,1470.0,1617000.0
40685.jpg,1206.0,850.0,1025100.0
40690.jpg,1106.0,1124.0,1243144.0
40691.jpg,1118.0,1133.0,1266694.0
40692.jpg,850.0,1077.0,915450.0
40693.jpg,629.0,863.0,542827.0
40694.jpg,804.0,985.0,791940.0
40695.jpg,650.0,846.0,549900.0
40696.jpg,1195.0,1250.0,1493750.0
40697.jpg,800.0,1124.0,899200.0
40698.jpg,946.0,981.0,928026.0
40699.jpg,406.0,778.0,315868.0
40700.jpg,942.0,710.0,668820.0
40703.jpg,1020.0,675.0,688500.0
40704.jpg,1306.0,500.0,653000.0
40705.jpg,900.0,668.0,601200.0
40706.jpg,875.0,1134.0,992250.0
40707.jpg,900.0,605.0,544500.0
40709.jpg,900.0,641.0,576900.0
40710.jpg,1223.0,700.0,856100.0
40711.jpg,1400.0,921.0,1289400.0
40712.jpg,1302.0,770.0,1002540.0
40713.jpg,926.0,700.0,648200.0
40714.jpg,1025.0,716.0,733900.0
40715.jpg,1127.0,760.0,856520.0
40716.jpg,1501.0,1100.0,1651100.0
40717.jpg,1400.0,1005.0,1407000.0
40718.jpg,1100.0,1317.0,1448700.0
40719.jpg,1150.0,1400.0,1610000.0
40720.jpg,1019.0,820.0,835580.0
40722.jpg,964.0,700.0,674800.0
40723.jpg,1029.0,773.0,795417.0
40724.jpg,1250.0,891.0,1113750.0
40725.jpg,1076.0,750.0,807000.0
40726.jpg,1055.0,650.0,685750.0
40727.jpg,1403.0,1000.0,1403000.0
40728.jpg,1099.0,770.0,846230.0
40729.jpg,1000.0,1299.0,1299000.0
40730.jpg,1090.0,680.0,741200.0
40731.jpg,1400.0,1039.0,1454600.0
40732.jpg,850.0,1049.0,891650.0
40733.jpg,1273.0,900.0,1145700.0
40734.jpg,987.0,1300.0,1283100.0
40735.jpg,846.0,1135.0,960210.0
40736.jpg,1216.0,1074.0,1305984.0
40737.jpg,1020.0,810.0,826200.0
40738.jpg,1040.0,844.0,877760.0
40739.jpg,747.0,980.0,732060.0
40740.jpg,730.0,1138.0,830740.0
40741.jpg,1162.0,800.0,929600.0
40742.jpg,900.0,1222.0,1099800.0
40743.jpg,1007.0,1300.0,1309100.0
40744.jpg,1059.0,800.0,847200.0
40745.jpg,847.0,1000.0,847000.0
40746.jpg,1200.0,737.0,884400.0
40747.jpg,715.0,896.0,640640.0
40749.jpg,750.0,1019.0,764250.0
40750.jpg,838.0,1100.0,921800.0
40756.jpg,1300.0,1007.0,1309100.0
40770.jpg,900.0,1133.0,1019700.0
40775.jpg,1084.0,702.0,760968.0
40777.jpg,746.0,896.0,668416.0
40778.jpg,850.0,1188.0,1009800.0
40780.jpg,1309.0,650.0,850850.0
40781.jpg,1070.0,1300.0,1391000.0
40782.jpg,1700.0,1004.0,1706800.0
40783.jpg,1100.0,1157.0,1272700.0
40784.jpg,1426.0,900.0,1283400.0
40785.jpg,1302.0,1000.0,1302000.0
40786.jpg,800.0,1554.0,1243200.0
40787.jpg,1000.0,1313.0,1313000.0
40798.jpg,713.0,900.0,641700.0
40799.jpg,675.0,870.0,587250.0
40800.jpg,1000.0,1821.0,1821000.0
40801.jpg,947.0,1600.0,1515200.0
40804.jpg,1000.0,1266.0,1266000.0
40805.jpg,900.0,1325.0,1192500.0
40806.jpg,1087.0,1500.0,1630500.0
40807.jpg,963.0,690.0,664470.0
40808.jpg,800.0,1165.0,932000.0
40809.jpg,1518.0,646.0,980628.0
40810.jpg,1522.0,622.0,946684.0
40811.jpg,1000.0,1387.0,1387000.0
40812.jpg,619.0,941.0,582479.0
40813.jpg,800.0,988.0,790400.0
40815.jpg,800.0,1034.0,827200.0
40816.jpg,1328.0,1300.0,1726400.0
40818.jpg,900.0,1312.0,1180800.0
40819.jpg,1000.0,1395.0,1395000.0
40820.jpg,800.0,1452.0,1161600.0
40821.jpg,1000.0,1335.0,1335000.0
40822.jpg,850.0,1297.0,1102450.0
40823.jpg,1000.0,1314.0,1314000.0
40824.jpg,1000.0,1156.0,1156000.0
40825.jpg,1300.0,989.0,1285700.0
40826.jpg,1000.0,1271.0,1271000.0
40827.jpg,1119.0,1100.0,1230900.0
40828.jpg,1000.0,1165.0,1165000.0
40829.jpg,1123.0,920.0,1033160.0
40834.jpg,900.0,1118.0,1006200.0
40835.jpg,1000.0,1231.0,1231000.0
40836.jpg,1000.0,1214.0,1214000.0
40837.jpg,1330.0,900.0,1197000.0
40838.jpg,1002.0,1400.0,1402800.0
40839.jpg,1261.0,1000.0,1261000.0
40840.jpg,1000.0,1228.0,1228000.0
40841.jpg,900.0,1021.0,918900.0
40842.jpg,900.0,1063.0,956700.0
40843.jpg,1119.0,770.0,861630.0
40844.jpg,1053.0,800.0,842400.0
40845.jpg,1091.0,800.0,872800.0
40846.jpg,1300.0,807.0,1049100.0
40847.jpg,900.0,1283.0,1154700.0
40848.jpg,1320.0,850.0,1122000.0
40849.jpg,1102.0,700.0,771400.0
40850.jpg,1233.0,770.0,949410.0
40851.jpg,850.0,1134.0,963900.0
40852.jpg,987.0,1027.0,1013649.0
40853.jpg,1000.0,1088.0,1088000.0
40854.jpg,970.0,1125.0,1091250.0
40855.jpg,945.0,1010.0,954450.0
40856.jpg,900.0,985.0,886500.0
40857.jpg,1200.0,986.0,1183200.0
40872.jpg,1012.0,1132.0,1145584.0
40874.jpg,850.0,682.0,579700.0
40875.jpg,945.0,1116.0,1054620.0
40876.jpg,1244.0,832.0,1035008.0
40877.jpg,852.0,1100.0,937200.0
40878.jpg,1200.0,735.0,882000.0
40879.jpg,1200.0,803.0,963600.0
40880.jpg,1000.0,630.0,630000.0
40881.jpg,1044.0,950.0,991800.0
40882.jpg,950.0,965.0,916750.0
40883.jpg,846.0,1100.0,930600.0
40885.jpg,1006.0,1254.0,1261524.0
40887.jpg,908.0,1081.0,981548.0
40890.jpg,1091.0,1300.0,1418300.0
40891.jpg,1099.0,1000.0,1099000.0
40892.jpg,800.0,1249.0,999200.0
40893.jpg,750.0,1061.0,795750.0
40896.jpg,906.0,1100.0,996600.0
40897.jpg,800.0,1035.0,828000.0
40898.jpg,543.0,1700.0,923100.0
40901.jpg,1200.0,1106.0,1327200.0
40902.jpg,1000.0,1105.0,1105000.0
40904.jpg,1500.0,881.0,1321500.0
40905.jpg,1200.0,1029.0,1234800.0
40906.jpg,1200.0,1021.0,1225200.0
40908.jpg,1165.0,770.0,897050.0
40909.jpg,1300.0,901.0,1171300.0
40911.jpg,778.0,1100.0,855800.0
40917.jpg,750.0,1005.0,753750.0
40919.jpg,688.0,897.0,617136.0
40920.jpg,1013.0,1253.0,1269289.0
40921.jpg,1000.0,1549.0,1549000.0
40923.jpg,1179.0,1255.0,1479645.0
40924.jpg,854.0,946.0,807884.0
40925.jpg,916.0,774.0,708984.0
40926.jpg,514.0,703.0,361342.0
40927.jpg,800.0,1073.0,858400.0
40928.jpg,1054.0,900.0,948600.0
40929.jpg,986.0,489.0,482154.0
40930.jpg,850.0,1418.0,1205300.0
40931.jpg,1190.0,700.0,833000.0
40932.jpg,900.0,946.0,851400.0
40933.jpg,940.0,884.0,830960.0
40934.jpg,907.0,1400.0,1269800.0
40935.jpg,850.0,1184.0,1006400.0
40936.jpg,700.0,896.0,627200.0
40937.jpg,900.0,1203.0,1082700.0
40938.jpg,759.0,927.0,703593.0
40939.jpg,570.0,839.0,478230.0
40940.jpg,652.0,1313.0,856076.0
40941.jpg,585.0,996.0,582660.0
40942.jpg,750.0,957.0,717750.0
40943.jpg,800.0,1078.0,862400.0
40944.jpg,700.0,897.0,627900.0
40945.jpg,698.0,900.0,628200.0
40946.jpg,1315.0,950.0,1249250.0
40947.jpg,1259.0,1000.0,1259000.0
40948.jpg,650.0,980.0,637000.0
40949.jpg,1299.0,1000.0,1299000.0
40950.jpg,1213.0,770.0,934010.0
40951.jpg,800.0,1083.0,866400.0
40952.jpg,850.0,1008.0,856800.0
40953.jpg,850.0,1023.0,869550.0
40954.jpg,539.0,971.0,523369.0
40955.jpg,700.0,1231.0,861700.0
40956.jpg,700.0,1282.0,897400.0
40957.jpg,900.0,1168.0,1051200.0
40958.jpg,850.0,1111.0,944350.0
40959.jpg,618.0,780.0,482040.0
40960.jpg,588.0,900.0,529200.0
40961.jpg,1068.0,1300.0,1388400.0
40962.jpg,544.0,941.0,511904.0
40963.jpg,700.0,1278.0,894600.0
40964.jpg,590.0,923.0,544570.0
40965.jpg,482.0,900.0,433800.0
40966.jpg,900.0,965.0,868500.0
40967.jpg,850.0,1172.0,996200.0
40968.jpg,820.0,886.0,726520.0
40969.jpg,1100.0,1385.0,1523500.0
40970.jpg,1030.0,1250.0,1287500.0
40971.jpg,1037.0,1253.0,1299361.0
40972.jpg,1155.0,900.0,1039500.0
40973.jpg,760.0,750.0,570000.0
40974.jpg,850.0,1043.0,886550.0
40975.jpg,850.0,1022.0,868700.0
40976.jpg,733.0,738.0,540954.0
40977.jpg,800.0,976.0,780800.0
40978.jpg,1036.0,1000.0,1036000.0
40979.jpg,800.0,1219.0,975200.0
40980.jpg,1033.0,1000.0,1033000.0
40981.jpg,836.0,800.0,668800.0
40982.jpg,920.0,1214.0,1116880.0
40983.jpg,885.0,1200.0,1062000.0
40984.jpg,700.0,678.0,474600.0
40985.jpg,1000.0,1206.0,1206000.0
40986.jpg,900.0,1175.0,1057500.0
40987.jpg,900.0,1143.0,1028700.0
40988.jpg,950.0,1426.0,1354700.0
40989.jpg,850.0,1061.0,901850.0
40990.jpg,550.0,874.0,480700.0
40991.jpg,712.0,1200.0,854400.0
40992.jpg,820.0,1084.0,888880.0
40993.jpg,650.0,1098.0,713700.0
40994.jpg,750.0,936.0,702000.0
40995.jpg,660.0,891.0,588060.0
40996.jpg,1200.0,1408.0,1689600.0
40997.jpg,650.0,1296.0,842400.0
40998.jpg,650.0,1314.0,854100.0
40999.jpg,829.0,1027.0,851383.0
41000.jpg,536.0,700.0,375200.0
41001.jpg,705.0,1400.0,987000.0
41002.jpg,700.0,843.0,590100.0
41003.jpg,904.0,1220.0,1102880.0
41004.jpg,498.0,600.0,298800.0
41005.jpg,850.0,1006.0,855100.0
41006.jpg,820.0,1090.0,893800.0
41007.jpg,850.0,1106.0,940100.0
41008.jpg,820.0,1068.0,875760.0
41009.jpg,809.0,1057.0,855113.0
41010.jpg,950.0,1049.0,996550.0
41011.jpg,900.0,1220.0,1098000.0
41012.jpg,1039.0,1000.0,1039000.0
41013.jpg,1039.0,548.0,569372.0
41014.jpg,873.0,1100.0,960300.0
41015.jpg,950.0,1153.0,1095350.0
41016.jpg,490.0,600.0,294000.0
41017.jpg,1000.0,1153.0,1153000.0
41018.jpg,1171.0,800.0,936800.0
41019.jpg,1030.0,1212.0,1248360.0
41020.jpg,1200.0,1387.0,1664400.0
41021.jpg,1289.0,950.0,1224550.0
41022.jpg,750.0,961.0,720750.0
41023.jpg,1050.0,930.0,976500.0
41024.jpg,900.0,1162.0,1045800.0
41025.jpg,855.0,1100.0,940500.0
41026.jpg,950.0,1222.0,1160900.0
41027.jpg,1179.0,900.0,1061100.0
41028.jpg,1000.0,1007.0,1007000.0
41029.jpg,900.0,1153.0,1037700.0
41030.jpg,750.0,1156.0,867000.0
41031.jpg,1009.0,1065.0,1074585.0
41032.jpg,1154.0,1000.0,1154000.0
41033.jpg,716.0,900.0,644400.0
41034.jpg,815.0,1300.0,1059500.0
41035.jpg,850.0,1029.0,874650.0
41036.jpg,590.0,767.0,452530.0
41037.jpg,741.0,1001.0,741741.0
41038.jpg,850.0,1044.0,887400.0
41039.jpg,1000.0,1246.0,1246000.0
41040.jpg,604.0,738.0,445752.0
41041.jpg,900.0,1064.0,957600.0
41042.jpg,801.0,997.0,798597.0
41043.jpg,1695.0,700.0,1186500.0
41044.jpg,850.0,1106.0,940100.0
41045.jpg,810.0,600.0,486000.0
41046.jpg,617.0,900.0,555300.0
41047.jpg,1020.0,826.0,842520.0
41048.jpg,1031.0,830.0,855730.0
41049.jpg,1400.0,976.0,1366400.0
41050.jpg,1056.0,770.0,813120.0
41051.jpg,1123.0,800.0,898400.0
41052.jpg,916.0,700.0,641200.0
41053.jpg,1030.0,760.0,782800.0
41054.jpg,1000.0,1208.0,1208000.0
41055.jpg,1308.0,1000.0,1308000.0
41057.jpg,933.0,700.0,653100.0
41058.jpg,1247.0,1500.0,1870500.0
41059.jpg,1028.0,810.0,832680.0
41060.jpg,1000.0,1211.0,1211000.0
41061.jpg,1100.0,1315.0,1446500.0
41062.jpg,1188.0,916.0,1088208.0
41069.jpg,1162.0,670.0,778540.0
41070.jpg,968.0,600.0,580800.0
41071.jpg,1500.0,827.0,1240500.0
41072.jpg,1045.0,807.0,843315.0
41073.jpg,1004.0,1200.0,1204800.0
41074.jpg,1068.0,750.0,801000.0
41075.jpg,1468.0,800.0,1174400.0
41076.jpg,942.0,790.0,744180.0
41077.jpg,1500.0,849.0,1273500.0
41078.jpg,760.0,900.0,684000.0
41079.jpg,1512.0,1046.0,1581552.0
41080.jpg,979.0,830.0,812570.0
41081.jpg,816.0,600.0,489600.0
41082.jpg,1075.0,1062.0,1141650.0
41083.jpg,1400.0,932.0,1304800.0
41084.jpg,1045.0,800.0,836000.0
41085.jpg,1044.0,900.0,939600.0
41086.jpg,950.0,1028.0,976600.0
41087.jpg,1113.0,850.0,946050.0
41088.jpg,880.0,1076.0,946880.0
41089.jpg,788.0,1030.0,811640.0
41097.jpg,1255.0,817.0,1025335.0
41100.jpg,1030.0,706.0,727180.0
41101.jpg,1158.0,768.0,889344.0
41102.jpg,1300.0,707.0,919100.0
41103.jpg,1430.0,1000.0,1430000.0
41104.jpg,1100.0,797.0,876700.0
41105.jpg,1400.0,1155.0,1617000.0
41106.jpg,1335.0,800.0,1068000.0
41107.jpg,900.0,1066.0,959400.0
41108.jpg,1407.0,1002.0,1409814.0
41109.jpg,1246.0,604.0,752584.0
41110.jpg,1152.0,800.0,921600.0
41112.jpg,1004.0,890.0,893560.0
41113.jpg,1255.0,1101.0,1381755.0
41114.jpg,1096.0,947.0,1037912.0
41115.jpg,1322.0,1000.0,1322000.0
41116.jpg,852.0,1000.0,852000.0
41118.jpg,1215.0,900.0,1093500.0
41119.jpg,1442.0,1200.0,1730400.0
41120.jpg,1200.0,862.0,1034400.0
41121.jpg,1239.0,713.0,883407.0
41122.jpg,1100.0,1275.0,1402500.0
41124.jpg,1309.0,900.0,1178100.0
41126.jpg,892.0,674.0,601208.0
41127.jpg,880.0,1085.0,954800.0
41128.jpg,1400.0,1074.0,1503600.0
41129.jpg,960.0,700.0,672000.0
41130.jpg,880.0,1063.0,935440.0
41131.jpg,1457.0,1000.0,1457000.0
41132.jpg,1436.0,1000.0,1436000.0
41133.jpg,954.0,885.0,844290.0
41134.jpg,1000.0,1213.0,1213000.0
41135.jpg,1129.0,970.0,1095130.0
41136.jpg,1200.0,849.0,1018800.0
41142.jpg,900.0,1019.0,917100.0
41143.jpg,1478.0,1100.0,1625800.0
41144.jpg,1500.0,548.0,822000.0
41145.jpg,1200.0,1009.0,1210800.0
41146.jpg,1486.0,800.0,1188800.0
41147.jpg,860.0,1131.0,972660.0
41148.jpg,900.0,1125.0,1012500.0
41149.jpg,695.0,899.0,624805.0
41150.jpg,900.0,1128.0,1015200.0
41151.jpg,754.0,958.0,722332.0
41152.jpg,1354.0,709.0,959986.0
41153.jpg,1110.0,815.0,904650.0
41154.jpg,1399.0,650.0,909350.0
41156.jpg,1150.0,722.0,830300.0
41157.jpg,737.0,899.0,662563.0
41159.jpg,648.0,897.0,581256.0
41160.jpg,1400.0,884.0,1237600.0
41161.jpg,1431.0,900.0,1287900.0
41162.jpg,1052.0,680.0,715360.0
41163.jpg,1298.0,900.0,1168200.0
41164.jpg,1053.0,1000.0,1053000.0
41172.jpg,900.0,1307.0,1176300.0
41173.jpg,923.0,1199.0,1106677.0
41174.jpg,1600.0,553.0,884800.0
41176.jpg,1002.0,1255.0,1257510.0
41180.jpg,1000.0,1219.0,1219000.0
41193.jpg,754.0,958.0,722332.0
41207.jpg,997.0,800.0,797600.0
41213.jpg,876.0,1100.0,963600.0
41214.jpg,812.0,1200.0,974400.0
41215.jpg,754.0,1100.0,829400.0
41217.jpg,1450.0,1092.0,1583400.0
41218.jpg,1220.0,1000.0,1220000.0
41219.jpg,1311.0,1000.0,1311000.0
41220.jpg,1500.0,954.0,1431000.0
41221.jpg,1500.0,874.0,1311000.0
41232.jpg,1001.0,855.0,855855.0
41233.jpg,1061.0,901.0,955961.0
41234.jpg,1134.0,896.0,1016064.0
41235.jpg,1222.0,938.0,1146236.0
41236.jpg,900.0,1125.0,1012500.0
41244.jpg,1097.0,1300.0,1426100.0
41245.jpg,1169.0,1400.0,1636600.0
41246.jpg,1300.0,1441.0,1873300.0
41247.jpg,1271.0,1500.0,1906500.0
41248.jpg,1283.0,1500.0,1924500.0
41249.jpg,860.0,1200.0,1032000.0
41250.jpg,872.0,1200.0,1046400.0
41258.jpg,894.0,1050.0,938700.0
41259.jpg,1116.0,850.0,948600.0
41262.jpg,1200.0,1357.0,1628400.0
41263.jpg,623.0,759.0,472857.0
41264.jpg,1263.0,1200.0,1515600.0
41265.jpg,1102.0,1256.0,1384112.0
41266.jpg,794.0,970.0,770180.0
41267.jpg,808.0,952.0,769216.0
41268.jpg,1100.0,1279.0,1406900.0
41269.jpg,790.0,960.0,758400.0
41270.jpg,1131.0,676.0,764556.0
41271.jpg,744.0,900.0,669600.0
41272.jpg,790.0,970.0,766300.0
41273.jpg,1100.0,1436.0,1579600.0
41274.jpg,759.0,1070.0,812130.0
41275.jpg,735.0,1000.0,735000.0
41276.jpg,1073.0,1300.0,1394900.0
41277.jpg,716.0,1050.0,751800.0
41278.jpg,790.0,980.0,774200.0
41279.jpg,744.0,1030.0,766320.0
41280.jpg,787.0,970.0,763390.0
41281.jpg,1150.0,1281.0,1473150.0
41282.jpg,745.0,1030.0,767350.0
41283.jpg,788.0,970.0,764360.0
41284.jpg,1200.0,1325.0,1590000.0
41285.jpg,900.0,840.0,756000.0
41286.jpg,740.0,1030.0,762200.0
41287.jpg,682.0,950.0,647900.0
41288.jpg,920.0,822.0,756240.0
41289.jpg,741.0,727.0,538707.0
41290.jpg,535.0,1327.0,709945.0
41291.jpg,640.0,800.0,512000.0
41292.jpg,1360.0,1200.0,1632000.0
41293.jpg,1000.0,1213.0,1213000.0
41294.jpg,796.0,960.0,764160.0
41295.jpg,748.0,1020.0,762960.0
41296.jpg,741.0,1000.0,741000.0
41297.jpg,705.0,1004.0,707820.0
41298.jpg,1200.0,1421.0,1705200.0
41299.jpg,734.0,1050.0,770700.0
41300.jpg,673.0,973.0,654829.0
41301.jpg,606.0,753.0,456318.0
41302.jpg,1211.0,1000.0,1211000.0
41303.jpg,1500.0,1246.0,1869000.0
41304.jpg,1016.0,757.0,769112.0
41305.jpg,794.0,970.0,770180.0
41306.jpg,804.0,962.0,773448.0
41307.jpg,819.0,912.0,746928.0
41308.jpg,1081.0,950.0,1026950.0
41309.jpg,792.0,966.0,765072.0
41310.jpg,1200.0,1380.0,1656000.0
41311.jpg,821.0,970.0,796370.0
41312.jpg,785.0,1006.0,789710.0
41313.jpg,611.0,750.0,458250.0
41314.jpg,755.0,1014.0,765570.0
41315.jpg,1321.0,1500.0,1981500.0
41316.jpg,801.0,970.0,776970.0
41317.jpg,1200.0,1434.0,1720800.0
41318.jpg,750.0,1037.0,777750.0
41319.jpg,900.0,1077.0,969300.0
41320.jpg,596.0,899.0,535804.0
41321.jpg,1217.0,1400.0,1703800.0
41322.jpg,1366.0,1600.0,2185600.0
41323.jpg,1200.0,1361.0,1633200.0
41324.jpg,757.0,1010.0,764570.0
41325.jpg,1000.0,1155.0,1155000.0
41326.jpg,758.0,1020.0,773160.0
41327.jpg,1000.0,1197.0,1197000.0
41328.jpg,961.0,830.0,797630.0
41329.jpg,743.0,920.0,683560.0
41330.jpg,1200.0,1352.0,1622400.0
41331.jpg,748.0,1000.0,748000.0
41332.jpg,781.0,960.0,749760.0
41333.jpg,1033.0,1200.0,1239600.0
41334.jpg,1033.0,1235.0,1275755.0
41335.jpg,995.0,770.0,766150.0
41336.jpg,745.0,1030.0,767350.0
41337.jpg,745.0,1050.0,782250.0
41338.jpg,747.0,1030.0,769410.0
41339.jpg,829.0,920.0,762680.0
41340.jpg,1200.0,1337.0,1604400.0
41341.jpg,801.0,950.0,760950.0
41342.jpg,791.0,950.0,751450.0
41343.jpg,825.0,920.0,759000.0
41344.jpg,833.0,926.0,771358.0
41345.jpg,604.0,800.0,483200.0
41346.jpg,1100.0,1256.0,1381600.0
41347.jpg,1256.0,1400.0,1758400.0
41348.jpg,762.0,1020.0,777240.0
41349.jpg,900.0,1112.0,1000800.0
41350.jpg,1200.0,1348.0,1617600.0
41351.jpg,1257.0,1400.0,1759800.0
41352.jpg,793.0,970.0,769210.0
41353.jpg,1000.0,1209.0,1209000.0
41354.jpg,1000.0,1152.0,1152000.0
41355.jpg,746.0,1030.0,768380.0
41356.jpg,837.0,880.0,736560.0
41357.jpg,801.0,950.0,760950.0
41358.jpg,789.0,970.0,765330.0
41359.jpg,736.0,740.0,544640.0
41360.jpg,1200.0,1458.0,1749600.0
41361.jpg,784.0,950.0,744800.0
41362.jpg,801.0,983.0,787383.0
41363.jpg,608.0,1142.0,694336.0
41364.jpg,1252.0,1600.0,2003200.0
41365.jpg,1100.0,1420.0,1562000.0
41366.jpg,795.0,970.0,771150.0
41367.jpg,779.0,950.0,740050.0
41368.jpg,1123.0,1400.0,1572200.0
41369.jpg,817.0,950.0,776150.0
41370.jpg,756.0,1010.0,763560.0
41371.jpg,893.0,1144.0,1021592.0
41372.jpg,1145.0,1350.0,1545750.0
41373.jpg,758.0,1010.0,765580.0
41374.jpg,1100.0,1290.0,1419000.0
41375.jpg,742.0,1040.0,771680.0
41376.jpg,759.0,1010.0,766590.0
41377.jpg,763.0,1010.0,770630.0
41379.jpg,1300.0,1055.0,1371500.0
41381.jpg,853.0,1084.0,924652.0
41383.jpg,1052.0,1300.0,1367600.0
41384.jpg,959.0,1200.0,1150800.0
41385.jpg,900.0,1102.0,991800.0
41386.jpg,1100.0,1277.0,1404700.0
41387.jpg,922.0,1238.0,1141436.0
41388.jpg,973.0,770.0,749210.0
41389.jpg,862.0,1200.0,1034400.0
41390.jpg,1029.0,1300.0,1337700.0
41391.jpg,1300.0,1025.0,1332500.0
41398.jpg,856.0,1200.0,1027200.0
41404.jpg,1255.0,993.0,1246215.0
41405.jpg,800.0,926.0,740800.0
41406.jpg,755.0,900.0,679500.0
41407.jpg,1210.0,939.0,1136190.0
41408.jpg,1628.0,770.0,1253560.0
41409.jpg,1588.0,768.0,1219584.0
41410.jpg,1214.0,640.0,776960.0
41411.jpg,1399.0,700.0,979300.0
41412.jpg,1112.0,743.0,826216.0
41413.jpg,900.0,588.0,529200.0
41414.jpg,1268.0,800.0,1014400.0
41415.jpg,1206.0,900.0,1085400.0
41416.jpg,1200.0,807.0,968400.0
41418.jpg,700.0,1024.0,716800.0
41419.jpg,1177.0,891.0,1048707.0
41420.jpg,1146.0,900.0,1031400.0
41421.jpg,1197.0,820.0,981540.0
41422.jpg,1085.0,850.0,922250.0
41423.jpg,947.0,500.0,473500.0
41424.jpg,1255.0,624.0,783120.0
41425.jpg,1460.0,850.0,1241000.0
41427.jpg,1500.0,1009.0,1513500.0
41428.jpg,1292.0,900.0,1162800.0
41429.jpg,1458.0,1116.0,1627128.0
41430.jpg,1100.0,664.0,730400.0
41431.jpg,1248.0,978.0,1220544.0
41433.jpg,1144.0,847.0,968968.0
41434.jpg,850.0,1185.0,1007250.0
41435.jpg,1400.0,927.0,1297800.0
41436.jpg,1068.0,770.0,822360.0
41438.jpg,1106.0,820.0,906920.0
41439.jpg,1255.0,1000.0,1255000.0
41440.jpg,1608.0,1100.0,1768800.0
41441.jpg,1171.0,730.0,854830.0
41442.jpg,1200.0,861.0,1033200.0
41443.jpg,1400.0,990.0,1386000.0
41444.jpg,1207.0,701.0,846107.0
41445.jpg,1400.0,1026.0,1436400.0
41446.jpg,1400.0,1038.0,1453200.0
41447.jpg,981.0,800.0,784800.0
41448.jpg,1055.0,770.0,812350.0
41449.jpg,959.0,1253.0,1201627.0
41450.jpg,1030.0,823.0,847690.0
41451.jpg,1081.0,870.0,940470.0
41452.jpg,879.0,1200.0,1054800.0
41453.jpg,756.0,900.0,680400.0
41454.jpg,1200.0,960.0,1152000.0
41455.jpg,1100.0,869.0,955900.0
41456.jpg,1400.0,959.0,1342600.0
41457.jpg,1140.0,900.0,1026000.0
41458.jpg,1132.0,900.0,1018800.0
41459.jpg,900.0,1160.0,1044000.0
41460.jpg,1210.0,1500.0,1815000.0
41461.jpg,1581.0,1000.0,1581000.0
41462.jpg,873.0,700.0,611100.0
41463.jpg,1135.0,1350.0,1532250.0
41464.jpg,993.0,1237.0,1228341.0
41466.jpg,800.0,957.0,765600.0
41467.jpg,900.0,1172.0,1054800.0
41470.jpg,1530.0,1000.0,1530000.0
41472.jpg,1020.0,1229.0,1253580.0
41473.jpg,950.0,1275.0,1211250.0
41474.jpg,1320.0,850.0,1122000.0
41475.jpg,1311.0,800.0,1048800.0
41476.jpg,576.0,858.0,494208.0
41477.jpg,1271.0,900.0,1143900.0
41478.jpg,1006.0,1168.0,1175008.0
41479.jpg,809.0,1400.0,1132600.0
41480.jpg,970.0,1300.0,1261000.0
41481.jpg,943.0,1100.0,1037300.0
41482.jpg,1000.0,1319.0,1319000.0
41483.jpg,1175.0,700.0,822500.0
41484.jpg,920.0,1071.0,985320.0
41485.jpg,1200.0,879.0,1054800.0
41487.jpg,700.0,1180.0,826000.0
41488.jpg,1213.0,800.0,970400.0
41489.jpg,1184.0,1100.0,1302400.0
41490.jpg,1000.0,1179.0,1179000.0
41491.jpg,1000.0,1054.0,1054000.0
41492.jpg,1215.0,1000.0,1215000.0
41493.jpg,1013.0,900.0,911700.0
41494.jpg,900.0,1214.0,1092600.0
41495.jpg,1235.0,800.0,988000.0
41496.jpg,1058.0,1145.0,1211410.0
41497.jpg,1227.0,960.0,1177920.0
41498.jpg,800.0,1367.0,1093600.0
41499.jpg,746.0,1254.0,935484.0
41500.jpg,1106.0,1100.0,1216600.0
41501.jpg,1000.0,1369.0,1369000.0
41502.jpg,1000.0,1369.0,1369000.0
41503.jpg,1300.0,856.0,1112800.0
41504.jpg,1300.0,856.0,1112800.0
41505.jpg,900.0,1274.0,1146600.0
41506.jpg,940.0,1200.0,1128000.0
41507.jpg,900.0,1309.0,1178100.0
41508.jpg,1300.0,855.0,1111500.0
41509.jpg,1000.0,1200.0,1200000.0
41510.jpg,1100.0,1285.0,1413500.0
41511.jpg,1150.0,1364.0,1568600.0
41512.jpg,1729.0,700.0,1210300.0
41513.jpg,1657.0,600.0,994200.0
41514.jpg,1696.0,700.0,1187200.0
41515.jpg,1709.0,600.0,1025400.0
41516.jpg,1121.0,900.0,1008900.0
41517.jpg,1300.0,1008.0,1310400.0
41518.jpg,850.0,1136.0,965600.0
41519.jpg,800.0,1369.0,1095200.0
41520.jpg,1000.0,1078.0,1078000.0
41521.jpg,1148.0,900.0,1033200.0
41522.jpg,1300.0,1008.0,1310400.0
41523.jpg,1153.0,1150.0,1325950.0
41525.jpg,907.0,1200.0,1088400.0
41526.jpg,811.0,1600.0,1297600.0
41527.jpg,850.0,1124.0,955400.0
41528.jpg,882.0,1787.0,1576134.0
41529.jpg,950.0,1148.0,1090600.0
41530.jpg,900.0,1583.0,1424700.0
41531.jpg,900.0,1251.0,1125900.0
41532.jpg,1508.0,800.0,1206400.0
41533.jpg,900.0,1209.0,1088100.0
41534.jpg,1647.0,650.0,1070550.0
41535.jpg,1100.0,1220.0,1342000.0
41536.jpg,1000.0,1094.0,1094000.0
41537.jpg,831.0,1300.0,1080300.0
41538.jpg,1076.0,1132.0,1218032.0
41539.jpg,900.0,1224.0,1101600.0
41540.jpg,950.0,1146.0,1088700.0
41541.jpg,800.0,1359.0,1087200.0
41542.jpg,1247.0,1000.0,1247000.0
41543.jpg,904.0,1253.0,1132712.0
41544.jpg,1567.0,770.0,1206590.0
41545.jpg,1471.0,1000.0,1471000.0
41546.jpg,932.0,1255.0,1169660.0
41547.jpg,652.0,886.0,577672.0
41548.jpg,800.0,1546.0,1236800.0
41549.jpg,1058.0,1000.0,1058000.0
41550.jpg,1500.0,772.0,1158000.0
41551.jpg,1432.0,900.0,1288800.0
41552.jpg,1100.0,1100.0,1210000.0
41553.jpg,1246.0,1000.0,1246000.0
41554.jpg,1000.0,800.0,800000.0
41555.jpg,910.0,1119.0,1018290.0
41556.jpg,932.0,1400.0,1304800.0
41557.jpg,1348.0,900.0,1213200.0
41558.jpg,1030.0,1015.0,1045450.0
41559.jpg,800.0,1457.0,1165600.0
41560.jpg,1656.0,1000.0,1656000.0
41561.jpg,900.0,1592.0,1432800.0
41562.jpg,1500.0,741.0,1111500.0
41563.jpg,1187.0,900.0,1068300.0
41564.jpg,1009.0,1300.0,1311700.0
41565.jpg,850.0,1665.0,1415250.0
41566.jpg,900.0,1351.0,1215900.0
41567.jpg,821.0,1400.0,1149400.0
41568.jpg,1100.0,1102.0,1212200.0
41569.jpg,1050.0,1200.0,1260000.0
41570.jpg,1411.0,800.0,1128800.0
41571.jpg,1359.0,900.0,1223100.0
41572.jpg,900.0,1052.0,946800.0
41573.jpg,1036.0,1154.0,1195544.0
41574.jpg,900.0,1248.0,1123200.0
41575.jpg,1321.0,930.0,1228530.0
41576.jpg,900.0,1085.0,976500.0
41577.jpg,850.0,1131.0,961350.0
41578.jpg,486.0,660.0,320760.0
41579.jpg,1441.0,1000.0,1441000.0
41580.jpg,1034.0,1300.0,1344200.0
41581.jpg,1065.0,1200.0,1278000.0
41582.jpg,1000.0,1180.0,1180000.0
41583.jpg,1321.0,500.0,660500.0
41584.jpg,1233.0,850.0,1048050.0
41585.jpg,945.0,1400.0,1323000.0
41586.jpg,1118.0,1000.0,1118000.0
41587.jpg,820.0,1212.0,993840.0
41588.jpg,1639.0,750.0,1229250.0
41589.jpg,1114.0,471.0,524694.0
41590.jpg,1076.0,950.0,1022200.0
41591.jpg,1151.0,1009.0,1161359.0
41592.jpg,950.0,1113.0,1057350.0
41593.jpg,1470.0,750.0,1102500.0
41594.jpg,950.0,1259.0,1196050.0
41595.jpg,892.0,1200.0,1070400.0
41596.jpg,1000.0,1167.0,1167000.0
41597.jpg,950.0,1107.0,1051650.0
41598.jpg,900.0,1194.0,1074600.0
41599.jpg,950.0,1174.0,1115300.0
41600.jpg,1100.0,1305.0,1435500.0
41601.jpg,1006.0,1102.0,1108612.0
41602.jpg,993.0,900.0,893700.0
41603.jpg,1650.0,683.0,1126950.0
41604.jpg,1012.0,1200.0,1214400.0
41605.jpg,1000.0,1158.0,1158000.0
41606.jpg,950.0,1156.0,1098200.0
41607.jpg,903.0,1100.0,993300.0
41608.jpg,800.0,1367.0,1093600.0
41609.jpg,800.0,1382.0,1105600.0
41610.jpg,900.0,1348.0,1213200.0
41611.jpg,1673.0,1100.0,1840300.0
41612.jpg,1457.0,900.0,1311300.0
41613.jpg,1032.0,1279.0,1319928.0
41614.jpg,900.0,1010.0,909000.0
41615.jpg,1000.0,1226.0,1226000.0
41616.jpg,950.0,1112.0,1056400.0
41617.jpg,1100.0,939.0,1032900.0
41618.jpg,1400.0,825.0,1155000.0
41619.jpg,1000.0,1308.0,1308000.0
41620.jpg,1000.0,1252.0,1252000.0
41621.jpg,1000.0,1207.0,1207000.0
41622.jpg,1350.0,850.0,1147500.0
41623.jpg,1437.0,850.0,1221450.0
41624.jpg,900.0,1236.0,1112400.0
41625.jpg,900.0,1249.0,1124100.0
41626.jpg,950.0,1400.0,1330000.0
41627.jpg,1001.0,1200.0,1201200.0
41628.jpg,1300.0,1112.0,1445600.0
41629.jpg,900.0,1218.0,1096200.0
41630.jpg,1000.0,1361.0,1361000.0
41631.jpg,754.0,1500.0,1131000.0
41632.jpg,770.0,1300.0,1001000.0
41633.jpg,1279.0,800.0,1023200.0
41634.jpg,1288.0,800.0,1030400.0
41635.jpg,908.0,1200.0,1089600.0
41636.jpg,850.0,1063.0,903550.0
41637.jpg,1096.0,1000.0,1096000.0
41638.jpg,1000.0,1458.0,1458000.0
41639.jpg,1303.0,900.0,1172700.0
41640.jpg,1065.0,700.0,745500.0
41641.jpg,1290.0,900.0,1161000.0
41642.jpg,850.0,1027.0,872950.0
41643.jpg,1200.0,961.0,1153200.0
41644.jpg,951.0,1400.0,1331400.0
41645.jpg,850.0,1101.0,935850.0
41646.jpg,950.0,1058.0,1005100.0
41647.jpg,1519.0,900.0,1367100.0
41648.jpg,1135.0,1000.0,1135000.0
41649.jpg,895.0,1325.0,1185875.0
41650.jpg,930.0,1355.0,1260150.0
41651.jpg,854.0,1100.0,939400.0
41652.jpg,1011.0,1200.0,1213200.0
41654.jpg,600.0,1636.0,981600.0
41655.jpg,600.0,1718.0,1030800.0
41656.jpg,600.0,1545.0,927000.0
41657.jpg,800.0,1366.0,1092800.0
41658.jpg,849.0,700.0,594300.0
41659.jpg,983.0,800.0,786400.0
41660.jpg,925.0,800.0,740000.0
41661.jpg,900.0,1377.0,1239300.0
41662.jpg,894.0,1213.0,1084422.0
41663.jpg,950.0,1251.0,1188450.0
41664.jpg,1185.0,820.0,971700.0
41665.jpg,1022.0,700.0,715400.0
41666.jpg,990.0,700.0,693000.0
41667.jpg,1000.0,1062.0,1062000.0
41668.jpg,1400.0,753.0,1054200.0
41669.jpg,912.0,1200.0,1094400.0
41670.jpg,1105.0,1038.0,1146990.0
41671.jpg,1246.0,1000.0,1246000.0
41672.jpg,1129.0,1000.0,1129000.0
41673.jpg,1000.0,1105.0,1105000.0
41674.jpg,869.0,700.0,608300.0
41675.jpg,1234.0,900.0,1110600.0
41676.jpg,901.0,1400.0,1261400.0
41677.jpg,900.0,1517.0,1365300.0
41678.jpg,950.0,1766.0,1677700.0
41679.jpg,700.0,1245.0,871500.0
41680.jpg,732.0,1800.0,1317600.0
41681.jpg,1000.0,1311.0,1311000.0
41682.jpg,1000.0,1643.0,1643000.0
41683.jpg,700.0,1313.0,919100.0
41684.jpg,933.0,600.0,559800.0
41685.jpg,1160.0,1100.0,1276000.0
41686.jpg,900.0,1311.0,1179900.0
41687.jpg,855.0,1300.0,1111500.0
41688.jpg,900.0,1154.0,1038600.0
41689.jpg,1129.0,780.0,880620.0
41690.jpg,1134.0,780.0,884520.0
41692.jpg,1000.0,1201.0,1201000.0
41693.jpg,1214.0,1200.0,1456800.0
41694.jpg,1217.0,1200.0,1460400.0
41695.jpg,1066.0,800.0,852800.0
41696.jpg,1000.0,1010.0,1010000.0
41697.jpg,738.0,1200.0,885600.0
41698.jpg,736.0,1200.0,883200.0
41699.jpg,936.0,1200.0,1123200.0
41700.jpg,767.0,980.0,751660.0
41701.jpg,612.0,814.0,498168.0
41702.jpg,1214.0,1150.0,1396100.0
41703.jpg,850.0,1016.0,863600.0
41704.jpg,1108.0,1100.0,1218800.0
41705.jpg,1114.0,1100.0,1225400.0
41706.jpg,1153.0,1100.0,1268300.0
41707.jpg,1100.0,1089.0,1197900.0
41708.jpg,736.0,880.0,647680.0
41709.jpg,1278.0,900.0,1150200.0
41710.jpg,1300.0,1048.0,1362400.0
41711.jpg,900.0,1167.0,1050300.0
41712.jpg,1001.0,1000.0,1001000.0
41713.jpg,1000.0,496.0,496000.0
41714.jpg,1212.0,800.0,969600.0
41715.jpg,950.0,1058.0,1005100.0
41716.jpg,1174.0,1100.0,1291400.0
41717.jpg,850.0,1045.0,888250.0
41718.jpg,608.0,800.0,486400.0
41719.jpg,850.0,1102.0,936700.0
41721.jpg,1500.0,700.0,1050000.0
41722.jpg,1028.0,1229.0,1263412.0
41723.jpg,700.0,1272.0,890400.0
41724.jpg,900.0,1411.0,1269900.0
41725.jpg,800.0,1376.0,1100800.0
41726.jpg,1030.0,1200.0,1236000.0
41728.jpg,751.0,944.0,708944.0
41731.jpg,1000.0,1187.0,1187000.0
41732.jpg,900.0,1091.0,981900.0
41733.jpg,878.0,1010.0,886780.0
41734.jpg,850.0,1140.0,969000.0
41735.jpg,850.0,1021.0,867850.0
41736.jpg,830.0,1003.0,832490.0
41737.jpg,703.0,847.0,595441.0
41738.jpg,650.0,805.0,523250.0
41739.jpg,2000.0,570.0,1140000.0
41741.jpg,935.0,924.0,863940.0
41742.jpg,1000.0,1339.0,1339000.0
41743.jpg,700.0,1106.0,774200.0
41745.jpg,585.0,750.0,438750.0
41754.jpg,800.0,1373.0,1098400.0
41755.jpg,800.0,1201.0,960800.0
41778.jpg,1410.0,1100.0,1551000.0
41780.jpg,1500.0,1085.0,1627500.0
41781.jpg,804.0,961.0,772644.0
41782.jpg,1100.0,1339.0,1472900.0
41783.jpg,923.0,1169.0,1078987.0
41784.jpg,698.0,850.0,593300.0
41785.jpg,1297.0,1600.0,2075200.0
41786.jpg,1184.0,748.0,885632.0
41787.jpg,757.0,1002.0,758514.0
41788.jpg,803.0,969.0,778107.0
41789.jpg,803.0,972.0,780516.0
41790.jpg,1000.0,1260.0,1260000.0
41791.jpg,966.0,1300.0,1255800.0
41792.jpg,1500.0,1067.0,1600500.0
41794.jpg,1217.0,668.0,812956.0
41795.jpg,1470.0,895.0,1315650.0
41796.jpg,1029.0,1300.0,1337700.0
41797.jpg,1046.0,1300.0,1359800.0
41798.jpg,1369.0,900.0,1232100.0
41799.jpg,1100.0,831.0,914100.0
41800.jpg,1100.0,767.0,843700.0
41801.jpg,1600.0,714.0,1142400.0
41804.jpg,1125.0,1400.0,1575000.0
41805.jpg,1500.0,1032.0,1548000.0
41811.jpg,915.0,1100.0,1006500.0
41837.jpg,782.0,1200.0,938400.0
41838.jpg,1350.0,1000.0,1350000.0
41842.jpg,1589.0,600.0,953400.0
41843.jpg,1016.0,1034.0,1050544.0
41844.jpg,918.0,1100.0,1009800.0
41845.jpg,1000.0,1406.0,1406000.0
41846.jpg,1005.0,900.0,904500.0
41847.jpg,1162.0,900.0,1045800.0
41853.jpg,1500.0,1314.0,1971000.0
41854.jpg,1105.0,800.0,884000.0
41855.jpg,1077.0,792.0,852984.0
41856.jpg,1255.0,898.0,1126990.0
41857.jpg,966.0,880.0,850080.0
41858.jpg,1025.0,817.0,837425.0
41859.jpg,988.0,796.0,786448.0
41861.jpg,1400.0,1127.0,1577800.0
41864.jpg,849.0,1020.0,865980.0
41869.jpg,1156.0,900.0,1040400.0
41870.jpg,906.0,908.0,822648.0
41871.jpg,801.0,1209.0,968409.0
41872.jpg,664.0,900.0,597600.0
41873.jpg,800.0,1327.0,1061600.0
41874.jpg,800.0,1294.0,1035200.0
41875.jpg,872.0,1096.0,955712.0
41876.jpg,900.0,702.0,631800.0
41878.jpg,908.0,1100.0,998800.0
41879.jpg,736.0,900.0,662400.0
41880.jpg,657.0,889.0,584073.0
41883.jpg,1100.0,1226.0,1348600.0
41884.jpg,1165.0,1500.0,1747500.0
41886.jpg,800.0,975.0,780000.0
41887.jpg,1192.0,1500.0,1788000.0
41888.jpg,1450.0,1133.0,1642850.0
41889.jpg,800.0,1022.0,817600.0
41890.jpg,716.0,900.0,644400.0
41891.jpg,791.0,1010.0,798910.0
41892.jpg,891.0,1253.0,1116423.0
41893.jpg,1100.0,1392.0,1531200.0
41894.jpg,810.0,1088.0,881280.0
41895.jpg,1000.0,1233.0,1233000.0
41896.jpg,1100.0,1433.0,1576300.0
41897.jpg,1051.0,1243.0,1306393.0
41898.jpg,866.0,1200.0,1039200.0
41899.jpg,900.0,1116.0,1004400.0
41900.jpg,900.0,1086.0,977400.0
41902.jpg,967.0,1150.0,1112050.0
41903.jpg,871.0,1080.0,940680.0
41904.jpg,1049.0,1400.0,1468600.0
41905.jpg,1241.0,1000.0,1241000.0
41906.jpg,883.0,1076.0,950108.0
41914.jpg,1104.0,760.0,839040.0
41915.jpg,994.0,650.0,646100.0
41916.jpg,1000.0,1172.0,1172000.0
41917.jpg,1000.0,1231.0,1231000.0
41918.jpg,900.0,1309.0,1178100.0
41920.jpg,901.0,942.0,848742.0
41922.jpg,1230.0,1000.0,1230000.0
41928.jpg,547.0,798.0,436506.0
41930.jpg,625.0,800.0,500000.0
41931.jpg,565.0,798.0,450870.0
41940.jpg,955.0,813.0,776415.0
41941.jpg,1060.0,770.0,816200.0
41942.jpg,700.0,845.0,591500.0
41943.jpg,900.0,673.0,605700.0
41944.jpg,1117.0,800.0,893600.0
41946.jpg,1375.0,700.0,962500.0
41948.jpg,1214.0,736.0,893504.0
41949.jpg,1400.0,843.0,1180200.0
41951.jpg,1162.0,820.0,952840.0
41952.jpg,1097.0,584.0,640648.0
41953.jpg,1358.0,770.0,1045660.0
41954.jpg,1500.0,908.0,1362000.0
41955.jpg,1157.0,900.0,1041300.0
41956.jpg,1210.0,1198.0,1449580.0
41957.jpg,1051.0,718.0,754618.0
41960.jpg,1211.0,1500.0,1816500.0
41961.jpg,770.0,1063.0,818510.0
41964.jpg,1030.0,799.0,822970.0
41965.jpg,1500.0,1133.0,1699500.0
41966.jpg,1051.0,850.0,893350.0
41967.jpg,1178.0,900.0,1060200.0
41978.jpg,1415.0,900.0,1273500.0
41979.jpg,1459.0,900.0,1313100.0
41980.jpg,1454.0,900.0,1308600.0
41981.jpg,850.0,1214.0,1031900.0
41988.jpg,1500.0,954.0,1431000.0
41989.jpg,959.0,1253.0,1201627.0
42006.jpg,1020.0,820.0,836400.0
42011.jpg,670.0,1258.0,842860.0
42012.jpg,1200.0,1317.0,1580400.0
42013.jpg,774.0,962.0,744588.0
42014.jpg,621.0,1250.0,776250.0
42015.jpg,900.0,1342.0,1207800.0
42016.jpg,800.0,1004.0,803200.0
42023.jpg,800.0,985.0,788000.0
42033.jpg,716.0,1502.0,1075432.0
42038.jpg,709.0,1500.0,1063500.0
42054.jpg,789.0,1500.0,1183500.0
42055.jpg,800.0,1138.0,910400.0
42056.jpg,920.0,1129.0,1038680.0
42058.jpg,1062.0,1020.0,1083240.0
42059.jpg,993.0,660.0,655380.0
42060.jpg,655.0,1700.0,1113500.0
42061.jpg,655.0,1700.0,1113500.0
42062.jpg,1200.0,1610.0,1932000.0
42063.jpg,800.0,1081.0,864800.0
42065.jpg,728.0,1400.0,1019200.0
42066.jpg,1233.0,1100.0,1356300.0
42068.jpg,1000.0,650.0,650000.0
42069.jpg,900.0,1110.0,999000.0
42070.jpg,800.0,1161.0,928800.0
42071.jpg,1682.0,550.0,925100.0
42072.jpg,984.0,850.0,836400.0
42073.jpg,1018.0,850.0,865300.0
42074.jpg,713.0,1300.0,926900.0
42075.jpg,705.0,1300.0,916500.0
42076.jpg,750.0,1231.0,923250.0
42077.jpg,1629.0,550.0,895950.0
42078.jpg,1293.0,1000.0,1293000.0
42079.jpg,650.0,1623.0,1054950.0
42080.jpg,650.0,1651.0,1073150.0
42081.jpg,989.0,670.0,662630.0
42082.jpg,414.0,1026.0,424764.0
42083.jpg,651.0,1030.0,670530.0
42084.jpg,700.0,1434.0,1003800.0
42085.jpg,371.0,1030.0,382130.0
42086.jpg,1050.0,1424.0,1495200.0
42087.jpg,1088.0,900.0,979200.0
42088.jpg,650.0,1423.0,924950.0
42089.jpg,700.0,1616.0,1131200.0
42090.jpg,800.0,1145.0,916000.0
42091.jpg,1094.0,800.0,875200.0
42092.jpg,550.0,808.0,444400.0
42093.jpg,800.0,1122.0,897600.0
42094.jpg,603.0,866.0,522198.0
42095.jpg,542.0,792.0,429264.0
42096.jpg,601.0,865.0,519865.0
42097.jpg,914.0,603.0,551142.0
42098.jpg,1096.0,750.0,822000.0
42099.jpg,1339.0,1100.0,1472900.0
42100.jpg,818.0,1600.0,1308800.0
42101.jpg,926.0,1800.0,1666800.0
42102.jpg,841.0,1600.0,1345600.0
42105.jpg,942.0,720.0,678240.0
42106.jpg,753.0,942.0,709326.0
42107.jpg,1400.0,903.0,1264200.0
42108.jpg,700.0,1874.0,1311800.0
42109.jpg,838.0,1071.0,897498.0
42110.jpg,545.0,1700.0,926500.0
42111.jpg,924.0,586.0,541464.0
42113.jpg,605.0,868.0,525140.0
42114.jpg,1269.0,750.0,951750.0
42115.jpg,900.0,1323.0,1190700.0
42116.jpg,616.0,900.0,554400.0
42117.jpg,808.0,1041.0,841128.0
42118.jpg,476.0,700.0,333200.0
42119.jpg,1433.0,1000.0,1433000.0
42120.jpg,1254.0,1200.0,1504800.0
42121.jpg,900.0,921.0,828900.0
42123.jpg,900.0,1114.0,1002600.0
42125.jpg,912.0,1200.0,1094400.0
42128.jpg,906.0,1255.0,1137030.0
42129.jpg,829.0,1098.0,910242.0
42130.jpg,700.0,890.0,623000.0
42132.jpg,1216.0,908.0,1104128.0
42133.jpg,1042.0,674.0,702308.0
42134.jpg,1333.0,1100.0,1466300.0
42136.jpg,1142.0,750.0,856500.0
42137.jpg,981.0,750.0,735750.0
42138.jpg,1100.0,716.0,787600.0
42140.jpg,890.0,674.0,599860.0
42141.jpg,1462.0,900.0,1315800.0
42142.jpg,1067.0,1300.0,1387100.0
42143.jpg,1255.0,1210.0,1518550.0
42144.jpg,1500.0,1122.0,1683000.0
42146.jpg,913.0,671.0,612623.0
42147.jpg,1300.0,910.0,1183000.0
42151.jpg,1108.0,1255.0,1390540.0
42152.jpg,1200.0,1394.0,1672800.0
42153.jpg,1209.0,1100.0,1329900.0
42154.jpg,1100.0,1267.0,1393700.0
42155.jpg,770.0,960.0,739200.0
42157.jpg,1053.0,1300.0,1368900.0
42158.jpg,894.0,1005.0,898470.0
42159.jpg,1100.0,1379.0,1516900.0
42161.jpg,903.0,815.0,735945.0
42162.jpg,825.0,1040.0,858000.0
42163.jpg,1372.0,1050.0,1440600.0
42171.jpg,1548.0,1200.0,1857600.0
42172.jpg,1516.0,1150.0,1743400.0
42173.jpg,570.0,700.0,399000.0
42174.jpg,917.0,1116.0,1023372.0
42176.jpg,950.0,1165.0,1106750.0
42177.jpg,1000.0,1248.0,1248000.0
42178.jpg,777.0,959.0,745143.0
42181.jpg,648.0,900.0,583200.0
42182.jpg,934.0,1255.0,1172170.0
42184.jpg,737.0,900.0,663300.0
42186.jpg,900.0,698.0,628200.0
42187.jpg,722.0,900.0,649800.0
42188.jpg,713.0,900.0,641700.0
42193.jpg,1194.0,1500.0,1791000.0
42194.jpg,1439.0,1000.0,1439000.0
42196.jpg,1100.0,546.0,600600.0
42197.jpg,928.0,1400.0,1299200.0
42198.jpg,900.0,648.0,583200.0
42200.jpg,1255.0,1054.0,1322770.0
42201.jpg,1255.0,1020.0,1280100.0
42202.jpg,1400.0,1114.0,1559600.0
42203.jpg,1300.0,1020.0,1326000.0
42205.jpg,900.0,1116.0,1004400.0
42207.jpg,1217.0,1000.0,1217000.0
42208.jpg,1060.0,1000.0,1060000.0
42209.jpg,1427.0,850.0,1212950.0
42212.jpg,1104.0,800.0,883200.0
42213.jpg,930.0,652.0,606360.0
42214.jpg,1511.0,1000.0,1511000.0
42215.jpg,1500.0,1387.0,2080500.0
42216.jpg,886.0,1200.0,1063200.0
42217.jpg,877.0,1200.0,1052400.0
42227.jpg,900.0,1090.0,981000.0
42228.jpg,1193.0,1000.0,1193000.0
42229.jpg,711.0,892.0,634212.0
42230.jpg,1128.0,800.0,902400.0
42231.jpg,1134.0,800.0,907200.0
42233.jpg,762.0,1085.0,826770.0
42234.jpg,601.0,867.0,521067.0
42235.jpg,1255.0,1061.0,1331555.0
42237.jpg,804.0,1038.0,834552.0
42239.jpg,1139.0,730.0,831470.0
42240.jpg,870.0,979.0,851730.0
42241.jpg,1025.0,756.0,774900.0
42242.jpg,760.0,1110.0,843600.0
42243.jpg,850.0,1058.0,899300.0
42244.jpg,850.0,1001.0,850850.0
42245.jpg,840.0,1200.0,1008000.0
42247.jpg,672.0,884.0,594048.0
42248.jpg,1142.0,928.0,1059776.0
42249.jpg,750.0,1293.0,969750.0
42250.jpg,1161.0,700.0,812700.0
42251.jpg,1045.0,750.0,783750.0
42252.jpg,1250.0,736.0,920000.0
42254.jpg,1200.0,846.0,1015200.0
42255.jpg,1255.0,729.0,914895.0
42257.jpg,1244.0,823.0,1023812.0
42260.jpg,1021.0,770.0,786170.0
42261.jpg,1047.0,800.0,837600.0
42262.jpg,800.0,1143.0,914400.0
42263.jpg,1251.0,919.0,1149669.0
42264.jpg,1255.0,837.0,1050435.0
42265.jpg,1218.0,1050.0,1278900.0
42266.jpg,1282.0,1000.0,1282000.0
42267.jpg,1000.0,1345.0,1345000.0
42268.jpg,950.0,1166.0,1107700.0
42269.jpg,1100.0,1498.0,1647800.0
42270.jpg,1021.0,1400.0,1429400.0
42271.jpg,1000.0,1390.0,1390000.0
42273.jpg,900.0,1184.0,1065600.0
42274.jpg,784.0,1020.0,799680.0
42275.jpg,900.0,1255.0,1129500.0
42276.jpg,750.0,971.0,728250.0
42277.jpg,1079.0,770.0,830830.0
42278.jpg,861.0,819.0,705159.0
42279.jpg,1316.0,900.0,1184400.0
42281.jpg,730.0,1150.0,839500.0
42282.jpg,1071.0,683.0,731493.0
42283.jpg,749.0,1015.0,760235.0
42284.jpg,700.0,1040.0,728000.0
42285.jpg,652.0,1030.0,671560.0
42287.jpg,1030.0,807.0,831210.0
42288.jpg,1600.0,1259.0,2014400.0
42289.jpg,770.0,1069.0,823130.0
42290.jpg,805.0,1112.0,895160.0
42292.jpg,1072.0,1300.0,1393600.0
42293.jpg,1400.0,1058.0,1481200.0
42294.jpg,600.0,959.0,575400.0
42295.jpg,722.0,900.0,649800.0
42296.jpg,800.0,1302.0,1041600.0
42297.jpg,800.0,1477.0,1181600.0
42298.jpg,1174.0,821.0,963854.0
42299.jpg,809.0,1110.0,897990.0
42300.jpg,1609.0,1000.0,1609000.0
42301.jpg,848.0,1100.0,932800.0
42302.jpg,612.0,720.0,440640.0
42303.jpg,703.0,836.0,587708.0
42304.jpg,1265.0,1004.0,1270060.0
42305.jpg,1200.0,428.0,513600.0
42306.jpg,649.0,850.0,551650.0
42307.jpg,692.0,750.0,519000.0
42308.jpg,900.0,1167.0,1050300.0
42309.jpg,800.0,1166.0,932800.0
42310.jpg,667.0,930.0,620310.0
42311.jpg,1057.0,1255.0,1326535.0
42312.jpg,900.0,1247.0,1122300.0
42313.jpg,769.0,900.0,692100.0
42315.jpg,870.0,1122.0,976140.0
42316.jpg,1096.0,855.0,937080.0
42318.jpg,945.0,650.0,614250.0
42319.jpg,1225.0,709.0,868525.0
42320.jpg,975.0,750.0,731250.0
42327.jpg,1200.0,939.0,1126800.0
42328.jpg,1100.0,928.0,1020800.0
42331.jpg,1150.0,900.0,1035000.0
42332.jpg,1221.0,900.0,1098900.0
42333.jpg,1100.0,815.0,896500.0
42334.jpg,1420.0,945.0,1341900.0
42336.jpg,1169.0,850.0,993650.0
42339.jpg,900.0,1096.0,986400.0
42340.jpg,1104.0,1399.0,1544496.0
42341.jpg,1082.0,1300.0,1406600.0
42357.jpg,987.0,1200.0,1184400.0
42360.jpg,1020.0,746.0,760920.0
42361.jpg,1217.0,850.0,1034450.0
42362.jpg,1073.0,900.0,965700.0
42363.jpg,1025.0,821.0,841525.0
42364.jpg,1298.0,618.0,802164.0
42365.jpg,950.0,869.0,825550.0
42366.jpg,1336.0,770.0,1028720.0
42367.jpg,1225.0,850.0,1041250.0
42369.jpg,1089.0,517.0,563013.0
42370.jpg,1157.0,900.0,1041300.0
42371.jpg,1077.0,1400.0,1507800.0
42372.jpg,1677.0,760.0,1274520.0
42373.jpg,1568.0,700.0,1097600.0
42374.jpg,1600.0,715.0,1144000.0
42376.jpg,1500.0,1069.0,1603500.0
42377.jpg,1420.0,1100.0,1562000.0
42378.jpg,624.0,900.0,561600.0
42379.jpg,900.0,1226.0,1103400.0
42380.jpg,1215.0,800.0,972000.0
42381.jpg,939.0,1200.0,1126800.0
42382.jpg,1120.0,1400.0,1568000.0
42383.jpg,1100.0,1219.0,1340900.0
42384.jpg,1053.0,1400.0,1474200.0
42386.jpg,1242.0,865.0,1074330.0
42392.jpg,1000.0,1578.0,1578000.0
42393.jpg,801.0,969.0,776169.0
42394.jpg,1141.0,968.0,1104488.0
42395.jpg,850.0,1091.0,927350.0
42396.jpg,1114.0,1400.0,1559600.0
42397.jpg,1255.0,1054.0,1322770.0
42398.jpg,1099.0,850.0,934150.0
42399.jpg,1157.0,1400.0,1619800.0
42400.jpg,892.0,1098.0,979416.0
42401.jpg,1400.0,1079.0,1510600.0
42402.jpg,1314.0,1500.0,1971000.0
42403.jpg,671.0,850.0,570350.0
42404.jpg,750.0,933.0,699750.0
42405.jpg,794.0,990.0,786060.0
42406.jpg,1202.0,902.0,1084204.0
42407.jpg,1000.0,1132.0,1132000.0
42408.jpg,1146.0,900.0,1031400.0
42409.jpg,801.0,990.0,792990.0
42410.jpg,1041.0,1300.0,1353300.0
42414.jpg,1500.0,1112.0,1668000.0
42416.jpg,1021.0,1200.0,1225200.0
42419.jpg,850.0,838.0,712300.0
42420.jpg,811.0,800.0,648800.0
42421.jpg,1000.0,1217.0,1217000.0
42422.jpg,1112.0,796.0,885152.0
42423.jpg,774.0,1350.0,1044900.0
42424.jpg,784.0,1200.0,940800.0
42425.jpg,1000.0,1213.0,1213000.0
42426.jpg,1400.0,1142.0,1598800.0
42427.jpg,1030.0,816.0,840480.0
42428.jpg,938.0,750.0,703500.0
42429.jpg,1059.0,772.0,817548.0
42432.jpg,1415.0,1100.0,1556500.0
42433.jpg,1439.0,1100.0,1582900.0
42437.jpg,1335.0,1100.0,1468500.0
42438.jpg,692.0,900.0,622800.0
42439.jpg,691.0,897.0,619827.0
42440.jpg,913.0,1000.0,913000.0
42441.jpg,1300.0,1082.0,1406600.0
42442.jpg,1106.0,850.0,940100.0
42443.jpg,1300.0,1000.0,1300000.0
42444.jpg,1305.0,1000.0,1305000.0
42445.jpg,928.0,779.0,722912.0
42446.jpg,1532.0,1000.0,1532000.0
42447.jpg,1009.0,800.0,807200.0
42448.jpg,803.0,1030.0,827090.0
42449.jpg,993.0,1251.0,1242243.0
42450.jpg,967.0,789.0,762963.0
42451.jpg,1243.0,950.0,1180850.0
42452.jpg,1308.0,1000.0,1308000.0
42453.jpg,785.0,1080.0,847800.0
42454.jpg,1086.0,750.0,814500.0
42455.jpg,1211.0,804.0,973644.0
42456.jpg,1000.0,1317.0,1317000.0
42457.jpg,829.0,563.0,466727.0
42458.jpg,950.0,1205.0,1144750.0
42459.jpg,1200.0,1052.0,1262400.0
42460.jpg,918.0,810.0,743580.0
42461.jpg,1081.0,800.0,864800.0
42462.jpg,1092.0,790.0,862680.0
42463.jpg,1182.0,980.0,1158360.0
42464.jpg,900.0,1064.0,957600.0
42466.jpg,986.0,1255.0,1237430.0
42467.jpg,750.0,919.0,689250.0
42468.jpg,981.0,807.0,791667.0
42469.jpg,758.0,1056.0,800448.0
42470.jpg,851.0,1080.0,919080.0
42471.jpg,800.0,1066.0,852800.0
42472.jpg,700.0,952.0,666400.0
42473.jpg,1240.0,1500.0,1860000.0
42474.jpg,976.0,1200.0,1171200.0
42475.jpg,1043.0,1255.0,1308965.0
42476.jpg,780.0,1200.0,936000.0
42478.jpg,1055.0,1300.0,1371500.0
42479.jpg,1200.0,935.0,1122000.0
42480.jpg,645.0,650.0,419250.0
42481.jpg,997.0,840.0,837480.0
42482.jpg,1334.0,900.0,1200600.0
42483.jpg,1331.0,900.0,1197900.0
42484.jpg,1442.0,950.0,1369900.0
42485.jpg,1465.0,1200.0,1758000.0
42486.jpg,1100.0,1286.0,1414600.0
42487.jpg,1270.0,680.0,863600.0
42488.jpg,1055.0,1218.0,1284990.0
42489.jpg,1055.0,1240.0,1308200.0
42490.jpg,1000.0,1067.0,1067000.0
42505.jpg,1200.0,936.0,1123200.0
42506.jpg,1200.0,932.0,1118400.0
42509.jpg,1212.0,800.0,969600.0
42510.jpg,1500.0,976.0,1464000.0
42512.jpg,750.0,1159.0,869250.0
42514.jpg,856.0,1100.0,941600.0
42515.jpg,769.0,950.0,730550.0
42516.jpg,950.0,772.0,733400.0
42517.jpg,1092.0,800.0,873600.0
42520.jpg,950.0,1352.0,1284400.0
42521.jpg,1193.0,850.0,1014050.0
42522.jpg,837.0,1000.0,837000.0
42523.jpg,913.0,1080.0,986040.0
42524.jpg,828.0,1040.0,861120.0
42526.jpg,1251.0,1500.0,1876500.0
42527.jpg,750.0,927.0,695250.0
42528.jpg,713.0,810.0,577530.0
42529.jpg,728.0,1200.0,873600.0
42530.jpg,686.0,1200.0,823200.0
42531.jpg,1000.0,1084.0,1084000.0
42532.jpg,1500.0,1082.0,1623000.0
42533.jpg,1300.0,1501.0,1951300.0
42534.jpg,724.0,811.0,587164.0
42535.jpg,1000.0,1127.0,1127000.0
42536.jpg,800.0,960.0,768000.0
42538.jpg,1181.0,900.0,1062900.0
42541.jpg,819.0,950.0,778050.0
42543.jpg,1139.0,778.0,886142.0
42544.jpg,1250.0,932.0,1165000.0
42545.jpg,1040.0,1300.0,1352000.0
42552.jpg,1200.0,850.0,1020000.0
42553.jpg,1200.0,942.0,1130400.0
42554.jpg,1200.0,1001.0,1201200.0
42555.jpg,948.0,1200.0,1137600.0
42563.jpg,1140.0,900.0,1026000.0
42564.jpg,1246.0,1100.0,1370600.0
42565.jpg,1000.0,1259.0,1259000.0
42566.jpg,1069.0,1300.0,1389700.0
42567.jpg,810.0,1080.0,874800.0
42568.jpg,1100.0,1264.0,1390400.0
42569.jpg,850.0,1271.0,1080350.0
42570.jpg,950.0,1141.0,1083950.0
42571.jpg,855.0,1119.0,956745.0
42572.jpg,642.0,804.0,516168.0
42573.jpg,794.0,1057.0,839258.0
42574.jpg,600.0,863.0,517800.0
42575.jpg,601.0,850.0,510850.0
42576.jpg,837.0,1052.0,880524.0
42577.jpg,1002.0,1255.0,1257510.0
42578.jpg,1000.0,1218.0,1218000.0
42579.jpg,900.0,1109.0,998100.0
42580.jpg,785.0,1064.0,835240.0
42581.jpg,850.0,1619.0,1376150.0
42582.jpg,1161.0,1500.0,1741500.0
42583.jpg,705.0,920.0,648600.0
42584.jpg,822.0,917.0,753774.0
42585.jpg,979.0,1200.0,1174800.0
42586.jpg,821.0,1003.0,823463.0
42587.jpg,821.0,1005.0,825105.0
42593.jpg,1349.0,900.0,1214100.0
42594.jpg,702.0,1011.0,709722.0
42595.jpg,1030.0,672.0,692160.0
42596.jpg,751.0,1100.0,826100.0
42597.jpg,1034.0,951.0,983334.0
42598.jpg,1354.0,900.0,1218600.0
42599.jpg,1400.0,986.0,1380400.0
42600.jpg,1300.0,1125.0,1462500.0
42601.jpg,1200.0,1531.0,1837200.0
42602.jpg,847.0,1255.0,1062985.0
42603.jpg,1150.0,800.0,920000.0
42604.jpg,771.0,1130.0,871230.0
42605.jpg,1214.0,864.0,1048896.0
42606.jpg,544.0,650.0,353600.0
42607.jpg,880.0,1086.0,955680.0
42608.jpg,957.0,660.0,631620.0
42609.jpg,1126.0,1311.0,1476186.0
42610.jpg,1400.0,1024.0,1433600.0
42616.jpg,1048.0,770.0,806960.0
42617.jpg,1400.0,1014.0,1419600.0
42620.jpg,1119.0,900.0,1007100.0
42623.jpg,1030.0,1015.0,1045450.0
42624.jpg,1143.0,700.0,800100.0
42625.jpg,1600.0,1244.0,1990400.0
42626.jpg,1209.0,950.0,1148550.0
42627.jpg,1156.0,910.0,1051960.0
42628.jpg,990.0,686.0,679140.0
42629.jpg,1000.0,1337.0,1337000.0
42630.jpg,1000.0,1175.0,1175000.0
42631.jpg,900.0,1213.0,1091700.0
42632.jpg,1000.0,1170.0,1170000.0
42633.jpg,901.0,1093.0,984793.0
42634.jpg,750.0,1103.0,827250.0
42635.jpg,1000.0,1087.0,1087000.0
42636.jpg,900.0,967.0,870300.0
42637.jpg,769.0,980.0,753620.0
42638.jpg,1000.0,866.0,866000.0
42643.jpg,903.0,1131.0,1021293.0
42644.jpg,753.0,1305.0,982665.0
42646.jpg,1309.0,670.0,877030.0
42647.jpg,895.0,845.0,756275.0
42648.jpg,801.0,1062.0,850662.0
42649.jpg,727.0,575.0,418025.0
42650.jpg,729.0,578.0,421362.0
42651.jpg,729.0,576.0,419904.0
42653.jpg,1321.0,700.0,924700.0
42654.jpg,582.0,921.0,536022.0
42655.jpg,587.0,958.0,562346.0
42656.jpg,581.0,927.0,538587.0
42657.jpg,950.0,1103.0,1047850.0
42658.jpg,1177.0,980.0,1153460.0
42659.jpg,1136.0,980.0,1113280.0
42660.jpg,521.0,981.0,511101.0
42661.jpg,1112.0,966.0,1074192.0
42662.jpg,464.0,947.0,439408.0
42663.jpg,542.0,1794.0,972348.0
42664.jpg,659.0,944.0,622096.0
42665.jpg,704.0,1056.0,743424.0
42666.jpg,530.0,981.0,519930.0
42667.jpg,940.0,1113.0,1046220.0
42668.jpg,1273.0,850.0,1082050.0
42669.jpg,469.0,1600.0,750400.0
42670.jpg,668.0,932.0,622576.0
42671.jpg,454.0,1600.0,726400.0
42672.jpg,724.0,1244.0,900656.0
42673.jpg,1443.0,750.0,1082250.0
42674.jpg,950.0,1049.0,996550.0
42675.jpg,650.0,1490.0,968500.0
42676.jpg,1010.0,1022.0,1032220.0
42677.jpg,764.0,791.0,604324.0
42678.jpg,875.0,844.0,738500.0
42679.jpg,664.0,1130.0,750320.0
42680.jpg,650.0,1506.0,978900.0
42681.jpg,1467.0,600.0,880200.0
42682.jpg,920.0,750.0,690000.0
42683.jpg,731.0,1020.0,745620.0
42684.jpg,566.0,1330.0,752780.0
42685.jpg,680.0,1110.0,754800.0
42686.jpg,807.0,900.0,726300.0
42687.jpg,664.0,1101.0,731064.0
42688.jpg,666.0,920.0,612720.0
42689.jpg,720.0,1005.0,723600.0
42690.jpg,553.0,910.0,503230.0
42691.jpg,599.0,1260.0,754740.0
42692.jpg,468.0,669.0,313092.0
42693.jpg,537.0,1300.0,698100.0
42694.jpg,810.0,924.0,748440.0
42695.jpg,728.0,1003.0,730184.0
42696.jpg,777.0,820.0,637140.0
42697.jpg,544.0,894.0,486336.0
42698.jpg,661.0,1100.0,727100.0
42699.jpg,790.0,838.0,662020.0
42700.jpg,722.0,1040.0,750880.0
42701.jpg,617.0,1100.0,678700.0
42702.jpg,728.0,1004.0,730912.0
42703.jpg,731.0,1014.0,741234.0
42704.jpg,1140.0,750.0,855000.0
42705.jpg,453.0,1258.0,569874.0
42706.jpg,1859.0,540.0,1003860.0
42707.jpg,1053.0,707.0,744471.0
42708.jpg,776.0,970.0,752720.0
42709.jpg,950.0,949.0,901550.0
42710.jpg,1179.0,635.0,748665.0
42711.jpg,905.0,1165.0,1054325.0
42712.jpg,1450.0,650.0,942500.0
42713.jpg,700.0,1385.0,969500.0
42714.jpg,1065.0,970.0,1033050.0
42715.jpg,740.0,1030.0,762200.0
42716.jpg,775.0,972.0,753300.0
42717.jpg,900.0,1321.0,1188900.0
42718.jpg,1320.0,776.0,1024320.0
42719.jpg,701.0,1340.0,939340.0
42720.jpg,950.0,1115.0,1059250.0
42721.jpg,1251.0,642.0,803142.0
42722.jpg,750.0,1206.0,904500.0
42723.jpg,750.0,1244.0,933000.0
42724.jpg,750.0,1270.0,952500.0
42725.jpg,952.0,1104.0,1051008.0
42726.jpg,843.0,519.0,437517.0
42727.jpg,814.0,1200.0,976800.0
42728.jpg,1117.0,860.0,960620.0
42729.jpg,1155.0,850.0,981750.0
42730.jpg,650.0,1243.0,807950.0
42731.jpg,1085.0,800.0,868000.0
42732.jpg,1300.0,1203.0,1563900.0
42733.jpg,614.0,1221.0,749694.0
42734.jpg,1000.0,1346.0,1346000.0
42735.jpg,615.0,1221.0,750915.0
42736.jpg,950.0,1259.0,1196050.0
42737.jpg,1400.0,668.0,935200.0
42738.jpg,1199.0,700.0,839300.0
42739.jpg,869.0,1020.0,886380.0
42740.jpg,1018.0,819.0,833742.0
42741.jpg,1500.0,919.0,1378500.0
42742.jpg,750.0,1267.0,950250.0
42743.jpg,1058.0,713.0,754354.0
42744.jpg,954.0,1119.0,1067526.0
42745.jpg,572.0,800.0,457600.0
42746.jpg,663.0,1121.0,743223.0
42747.jpg,1084.0,850.0,921400.0
42748.jpg,1245.0,760.0,946200.0
42749.jpg,750.0,1029.0,771750.0
42750.jpg,750.0,1027.0,770250.0
42751.jpg,685.0,1091.0,747335.0
42752.jpg,750.0,1162.0,871500.0
42753.jpg,700.0,1080.0,756000.0
42754.jpg,760.0,1173.0,891480.0
42755.jpg,760.0,1168.0,887680.0
42756.jpg,760.0,1198.0,910480.0
42757.jpg,750.0,955.0,716250.0
42758.jpg,708.0,915.0,647820.0
42759.jpg,850.0,1278.0,1086300.0
42760.jpg,870.0,1130.0,983100.0
42761.jpg,460.0,492.0,226320.0
42762.jpg,706.0,1009.0,712354.0
42763.jpg,801.0,1113.0,891513.0
42764.jpg,700.0,1001.0,700700.0
42765.jpg,748.0,1100.0,822800.0
42766.jpg,730.0,1134.0,827820.0
42767.jpg,900.0,1226.0,1103400.0
42768.jpg,800.0,1067.0,853600.0
42769.jpg,820.0,1125.0,922500.0
42770.jpg,950.0,1033.0,981350.0
42771.jpg,900.0,980.0,882000.0
42772.jpg,834.0,1700.0,1417800.0
42773.jpg,733.0,1250.0,916250.0
42777.jpg,940.0,1132.0,1064080.0
42778.jpg,850.0,1157.0,983450.0
42779.jpg,766.0,1092.0,836472.0
42780.jpg,950.0,1074.0,1020300.0
42781.jpg,1000.0,1413.0,1413000.0
42782.jpg,824.0,935.0,770440.0
42783.jpg,820.0,927.0,760140.0
42784.jpg,800.0,1235.0,988000.0
42785.jpg,730.0,1108.0,808840.0
42795.jpg,1500.0,1168.0,1752000.0
42796.jpg,1186.0,850.0,1008100.0
42798.jpg,1600.0,1380.0,2208000.0
42799.jpg,1400.0,1411.0,1975400.0
42800.jpg,838.0,1123.0,941074.0
42801.jpg,1000.0,1301.0,1301000.0
42802.jpg,1000.0,1554.0,1554000.0
42803.jpg,804.0,1400.0,1125600.0
42805.jpg,1046.0,1400.0,1464400.0
42806.jpg,1000.0,1312.0,1312000.0
42812.jpg,737.0,1100.0,810700.0
42814.jpg,1458.0,614.0,895212.0
42820.jpg,850.0,1286.0,1093100.0
42821.jpg,905.0,902.0,816310.0
42823.jpg,1300.0,1034.0,1344200.0
42824.jpg,813.0,1004.0,816252.0
42825.jpg,1195.0,1400.0,1673000.0
42830.jpg,1152.0,1400.0,1612800.0
42834.jpg,1133.0,750.0,849750.0
42835.jpg,1255.0,912.0,1144560.0
42836.jpg,1098.0,750.0,823500.0
42843.jpg,1179.0,700.0,825300.0
42844.jpg,1000.0,1301.0,1301000.0
42845.jpg,1243.0,800.0,994400.0
42846.jpg,800.0,1082.0,865600.0
42847.jpg,1450.0,903.0,1309350.0
42848.jpg,950.0,1148.0,1090600.0
42849.jpg,1113.0,730.0,812490.0
42851.jpg,900.0,1086.0,977400.0
42852.jpg,1333.0,900.0,1199700.0
42854.jpg,1250.0,897.0,1121250.0
42855.jpg,1017.0,723.0,735291.0
42856.jpg,1030.0,672.0,692160.0
42860.jpg,1300.0,916.0,1190800.0
42861.jpg,1683.0,900.0,1514700.0
42862.jpg,1168.0,900.0,1051200.0
42863.jpg,959.0,600.0,575400.0
42870.jpg,1300.0,859.0,1116700.0
42871.jpg,1200.0,803.0,963600.0
42875.jpg,1050.0,652.0,684600.0
42877.jpg,1400.0,814.0,1139600.0
42878.jpg,965.0,804.0,775860.0
42879.jpg,800.0,1081.0,864800.0
42880.jpg,1242.0,1000.0,1242000.0
42881.jpg,1000.0,728.0,728000.0
42883.jpg,906.0,1106.0,1002036.0
42885.jpg,1200.0,761.0,913200.0
42888.jpg,1232.0,1001.0,1233232.0
42889.jpg,547.0,900.0,492300.0
42890.jpg,744.0,990.0,736560.0
42891.jpg,914.0,1254.0,1146156.0
42892.jpg,792.0,900.0,712800.0
42893.jpg,1100.0,911.0,1002100.0
42894.jpg,910.0,1252.0,1139320.0
42895.jpg,1054.0,1200.0,1264800.0
42896.jpg,800.0,1211.0,968800.0
42899.jpg,609.0,904.0,550536.0
42901.jpg,707.0,965.0,682255.0
42902.jpg,700.0,1068.0,747600.0
42903.jpg,900.0,1360.0,1224000.0
42904.jpg,700.0,1030.0,721000.0
42905.jpg,700.0,1046.0,732200.0
42906.jpg,1000.0,1296.0,1296000.0
42907.jpg,1266.0,1000.0,1266000.0
42908.jpg,1225.0,1000.0,1225000.0
42909.jpg,912.0,1400.0,1276800.0
42911.jpg,1243.0,602.0,748286.0
42915.jpg,1030.0,792.0,815760.0
42916.jpg,850.0,482.0,409700.0
42918.jpg,800.0,585.0,468000.0
42919.jpg,800.0,939.0,751200.0
42920.jpg,661.0,690.0,456090.0
42922.jpg,1300.0,1102.0,1432600.0
42924.jpg,930.0,1100.0,1023000.0
42925.jpg,1029.0,1255.0,1291395.0
42926.jpg,822.0,930.0,764460.0
42927.jpg,1300.0,1075.0,1397500.0
42928.jpg,1300.0,1026.0,1333800.0
42929.jpg,1000.0,1217.0,1217000.0
42930.jpg,1100.0,1424.0,1566400.0
42931.jpg,1070.0,1200.0,1284000.0
42932.jpg,950.0,1111.0,1055450.0
42933.jpg,1016.0,1255.0,1275080.0
42934.jpg,1100.0,1541.0,1695100.0
42935.jpg,880.0,940.0,827200.0
42936.jpg,1000.0,1387.0,1387000.0
42937.jpg,1100.0,1401.0,1541100.0
42938.jpg,711.0,940.0,668340.0
42939.jpg,931.0,1100.0,1024100.0
42940.jpg,1165.0,1300.0,1514500.0
42941.jpg,957.0,840.0,803880.0
42942.jpg,1000.0,1260.0,1260000.0
42943.jpg,1000.0,1263.0,1263000.0
42944.jpg,1050.0,1254.0,1316700.0
42945.jpg,959.0,702.0,673218.0
42946.jpg,1300.0,1016.0,1320800.0
42947.jpg,1082.0,1300.0,1406600.0
42948.jpg,1372.0,680.0,932960.0
42949.jpg,1104.0,830.0,916320.0
42951.jpg,955.0,500.0,477500.0
42953.jpg,1030.0,785.0,808550.0
42955.jpg,1339.0,1000.0,1339000.0
42956.jpg,1382.0,1000.0,1382000.0
42957.jpg,1306.0,550.0,718300.0
42960.jpg,1400.0,777.0,1087800.0
42961.jpg,1400.0,593.0,830200.0
42962.jpg,1248.0,740.0,923520.0
42963.jpg,1311.0,650.0,852150.0
42964.jpg,1451.0,640.0,928640.0
42965.jpg,1400.0,590.0,826000.0
42966.jpg,1322.0,650.0,859300.0
42967.jpg,1379.0,950.0,1310050.0
42968.jpg,1312.0,752.0,986624.0
42969.jpg,1085.0,720.0,781200.0
42970.jpg,1098.0,770.0,845460.0
42971.jpg,1203.0,601.0,723003.0
42972.jpg,1024.0,722.0,739328.0
42973.jpg,1014.0,801.0,812214.0
42975.jpg,929.0,700.0,650300.0
42977.jpg,970.0,1295.0,1256150.0
42978.jpg,780.0,1056.0,823680.0
42979.jpg,703.0,1037.0,729011.0
42980.jpg,802.0,1054.0,845308.0
42981.jpg,801.0,1084.0,868284.0
42982.jpg,1360.0,1200.0,1632000.0
42983.jpg,1000.0,1066.0,1066000.0
42984.jpg,1030.0,851.0,876530.0
42985.jpg,1029.0,848.0,872592.0
42986.jpg,1030.0,851.0,876530.0
42987.jpg,833.0,940.0,783020.0
42988.jpg,968.0,747.0,723096.0
42998.jpg,1500.0,1066.0,1599000.0
43002.jpg,992.0,767.0,760864.0
43003.jpg,906.0,800.0,724800.0
43006.jpg,850.0,1297.0,1102450.0
43007.jpg,900.0,1403.0,1262700.0
43008.jpg,800.0,1077.0,861600.0
43015.jpg,1300.0,1114.0,1448200.0
43017.jpg,1020.0,819.0,835380.0
43019.jpg,1040.0,1255.0,1305200.0
43020.jpg,873.0,1200.0,1047600.0
43021.jpg,1150.0,668.0,768200.0
43022.jpg,840.0,1047.0,879480.0
43023.jpg,1013.0,1420.0,1438460.0
43026.jpg,1407.0,1100.0,1547700.0
43028.jpg,976.0,787.0,768112.0
43031.jpg,890.0,653.0,581170.0
43032.jpg,1046.0,870.0,910020.0
43034.jpg,1009.0,800.0,807200.0
43035.jpg,1500.0,1213.0,1819500.0
43036.jpg,1352.0,1000.0,1352000.0
43037.jpg,1200.0,1070.0,1284000.0
43038.jpg,1103.0,800.0,882400.0
43039.jpg,1385.0,900.0,1246500.0
43041.jpg,920.0,722.0,664240.0
43042.jpg,1600.0,1110.0,1776000.0
43043.jpg,1244.0,984.0,1224096.0
43044.jpg,1500.0,1060.0,1590000.0
43048.jpg,1400.0,1002.0,1402800.0
43050.jpg,1002.0,700.0,701400.0
43051.jpg,1451.0,1000.0,1451000.0
43053.jpg,892.0,652.0,581584.0
43054.jpg,1158.0,770.0,891660.0
43055.jpg,1094.0,871.0,952874.0
43056.jpg,837.0,1005.0,841185.0
43060.jpg,1300.0,1044.0,1357200.0
43073.jpg,1122.0,1403.0,1574166.0
43074.jpg,1042.0,1174.0,1223308.0
43076.jpg,689.0,867.0,597363.0
43077.jpg,1355.0,1000.0,1355000.0
43078.jpg,1400.0,1031.0,1443400.0
43079.jpg,890.0,1080.0,961200.0
43080.jpg,983.0,780.0,766740.0
43081.jpg,1243.0,904.0,1123672.0
43082.jpg,1098.0,759.0,833382.0
43083.jpg,1031.0,795.0,819645.0
43084.jpg,1044.0,720.0,751680.0
43085.jpg,761.0,1050.0,799050.0
43086.jpg,1000.0,1248.0,1248000.0
43087.jpg,1000.0,770.0,770000.0
43088.jpg,993.0,1223.0,1214439.0
43090.jpg,1400.0,1003.0,1404200.0
43093.jpg,1027.0,830.0,852410.0
43094.jpg,1313.0,1000.0,1313000.0
43095.jpg,918.0,1050.0,963900.0
43096.jpg,1118.0,1500.0,1677000.0
43098.jpg,805.0,1093.0,879865.0
43099.jpg,1071.0,800.0,856800.0
43100.jpg,900.0,1161.0,1044900.0
43101.jpg,1242.0,970.0,1204740.0
43102.jpg,800.0,584.0,467200.0
43103.jpg,1132.0,750.0,849000.0
43104.jpg,1250.0,961.0,1201250.0
43105.jpg,826.0,1100.0,908600.0
43106.jpg,1217.0,902.0,1097734.0
43107.jpg,832.0,1030.0,856960.0
43108.jpg,1020.0,1020.0,1040400.0
43109.jpg,800.0,1085.0,868000.0
43110.jpg,920.0,600.0,552000.0
43112.jpg,1300.0,802.0,1042600.0
43113.jpg,968.0,1080.0,1045440.0
43114.jpg,1575.0,1100.0,1732500.0
43120.jpg,1100.0,901.0,991100.0
43123.jpg,900.0,522.0,469800.0
43125.jpg,657.0,800.0,525600.0
43128.jpg,895.0,1000.0,895000.0
43131.jpg,1244.0,1168.0,1452992.0
43132.jpg,1036.0,1095.0,1134420.0
43133.jpg,1400.0,1009.0,1412600.0
43136.jpg,1020.0,800.0,816000.0
43143.jpg,850.0,1597.0,1357450.0
43144.jpg,1063.0,900.0,956700.0
43145.jpg,950.0,1168.0,1109600.0
43151.jpg,1091.0,678.0,739698.0
43152.jpg,1196.0,833.0,996268.0
43154.jpg,1200.0,896.0,1075200.0
43155.jpg,1200.0,739.0,886800.0
43158.jpg,919.0,1100.0,1010900.0
43164.jpg,751.0,947.0,711197.0
43167.jpg,949.0,1300.0,1233700.0
43169.jpg,1400.0,926.0,1296400.0
43170.jpg,1400.0,927.0,1297800.0
43172.jpg,1500.0,1000.0,1500000.0
43176.jpg,800.0,1140.0,912000.0
43177.jpg,1300.0,1009.0,1311700.0
43179.jpg,1200.0,823.0,987600.0
43180.jpg,1300.0,1010.0,1313000.0
43181.jpg,881.0,1041.0,917121.0
43182.jpg,1112.0,1400.0,1556800.0
43183.jpg,874.0,500.0,437000.0
43184.jpg,1500.0,1206.0,1809000.0
43185.jpg,1400.0,948.0,1327200.0
43186.jpg,1062.0,770.0,817740.0
43188.jpg,1012.0,1200.0,1214400.0
43189.jpg,1000.0,1200.0,1200000.0
43190.jpg,742.0,900.0,667800.0
43199.jpg,494.0,1087.0,536978.0
43200.jpg,708.0,950.0,672600.0
43201.jpg,1244.0,918.0,1141992.0
43202.jpg,1237.0,972.0,1202364.0
43210.jpg,1000.0,1213.0,1213000.0
43211.jpg,1313.0,750.0,984750.0
43212.jpg,1315.0,750.0,986250.0
43213.jpg,1100.0,949.0,1043900.0
43214.jpg,1105.0,950.0,1049750.0
43215.jpg,850.0,1161.0,986850.0
43216.jpg,957.0,1000.0,957000.0
43217.jpg,1401.0,600.0,840600.0
43218.jpg,955.0,950.0,907250.0
43219.jpg,1000.0,924.0,924000.0
43220.jpg,837.0,1000.0,837000.0
43221.jpg,1400.0,704.0,985600.0
43222.jpg,943.0,1200.0,1131600.0
43223.jpg,1000.0,949.0,949000.0
43224.jpg,968.0,900.0,871200.0
43225.jpg,935.0,1000.0,935000.0
43228.jpg,1780.0,750.0,1335000.0
43229.jpg,892.0,1186.0,1057912.0
43230.jpg,969.0,1200.0,1162800.0
43231.jpg,826.0,1200.0,991200.0
43232.jpg,1028.0,1200.0,1233600.0
43235.jpg,1405.0,900.0,1264500.0
43236.jpg,900.0,1376.0,1238400.0
43237.jpg,900.0,1401.0,1260900.0
43238.jpg,700.0,1251.0,875700.0
43239.jpg,1349.0,900.0,1214100.0
43240.jpg,1069.0,1300.0,1389700.0
43241.jpg,791.0,1000.0,791000.0
43242.jpg,1073.0,1300.0,1394900.0
43243.jpg,1100.0,1136.0,1249600.0
43244.jpg,1000.0,1280.0,1280000.0
43245.jpg,1300.0,1112.0,1445600.0
43246.jpg,1300.0,1063.0,1381900.0
43247.jpg,1100.0,1331.0,1464100.0
43248.jpg,978.0,1400.0,1369200.0
43249.jpg,1300.0,1127.0,1465100.0
43250.jpg,1078.0,1300.0,1401400.0
43251.jpg,1300.0,853.0,1108900.0
43252.jpg,1100.0,1222.0,1344200.0
43253.jpg,1124.0,1200.0,1348800.0
43254.jpg,1028.0,1300.0,1336400.0
43255.jpg,1110.0,1100.0,1221000.0
43256.jpg,1046.0,1400.0,1464400.0
43257.jpg,1029.0,1400.0,1440600.0
43258.jpg,1049.0,1000.0,1049000.0
43259.jpg,900.0,1244.0,1119600.0
43260.jpg,900.0,1208.0,1087200.0
43261.jpg,1000.0,1026.0,1026000.0
43262.jpg,1419.0,1000.0,1419000.0
43263.jpg,1205.0,800.0,964000.0
43264.jpg,938.0,1200.0,1125600.0
43266.jpg,1374.0,1000.0,1374000.0
43267.jpg,1162.0,1112.0,1292144.0
43268.jpg,700.0,1307.0,914900.0
43269.jpg,1180.0,700.0,826000.0
43270.jpg,1300.0,841.0,1093300.0
43271.jpg,545.0,2155.0,1174475.0
43272.jpg,660.0,2155.0,1422300.0
43274.jpg,878.0,619.0,543482.0
43275.jpg,1000.0,824.0,824000.0
43276.jpg,490.0,1000.0,490000.0
43295.jpg,1405.0,800.0,1124000.0
43296.jpg,1156.0,800.0,924800.0
43298.jpg,1300.0,821.0,1067300.0
43299.jpg,1300.0,1005.0,1306500.0
43311.jpg,806.0,1140.0,918840.0
43312.jpg,900.0,1134.0,1020600.0
43324.jpg,850.0,1177.0,1000450.0
43326.jpg,628.0,1079.0,677612.0
43327.jpg,750.0,900.0,675000.0
43328.jpg,832.0,1050.0,873600.0
43329.jpg,665.0,813.0,540645.0
43330.jpg,865.0,1072.0,927280.0
43331.jpg,1385.0,1100.0,1523500.0
43332.jpg,893.0,1150.0,1026950.0
43333.jpg,1000.0,1317.0,1317000.0
43334.jpg,1111.0,770.0,855470.0
43335.jpg,827.0,1010.0,835270.0
43336.jpg,1006.0,1051.0,1057306.0
43337.jpg,901.0,1400.0,1261400.0
43338.jpg,1000.0,1298.0,1298000.0
43339.jpg,1000.0,1333.0,1333000.0
43341.jpg,1065.0,1658.0,1765770.0
43342.jpg,965.0,1655.0,1597075.0
43343.jpg,1000.0,1314.0,1314000.0
43347.jpg,1492.0,1000.0,1492000.0
43348.jpg,1300.0,973.0,1264900.0
43349.jpg,1000.0,1206.0,1206000.0
43351.jpg,1251.0,851.0,1064601.0
43352.jpg,1500.0,1124.0,1686000.0
43353.jpg,1147.0,1000.0,1147000.0
43357.jpg,1336.0,900.0,1202400.0
43358.jpg,641.0,850.0,544850.0
43359.jpg,613.0,800.0,490400.0
43360.jpg,750.0,1102.0,826500.0
43361.jpg,770.0,1021.0,786170.0
43362.jpg,750.0,978.0,733500.0
43366.jpg,1081.0,800.0,864800.0
43369.jpg,1420.0,600.0,852000.0
43370.jpg,800.0,889.0,711200.0
43372.jpg,850.0,1031.0,876350.0
43373.jpg,1305.0,800.0,1044000.0
43374.jpg,755.0,1050.0,792750.0
43375.jpg,1000.0,1213.0,1213000.0
43376.jpg,1000.0,1258.0,1258000.0
43377.jpg,950.0,960.0,912000.0
43378.jpg,850.0,1194.0,1014900.0
43379.jpg,853.0,1100.0,938300.0
43380.jpg,850.0,1033.0,878050.0
43384.jpg,1205.0,600.0,723000.0
43385.jpg,800.0,1043.0,834400.0
43387.jpg,863.0,988.0,852644.0
43388.jpg,1007.0,1263.0,1271841.0
43389.jpg,761.0,957.0,728277.0
43390.jpg,601.0,850.0,510850.0
43391.jpg,1029.0,784.0,806736.0
43392.jpg,700.0,884.0,618800.0
43393.jpg,900.0,1202.0,1081800.0
43394.jpg,804.0,1066.0,857064.0
43395.jpg,800.0,1034.0,827200.0
43396.jpg,845.0,1010.0,853450.0
43397.jpg,979.0,1300.0,1272700.0
43400.jpg,1700.0,711.0,1208700.0
43401.jpg,1700.0,709.0,1205300.0
43403.jpg,1086.0,900.0,977400.0
43404.jpg,1253.0,1500.0,1879500.0
43405.jpg,530.0,1156.0,612680.0
43408.jpg,364.0,954.0,347256.0
43409.jpg,1000.0,1109.0,1109000.0
43410.jpg,1000.0,1372.0,1372000.0
43411.jpg,800.0,1402.0,1121600.0
43412.jpg,751.0,710.0,533210.0
43413.jpg,549.0,873.0,479277.0
43414.jpg,918.0,1099.0,1008882.0
43415.jpg,602.0,900.0,541800.0
43416.jpg,899.0,710.0,638290.0
43417.jpg,1400.0,1033.0,1446200.0
43418.jpg,900.0,1358.0,1222200.0
43419.jpg,900.0,1307.0,1176300.0
43420.jpg,840.0,733.0,615720.0
43421.jpg,1030.0,732.0,753960.0
43422.jpg,1600.0,855.0,1368000.0
43423.jpg,1263.0,700.0,884100.0
43424.jpg,1200.0,1558.0,1869600.0
43426.jpg,857.0,1300.0,1114100.0
43427.jpg,850.0,1203.0,1022550.0
43428.jpg,850.0,1605.0,1364250.0
43429.jpg,700.0,1200.0,840000.0
43430.jpg,612.0,814.0,498168.0
43431.jpg,900.0,1093.0,983700.0
43432.jpg,947.0,1400.0,1325800.0
43434.jpg,887.0,1200.0,1064400.0
43435.jpg,652.0,799.0,520948.0
43436.jpg,876.0,650.0,569400.0
43438.jpg,678.0,850.0,576300.0
43440.jpg,1100.0,1364.0,1500400.0
43441.jpg,515.0,809.0,416635.0
43442.jpg,1002.0,822.0,823644.0
43444.jpg,820.0,1020.0,836400.0
43445.jpg,901.0,1203.0,1083903.0
43446.jpg,1069.0,1200.0,1282800.0
43447.jpg,899.0,1240.0,1114760.0
43448.jpg,1030.0,672.0,692160.0
